match_id,season,date,home_team,away_team,result,D2_rescaled_p_H,D2_rescaled_p_D,D2_rescaled_p_A,D3_p_H,D3_p_D,D3_p_A,D4_p_H,D4_p_D,D4_p_A,D0_p_H,D0_p_D,D0_p_A,elo_v1_p_H,elo_v1_p_D,elo_v1_p_A,poisson_walkforward_p_H,poisson_walkforward_p_D,poisson_walkforward_p_A,dc_walkforward_p_H,dc_walkforward_p_D,dc_walkforward_p_A
380,2022-2023,2022-08-05,Crystal Palace,Arsenal,A,0.4198022315196156,0.25713605759780284,0.32306171088258151,0.43012525407444874,0.25872051163792298,0.31115423428762828,0.43012525407444874,0.25872051163792303,0.31115423428762834,0.42894736842105263,0.23157894736842105,0.33947368421052632,0.39738279610911098,0.23787923461332511,0.36473796927756386,0.35782561455423939,0.27390908098178429,0.36826530446397637,0.35588079125248417,0.27779872758529467,0.36632048116222121
381,2022-2023,2022-08-06,Bournemouth,Aston Villa,H,0.43128380637217129,0.25753313256225879,0.31118306106556998,0.43849294394273802,0.25756105435750132,0.30394600169976072,0.43849294394273802,0.25756105435750132,0.30394600169976072,0.42894736842105263,0.23157894736842105,0.33947368421052632,0.47661342665754364,0.23260846055178816,0.29077811279066834,0.44318320910626069,0.27161760923916556,0.28519918165457364,0.4412721906329799,0.27543964618572719,0.28328816318129285
382,2022-2023,2022-08-06,Everton,Chelsea,A,0.41219211380054782,0.25443428558437636,0.33337360061507587,0.41846904452848682,0.25678934951630517,0.32474160595520812,0.41846904452848682,0.25678934951630522,0.32474160595520812,0.42894736842105263,0.23157894736842105,0.33947368421052632,0.33527449824580685,0.23669929087647848,0.42802621087771464,0.15564267765626474,0.20216441306477537,0.64219290927895989,0.15421475857961159,0.20502025121808173,0.64076499020230671
383,2022-2023,2022-08-06,Fulham,Liverpool,D,0.40725402917763759,0.25441455996779044,0.33833141085457197,0.41396510508322126,0.25407849086555157,0.33195640405122706,0.41396510508322126,0.25407849086555157,0.33195640405122706,0.42894736842105263,0.23157894736842105,0.33947368421052632,0.30738382418872645,0.23447720841937916,0.45813896739189425,0.13753714426328087,0.23302741926879578,0.62943543646792344,0.13596981722426504,0.2361620733468274,0.62786810942890769
384,2022-2023,2022-08-06,Leeds United,Wolves,H,0.42808411124377382,0.25530985347027668,0.31660603528594949,0.43532248548512592,0.25536167405384025,0.30931584046103394,0.43532248548512587,0.25536167405384025,0.30931584046103389,0.42894736842105263,0.23157894736842105,0.33947368421052632,0.42481970960755022,0.23687460010728581,0.33830569028516405,0.30434027021611532,0.26240542459805927,0.43325430518582525,0.30247840136732013,0.26612916229564965,0.43139243633703006
385,2022-2023,2022-08-06,Newcastle,Nottingham,H,0.43022155804542939,0.25607984662251998,0.31369859533205074,0.43744302189627482,0.25611865247856713,0.30643832562515805,0.43744302189627482,0.25611865247856713,0.30643832562515805,0.42894736842105263,0.23157894736842105,0.33947368421052632,0.46241295224003787,0.23407867372389529,0.30350837403606695,0.31731641582723358,0.28435680015173875,0.39832678402102789,0.31534210341600483,0.28830542497419609,0.39635247160979908
386,2022-2023,2022-08-06,Tottenham,Southampton,H,0.44610824758468937,0.26102175511795128,0.29286999729735924,0.45327784411627986,0.2608796232582678,0.28584253262545239,0.45327784411627986,0.26087962325826786,0.28584253262545239,0.42894736842105263,0.23157894736842105,0.33947368421052632,0.55921740155320898,0.21969968765226691,0.22108291079452408,0.83520719415575395,0.1088227654102621,0.055970040433983917,0.8344505374944694,0.11033607873283113,0.055213383772699409
387,2022-2023,2022-08-07,Leicester City,Brentford,D,0.4337898017878245,0.2575839663820928,0.30862623183008259,0.4471503053684871,0.25565766917063371,0.29719202546087931,0.44715030536848704,0.25565766917063371,0.29719202546087931,0.42894736842105263,0.23157894736842105,0.33947368421052632,0.4721031216990888,0.23309966021392614,0.29479721808698506,0.50879091799870058,0.22874005938582995,0.26246902261546956,0.50839411558265279,0.22953366421792556,0.26207222019942172
388,2022-2023,2022-08-07,Manchester Utd,Brighton,A,0.43131336363455314,0.25584142980209551,0.31284520656335124,0.44468972460407186,0.25397684811486465,0.3013334272810636,0.44468972460407175,0.25397684811486465,0.30133342728106355,0.42894736842105263,0.23157894736842105,0.33947368421052632,0.45069707377487628,0.23512220631266811,0.31418071991245555,0.34179788698519337,0.2712284899112315,0.38697362310357503,0.34131114404902996,0.27220197578355837,0.38648688016741167
389,2022-2023,2022-08-07,West Ham,Manchester City,A,0.40494638332517291,0.25382177387621718,0.34123184279860991,0.41826820351526772,0.2524392902291171,0.32929250625561529,0.41826820351526772,0.2524392902291171,0.32929250625561529,0.42894736842105263,0.23157894736842105,0.33947368421052632,0.31358688983657396,0.23506856745871132,0.45134454270471475,0.11853674387409066,0.16315595580608105,0.71830730031982815,0.11825506628237177,0.16371931098951883,0.71802562272810933
390,2022-2023,2022-08-13,Arsenal,Leicester City,H,0.55271303350455558,0.22723256291042332,0.22005440358502115,0.55165667776648042,0.22782795137868905,0.22051537085483056,0.55165667776648042,0.22782795137868908,0.22051537085483053,0.42894736842105263,0.23157894736842105,0.33947368421052632,0.50842741259254232,0.22851011972950633,0.26306246767795133,0.5096423355031624,0.21945721615256591,0.27090044834427163,0.50903336343787975,0.22067516028313125,0.27029147627898897
391,2022-2023,2022-08-13,Aston Villa,Everton,H,0.39332347028680631,0.27490295779567481,0.33177357191751894,0.39135394819734026,0.27550099142748102,0.33314506037517866,0.39135394819734026,0.27550099142748108,0.33314506037517866,0.42894736842105263,0.23157894736842105,0.33947368421052632,0.47019966757836545,0.23330020290919412,0.29650012951244042,0.54918782301205515,0.23900270176583788,0.21180947522210705,0.54846657267979526,0.24044520243035761,0.21108822488984719
392,2022-2023,2022-08-13,Brentford,Manchester Utd,H,0.47808183644829116,0.25899141513966401,0.26292674841204483,0.47564126613808061,0.2621853369097481,0.26217339695217118,0.47564126613808061,0.26218533690974816,0.26217339695217118,0.42894736842105263,0.23157894736842105,0.33947368421052632,0.42956681594056245,0.23661081591762562,0.33382236814181204,0.44789668313237496,0.2380825261776254,0.31402079068999966,0.44720294214795958,0.23947000814645611,0.31332704970558434
393,2022-2023,2022-08-13,Brighton,Newcastle,D,0.38653573837184224,0.2594724571206139,0.35399180450754386,0.38508565125848188,0.26080660694072005,0.35410774180079813,0.38508565125848176,0.26080660694072,0.35410774180079813,0.42894736842105263,0.23157894736842105,0.33947368421052632,0.44531609972507119,0.23554963301843851,0.31913426725649024,0.45853089449139184,0.27954261706344063,0.26192648844516758,0.45771145804797986,0.28118148995026465,0.2611070520017556
394,2022-2023,2022-08-13,Manchester City,Bournemouth,H,0.43138765838731091,0.25307982350147823,0.31553251811121091,0.4298839211592913,0.25442214537847141,0.31569393346223723,0.4298839211592913,0.25442214537847146,0.31569393346223723,0.42894736842105263,0.23157894736842105,0.33947368421052632,0.58259849629907212,0.21471377955013313,0.20268772415079472,0.64195922207135714,0.19734693022401339,0.16069384770462952,0.64137410488053337,0.1985171646056611,0.16010873051380567
395,2022-2023,2022-08-13,Southampton,Leeds United,D,0.23563191549768911,0.28856119430187399,0.47580689020043676,0.23434765325817078,0.28961929407929515,0.47603305266253404,0.23434765325817078,0.28961929407929515,0.47603305266253393,0.42894736842105263,0.23157894736842105,0.33947368421052632,0.42691069409628152,0.23676163516806698,0.33632767073565151,0.41036686897292551,0.22835639546327802,0.36127673556379636,0.40974024827333827,0.22960963686245245,0.36065011486420906
396,2022-2023,2022-08-13,Wolves,Fulham,D,0.33848642361928272,0.27258020765253077,0.38893336872818646,0.33697712824001369,0.27380016773941201,0.38922270402057424,0.33697712824001369,0.27380016773941207,0.38922270402057424,0.42894736842105263,0.23157894736842105,0.33947368421052632,0.4157478672652965,0.23730552583152481,0.34694660690317863,0.054659524561077429,0.083908816279053486,0.86143165915986908,0.054471691815837199,0.084284481769533903,0.86124382641462871
397,2022-2023,2022-08-14,Chelsea,Tottenham,D,0.36950364342216413,0.25495421396756435,0.37554214261027158,0.373767524528201,0.25489043110757864,0.3713420443642203,0.373767524528201,0.2548904311075787,0.3713420443642203,0.42894736842105263,0.23157894736842105,0.33947368421052632,0.44972501802414477,0.23520184586247955,0.31507313611337551,0.34631713636232209,0.26303209065750865,0.3906507729801692,0.34082021460324696,0.27402593417565896,0.38515385122109408
398,2022-2023,2022-08-14,Nottingham,West Ham,H,0.42550308758176258,0.26693756431948829,0.30755934809874919,0.43010205265911222,0.26612673857921199,0.30377120876167568,0.43010205265911222,0.26612673857921199,0.30377120876167568,0.42894736842105263,0.23157894736842105,0.33947368421052632,0.44851931902277759,0.23529914276314573,0.31618153821407663,0.25296942484635665,0.21323078143069957,0.53379979372294384,0.24891973106028931,0.22133016900283425,0.52975009993687661
399,2022-2023,2022-08-15,Liverpool,Crystal Palace,D,0.53209006275723514,0.25056946113491213,0.21734047610785281,0.53285727104833602,0.25426397058121464,0.2128787583704492,0.53285727104833602,0.25426397058121464,0.2128787583704492,0.42894736842105263,0.23157894736842105,0.33947368421052632,0.59946994281092036,0.21075091220571426,0.18977914498336537,0.73834860632251986,0.17908848552462744,0.082562908152852568,0.73621690319859323,0.18335189177248085,0.080431205028925909
400,2022-2023,2022-08-20,Bournemouth,Arsenal,A,0.27009572041000263,0.25629986100603891,0.47360441858395841,0.26780617137101981,0.26346960258723162,0.46872422604174863,0.26780617137101981,0.26346960258723162,0.46872422604174863,0.42894736842105263,0.23157894736842105,0.33947368421052632,0.38326125323580251,0.23804248721556076,0.37869625954863667,0.30228874010429774,0.24387527768322431,0.4538359822124779,0.2974982381633417,0.25345628156513644,0.4490454802715218
401,2022-2023,2022-08-20,Crystal Palace,Aston Villa,H,0.36008298829927121,0.27078143350410561,0.36913557819662329,0.35364293292768167,0.26706666091864267,0.3792904061536756,0.35364293292768162,0.26706666091864273,0.3792904061536756,0.42894736842105263,0.23157894736842105,0.33947368421052632,0.46832432929638496,0.23349385340136031,0.29818181730225468,0.43866252278201628,0.28965966749512817,0.27167780972285538,0.43314764385768606,0.30068942534378862,0.26616293079852515
402,2022-2023,2022-08-20,Everton,Nottingham,D,0.35083150569398464,0.27674003156470944,0.37242846274130598,0.34377990059870706,0.27574072494799712,0.38047937445329583,0.34377990059870706,0.27574072494799712,0.38047937445329583,0.42894736842105263,0.23157894736842105,0.33947368421052632,0.37922177037279148,0.23804381506596906,0.38273441456123952,0.40049891806671933,0.3665628719411545,0.23293820999212597,0.39548985902865935,0.37658099001727452,0.22792915095406596
403,2022-2023,2022-08-20,Fulham,Brentford,H,0.31250557294025794,0.27194521446241499,0.41554921259732708,0.30541522172967045,0.27113926194845656,0.42344551632187294,0.30541522172967045,0.27113926194845661,0.42344551632187294,0.42894736842105263,0.23157894736842105,0.33947368421052632,0.46142362308172247,0.2341727428528653,0.30440363406541238,0.501209964790993,0.27007756177357317,0.22871247343543391,0.49597125630641087,0.28055497874273738,0.22347376495085178
404,2022-2023,2022-08-20,Leicester City,Southampton,A,0.4735707985503626,0.28825558947856195,0.23817361197107534,0.46633190986020501,0.28945900839785849,0.24420908174193659,0.4663319098602049,0.28945900839785849,0.24420908174193665,0.42894736842105263,0.23157894736842105,0.33947368421052632,0.49383531589027263,0.23052703139183772,0.27563765271788965,0.68061459015802239,0.16551077910629372,0.15387463073568389,0.67783724963428982,0.17106546015375881,0.15109729021195137
405,2022-2023,2022-08-20,Tottenham,Wolves,H,0.56873687365860426,0.24260927267972004,0.18865385366167578,0.56162476832224328,0.24385806369283131,0.19451716798492547,0.56162476832224317,0.24385806369283128,0.19451716798492549,0.42894736842105263,0.23157894736842105,0.33947368421052632,0.5514307556904392,0.22123006616551222,0.22733917814404858,0.73125039232546518,0.1756199163581173,0.093129691316417545,0.72778594640671235,0.18254880819562297,0.089665245397664697
406,2022-2023,2022-08-21,Leeds United,Chelsea,H,0.38463521259065453,0.24611844098076466,0.3692463464285809,0.38968024547277252,0.2457189987674166,0.36460075575981088,0.38968024547277247,0.2457189987674166,0.36460075575981082,0.42894736842105263,0.23157894736842105,0.33947368421052632,0.3454395529695411,0.23723764437415876,0.41732280265630017,0.15101133978904271,0.18501814608202971,0.6639705141289276,0.14555630851427476,0.19592820863156563,0.65851548285415951
407,2022-2023,2022-08-21,Newcastle,Manchester City,D,0.28717167509453273,0.24029368872607859,0.47253463617938879,0.2859450733578745,0.23497048581939212,0.47908444082273333,0.28594507335787445,0.23497048581939209,0.47908444082273344,0.42894736842105263,0.23157894736842105,0.33947368421052632,0.3237410171742513,0.23591536645983502,0.44034361636591357,0.10465712045204721,0.18022907437353741,0.71511380517441536,0.09915418015410471,0.19123495496942239,0.70961086487647285
408,2022-2023,2022-08-21,West Ham,Brighton,A,0.24497529502377727,0.25561971981086168,0.49940498516536097,0.24317871280158046,0.25414349528490698,0.50267779191351247,0.24317871280158049,0.25414349528490693,0.50267779191351258,0.42894736842105263,0.23157894736842105,0.33947368421052632,0.40945188441774633,0.23754758931676528,0.35300052626548822,0.36010183526134221,0.29898902224624962,0.34090914249240795,0.3514128259244822,0.31636704091996964,0.33222013315554799
409,2022-2023,2022-08-22,Manchester Utd,Liverpool,H,0.27641499711030382,0.27535957231602048,0.44822543057367564,0.27844744035754981,0.27930049317236399,0.44225206647008619,0.27844744035754981,0.27930049317236399,0.44225206647008619,0.42894736842105263,0.23157894736842105,0.33947368421052632,0.30380316393951862,0.23410978213758557,0.46208705392289584,0.090997941538325397,0.15383373180672133,0.75516832665495337,0.086497494514584675,0.1628346258542028,0.75066787963121251
410,2022-2023,2022-08-27,Arsenal,Fulham,H,0.51692624110622998,0.22834160573510268,0.25473215315866743,0.50880476194034774,0.23122638422611014,0.25996885383354212,0.50880476194034774,0.23122638422611014,0.25996885383354212,0.42894736842105263,0.23157894736842105,0.33947368421052632,0.51405743014272554,0.22767024331801058,0.25827232653926407,0.48438089841286935,0.21532503720813412,0.30029406437899669,0.47906654577114727,0.22595374249157824,0.29497971173727461
411,2022-2023,2022-08-27,Brentford,Everton,D,0.54499887101180156,0.25574410954761945,0.19925701944057911,0.53855758090936767,0.25700753163003359,0.20443488746059882,0.53855758090936756,0.25700753163003365,0.20443488746059879,0.42894736842105263,0.23157894736842105,0.33947368421052632,0.49669607575223357,0.23014985875151159,0.27315406549625476,0.63184794604589845,0.20349794738405952,0.16465410657004229,0.62610075547803989,0.2149923285197764,0.15890691600218385
412,2022-2023,2022-08-27,Brighton,Leeds United,H,0.41781240499726752,0.26185555420810397,0.32033204079462857,0.41063947458907507,0.2617435570325406,0.32761696837838428,0.41063947458907507,0.2617435570325406,0.32761696837838428,0.42894736842105263,0.23157894736842105,0.33947368421052632,0.49819116719004647,0.22994919464307439,0.27185963816687908,0.59384130587141537,0.23026346426641559,0.17589522986216918,0.58729642896402234,0.24335321808120169,0.16935035295477616
413,2022-2023,2022-08-27,Chelsea,Leicester City,H,0.49067054613417094,0.27034762648997712,0.23898182737585194,0.48346225748242094,0.27170645612968097,0.24483128638789803,0.48346225748242094,0.27170645612968097,0.24483128638789803,0.42894736842105263,0.23157894736842105,0.33947368421052632,0.53028380938362341,0.22505839836386254,0.24465779225251416,0.58494599904201094,0.20547598906465811,0.20957801189333108,0.57946290728578886,0.21644217257710216,0.20409492013710906
414,2022-2023,2022-08-27,Liverpool,Bournemouth,H,0.51892288008762233,0.27662451744642674,0.20445260246595084,0.51204507836463342,0.27834820828140605,0.20960671335396053,0.51204507836463342,0.27834820828140611,0.20960671335396056,0.42894736842105263,0.23157894736842105,0.33947368421052632,0.57667956778434681,0.2160314254852459,0.20728900673040723,0.86526024557210124,0.10335407378888602,0.031385680639012745,0.8625337169047097,0.10880713112366906,0.028659151971621222
415,2022-2023,2022-08-27,Manchester City,Crystal Palace,H,0.55356591455135606,0.24096240420244697,0.20547168124619697,0.54688068951611402,0.24237882381058956,0.21074048667329642,0.54688068951611402,0.24237882381058956,0.2107404866732964,0.42894736842105263,0.23157894736842105,0.33947368421052632,0.59364545420205406,0.21215371118489618,0.19420083461304971,0.74238307075316412,0.16188982757085049,0.095727101675985429,0.73777021609769922,0.17111553688178036,0.091114247020520511
416,2022-2023,2022-08-27,Southampton,Manchester Utd,A,0.48471398942885896,0.27724808863429234,0.23803792193684878,0.47796211800257016,0.27673611055346131,0.24530177144396847,0.47796211800257016,0.27673611055346142,0.24530177144396847,0.42894736842105263,0.23157894736842105,0.33947368421052632,0.40568973063011482,0.23766973094513999,0.35664053842474519,0.37429007426715932,0.23097439547189616,0.39473553026094454,0.36822240532087325,0.24310973336446814,0.38866786131465852
417,2022-2023,2022-08-28,Aston Villa,West Ham,A,0.48734815509375418,0.25241393366433912,0.26023791124190665,0.48815784882077817,0.24732333136510137,0.26451881981412034,0.48815784882077817,0.24732333136510143,0.26451881981412034,0.42894736842105263,0.23157894736842105,0.33947368421052632,0.44120507083466032,0.23585402413257775,0.32294090503276202,0.41069978051256106,0.26255104249307931,0.32674917699435957,0.40595040175804825,0.27204980000210482,0.32199979823984681
418,2022-2023,2022-08-28,Nottingham,Tottenham,A,0.34019219765317205,0.26787153697278465,0.3919362653740433,0.33869631159013691,0.26629510176063426,0.39500858664922883,0.33869631159013691,0.26629510176063431,0.39500858664922883,0.42894736842105263,0.23157894736842105,0.33947368421052632,0.3679181632980536,0.23793829093708982,0.39414354576485661,0.13253205628798154,0.26552894651866904,0.6019389971933492,0.12852560008558209,0.27354185892346794,0.59793254099094983
419,2022-2023,2022-08-28,Wolves,Newcastle,D,0.31778667335635491,0.26128934553332278,0.42092398111032236,0.3226253847843803,0.26109794652783869,0.41627666868778113,0.32262538478438024,0.26109794652783869,0.41627666868778102,0.42894736842105263,0.23157894736842105,0.33947368421052632,0.38362201281214386,0.2380413787040695,0.3783366084837867,0.30813091768562201,0.31007690824425271,0.38179217407012511,0.30301072650527566,0.32031729060494557,0.37667198288977882
420,2022-2023,2022-08-30,Crystal Palace,Brentford,D,0.36868909512441894,0.27885701039454203,0.35245389448103903,0.36551531064909087,0.27963636769023625,0.35484832166067287,0.36551531064909087,0.27963636769023631,0.35484832166067287,0.42894736842105263,0.23157894736842105,0.33947368421052632,0.4654227718059013,0.23378577174043325,0.30079145645366556,0.46565268845115271,0.2508060501336889,0.28354126141515851,0.46173750219751231,0.2586364226409697,0.27962607516151811
421,2022-2023,2022-08-30,Fulham,Brighton,H,0.28704507457337419,0.25146647317455995,0.46148845225206581,0.28415955925353409,0.25186857845237925,0.46397186229408671,0.28415955925353403,0.25186857845237925,0.46397186229408671,0.42894736842105263,0.23157894736842105,0.33947368421052632,0.41308398280920905,0.23741367760636062,0.34950233958443033,0.42958323506202517,0.2822355485738185,0.28818121636415656,0.42527308213250503,0.29085585443285883,0.28387106343463636
422,2022-2023,2022-08-30,Leeds United,Everton,D,0.51684494103313527,0.24403026077981221,0.23912479818705257,0.51384636439542886,0.24502973617637258,0.24112389942819859,0.51384636439542886,0.24502973617637261,0.24112389942819862,0.42894736842105263,0.23157894736842105,0.33947368421052632,0.4857853079620168,0.23154042997186902,0.28267426206611407,0.49771998913104482,0.23923657090197753,0.26304343996697777,0.49401814396910282,0.2466402612258615,0.25934159480503577
423,2022-2023,2022-08-30,Southampton,Chelsea,H,0.33184950366033311,0.26331394693344523,0.40483654940622171,0.32878371765993947,0.2638205482162837,0.40739573412377678,0.32878371765993952,0.2638205482162837,0.40739573412377678,0.42894736842105263,0.23157894736842105,0.33947368421052632,0.33050450005319315,0.23639767625202682,0.43309782369477995,0.19919584134114862,0.21797703469797935,0.58282712396087188,0.19582906176798823,0.2247105938443002,0.57946034438771143
424,2022-2023,2022-08-31,Arsenal,Aston Villa,H,0.64097596031035664,0.21203362922828603,0.1469904104613573,0.63640751470892765,0.21412604498477056,0.14946644030630188,0.63640751470892765,0.21412604498477056,0.14946644030630188,0.42894736842105263,0.23157894736842105,0.33947368421052632,0.5812244796874988,0.21502301312915584,0.20375250718334534,0.69618224606000212,0.17810617756288405,0.12571157637711389,0.69073390193517192,0.18900286581254447,0.12026323225228365
425,2022-2023,2022-08-31,Bournemouth,Wolves,D,0.33150955645921043,0.27442340069966048,0.39406704284112903,0.32644973357426277,0.27516749210378882,0.39838277432194835,0.32644973357426277,0.27516749210378894,0.39838277432194835,0.42894736842105263,0.23157894736842105,0.33947368421052632,0.47062317950390908,0.23325593022549365,0.2961208902705974,0.11993946124966283,0.24574289522420065,0.63431764352613673,0.11337594636117541,0.25886992500117556,0.62775412863764934
426,2022-2023,2022-08-31,Liverpool,Newcastle,H,0.5002880278002052,0.26721191260909133,0.23250005959070341,0.49529448286629785,0.26888691539073645,0.23581860174296571,0.49529448286629785,0.2688869153907365,0.23581860174296571,0.42894736842105263,0.23157894736842105,0.33947368421052632,0.54836515782948281,0.22181475533874093,0.22982008683177613,0.75508156084793232,0.15492832726879391,0.089990111883273619,0.75029608658135205,0.1644992758019545,0.085204637616693307
427,2022-2023,2022-08-31,Manchester City,Nottingham,H,0.61997711558602064,0.22570040858503199,0.15432247582894745,0.6154199099628479,0.22775157508680341,0.15682851495034858,0.6154199099628479,0.22775157508680346,0.15682851495034861,0.42894736842105263,0.23157894736842105,0.33947368421052632,0.60869306994724492,0.20845443453986717,0.18285249551288804,0.86807723320981534,0.10165561857169129,0.030267148218493328,0.86518109747634087,0.10744789003864035,0.027371012485018813
428,2022-2023,2022-08-31,West Ham,Tottenham,D,0.22660055865755002,0.24742582524038517,0.52597361610206483,0.2222628971804497,0.24757939320371922,0.53015770961583109,0.22226289718044973,0.24757939320371919,0.53015770961583109,0.42894736842105263,0.23157894736842105,0.33947368421052632,0.33991270673264773,0.23696242654648678,0.42312486672086552,0.17749682174864936,0.22771337670434585,0.59478980154700489,0.17045756849191857,0.24179188321780748,0.58775054829027407
429,2022-2023,2022-09-01,Leicester City,Manchester Utd,A,0.34001801197571324,0.28112048992000638,0.37886149810428033,0.33696531809753005,0.28231893013442172,0.38071575176804817,0.33696531809753005,0.28231893013442177,0.38071575176804817,0.42894736842105263,0.23157894736842105,0.33947368421052632,0.40421161876511014,0.23771308583015241,0.35807529540473743,0.5067719720303886,0.21931488127302409,0.27391314669658751,0.49860646053179603,0.23564590427020918,0.26574763519799494
430,2022-2023,2022-09-03,Aston Villa,Manchester City,D,0.19247785324856204,0.24723513878146669,0.56028700796997122,0.1828424065288235,0.24333811382869738,0.57381947964247904,0.18284240652882355,0.24333811382869744,0.57381947964247904,0.42894736842105263,0.23157894736842105,0.33947368421052632,0.24465189914015753,0.22505719394997531,0.53029090690986724,0.092694063644783511,0.13383787569450609,0.77346806066071039,0.089372690842656005,0.14048062129876107,0.77014668785858287
431,2022-2023,2022-09-03,Brentford,Leeds United,H,0.42098748016668269,0.27450429104618446,0.30450822878713274,0.40866719011084801,0.27301860790530452,0.31831420198384736,0.40866719011084801,0.27301860790530452,0.31831420198384736,0.42894736842105263,0.23157894736842105,0.33947368421052632,0.45754297896258039,0.23453115699198163,0.30792586404543798,0.60534095443288383,0.20121170317212983,0.19344734239498618,0.60015756404246001,0.21157848395297746,0.18826395200456236
432,2022-2023,2022-09-03,Chelsea,West Ham,H,0.42717464878753542,0.25240717858245609,0.32041817263000855,0.41454639621064227,0.25051628204149473,0.33493732174786295,0.41454639621064227,0.25051628204149479,0.334937321747863,0.42894736842105263,0.23157894736842105,0.33947368421052632,0.51868004382646105,0.226955060542292,0.25436489563124692,0.53916818846877845,0.24670996394816078,0.2141218475830606,0.53245839160779962,0.26012955767011864,0.20741205072208169
433,2022-2023,2022-09-03,Everton,Liverpool,D,0.27196105212534377,0.26619480685167224,0.46184414102298404,0.26031324622078256,0.26040969991137269,0.47927705386784486,0.2603132462207825,0.26040969991137269,0.47927705386784475,0.42894736842105263,0.23157894736842105,0.33947368421052632,0.26071926459807704,0.22810430665833353,0.51117642874358948,0.082462728125587983,0.15157775501916632,0.76595951685524588,0.078328154492848343,0.1598469022846456,0.76182494322250627
434,2022-2023,2022-09-03,Newcastle,Crystal Palace,D,0.45118453901778549,0.26620605501129896,0.28260940597091555,0.43857476021359104,0.26558457165141608,0.29584066813499277,0.43857476021359104,0.26558457165141608,0.29584066813499277,0.42894736842105263,0.23157894736842105,0.33947368421052632,0.47563543597228736,0.23271687837894767,0.29164768564876503,0.41783067899718901,0.27901294849634573,0.30315637250646549,0.41033474798068964,0.29400481052934446,0.29566044148996612
435,2022-2023,2022-09-03,Nottingham,Bournemouth,A,0.53384526707959401,0.28213968385753851,0.18401504906286748,0.52288572818436097,0.28285839066220148,0.19425588115343773,0.52288572818436085,0.28285839066220148,0.1942558811534377,0.42894736842105263,0.23157894736842105,0.33947368421052632,0.44907032641320238,0.2352548819522893,0.31567479163450818,0.4390455141209661,0.37290046686200756,0.18805401901702637,0.43281625687288527,0.38535898135816921,0.18182476176894555
436,2022-2023,2022-09-03,Tottenham,Fulham,H,0.48694004099338595,0.24518837554010953,0.26787158346650447,0.47423881997004202,0.2449264404984853,0.28083473953147264,0.47423881997004202,0.24492644049848536,0.28083473953147264,0.42894736842105263,0.23157894736842105,0.33947368421052632,0.52279200168712425,0.22629952601108044,0.2509084723017953,0.58484950384069623,0.2077480792861118,0.2074024168731918,0.57947420117222059,0.21849868462306318,0.20202711420471614
437,2022-2023,2022-09-03,Wolves,Southampton,H,0.38282276878318972,0.27739821610486576,0.33977901511194453,0.37029242251668054,0.27537775571207945,0.35432982177124001,0.37029242251668054,0.27537775571207945,0.35432982177124001,0.42894736842105263,0.23157894736842105,0.33947368421052632,0.45261739346134733,0.23496174008433579,0.31242086645431688,0.4317944708229246,0.29813081663776309,0.27007471253931215,0.4242200467763963,0.31327966473081981,0.26250028849278384
438,2022-2023,2022-09-04,Brighton,Leicester City,H,0.5612772602280669,0.2389913315793798,0.19973140819255333,0.56003935362330104,0.23983485503711607,0.2001257913395828,0.56003935362330104,0.2398348550371161,0.2001257913395828,0.42894736842105263,0.23157894736842105,0.33947368421052632,0.51833090230587431,0.22700988217136653,0.25465921552275911,0.54422010063389226,0.24890859257942805,0.20687130678667995,0.53244368318732815,0.27246142747255603,0.1950948893401159
439,2022-2023,2022-09-04,Manchester Utd,Arsenal,H,0.25324172388487703,0.24188674163229407,0.50487153448282884,0.25191614375651711,0.24343773242854919,0.50464612381493368,0.25191614375651711,0.24343773242854919,0.50464612381493368,0.42894736842105263,0.23157894736842105,0.33947368421052632,0.38136644145183418,0.23804564778354079,0.38058791076462506,0.29121243270009389,0.24049023333448169,0.46829733396542472,0.27997080398787949,0.26297349075891052,0.45705570525321032
440,2022-2023,2022-09-16,Aston Villa,Southampton,H,0.40085294382150699,0.27609622501411568,0.32305083116437733,0.402712449605857,0.28074091223979347,0.31654663815434952,0.40271244960585695,0.28074091223979347,0.31654663815434947,0.42894736842105263,0.23157894736842105,0.33947368421052632,0.44453731137085073,0.2356087735791747,0.3198539150499744,0.53854751067042483,0.24082070260728378,0.2206317867222915,0.52683004267874456,0.26425563859064433,0.2089143187306112
441,2022-2023,2022-09-16,Nottingham,Fulham,A,0.32165387596986578,0.26417073356826093,0.41417539046187329,0.32382176251050393,0.26931926443564186,0.40685897305385421,0.32382176251050393,0.26931926443564191,0.40685897305385421,0.42894736842105263,0.23157894736842105,0.33947368421052632,0.41133557924352432,0.23748009503286843,0.35118432572360714,0.07635557434168036,0.14396016262172323,0.77968426303659644,0.069352093526467665,0.15796712425214868,0.77268078222138381
442,2022-2023,2022-09-17,Newcastle,Bournemouth,D,0.54195071942472384,0.26608516606103166,0.19196411451424458,0.54014098746949402,0.26932062972286608,0.19053838280763993,0.54014098746949391,0.26932062972286608,0.19053838280763991,0.42894736842105263,0.23157894736842105,0.33947368421052632,0.46949633427231297,0.23337328772929888,0.2971303779983881,0.79171344944807354,0.13706152990286302,0.071225020649063497,0.78574943025057264,0.14898956829786483,0.065261001451562592
443,2022-2023,2022-09-17,Tottenham,Leicester City,H,0.64633031251205475,0.22026476771889877,0.13340491976904648,0.64352992218974059,0.22444462238192278,0.1320254554283366,0.64352992218974059,0.2244446223819227,0.13202545542833657,0.42894736842105263,0.23157894736842105,0.33947368421052632,0.59088735939336667,0.21280520258491745,0.19630743802171588,0.79464068602712723,0.12524964851968504,0.080109665453187776,0.78958016136689724,0.13537069784014502,0.075049140792957797
444,2022-2023,2022-09-17,Wolves,Manchester City,A,0.27989517553894544,0.25962624061361261,0.460478583847442,0.27854730546609824,0.26206385340367377,0.45938884113022793,0.27854730546609813,0.26206385340367383,0.45938884113022793,0.42894736842105263,0.23157894736842105,0.33947368421052632,0.27354634066318251,0.23021011580698181,0.49624354352983563,0.12002847058279804,0.21049696984684935,0.66947455957035273,0.11115060524734192,0.22825270051776159,0.66059669423489664
445,2022-2023,2022-09-18,Brentford,Arsenal,A,0.38779641891815597,0.26974015373653393,0.34246342734531005,0.39349290204039133,0.26687567551138319,0.33963142244822553,0.39349290204039128,0.26687567551138319,0.33963142244822542,0.42894736842105263,0.23157894736842105,0.33947368421052632,0.35669779999352852,0.23767151298762476,0.4056306870188468,0.41296295225167706,0.22331950025647987,0.36371754749184299,0.40337196394841962,0.24250147686299475,0.35412655918858549
446,2022-2023,2022-09-18,Everton,West Ham,H,0.41186200781286331,0.26056783818974955,0.32757015399738715,0.42305259145090596,0.26317034922872562,0.31377705932036848,0.42305259145090585,0.26317034922872562,0.31377705932036848,0.42894736842105263,0.23157894736842105,0.33947368421052632,0.41326249782561847,0.23740669240726373,0.34933080976711783,0.32605003672969679,0.31170486220158172,0.36224510106872171,0.31217077130291854,0.33946339305513817,0.34836583564194351
447,2022-2023,2022-10-01,Arsenal,Tottenham,H,0.40739984768399862,0.24935666490200606,0.34324348741399541,0.40596250652961552,0.25205682583611866,0.34198066763426566,0.40596250652961552,0.25205682583611871,0.34198066763426571,0.42894736842105263,0.23157894736842105,0.33947368421052632,0.43576168074913058,0.23622736532035249,0.32801095393051694,0.3666126624884774,0.23649178816639541,0.39689554934512727,0.3570645905921736,0.25558793195900292,0.38734747744882359
448,2022-2023,2022-10-01,Bournemouth,Brentford,D,0.34757756715743776,0.27331641069661877,0.37910602214594341,0.34686101807386754,0.2760704390232766,0.3770685429028558,0.34686101807386754,0.2760704390232766,0.3770685429028558,0.42894736842105263,0.23157894736842105,0.33947368421052632,0.46806113909361929,0.2335207183598059,0.29841814254657484,0.19534061512536083,0.19339487448575779,0.61126451038888119,0.18790472759619739,0.20826664954408461,0.60382862285971783
449,2022-2023,2022-10-01,Crystal Palace,Chelsea,A,0.37412371122137256,0.26361592169957304,0.36226036707905446,0.37765313410548035,0.27214584712808154,0.35020101876643817,0.37765313410548035,0.2721458471280816,0.35020101876643817,0.42894736842105263,0.23157894736842105,0.33947368421052632,0.38154428008542213,0.23804554155050475,0.38041017836407309,0.40938354891666356,0.2747952837377165,0.3158211673456201,0.39775409153146951,0.29805419850810461,0.30419170996042605
450,2022-2023,2022-10-01,Fulham,Newcastle,A,0.44975013824268972,0.25403030866045156,0.29621955309685866,0.45034567649379342,0.25314192117222223,0.29651240233398446,0.45034567649379331,0.25314192117222223,0.2965124023339844,0.42894736842105263,0.23157894736842105,0.33947368421052632,0.45199390833422465,0.23501429611567176,0.31299179555010359,0.57256776995768888,0.22369959227623185,0.20373263776607944,0.56309548228467865,0.24264416762225224,0.19426035009306927
451,2022-2023,2022-10-01,Liverpool,Brighton,D,0.42628402427069934,0.26449739027520547,0.30921858545409531,0.42967712532323354,0.27195822983599782,0.29836464484076869,0.42967712532323354,0.27195822983599788,0.29836464484076869,0.42894736842105263,0.23157894736842105,0.33947368421052632,0.54238838538349199,0.22292572710295608,0.23468588751355191,0.66567247719320499,0.20703434266150558,0.12729318014528931,0.65695856721436618,0.22446216261918314,0.11857927016645053
452,2022-2023,2022-10-01,Southampton,Everton,A,0.37089028556530457,0.25949362851738372,0.36961608591731177,0.37134820808675978,0.25809904427990066,0.37055274763333956,0.37134820808675978,0.25809904427990066,0.37055274763333951,0.42894736842105263,0.23157894736842105,0.33947368421052632,0.43782502419641717,0.23608984299176522,0.32608513281181761,0.38810944879782816,0.29615793049198202,0.3157326207101897,0.37607824557119618,0.32022033694524599,0.30370141748355772
453,2022-2023,2022-10-01,West Ham,Wolves,H,0.36868493955940934,0.25954180528061699,0.37177325515997373,0.36697201675412555,0.26489331588330634,0.36813466736256811,0.3669720167541255,0.26489331588330634,0.36813466736256811,0.42894736842105263,0.23157894736842105,0.33947368421052632,0.44690880388710774,0.23542653906972355,0.31766465704316871,0.44101999162833139,0.34219291624940451,0.21678709212226402,0.43012950365605213,0.36397389219396298,0.20589660414998479
454,2022-2023,2022-10-02,Leeds United,Aston Villa,D,0.46221826574374081,0.26052456680083175,0.27725716745542744,0.47435144122325279,0.25991681589625504,0.26573174288049217,0.47435144122325279,0.25991681589625509,0.26573174288049217,0.42894736842105263,0.23157894736842105,0.33947368421052632,0.45129638145279066,0.23507257362158043,0.31363104492562899,0.37978255056533455,0.25003354790426952,0.37018390153039588,0.36702141451215103,0.27555582001063661,0.3574227654772123
455,2022-2023,2022-10-02,Manchester City,Manchester Utd,H,0.55948238101291792,0.24523152020559996,0.19528609878148229,0.56588317613649586,0.25106227547575699,0.18305454838774715,0.56588317613649586,0.25106227547575705,0.18305454838774715,0.42894736842105263,0.23157894736842105,0.33947368421052632,0.57378645263492778,0.21666178533505806,0.20955176203001416,0.82956335857930796,0.10815252996418229,0.062284111456509798,0.82432880009233667,0.11862164693812494,0.057049552969538467
456,2022-2023,2022-10-03,Leicester City,Nottingham,H,0.41507398026369691,0.29166448018798807,0.29326153954831502,0.422311695066104,0.29899658300916165,0.2786917219247344,0.42231169506610394,0.29899658300916171,0.27869172192473435,0.42894736842105263,0.23157894736842105,0.33947368421052632,0.4335940276726134,0.23636657107456333,0.33003940125282316,0.73098153027678114,0.14945383146338795,0.11956463825983089,0.72333844362323074,0.1647400047704885,0.11192155160628063
457,2022-2023,2022-10-08,Bournemouth,Leicester City,H,0.45712088479322427,0.2741826578339327,0.26869645737284303,0.45744461668618502,0.27430193563570743,0.2682534476781076,0.45744461668618491,0.27430193563570743,0.2682534476781076,0.42894736842105263,0.23157894736842105,0.33947368421052632,0.48909129621209418,0.23113282043897371,0.27977588334893216,0.21235962717284584,0.2077872160478674,0.57985315677928673,0.20112104832412614,0.23026437374530676,0.56861457793056713
458,2022-2023,2022-10-08,Brighton,Tottenham,A,0.41370101346974897,0.25344577063411172,0.33285321589613931,0.41296816188988977,0.25665954645302763,0.33037229165708265,0.41296816188988977,0.25665954645302763,0.33037229165708265,0.42894736842105263,0.23157894736842105,0.33947368421052632,0.39503851023554454,0.23792325183254126,0.36703823793191415,0.36405799861601412,0.25415874295559937,0.38178325842838651,0.34955300154245306,0.2831687371027215,0.3672782613548255
459,2022-2023,2022-10-08,Chelsea,Wolves,H,0.5200258243141862,0.24333744217852871,0.2366367335072852,0.52033049414730714,0.244107817552454,0.23556168830023888,0.52033049414730714,0.24410781755245406,0.23556168830023888,0.42894736842105263,0.23157894736842105,0.33947368421052632,0.56189286124705051,0.21915886207522697,0.21894827667772263,0.63112822604463636,0.2441591800792639,0.12471259387609961,0.61874285876797464,0.26892991463258736,0.11232722659943788
460,2022-2023,2022-10-08,Manchester City,Southampton,H,0.66167091736817341,0.20934845862429788,0.12898062400752888,0.66169000142098167,0.21017804064493129,0.12813195793408697,0.66169000142098178,0.21017804064493131,0.12813195793408694,0.42894736842105263,0.23157894736842105,0.33947368421052632,0.67315499436463389,0.18978823770461226,0.13705676793075383,0.9358309047077914,0.044247024320233592,0.019922070971974987,0.93369514065264292,0.048518552430530631,0.017786306916826464
461,2022-2023,2022-10-08,Newcastle,Brentford,H,0.43837629960070795,0.26190208182671415,0.2997216185725779,0.43855299940009451,0.26287930665084724,0.29856769394905824,0.43855299940009451,0.26287930665084724,0.2985676939490583,0.42894736842105263,0.23157894736842105,0.33947368421052632,0.49547344757564715,0.23031214545381257,0.27421440697054028,0.50324283204469955,0.25115065331704589,0.2456065146382545,0.48881475090838994,0.28000681558966539,0.23117843350194478
462,2022-2023,2022-10-09,Arsenal,Liverpool,H,0.4844469042411213,0.24623483484591577,0.26931826091296274,0.49069175015264288,0.24526338762929756,0.26404486221805956,0.49069175015264288,0.24526338762929759,0.26404486221805956,0.42894736842105263,0.23157894736842105,0.33947368421052632,0.42100535797636818,0.23706753797800828,0.34192710404562349,0.34556197638326974,0.22945690882799502,0.4249811147887354,0.33468541513764782,0.2512100313192388,0.41410455354311348
463,2022-2023,2022-10-09,Crystal Palace,Leeds United,H,0.39475432756951934,0.27327471104450513,0.33197096138597554,0.40085031813301952,0.27237220951217866,0.32677747235480187,0.40085031813301952,0.27237220951217866,0.32677747235480187,0.42894736842105263,0.23157894736842105,0.33947368421052632,0.47294443406773073,0.23300974286869397,0.29404582306357541,0.61423194502939393,0.22055686034304894,0.16521119462755726,0.60286963173829344,0.24328148692524981,0.15384888133645683
464,2022-2023,2022-10-09,Everton,Manchester Utd,A,0.44902218255126808,0.26621965332815811,0.28475816412057381,0.45405122661659425,0.26692979590237581,0.27901897748102999,0.45405122661659414,0.26692979590237575,0.27901897748102999,0.42894736842105263,0.23157894736842105,0.33947368421052632,0.38200364566211981,0.23804508447784239,0.3799512698600378,0.35054543960072615,0.27152329117175589,0.37793126922751796,0.33657934722422661,0.29945547592475497,0.36396517685101853
465,2022-2023,2022-10-09,West Ham,Fulham,H,0.40232318053512417,0.26123496681816283,0.336441852646713,0.40828207095743368,0.26080265326281771,0.3309152757797485,0.40828207095743368,0.26080265326281771,0.33091527577974855,0.42894736842105263,0.23157894736842105,0.33947368421052632,0.4161048226158951,0.23729039689440415,0.34660478048970078,0.47159105680388097,0.23748466761676418,0.29092427557935513,0.45967321177399884,0.26132035767652811,0.27900643054947305
466,2022-2023,2022-10-10,Nottingham,Aston Villa,D,0.32837023574587726,0.27210496426377323,0.39952479999034946,0.33162600875282361,0.27644703873714388,0.39192695251003257,0.33162600875282355,0.27644703873714394,0.39192695251003251,0.42894736842105263,0.23157894736842105,0.33947368421052632,0.43783347309800269,0.23608926983152376,0.32607725707047358,0.17954799711107344,0.2626858552072428,0.55776614768168398,0.16719027347954982,0.28740130247028994,0.54540842405016032
467,2022-2023,2022-10-14,Brentford,Brighton,H,0.35641416934154574,0.26647134696104013,0.37711448369741418,0.35360170684176911,0.26749962304961827,0.37889867010861256,0.35360170684176911,0.26749962304961833,0.37889867010861256,0.42894736842105263,0.23157894736842105,0.33947368421052632,0.39150286904594844,0.23797696163484278,0.37052016931920873,0.31599458203368608,0.25463166467745685,0.42937375328885691,0.30158893608789916,0.28344295656903074,0.41496810734306994
468,2022-2023,2022-10-15,Fulham,Bournemouth,D,0.46283693410373561,0.26810525534183238,0.26905781055443195,0.45655789569745131,0.2689084822573245,0.27453362204522419,0.45655789569745131,0.26890848225732455,0.27453362204522419,0.42894736842105263,0.23157894736842105,0.33947368421052632,0.43968240173354978,0.2359618749400281,0.32435572332642204,0.70051461692114958,0.16678923345101987,0.13269614962783036,0.69173345499007854,0.18435155731316208,0.12391498769675927
469,2022-2023,2022-10-15,Leicester City,Crystal Palace,D,0.35797335799685231,0.27584211331368702,0.36618452868946072,0.35168240355940644,0.27392323200137753,0.37439436443921609,0.35168240355940639,0.27392323200137753,0.37439436443921603,0.42894736842105263,0.23157894736842105,0.33947368421052632,0.40167784763583642,0.23778129918261365,0.36054085318154983,0.38702078804280066,0.24263456666999719,0.37034464528720207,0.37374337445899874,0.26918939383760115,0.35706723170340005
470,2022-2023,2022-10-15,Tottenham,Everton,H,0.54329677314935576,0.24141964956347045,0.21528357728717379,0.53664476980063891,0.24385264117658023,0.219502589022781,0.5366447698006388,0.24385264117658023,0.21950258902278097,0.42894736842105263,0.23157894736842105,0.33947368421052632,0.5954784510119131,0.21171619612072107,0.19280535286736589,0.76197887174035639,0.15987455483296162,0.078146573426681853,0.7530617771350715,0.1777087440435314,0.069229478821396975
471,2022-2023,2022-10-15,Wolves,Nottingham,H,0.48130561413460371,0.26288256922870884,0.25581181663668745,0.47577546559490258,0.26231410934512867,0.2619104250599687,0.47577546559490269,0.26231410934512872,0.2619104250599687,0.42894736842105263,0.23157894736842105,0.33947368421052632,0.45063104306548035,0.23512764994759802,0.3142413069869216,0.53013704496411329,0.29951830971625337,0.17034464531963339,0.51638742747609478,0.32701754469228983,0.15659502783161505
472,2022-2023,2022-10-16,Aston Villa,Chelsea,A,0.33815355149857046,0.26237405887728366,0.39947238962414588,0.34275219151741543,0.26647728647968788,0.39077052200289664,0.34275219151741543,0.26647728647968788,0.39077052200289664,0.42894736842105263,0.23157894736842105,0.33947368421052632,0.33169053939183513,0.23647562847292608,0.43183383213523879,0.28877129677243241,0.27313495939164945,0.43809374383591815,0.27132462412216535,0.30802830469218356,0.42064707118565109
473,2022-2023,2022-10-16,Leeds United,Arsenal,A,0.25964160537081094,0.2482267913146739,0.49213160331451516,0.26431738944668914,0.25268081648249013,0.48300179407082078,0.26431738944668909,0.25268081648249013,0.48300179407082078,0.42894736842105263,0.23157894736842105,0.33947368421052632,0.29301171129878562,0.23288455682737955,0.47410373187383487,0.18399686744331198,0.1875457234712396,0.62845740908544834,0.17316984524766976,0.20919976786252403,0.6176303868898062
474,2022-2023,2022-10-16,Liverpool,Manchester City,H,0.29757009312061905,0.25462814014121515,0.44780176673816591,0.29770270154960654,0.24962660457255786,0.45267069387783554,0.29770270154960654,0.24962660457255786,0.45267069387783554,0.42894736842105263,0.23157894736842105,0.33947368421052632,0.39064407994657563,0.23798769739289058,0.37136822266053371,0.42105281283719809,0.20265626431032221,0.37629092285247984,0.41184527264254583,0.22107134469962672,0.36708338265782764
475,2022-2023,2022-10-16,Manchester Utd,Newcastle,D,0.38949035175861058,0.24918309749736225,0.36132655074402725,0.39445786511152242,0.25277843522768401,0.35276369966079357,0.39445786511152242,0.25277843522768401,0.35276369966079357,0.42894736842105263,0.23157894736842105,0.33947368421052632,0.45283512468352433,0.23494328338902823,0.31222159192744742,0.3975898900432801,0.24581417529444008,0.3565959346622799,0.38208495726379194,0.27682404085341639,0.34109100188279179
476,2022-2023,2022-10-16,Southampton,West Ham,D,0.33384380831135424,0.25857617970693275,0.40758001198171312,0.33982518796660627,0.25818446586277755,0.40199034617061613,0.33982518796660632,0.25818446586277755,0.40199034617061613,0.42894736842105263,0.23157894736842105,0.33947368421052632,0.38807862504123708,0.23801436916603602,0.37390700579272695,0.28133837561186237,0.27911516252125379,0.43954646186688373,0.26370629101589121,0.31437933171319615,0.42191437727091252
477,2022-2023,2022-10-18,Brighton,Nottingham,D,0.56201293767070681,0.24323557662844503,0.19475148570084819,0.56017455198353638,0.24378633767909044,0.1960391103373732,0.5601745519835365,0.24378633767909044,0.19603911033737317,0.42894736842105263,0.23157894736842105,0.33947368421052632,0.52683782700774917,0.22563677100220381,0.24752540199004694,0.8277508294199698,0.12543947231043071,0.046809698269599395,0.82048516983184983,0.13997079148667077,0.039544038681479349
478,2022-2023,2022-10-18,Crystal Palace,Wolves,H,0.44578293170939798,0.25197928925359592,0.30223777903700605,0.44352848042431603,0.252398303166667,0.30407321640901702,0.44352848042431592,0.252398303166667,0.30407321640901702,0.42894736842105263,0.23157894736842105,0.33947368421052632,0.48104370663337342,0.23210412205039122,0.28685217131623547,0.55417993916655872,0.31203303926733561,0.13378702156610586,0.54131770209002916,0.33775751342039428,0.12092478448957644
479,2022-2023,2022-10-19,Bournemouth,Southampton,A,0.47380983918858421,0.25097518652893552,0.27521497428248026,0.4692061368156441,0.25205128199292987,0.27874258119142586,0.4692061368156441,0.25205128199292992,0.27874258119142592,0.42894736842105263,0.23157894736842105,0.33947368421052632,0.52819043478022498,0.22541127123275409,0.2463982939870209,0.44811284145011288,0.26316432240852228,0.28872283614136496,0.43036917440288502,0.29865165650297792,0.27097916909413711
480,2022-2023,2022-10-19,Brentford,Chelsea,D,0.3693281842773376,0.26348408443784688,0.36718773128481552,0.36493460382246867,0.26384531452946208,0.37122008164806924,0.36493460382246867,0.26384531452946208,0.37122008164806924,0.42894736842105263,0.23157894736842105,0.33947368421052632,0.34396165774415183,0.23716810434839442,0.4188702379074537,0.30870531620932284,0.23023090067732049,0.46106378311335661,0.29410873150318084,0.25942407008960455,0.44646719840721455
481,2022-2023,2022-10-19,Liverpool,West Ham,H,0.52312193027763654,0.24642228640428801,0.23045578331807554,0.51875347957305618,0.24794611353507334,0.23330040689187043,0.51875347957305618,0.2479461135350734,0.23330040689187043,0.42894736842105263,0.23157894736842105,0.33947368421052632,0.58741968470106432,0.21361266474537641,0.19896765055355925,0.75112338092318942,0.15914987712083239,0.089726741955978323,0.74038185772427256,0.18063292351866617,0.078985218757061437
482,2022-2023,2022-10-19,Manchester Utd,Tottenham,H,0.33126711008624393,0.24601711308856655,0.42271577682518957,0.32671173255038422,0.24709059235817074,0.42619767509144507,0.32671173255038422,0.24709059235817074,0.42619767509144507,0.42894736842105263,0.23157894736842105,0.33947368421052632,0.37713245820674457,0.23803648417253476,0.38483105762072062,0.26269532521996652,0.23291496729149572,0.50438970748853762,0.24735527803158289,0.26359506166826302,0.48904966030015395
483,2022-2023,2022-10-19,Newcastle,Everton,H,0.49922412040214087,0.24517966201451324,0.25559621758334594,0.49440631621640868,0.24699872795276329,0.25859495583082809,0.49440631621640868,0.24699872795276331,0.25859495583082814,0.42894736842105263,0.23157894736842105,0.33947368421052632,0.53776265969852188,0.22375927820587899,0.2384780620955993,0.63239729796069466,0.23399777556841517,0.13360492647089012,0.6175998859063937,0.26359259967701726,0.1188075144165891
484,2022-2023,2022-10-20,Fulham,Aston Villa,H,0.43350906080566287,0.259603487897614,0.30688745129672323,0.43149802874426113,0.26016472017479542,0.3083372510809434,0.43149802874426113,0.26016472017479547,0.3083372510809434,0.42894736842105263,0.23157894736842105,0.33947368421052632,0.49101724207501751,0.2308898501355566,0.27809290778942591,0.49792946306892832,0.22614913322543331,0.2759214037056385,0.4847876785278456,0.25243270230759873,0.26277961916455578
485,2022-2023,2022-10-20,Leicester City,Leeds United,H,0.41528436314832501,0.27989069287514839,0.30482494397652665,0.41322595811573626,0.28015962131205818,0.30661442057220556,0.41322595811573626,0.28015962131205824,0.30661442057220556,0.42894736842105263,0.23157894736842105,0.33947368421052632,0.45190677505326959,0.2350216060033328,0.31307161894339774,0.60195493112744725,0.18979771153526059,0.20824735733729222,0.5920791099590661,0.20954935387202278,0.19837153616891112
486,2022-2023,2022-10-22,Chelsea,Manchester Utd,D,0.4698358544266934,0.2433554373026654,0.28680870827064131,0.45659036748409149,0.24398527177039933,0.29942436074550932,0.45659036748409138,0.24398527177039933,0.29942436074550927,0.42894736842105263,0.23157894736842105,0.33947368421052632,0.4847049344547662,0.23167103793827934,0.28362402760695438,0.58802163081845005,0.21957483695359944,0.19240353222795051,0.57434532394146376,0.24692745070757199,0.17872722535096427
487,2022-2023,2022-10-22,Everton,Crystal Palace,H,0.36910281045420279,0.25514171485320053,0.37575547469259662,0.35688294634657147,0.25209735889443324,0.39101969475899534,0.35688294634657142,0.25209735889443324,0.39101969475899528,0.42894736842105263,0.23157894736842105,0.33947368421052632,0.38717061493265331,0.23802186594571298,0.37480751912163379,0.30181127894682486,0.31933170557594404,0.37885701547723111,0.28415198342111186,0.35465029662737002,0.36119771995151811
488,2022-2023,2022-10-22,Manchester City,Brighton,H,0.5690051384877387,0.232003134588597,0.19899172692366426,0.55998682422109736,0.22892431716452985,0.21108885861437282,0.55998682422109725,0.22892431716452988,0.21108885861437279,0.42894736842105263,0.23157894736842105,0.33947368421052632,0.59333483178062318,0.21222749368772881,0.19443767453164798,0.79441904091128412,0.13073922563839357,0.074841733450322356,0.78638195831761926,0.1468133908257232,0.066804650856657544
489,2022-2023,2022-10-22,Nottingham,Liverpool,H,0.25396988089516115,0.25646743441563813,0.48956268468920083,0.24308504525062982,0.24998527857408634,0.50692967617528384,0.24308504525062982,0.24998527857408634,0.50692967617528384,0.42894736842105263,0.23157894736842105,0.33947368421052632,0.26619014447216127,0.22903693534732555,0.50477292018051323,0.042014484370566492,0.11192907909414007,0.84605643653529339,0.035150705030929451,0.12565663777341415,0.83919265719565628
490,2022-2023,2022-10-23,Aston Villa,Brentford,H,0.37748624964400296,0.26127120478446619,0.36124254557153068,0.37650786850921925,0.26243879300000106,0.36105333849077975,0.37650786850921925,0.26243879300000106,0.3610533384907797,0.42894736842105263,0.23157894736842105,0.33947368421052632,0.40615468304523733,0.23765555196706722,0.3561897649876955,0.36225598174042112,0.27816587736958687,0.35957814088999196,0.34829114397427618,0.30609555290187673,0.34561330312384703
491,2022-2023,2022-10-23,Leeds United,Fulham,A,0.36712815702307888,0.2642344352710343,0.36863740770588682,0.36123807632074117,0.25977292440637978,0.37898899927287905,0.36123807632074112,0.25977292440637978,0.37898899927287905,0.42894736842105263,0.23157894736842105,0.33947368421052632,0.37808154318905129,0.2380404940925028,0.38387796271844593,0.36742889277388335,0.21334292451471917,0.41922818271139745,0.3587248319000621,0.23075104626236162,0.41052412183757625
492,2022-2023,2022-10-23,Southampton,Arsenal,D,0.23779694287344796,0.24459563606544257,0.51760742106110946,0.23727615562441065,0.24315944972902498,0.51956439464656434,0.2372761556244106,0.24315944972902501,0.51956439464656445,0.42894736842105263,0.23157894736842105,0.33947368421052632,0.27660359293235098,0.23067095807134366,0.49272544899630522,0.17449801836239875,0.20789254980656954,0.61760943183103156,0.16408175804197894,0.2287250704474092,0.6071931715106117
493,2022-2023,2022-10-23,Tottenham,Newcastle,A,0.43875819528873844,0.24576427999095452,0.31547752472030693,0.43919190926762763,0.24332862554289991,0.31747946518947251,0.43919190926762763,0.24332862554289997,0.31747946518947251,0.42894736842105263,0.23157894736842105,0.33947368421052632,0.50147208807503907,0.22950032490784691,0.26902758701711393,0.57284646688345064,0.23613854680651525,0.1910149863100343,0.56091091136024851,0.26000965785291941,0.17907943078683219
494,2022-2023,2022-10-23,Wolves,Leicester City,A,0.42970877224886705,0.27213255339699216,0.29815867435414078,0.43038654661880416,0.26878121325561127,0.3008322401255844,0.43038654661880416,0.26878121325561127,0.3008322401255844,0.42894736842105263,0.23157894736842105,0.33947368421052632,0.44415724039284354,0.23563738544704965,0.32020537416010675,0.33739443838121996,0.27994162212085621,0.38266393949792399,0.32338527495056513,0.30795994898216589,0.36865477606726915
495,2022-2023,2022-10-24,West Ham,Bournemouth,H,0.48958293279971588,0.25768945041120278,0.2527276167890814,0.4869431360672149,0.25931148551080907,0.25374537842197603,0.4869431360672149,0.25931148551080913,0.25374537842197603,0.42894736842105263,0.23157894736842105,0.33947368421052632,0.43652467051191468,0.23617708118261352,0.32729824830547183,0.65322561998994177,0.22666375636007025,0.1201106236499879,0.64154196571535971,0.25003106490923432,0.10842696937540587
496,2022-2023,2022-10-29,Bournemouth,Tottenham,A,0.30720868649874578,0.2496946788837425,0.44309663461751175,0.29559034628465702,0.24639278641384291,0.45801686730150004,0.29559034628465702,0.24639278641384291,0.45801686730150004,0.42894736842105263,0.23157894736842105,0.33947368421052632,0.34558935401064772,0.2372445285825838,0.4171661174067684,0.1220913544612343,0.19561993979975889,0.68228870573900691,0.11121411789461046,0.21737441293300663,0.67141146917238304
497,2022-2023,2022-10-29,Brentford,Wolves,D,0.49934626410718108,0.24892089962960023,0.25173283626321874,0.48899985025579629,0.24527410962281329,0.26572604012139039,0.48899985025579629,0.24527410962281335,0.26572604012139039,0.42894736842105263,0.23157894736842105,0.33947368421052632,0.48339059777470689,0.23182820368765528,0.28478119853763778,0.62432791252684661,0.23449848600523085,0.14117360146792271,0.61188190082270921,0.25939050941350583,0.12872758976378523
498,2022-2023,2022-10-29,Brighton,Chelsea,H,0.34857691497373872,0.25967348370338761,0.39174960132287373,0.33754957482199394,0.2534224557535002,0.40902796942450581,0.33754957482199394,0.25342245575350025,0.40902796942450581,0.42894736842105263,0.23157894736842105,0.33947368421052632,0.37202206949238104,0.23799534942483611,0.38998258108278283,0.36744431309575537,0.29283370961265137,0.33972197729159309,0.35169480310735513,0.32433272958945208,0.32397246730319285
499,2022-2023,2022-10-29,Crystal Palace,Southampton,H,0.45144298107574732,0.24719920902325776,0.30135780990099498,0.43905125271641365,0.24613176333073952,0.31481698395284691,0.43905125271641365,0.24613176333073955,0.31481698395284691,0.42894736842105263,0.23157894736842105,0.33947368421052632,0.49497264214029024,0.23037815023428262,0.27464920762542716,0.57905063074989893,0.25044234556346001,0.17050702368664111,0.56565439976304588,0.27723480753716617,0.157110792699788
500,2022-2023,2022-10-29,Fulham,Everton,D,0.44298480394878492,0.25121835842725387,0.30579683762396126,0.4294786842161854,0.25281107113999285,0.31771024464382175,0.4294786842161854,0.2528110711399929,0.31771024464382175,0.42894736842105263,0.23157894736842105,0.33947368421052632,0.50941581775351608,0.22836515131219695,0.26221903093428689,0.56739912225625033,0.2053769444523203,0.22722393329142937,0.55702235830342295,0.22613047235797504,0.21684716933860201
501,2022-2023,2022-10-29,Leicester City,Manchester City,A,0.27574817545503244,0.25015838487711528,0.47409343966785228,0.26901499058204315,0.2518326890661402,0.47915232035181665,0.26901499058204309,0.2518326890661402,0.47915232035181665,0.42894736842105263,0.23157894736842105,0.33947368421052632,0.25787810966726993,0.2275993234463356,0.51452256688639442,0.1395740765403003,0.13797074993942079,0.72245517352027888,0.13476112271690929,0.14759665758620286,0.71764221969688791
502,2022-2023,2022-10-29,Liverpool,Leeds United,A,0.56237598611904616,0.24051856228220117,0.1971054515987527,0.55006338986849113,0.24324733432570525,0.20668927580580362,0.55006338986849113,0.24324733432570528,0.20668927580580362,0.42894736842105263,0.23157894736842105,0.33947368421052632,0.63634868497891806,0.20101196367497962,0.16263935134610238,0.88169015270754947,0.082993500376029955,0.035316346916420563,0.87709765882336588,0.092178488144397316,0.030723853032236886
503,2022-2023,2022-10-29,Newcastle,Aston Villa,H,0.55407485770033515,0.22849152228242417,0.21743362001724073,0.5423453758278135,0.2289866920162959,0.22866793215589043,0.5423453758278135,0.22898669201629596,0.22866793215589049,0.42894736842105263,0.23157894736842105,0.33947368421052632,0.55276023027485777,0.2209733709330548,0.22626639879208751,0.62437683203718986,0.23594474106137342,0.13967842690143692,0.61194181811180703,0.26081476891213845,0.12724341297605432
504,2022-2023,2022-10-30,Arsenal,Nottingham,H,0.62847774606668916,0.20666410413838654,0.16485814979492439,0.62873118524491833,0.20578613748242944,0.16548267727265217,0.62873118524491833,0.20578613748242947,0.1654826772726522,0.42894736842105263,0.23157894736842105,0.33947368421052632,0.60186057031368656,0.21016452071004701,0.1879749089762664,0.85238227498570363,0.107895479676293,0.039722245338003517,0.84645361489550186,0.11975279985669651,0.033793585247801766
505,2022-2023,2022-10-30,Manchester Utd,West Ham,H,0.4429266065244194,0.24592996556110497,0.31114342791447563,0.43679846072058853,0.24267222116171139,0.32052931811770008,0.43679846072058853,0.24267222116171139,0.32052931811770008,0.42894736842105263,0.23157894736842105,0.33947368421052632,0.51216852309326155,0.22795584600004526,0.25987563090669319,0.5072013604773552,0.26275533903308912,0.2300433004895556,0.49266378820069079,0.291830483586418,0.21550572821289116
506,2022-2023,2022-11-05,Everton,Leicester City,A,0.45820420262164274,0.2644222391475215,0.2773735582308357,0.45121741883619071,0.26680998105628029,0.281972600107529,0.45121741883619065,0.26680998105628034,0.28197260010752895,0.42894736842105263,0.23157894736842105,0.33947368421052632,0.44246333459005494,0.2357629037276493,0.32177376168229577,0.41865022802028562,0.26694230464904023,0.31440746733067404,0.40512694940529015,0.2939888618790315,0.30088418871567846
507,2022-2023,2022-11-05,Leeds United,Bournemouth,H,0.50383227726082391,0.26127502023817401,0.23489270250100217,0.49829949117995309,0.26190208899451012,0.23979841982553673,0.49829949117995309,0.26190208899451012,0.23979841982553676,0.42894736842105263,0.23157894736842105,0.33947368421052632,0.41604222175247424,0.23729306099079275,0.34666471725673309,0.60147642822525627,0.2187917397746518,0.17973183200009196,0.59039625899121895,0.24095207824272652,0.16865166276605462
508,2022-2023,2022-11-05,Manchester City,Fulham,H,0.61243257400115092,0.21953154766873287,0.1680358783301161,0.60732353719603205,0.22084477808353362,0.17183168472043425,0.60732353719603205,0.22084477808353362,0.17183168472043425,0.42894736842105263,0.23157894736842105,0.33947368421052632,0.60883867336062603,0.20841744029427611,0.18274388634509775,0.92514077074503243,0.048765358146670996,0.026093871108296696,0.92338981061718317,0.052267278402369458,0.024342910980447472
509,2022-2023,2022-11-05,Nottingham,Brentford,D,0.37130246299687503,0.26150970297197323,0.36718783403115179,0.3653071929197233,0.26115730520290997,0.37353550187736678,0.3653071929197233,0.26115730520290997,0.37353550187736678,0.42894736842105263,0.23157894736842105,0.33947368421052632,0.42827267592290541,0.23668532158305897,0.33504200249403571,0.23149953389741371,0.26517907470000657,0.50332139140257959,0.21828957652324626,0.29159898944834145,0.49011143402841223
510,2022-2023,2022-11-05,Wolves,Brighton,A,0.31967120145451655,0.25272385600213881,0.42760494254334469,0.3139419333324413,0.25156513973047656,0.43449292693708208,0.31394193333244125,0.25156513973047656,0.43449292693708208,0.42894736842105263,0.23157894736842105,0.33947368421052632,0.3696532753333151,0.23796503935568683,0.39238168531099804,0.19869088423582065,0.30267084578525244,0.49863826997892707,0.18563432706463767,0.32878396012761846,0.48558171280774409
511,2022-2023,2022-11-06,Aston Villa,Manchester Utd,H,0.34139335237837987,0.26202453723632935,0.3965821103852909,0.3465491631886522,0.26525320546595893,0.38819763134538893,0.34654916318865214,0.26525320546595893,0.38819763134538893,0.42894736842105263,0.23157894736842105,0.33947368421052632,0.33553632943956474,0.23671493336516611,0.42774873719526924,0.31406396000389514,0.27163759282161776,0.41429844717448716,0.30029365202058156,0.29917820878824486,0.40052813919117358
512,2022-2023,2022-11-06,Chelsea,Arsenal,A,0.30488521081511516,0.24002533477046811,0.45508945441441673,0.30474226731024928,0.23367203130539213,0.46158570138435862,0.30474226731024923,0.23367203130539216,0.46158570138435867,0.42894736842105263,0.23157894736842105,0.33947368421052632,0.39973333378841552,0.23782840194005281,0.3624382642715317,0.38389841364151917,0.24156565238770925,0.37453593397077145,0.37203100247451426,0.26530047472171925,0.36266852280376649
513,2022-2023,2022-11-06,Southampton,Newcastle,A,0.26700718831530112,0.24169535982033397,0.4912974518643648,0.266612189578526,0.23990679335688728,0.49348101706458669,0.26661218957852595,0.23990679335688728,0.49348101706458669,0.42894736842105263,0.23157894736842105,0.33947368421052632,0.31972691711691026,0.23559839111115902,0.4446746917719307,0.18825098923528211,0.25648948100707447,0.55525952975764337,0.17563637672215382,0.28171870603333121,0.54264491724451513
514,2022-2023,2022-11-06,Tottenham,Liverpool,A,0.49677301399044838,0.24836311764634264,0.25486386836320896,0.5017473077560709,0.25053723067811068,0.24771546156581853,0.5017473077560709,0.25053723067811068,0.24771546156581847,0.42894736842105263,0.23157894736842105,0.33947368421052632,0.44097499482713504,0.23587049030158544,0.32315451487127944,0.45775179410812117,0.23639669615396319,0.30585150973791569,0.446153659764217,0.25959296484177158,0.29425337539401153
515,2022-2023,2022-11-06,West Ham,Crystal Palace,A,0.4133915359983853,0.25382451737008527,0.33278394663152944,0.41843104271780052,0.25683659825030419,0.3247323590318954,0.41843104271780046,0.25683659825030414,0.3247323590318954,0.42894736842105263,0.23157894736842105,0.33947368421052632,0.4306574236094689,0.23654652213778646,0.33279605425274444,0.44887954906657618,0.31457076707403181,0.23654968385939182,0.43513977209214161,0.34205032102290095,0.22280990688495725
516,2022-2023,2022-11-12,Bournemouth,Everton,H,0.36303261361399736,0.25871730402006649,0.37825008236593616,0.35748069975618563,0.25801059376477142,0.38450870647904295,0.35748069975618563,0.25801059376477148,0.38450870647904295,0.42894736842105263,0.23157894736842105,0.33947368421052632,0.46605227156354939,0.23372323500971637,0.3002244934267343,0.36134397936621582,0.28417680529133782,0.35447921534244659,0.3497038314577614,0.30745710110824653,0.34283906743399217
517,2022-2023,2022-11-12,Liverpool,Southampton,H,0.57978312050417402,0.22950065809924752,0.19071622139657832,0.57474942064085599,0.23015165699878617,0.19509892236035786,0.57474942064085588,0.23015165699878617,0.19509892236035789,0.42894736842105263,0.23157894736842105,0.33947368421052632,0.62821858708123346,0.20328701469528312,0.16849439822348333,0.8481790542254023,0.10630623423042819,0.045514711544169598,0.84374466695887651,0.11517500876347968,0.041080324277643854
518,2022-2023,2022-11-12,Manchester City,Brentford,A,0.65194174763002555,0.20729082890068587,0.14076742346928839,0.64696126569912327,0.20838471766650779,0.14465401663436886,0.64696126569912327,0.20838471766650779,0.14465401663436886,0.42894736842105263,0.23157894736842105,0.33947368421052632,0.64605289767169716,0.19820052736615759,0.15574657496214517,0.90345170858148127,0.065151382506683328,0.031396908911835462,0.90101217711370685,0.070030445442232178,0.028957377444061034
519,2022-2023,2022-11-12,Newcastle,Chelsea,H,0.53742871412575877,0.22977418969500957,0.23279709617923158,0.53082271961576344,0.23195677280278057,0.23722050758145588,0.53082271961576344,0.23195677280278057,0.23722050758145591,0.42894736842105263,0.23157894736842105,0.33947368421052632,0.46176841765973742,0.23414008264486688,0.30409149969539562,0.57110979983035026,0.23524861733555022,0.19364158283409955,0.56130585968633784,0.25485649762357498,0.18383764269008721
520,2022-2023,2022-11-12,Nottingham,Crystal Palace,H,0.33048853010475376,0.25676717883190114,0.41274429106334509,0.32491146459837661,0.25516600872050921,0.41992252668111418,0.32491146459837661,0.25516600872050926,0.41992252668111418,0.42894736842105263,0.23157894736842105,0.33947368421052632,0.38734993580441734,0.2380204660950114,0.37462959810057123,0.20165636364907877,0.28047655300924978,0.51786708334167175,0.19087267582480039,0.30204392865780649,0.50708339551739334
521,2022-2023,2022-11-12,Tottenham,Leeds United,H,0.50025928876482462,0.24792621567414888,0.25181449556102647,0.49446083825486009,0.24863868897251507,0.25690047277262501,0.49446083825485998,0.24863868897251507,0.25690047277262495,0.42894736842105263,0.23157894736842105,0.33947368421052632,0.57747050927863552,0.21585752858480839,0.20667196213655603,0.79066590685146643,0.12578245298775964,0.083551640160773821,0.78589520543510882,0.1353238558204749,0.07878093874441619
522,2022-2023,2022-11-12,West Ham,Leicester City,A,0.40256966855589216,0.2603088015948839,0.337121529849224,0.39652660678027429,0.26031859013082159,0.34315480308890417,0.39652660678027418,0.26031859013082159,0.34315480308890411,0.42894736842105263,0.23157894736842105,0.33947368421052632,0.44306920308186687,0.23571838431880124,0.32121241259933186,0.43129820528718532,0.26296966698303564,0.30573212772977926,0.42032872306093277,0.28490863143554074,0.29476264550352665
523,2022-2023,2022-11-12,Wolves,Arsenal,A,0.19866945700382976,0.22101180137455553,0.58031874162161479,0.19391125175957596,0.22057290572556287,0.58551584251486111,0.19391125175957605,0.22057290572556287,0.585515842514861,0.42894736842105263,0.23157894736842105,0.33947368421052632,0.25669931270329766,0.22738560992079265,0.51591507737590969,0.1222622272234286,0.21362091174937434,0.66411686102719714,0.11365411810513168,0.2308371299859682,0.65550875190890023
524,2022-2023,2022-11-13,Brighton,Aston Villa,A,0.51971507000741579,0.243955267249683,0.23632966274290126,0.52660850864128428,0.24202940619759786,0.23136208516111789,0.52660850864128428,0.24202940619759786,0.23136208516111789,0.42894736842105263,0.23157894736842105,0.33947368421052632,0.51875566342471657,0.22694316956623531,0.25430116700904803,0.60909054152584097,0.22265269759388279,0.16825676088027619,0.60300274527561615,0.23482829009433243,0.16216896463005137
525,2022-2023,2022-11-13,Fulham,Manchester Utd,A,0.42273115206770262,0.25193150974208406,0.32533733819021338,0.42415376752425732,0.24639378807519949,0.32945244440054311,0.42415376752425732,0.24639378807519949,0.32945244440054317,0.42894736842105263,0.23157894736842105,0.33947368421052632,0.40395422589070717,0.23772036751234976,0.3583254065969429,0.48076749555153669,0.22260752513247525,0.29662497931598797,0.47521256877786988,0.23371737867980907,0.29107005254232116
526,2022-2023,2022-12-26,Arsenal,West Ham,H,0.62094791546576977,0.2040047629342176,0.17504732160001252,0.6239704749105307,0.21294359336820437,0.1630859317212649,0.62397047491053081,0.21294359336820448,0.1630859317212649,0.42894736842105263,0.23157894736842105,0.33947368421052632,0.62488905381772208,0.20419769644251848,0.17091324973975949,0.7136543238064067,0.1885694413531987,0.09777623484039473,0.70863600775700253,0.19860607345200668,0.092757918790990726
527,2022-2023,2022-12-26,Aston Villa,Liverpool,A,0.37773885110493688,0.25309853711326696,0.36916261178179616,0.38377844713816789,0.26737053526616711,0.34885101759566495,0.38377844713816789,0.26737053526616716,0.34885101759566495,0.42894736842105263,0.23157894736842105,0.33947368421052632,0.30738558165168128,0.23447738404558524,0.4581370343027335,0.22024530645249979,0.23869211704673907,0.54106257650076117,0.21370768679734242,0.25176735635705377,0.53452495684560375
528,2022-2023,2022-12-26,Brentford,Tottenham,D,0.37123307038542558,0.2513668890125304,0.37740004060204413,0.37796213769948883,0.26302451898449375,0.35901334331601747,0.37796213769948883,0.26302451898449375,0.35901334331601747,0.42894736842105263,0.23157894736842105,0.33947368421052632,0.35184697926209696,0.23750522796594686,0.41064779277195623,0.30757271450797807,0.22072116560948052,0.47170611988254146,0.30217606140641856,0.23151447181259965,0.4663094667809819
529,2022-2023,2022-12-26,Crystal Palace,Fulham,A,0.44018181734995188,0.24111876884185859,0.31869941380818945,0.44717850479013638,0.25151678744057554,0.30130470776928814,0.44717850479013638,0.25151678744057554,0.30130470776928814,0.42894736842105263,0.23157894736842105,0.33947368421052632,0.45478183049915477,0.23477589113934547,0.31044227836149985,0.45175305720602149,0.25480908716683176,0.29343785562714692,0.44477937535672085,0.26875645086543298,0.28646417377784633
530,2022-2023,2022-12-26,Everton,Wolves,A,0.46855118789980715,0.24626041872744506,0.28518839337274776,0.47482917600358865,0.25634083412496789,0.26882998987144352,0.47482917600358865,0.25634083412496794,0.26882998987144352,0.42894736842105263,0.23157894736842105,0.33947368421052632,0.45822065919362015,0.23446978267560376,0.30730955813077609,0.46994502460612081,0.32878970034216165,0.20126527505171762,0.46301271622919221,0.34265431709601885,0.19433296667478903
531,2022-2023,2022-12-26,Leicester City,Newcastle,A,0.33911673654506752,0.24586093265778761,0.4150223307971449,0.34650495656041874,0.25842340508085299,0.39507163835872827,0.34650495656041874,0.25842340508085299,0.39507163835872827,0.42894736842105263,0.23157894736842105,0.33947368421052632,0.35083140343352248,0.23746647129926454,0.41170212526721295,0.31923098281874923,0.24882309528126861,0.43194592189998199,0.31248692825725555,0.26231120440425604,0.42520186733848825
532,2022-2023,2022-12-26,Southampton,Brighton,A,0.32368007029438539,0.25509559201884024,0.42122433768677436,0.33102745017334273,0.26778652320968777,0.40118602661696956,0.33102745017334267,0.26778652320968777,0.40118602661696956,0.42894736842105263,0.23157894736842105,0.33947368421052632,0.35409822301848493,0.23758626371457772,0.40831551326693727,0.24710577849457407,0.25013890633955738,0.50275531516586847,0.2402526755882308,0.26384511215224399,0.49590221225952519
533,2022-2023,2022-12-27,Chelsea,Bournemouth,H,0.49579582244019704,0.25264289562107634,0.25156128193872668,0.49964556369795482,0.26469699290771626,0.23565744339432901,0.49964556369795482,0.26469699290771626,0.23565744339432904,0.42894736842105263,0.23157894736842105,0.33947368421052632,0.53045240032940222,0.22502977471975619,0.24451782495084162,0.68313784106328934,0.183006383187265,0.13385577574944554,0.67821713344539758,0.19284779842304861,0.12893506813155373
534,2022-2023,2022-12-27,Manchester Utd,Nottingham,H,0.57881505392290999,0.22980666172504971,0.19137828435204027,0.58132483335860174,0.23989605982499326,0.17877910681640505,0.58132483335860163,0.23989605982499329,0.17877910681640502,0.42894736842105263,0.23157894736842105,0.33947368421052632,0.54568084337962208,0.22231845545166273,0.23200070116871518,0.72478765835586589,0.1791406877660105,0.096071653878123678,0.71996846844693707,0.1887790675838682,0.091252463969194827
535,2022-2023,2022-12-28,Leeds United,Manchester City,A,0.26864846215682703,0.2375306728012854,0.49382086504188755,0.27342213127445764,0.25367379827557335,0.47290407044996902,0.27342213127445764,0.25367379827557335,0.47290407044996902,0.42894736842105263,0.23157894736842105,0.33947368421052632,0.24219754409079539,0.22454989501390829,0.53325256089529638,0.10492878243792837,0.13314499201615485,0.7619262255459166,0.10203628207837206,0.13892999273526749,0.75903372518636025
536,2022-2023,2022-12-30,Liverpool,Leicester City,H,0.5520581012392074,0.23658473452748757,0.211357164233305,0.55654753284522429,0.23664457703606953,0.20680789011870623,0.55654753284522418,0.23664457703606956,0.20680789011870623,0.42894736842105263,0.23157894736842105,0.33947368421052632,0.59546832602004129,0.21171862280539702,0.19281305117456174,0.72957512311826622,0.15572985289104374,0.11469502399069001,0.72569427833461297,0.16349154245835026,0.11081417920703676
537,2022-2023,2022-12-30,West Ham,Brentford,A,0.3933435947919432,0.25533510407689064,0.35132130113116611,0.39817732077786611,0.25624291727216286,0.34557976194997098,0.39817732077786611,0.25624291727216292,0.34557976194997098,0.42894736842105263,0.23157894736842105,0.33947368421052632,0.40731323055855739,0.23761909620613933,0.35506767323530319,0.40078900734913686,0.270657466571743,0.32855352607911997,0.39361903462447728,0.28499741202106255,0.32138355335446028
538,2022-2023,2022-12-31,Bournemouth,Crystal Palace,A,0.39364427809430086,0.25807675187211021,0.34827897003358882,0.39522846396620703,0.25762784238948261,0.34714369364431036,0.39522846396620703,0.25762784238948266,0.34714369364431036,0.42894736842105263,0.23157894736842105,0.33947368421052632,0.42325682311949547,0.23695570890140993,0.3397874679790947,0.37205291492369974,0.27092593614979654,0.35702114892650366,0.364703226249811,0.28562531349757397,0.34967146025261497
539,2022-2023,2022-12-31,Brighton,Arsenal,A,0.31213767076828769,0.23864625256498626,0.44921607666672614,0.31290178262437374,0.24043888480968162,0.44665933256594459,0.31290178262437374,0.24043888480968167,0.4466593325659447,0.42894736842105263,0.23157894736842105,0.33947368421052632,0.3309229397172706,0.23642540240354198,0.43265165787918741,0.29933411334323629,0.24161878179346558,0.45904710486329808,0.29289670893815872,0.25449359060362076,0.45260970045822052
540,2022-2023,2022-12-31,Fulham,Southampton,H,0.53506455907408179,0.23608721987417874,0.22884822105173941,0.53683441391140363,0.23546263153956887,0.22770295454902753,0.53683441391140363,0.2354626315395689,0.22770295454902753,0.42894736842105263,0.23157894736842105,0.33947368421052632,0.54234127527214271,0.22293433193040188,0.23472439279745552,0.73346388819267927,0.15591753752557677,0.11061857428174397,0.7294207510372841,0.164003811836367,0.10657543712634884
541,2022-2023,2022-12-31,Manchester City,Everton,D,0.65170791285407459,0.20094287567929348,0.14734921146663171,0.65318577321091709,0.20058760728744154,0.14622661950164131,0.6531857732109172,0.20058760728744149,0.14622661950164129,0.42894736842105263,0.23157894736842105,0.33947368421052632,0.67999759182795838,0.18753181117471771,0.13247059699732397,0.86656201327403348,0.095942270838607013,0.03749571588735947,0.86396000481781998,0.10114628775103397,0.034893707431145976
542,2022-2023,2022-12-31,Newcastle,Leeds United,D,0.62319955326592691,0.21287075231107289,0.16392969442300015,0.62524501919918274,0.21128841233126872,0.16346656846954855,0.62524501919918274,0.21128841233126872,0.16346656846954857,0.42894736842105263,0.23157894736842105,0.33947368421052632,0.60136290134855785,0.21028710282490121,0.18834999582654094,0.78963068372094047,0.13361682566816846,0.076752490610891122,0.78605829763031176,0.14076159784942588,0.073180104520262385
543,2022-2023,2022-12-31,Wolves,Manchester Utd,A,0.31344499293072775,0.25418871995435866,0.43236628711491371,0.3143266961214119,0.25257564740008709,0.43309765647850096,0.3143266961214119,0.25257564740008709,0.43309765647850096,0.42894736842105263,0.23157894736842105,0.33947368421052632,0.32012017522595226,0.23563046581858438,0.44424935895546336,0.21157870311210278,0.26021731693221101,0.52820397995568635,0.20465712388042037,0.27406047539557582,0.52128240072400389
544,2022-2023,2023-01-01,Nottingham,Chelsea,D,0.32379222713806982,0.24000248216213324,0.43620529069979691,0.33071453825756414,0.23853545643103916,0.43075000531139662,0.33071453825756408,0.23853545643103916,0.43075000531139662,0.42894736842105263,0.23157894736842105,0.33947368421052632,0.34428146702493512,0.2371834025096225,0.4185351304654425,0.12445834419433041,0.23125575246107458,0.64428590334459512,0.11672912373744772,0.24671419337483994,0.6365566828877125
545,2022-2023,2023-01-01,Tottenham,Aston Villa,A,0.54338940467057695,0.23623089616879539,0.22037969916062755,0.55099421528417258,0.23357079074929224,0.2154349939665352,0.55099421528417247,0.23357079074929227,0.21543499396653523,0.42894736842105263,0.23157894736842105,0.33947368421052632,0.56700078393216347,0.218105028344795,0.21489418772304153,0.67095967512361987,0.17927822971423599,0.14976209516214434,0.66484292212995022,0.19151173570157509,0.14364534216847477
546,2022-2023,2023-01-02,Brentford,Liverpool,H,0.37677925868256384,0.2509990242809691,0.37222171703646711,0.37548132682164714,0.25083876240813879,0.37367991077021401,0.37548132682164714,0.25083876240813885,0.37367991077021401,0.42894736842105263,0.23157894736842105,0.33947368421052632,0.32071308788044028,0.23567840425921621,0.44360850786034356,0.22204764284672576,0.21592133095503646,0.56203102619823775,0.21318220098258878,0.23365221468331043,0.55316558433410079
547,2022-2023,2023-01-03,Arsenal,Newcastle,D,0.49418323782312307,0.22353558088517414,0.28228118129170277,0.49299074450910635,0.22337776728368552,0.28363148820720813,0.49299074450910635,0.22337776728368558,0.28363148820720813,0.42894736842105263,0.23157894736842105,0.33947368421052632,0.51352627755432634,0.22775094301613713,0.25872277942953653,0.44093393364973632,0.26303827271680885,0.29602779363345494,0.42979008186646739,0.28532597628334677,0.28488394185018601
548,2022-2023,2023-01-03,Everton,Brighton,A,0.34715332411798627,0.2593960282612498,0.39345064762076387,0.34588155638291529,0.25861213092537572,0.39550631269170899,0.34588155638291534,0.25861213092537577,0.39550631269170899,0.42894736842105263,0.23157894736842105,0.33947368421052632,0.35980875012085978,0.23776187260464576,0.40242937727449446,0.26457505915658114,0.26759682594996465,0.46782811489345438,0.25332901914472888,0.29008890597366915,0.45658207488160213
549,2022-2023,2023-01-03,Leicester City,Fulham,A,0.36871884398669796,0.24666312748762098,0.384618028525681,0.36739126958339646,0.24594603772352078,0.38666269269308268,0.36739126958339652,0.24594603772352081,0.38666269269308268,0.42894736842105263,0.23157894736842105,0.33947368421052632,0.40535212225427969,0.23767986423959694,0.35696801350612334,0.42856018171127069,0.21747306791281026,0.35396675037591896,0.42079536597702333,0.23300269938130508,0.34620193464167154
550,2022-2023,2023-01-03,Manchester Utd,Bournemouth,H,0.61923936788281275,0.2153127618768558,0.16544787024033142,0.61833739216211125,0.21520693052089759,0.16645567731699121,0.61833739216211114,0.21520693052089768,0.16645567731699124,0.42894736842105263,0.23157894736842105,0.33947368421052632,0.57192291509185822,0.21706306077751955,0.21101402413062215,0.73121889791043893,0.1618037604069732,0.10697734168258789,0.72446876522494619,0.17530402577795848,0.10022720899709527
551,2022-2023,2023-01-04,Aston Villa,Wolves,D,0.51727112985668211,0.23634368671644326,0.24638518342687474,0.51363596969360736,0.23711696629813772,0.24924706400825489,0.51363596969360736,0.23711696629813775,0.24924706400825486,0.42894736842105263,0.23157894736842105,0.33947368421052632,0.50223245462803368,0.22939462841021024,0.26837291696175603,0.58222905393308078,0.25724300391587052,0.16052794215104865,0.57338139333563687,0.2749383251107585,0.15168028155360466
552,2022-2023,2023-01-04,Crystal Palace,Tottenham,A,0.39288933881607691,0.23979372483241601,0.3673169363515072,0.38935512204811634,0.23967299727002617,0.37097188068185755,0.38935512204811629,0.23967299727002617,0.37097188068185749,0.42894736842105263,0.23157894736842105,0.33947368421052632,0.37669854088853194,0.23803427326539994,0.38526718584606817,0.28563053797889959,0.2507868915458451,0.46358257047525542,0.2763346297210203,0.26937870806160358,0.45428666221737618
553,2022-2023,2023-01-04,Leeds United,West Ham,D,0.45890140960310205,0.23774422791342928,0.30335436248346875,0.4550993790541053,0.23864751583139923,0.30625310511449561,0.45509937905410525,0.23864751583139918,0.30625310511449561,0.42894736842105263,0.23157894736842105,0.33947368421052632,0.45089059799779591,0.23510622361857883,0.31400317838362518,0.45116255946573836,0.26460006254145102,0.28423737799281057,0.44134877555125507,0.28422763037041759,0.27442359407832728
554,2022-2023,2023-01-04,Southampton,Nottingham,A,0.42990041311072513,0.26172164262714259,0.30837794426213233,0.42654490113829935,0.26173365698442858,0.31172144187727219,0.42654490113829929,0.26173365698442858,0.31172144187727213,0.42894736842105263,0.23157894736842105,0.33947368421052632,0.39590668712578087,0.23790773010295579,0.36618558277126334,0.49220006631908064,0.27336399323880506,0.23443594044211433,0.48235548098762304,0.2930531639017202,0.22459135511065673
555,2022-2023,2023-01-05,Chelsea,Manchester City,A,0.30382898607459946,0.24316622437827995,0.45300478954712048,0.30266371671224002,0.2431489618173443,0.45418732147041563,0.30266371671224002,0.2431489618173443,0.45418732147041563,0.42894736842105263,0.23157894736842105,0.33947368421052632,0.34472985588915989,0.23720461863287043,0.41806552547796966,0.2285005922272304,0.23160403793439732,0.53989536983837239,0.21998355026861166,0.24863812185163472,0.53137832787975359
556,2022-2023,2023-01-12,Fulham,Chelsea,H,0.46102188017824891,0.23869181552069968,0.30028630430105135,0.45978948003118741,0.23879536434827051,0.30141515562054211,0.45978948003118741,0.23879536434827051,0.30141515562054211,0.42894736842105263,0.23157894736842105,0.33947368421052632,0.42399288979484906,0.23691786430173267,0.33908924590341821,0.40536626168256268,0.26780449612486268,0.32682924219257453,0.39688538930224088,0.28476624088550617,0.31834836981225278
557,2022-2023,2023-01-13,Aston Villa,Leeds United,H,0.4774445945692033,0.24111832696342811,0.28143707846736848,0.4751717134036752,0.24207474010271854,0.28275354649360623,0.4751717134036752,0.24207474010271859,0.28275354649360623,0.42894736842105263,0.23157894736842105,0.33947368421052632,0.48571701658235411,0.23154872370882085,0.28273425970882504,0.49973997193882819,0.23322596382268729,0.26703406423848441,0.49244898448852387,0.2478079387232959,0.25974307678818009
558,2022-2023,2023-01-14,Brentford,Bournemouth,H,0.60120433635303228,0.22234460670218775,0.17645105694478008,0.5968600729566973,0.22214379236069873,0.18099613468260398,0.59686007295669719,0.22214379236069876,0.18099613468260395,0.42894736842105263,0.23157894736842105,0.33947368421052632,0.51982437364555156,0.22677445881112382,0.25340116754332465,0.7451696424248867,0.14993374028770767,0.10489661728740561,0.74061018311604698,0.15905265890538714,0.10033715797856588
559,2022-2023,2023-01-14,Brighton,Liverpool,H,0.42354002339731855,0.24920634071228553,0.32725363589039602,0.42306407509693217,0.25431027364323033,0.32262565125983744,0.42306407509693217,0.25431027364323033,0.3226256512598375,0.42894736842105263,0.23157894736842105,0.33947368421052632,0.35536168544538876,0.23762880865776637,0.40700950589684481,0.33112000372414635,0.22013515682494789,0.44874483945090599,0.32495189764802668,0.23247136897718701,0.44257673337478626
560,2022-2023,2023-01-14,Everton,Southampton,A,0.44401913587356112,0.24895494744147625,0.3070259166849626,0.43883472359339054,0.24861427028777741,0.31255100611883202,0.43883472359339054,0.24861427028777741,0.31255100611883208,0.42894736842105263,0.23157894736842105,0.33947368421052632,0.47254661278191362,0.23305235866052995,0.29440102855755657,0.45354716999882089,0.28940544982316452,0.25704738017801454,0.44474742240941811,0.30700494500197012,0.24824763258861177
561,2022-2023,2023-01-14,Manchester Utd,Manchester City,H,0.36981402361991167,0.23271953327384065,0.39746644310624774,0.36392264957950488,0.23078074155127976,0.40529660886921537,0.36392264957950488,0.23078074155127978,0.40529660886921537,0.42894736842105263,0.23157894736842105,0.33947368421052632,0.3578965323240314,0.23770783118083244,0.40439563649513627,0.22877999579531558,0.22421172410651727,0.54700828009816704,0.22174214345154622,0.23828742879405596,0.53997042775439774
562,2022-2023,2023-01-14,Nottingham,Leicester City,H,0.42596849890392308,0.24983774559169905,0.32419375550437779,0.42544066323490426,0.25473630079674858,0.31982303596834705,0.42544066323490426,0.25473630079674864,0.31982303596834705,0.42894736842105263,0.23157894736842105,0.33947368421052632,0.45645007957641942,0.23462905009737475,0.30892087032620585,0.20607548299763037,0.24850978016110434,0.54541473684126551,0.19815379747399184,0.26435315120838138,0.53749305131762692
563,2022-2023,2023-01-14,Wolves,West Ham,H,0.38909525346776025,0.24328527419285656,0.36761947233938314,0.3892566277220964,0.24751833404415113,0.36322503823375246,0.3892566277220964,0.24751833404415113,0.36322503823375246,0.42894736842105263,0.23157894736842105,0.33947368421052632,0.43703344064878219,0.2361431797627733,0.3268233795884446,0.30267418338096713,0.32553303104774522,0.37179278557128775,0.29365626398994171,0.34356886982979606,0.36277486618026233
564,2022-2023,2023-01-15,Chelsea,Crystal Palace,H,0.45407010490256183,0.24702057311285566,0.29890932198458248,0.45790690611288859,0.25451725558043609,0.28757583830667527,0.45790690611288859,0.25451725558043609,0.28757583830667527,0.42894736842105263,0.23157894736842105,0.33947368421052632,0.49817732909867224,0.22995106307815974,0.27187160782316799,0.57249536386409339,0.25812593125684702,0.16937870487905965,0.56616315437840647,0.27079035022822073,0.16304649539337276
565,2022-2023,2023-01-15,Newcastle,Fulham,H,0.49100758653172261,0.22710239506374552,0.28189001840453198,0.49459365106064784,0.21895262714177022,0.28645372179758205,0.49459365106064773,0.21895262714177022,0.28645372179758199,0.42894736842105263,0.23157894736842105,0.33947368421052632,0.50538841231072973,0.22894922190024106,0.26566236578902919,0.58799193352550094,0.23888141878090563,0.17312664769359357,0.58184015883437312,0.25118496816316116,0.1669748730024658
566,2022-2023,2023-01-15,Tottenham,Arsenal,A,0.34499281499654189,0.24293520883503794,0.41207197616842012,0.3508045294975623,0.24734713353179194,0.40184833697064587,0.3508045294975623,0.24734713353179194,0.40184833697064581,0.42894736842105263,0.23157894736842105,0.33947368421052632,0.37842583055078066,0.2380416688502893,0.38353250059893007,0.33615885147166236,0.22422773861301062,0.43961340991532699,0.33091009252170012,0.23472525651293516,0.43436465096536475
567,2022-2023,2023-01-18,Crystal Palace,Manchester Utd,D,0.29983300837421212,0.24188359024088502,0.45828340138490292,0.30191554644313634,0.24778759854117141,0.45029685501569233,0.30191554644313628,0.24778759854117141,0.45029685501569233,0.42894736842105263,0.23157894736842105,0.33947368421052632,0.33558838595089707,0.23671803207816028,0.42769358197094265,0.21493986464501241,0.25994537429299558,0.52511476106199217,0.21115438020792571,0.26751634316716894,0.52132927662490536
568,2022-2023,2023-01-19,Manchester City,Tottenham,H,0.5091954695465486,0.2287643658217286,0.26204016463172292,0.51343422033297659,0.23231337028290125,0.25425240938412219,0.51343422033297659,0.2323133702829013,0.25425240938412225,0.42894736842105263,0.23157894736842105,0.33947368421052632,0.53783049980636477,0.22374721928224967,0.23842228091138554,0.65406262984232888,0.17594052153341055,0.16999684862426054,0.65082489116488429,0.18241599888829985,0.16675910994681589
569,2022-2023,2023-01-21,Bournemouth,Nottingham,D,0.41891577216514903,0.25558456576272431,0.32549966207212666,0.42048154779234848,0.25540007414725108,0.32411837806040039,0.42048154779234848,0.25540007414725113,0.32411837806040039,0.42894736842105263,0.23157894736842105,0.33947368421052632,0.40781412565673997,0.23760283793813708,0.35458303640512301,0.35538063768820416,0.28715994994930499,0.35745941236249079,0.34986024633968943,0.29820073264633445,0.35193902101397601
570,2022-2023,2023-01-21,Crystal Palace,Newcastle,D,0.26317047391696741,0.22680201284047086,0.51002751324256168,0.26357092762144962,0.23300027954808006,0.50342879283047037,0.26357092762144962,0.23300027954808009,0.50342879283047026,0.42894736842105263,0.23157894736842105,0.33947368421052632,0.33123838337867417,0.23644614224429095,0.43231547437703488,0.14032763935136419,0.27959637278499888,0.58007598786363701,0.13587643377371034,0.28849878394030659,0.57562478228598313
571,2022-2023,2023-01-21,Leicester City,Brighton,D,0.31013838050571635,0.2482554804510976,0.44160613904318607,0.3114895814558632,0.24842095534483916,0.44008946319929776,0.3114895814558632,0.24842095534483916,0.44008946319929776,0.42894736842105263,0.23157894736842105,0.33947368421052632,0.35934583390478003,0.2377492283177314,0.40290493777748865,0.28335383600567288,0.21784937158698103,0.49879679240734603,0.27950146795230857,0.22555410769370965,0.49494442435398167
572,2022-2023,2023-01-21,Liverpool,Chelsea,D,0.47839902105013943,0.2299349962589311,0.2916659826909293,0.47435370111631175,0.22505895927718364,0.30058733960650463,0.47435370111631175,0.22505895927718367,0.30058733960650463,0.42894736842105263,0.23157894736842105,0.33947368421052632,0.50954253648763659,0.22834648915896175,0.26211097435340158,0.50852070494416002,0.25324637201801542,0.23823292303782459,0.50354325316289972,0.26320127558053602,0.23325547125656423
573,2022-2023,2023-01-21,Southampton,Aston Villa,A,0.3560178215599048,0.25409705429978907,0.38988512414030607,0.35738531155741166,0.25451660394585629,0.38809808449673205,0.35738531155741166,0.25451660394585629,0.38809808449673205,0.42894736842105263,0.23157894736842105,0.33947368421052632,0.36794288559509347,0.23793869912896795,0.39411841527593866,0.26523970233441446,0.26027082436513155,0.47448947330045388,0.26012412920772421,0.27050197061851233,0.46937390017376363
574,2022-2023,2023-01-21,West Ham,Everton,H,0.41321184775828917,0.24809957175229727,0.33868858048941358,0.41500590713734142,0.24782789285022397,0.33716620001243452,0.41500590713734142,0.24782789285022402,0.33716620001243452,0.42894736842105263,0.23157894736842105,0.33947368421052632,0.4758838856926102,0.23268943585252513,0.29142667845486464,0.46264435007926175,0.30014159223826248,0.23721405768247575,0.45730906564613077,0.31081216110452431,0.23187877324934481
575,2022-2023,2023-01-22,Arsenal,Manchester Utd,H,0.54742516894254134,0.21964201548923393,0.2329328155682247,0.55113599040077088,0.21301145197821791,0.23585255762101112,0.55113599040077088,0.21301145197821794,0.23585255762101118,0.42894736842105263,0.23157894736842105,0.33947368421052632,0.51681684029286667,0.22724609702106005,0.2559370626860733,0.62908623143916764,0.20819741369537276,0.16271635486545957,0.62244454694950779,0.22148078267469246,0.15607467037579972
576,2022-2023,2023-01-22,Leeds United,Brentford,D,0.34592584941297494,0.25191499782595034,0.40215915276107472,0.35314066271175665,0.25109215047284406,0.3957671868153993,0.35314066271175659,0.25109215047284406,0.39576718681539924,0.42894736842105263,0.23157894736842105,0.33947368421052632,0.35707789804195755,0.23768323293584612,0.40523886902219619,0.32601605429223102,0.22234963975097505,0.4516343059567941,0.3196918965716965,0.23499795519204403,0.44531014823625958
577,2022-2023,2023-01-22,Manchester City,Wolves,H,0.6387280942052308,0.20425070028135678,0.15702120551341245,0.64326826773371648,0.20534337676065831,0.15138835550562513,0.64326826773371648,0.20534337676065834,0.15138835550562513,0.42894736842105263,0.23157894736842105,0.33947368421052632,0.66201002549302457,0.19334834262065873,0.14464163188631668,0.8422436430002288,0.11100136585891847,0.046754991140852652,0.83870119228892948,0.11808626728151715,0.043212540429553317
578,2022-2023,2023-01-23,Fulham,Tottenham,A,0.43002936527824082,0.22493906865225008,0.34503156606950913,0.42903898889120201,0.22464659161077805,0.34631441949801994,0.42903898889120196,0.22464659161077805,0.34631441949801994,0.42894736842105263,0.23157894736842105,0.33947368421052632,0.41115617547754429,0.2374867049393965,0.35135711958305932,0.43305958205468897,0.21845621445805971,0.34848420348725118,0.42531723997127346,0.2339408986248909,0.34074186140383567
579,2022-2023,2023-02-03,Chelsea,Fulham,D,0.43383701073619513,0.24035721785560049,0.32580577140820433,0.43856737685451985,0.24224471029423592,0.31918791285124426,0.43856737685451985,0.24224471029423597,0.31918791285124426,0.42894736842105263,0.23157894736842105,0.33947368421052632,0.48276115888846555,0.23190279917873621,0.28533604193279821,0.43846370606950819,0.28779010611913325,0.27374618781135873,0.42998758621829075,0.30474234582156801,0.26527006796014135
580,2022-2023,2023-02-04,Aston Villa,Leicester City,A,0.50863160192295331,0.23071180964062868,0.26065658843641792,0.50931915485513624,0.23217553373281882,0.25850531141204502,0.50931915485513612,0.2321755337328188,0.25850531141204497,0.42894736842105263,0.23157894736842105,0.33947368421052632,0.49463134220039096,0.23042297602460809,0.27494568177500089,0.47907264774499797,0.24454913694773717,0.27637821530726486,0.46997722148915116,0.26273998945943061,0.26728278905141817
581,2022-2023,2023-02-04,Brentford,Southampton,H,0.57108138624536942,0.21753916308847979,0.2113794506661508,0.57159455010372928,0.21894798014474384,0.20945746975152679,0.57159455010372928,0.2189479801447439,0.20945746975152688,0.42894736842105263,0.23157894736842105,0.33947368421052632,0.57298802494990808,0.21683416701631222,0.21017780803377972,0.69378433322930799,0.18704743575074548,0.11916823101994659,0.68677531102469247,0.20106548015997641,0.11215920881533112
582,2022-2023,2023-02-04,Brighton,Bournemouth,H,0.60329517574210634,0.21452367094613864,0.182181153311755,0.60378181534405784,0.21582184005768587,0.18039634459825626,0.60378181534405773,0.21582184005768587,0.18039634459825626,0.42894736842105263,0.23157894736842105,0.33947368421052632,0.54908444555191516,0.22167847252193479,0.22923708192615003,0.84622266548153691,0.098625382714133542,0.055151951804329594,0.84280615876316745,0.10545839615087249,0.051735445085960126
583,2022-2023,2023-02-04,Everton,Arsenal,H,0.18538576580192492,0.21176950835003541,0.60284472584803972,0.18574559024080053,0.21250699647404558,0.60174741328515391,0.18574559024080051,0.21250699647404556,0.60174741328515391,0.42894736842105263,0.23157894736842105,0.33947368421052632,0.2006436963269414,0.21411277659835284,0.58524352707470573,0.081357349791327027,0.15603628089032917,0.76260636931834402,0.075523796521228523,0.16770338743052612,0.75677281604824542
584,2022-2023,2023-02-04,Manchester Utd,Crystal Palace,H,0.53502008160288439,0.22093887666177206,0.24404104173534349,0.53576779348132264,0.222349223321303,0.24188298319737422,0.53576779348132264,0.22234922332130308,0.24188298319737431,0.42894736842105263,0.23157894736842105,0.33947368421052632,0.54911391999575976,0.22167287620239548,0.22921320380184484,0.63190883012922106,0.222976194833683,0.145114975037096,0.62370081696883739,0.23939222115445016,0.13690696187671245
585,2022-2023,2023-02-04,Newcastle,West Ham,D,0.56634916096748966,0.21600049823419101,0.21765034079831941,0.56595363331350057,0.21899785979754324,0.21504850688895613,0.56595363331350057,0.21899785979754324,0.21504850688895616,0.42894736842105263,0.23157894736842105,0.33947368421052632,0.60180288337875143,0.21017874347303542,0.18801837314821329,0.66684258244573136,0.23842995766775341,0.094727459886515097,0.65976362863818883,0.2525878652828385,0.087648506078972552
586,2022-2023,2023-02-04,Wolves,Liverpool,H,0.32387259500694571,0.23850620261867669,0.43762120237437752,0.32465146208206763,0.24029169104784279,0.4350568468700895,0.32465146208206763,0.24029169104784284,0.43505684687008955,0.42894736842105263,0.23157894736842105,0.33947368421052632,0.28553910672990768,0.23192997675603239,0.48253091651405994,0.15781011500014611,0.24221340896519183,0.59997647603466231,0.14909713844555827,0.25963936207436744,0.59126349948007439
587,2022-2023,2023-02-05,Nottingham,Leeds United,H,0.44617063405145141,0.242781457050053,0.31104790889849554,0.45443412044871218,0.23872444842059667,0.30684143113069101,0.45443412044871218,0.23872444842059673,0.30684143113069101,0.42894736842105263,0.23157894736842105,0.33947368421052632,0.49219301116042952,0.23073952714388196,0.27706746169568858,0.34566647269786582,0.27123467166599163,0.38309885563614249,0.34030760830445378,0.28195240045281561,0.3777399912427305
588,2022-2023,2023-02-05,Tottenham,Manchester City,H,0.33096365114016707,0.23845012929898987,0.43058621956084298,0.33763811971460517,0.23969306640431373,0.42266881388108113,0.33763811971460511,0.23969306640431373,0.42266881388108107,0.42894736842105263,0.23157894736842105,0.33947368421052632,0.35231783699413177,0.23752273222263537,0.41015943078323286,0.29131361759042451,0.20684523966872573,0.50184114274084979,0.28797746446999528,0.21351754590958416,0.49850498962042061
589,2022-2023,2023-02-08,Manchester Utd,Leeds United,D,0.59416089660444626,0.21791066685392205,0.18792843654163169,0.59734455920329299,0.2176886001834912,0.18496684061321583,0.59734455920329299,0.21768860018349123,0.18496684061321583,0.42894736842105263,0.23157894736842105,0.33947368421052632,0.60961653195050025,0.20821941506119074,0.18216405298830901,0.70293904902456261,0.17056036352364098,0.12650058745179632,0.70255629014356624,0.17132588128563378,0.12611782857079995
590,2022-2023,2023-02-11,Arsenal,Brentford,D,0.53238233488329145,0.22023192485154153,0.24738574026516696,0.53429873812570428,0.22004344790814456,0.24565781396615116,0.53429873812570416,0.22004344790814462,0.24565781396615119,0.42894736842105263,0.23157894736842105,0.33947368421052632,0.56969667234261667,0.21753755325321125,0.21276577440417208,0.65348305448565103,0.19269551654156161,0.15382142897278739,0.65309673144964819,0.19346816261356722,0.15343510593678455
591,2022-2023,2023-02-11,Bournemouth,Newcastle,D,0.24659964876318291,0.22875720324254858,0.52464314799426848,0.2477485215320126,0.2307940467894882,0.52145743167849923,0.24774852153201252,0.2307940467894882,0.52145743167849923,0.42894736842105263,0.23157894736842105,0.33947368421052632,0.29010350261950896,0.2325235316133992,0.47737296576709171,0.09667813931241423,0.22198069443567753,0.68134116625190833,0.096287276030800673,0.22276242099890464,0.6809503029702948
592,2022-2023,2023-02-11,Crystal Palace,Brighton,D,0.30364465911148131,0.24029350767348301,0.45606183321503568,0.30525405389003829,0.24038594722079912,0.45435999888916245,0.30525405389003823,0.24038594722079917,0.45435999888916245,0.42894736842105263,0.23157894736842105,0.33947368421052632,0.37958699007507635,0.23804453393637423,0.38236847598854928,0.25544329358216494,0.25540918994033662,0.48914751647749821,0.2549214640992471,0.25645284890617237,0.48862568699458042
593,2022-2023,2023-02-11,Fulham,Nottingham,H,0.50774063662961477,0.23682488093923487,0.25543448243115047,0.50991377057605392,0.23573755739921651,0.25434867202472949,0.50991377057605392,0.23573755739921651,0.25434867202472949,0.42894736842105263,0.23157894736842105,0.33947368421052632,0.48033802323213898,0.23218590347351348,0.28747607329434749,0.63725769233346863,0.231830821758017,0.13091148590851442,0.63681358320198056,0.2327190400209932,0.13046737677702633
594,2022-2023,2023-02-11,Leicester City,Tottenham,H,0.33978747364058948,0.24211944854561998,0.41809307781379057,0.34178424592332729,0.24175903423455336,0.4164567198421194,0.34178424592332729,0.24175903423455336,0.4164567198421194,0.42894736842105263,0.23157894736842105,0.33947368421052632,0.32725174241773719,0.23617377512882337,0.43657448245343961,0.30901135206822627,0.21368218373815107,0.47730646419362249,0.30864192873917062,0.2144210303962624,0.47693704086456695
595,2022-2023,2023-02-11,Southampton,Wolves,A,0.36585796692135814,0.2440071927095272,0.39013484036911467,0.36767753532282271,0.24364389415174101,0.38867857052543625,0.36767753532282271,0.24364389415174104,0.38867857052543625,0.42894736842105263,0.23157894736842105,0.33947368421052632,0.38719227381336779,0.23802169897710121,0.37478602720953119,0.30778341457226832,0.30449463372742763,0.3877219517003041,0.3072051594851945,0.30565114390157527,0.38714369661323023
596,2022-2023,2023-02-11,West Ham,Chelsea,D,0.38108279236577924,0.2390184792225804,0.37989872841164035,0.38227619337924301,0.23841953714458308,0.37930426947617385,0.38227619337924301,0.23841953714458308,0.37930426947617379,0.42894736842105263,0.23157894736842105,0.33947368421052632,0.34774179793274584,0.23734011354371753,0.41491808852353662,0.28530835244954444,0.33157639584050519,0.38311525170995037,0.28474159930281706,0.33270990213396007,0.38254849856322298
597,2022-2023,2023-02-12,Leeds United,Manchester Utd,A,0.3433951379551205,0.24194211266056195,0.41466274938431757,0.34492483233972826,0.23843708798604379,0.416638079674228,0.34492483233972815,0.23843708798604385,0.41663807967422795,0.42894736842105263,0.23157894736842105,0.33947368421052632,0.29756534496773079,0.23342337040027217,0.46901128463199698,0.2895948281095212,0.22835002856097847,0.48205514332950011,0.2852808383580821,0.23697800806385683,0.47774115357806107
598,2022-2023,2023-02-12,Manchester City,Aston Villa,H,0.60314372530818261,0.21165875306816317,0.18519752162365424,0.61050173768329352,0.2092488274123479,0.18024943490435857,0.61050173768329341,0.20924882741234796,0.18024943490435857,0.42894736842105263,0.23157894736842105,0.33947368421052632,0.61841951268054451,0.20593244113759268,0.17564804618186278,0.80859997621734969,0.12145092914051304,0.069949094642137236,0.80625374217113666,0.12614339723293888,0.067602860595924311
599,2022-2023,2023-02-13,Liverpool,Everton,H,0.5155526426978978,0.23142525694387153,0.25302210035823069,0.52054363228776157,0.23288578009823419,0.24657058761400422,0.52054363228776157,0.23288578009823424,0.24657058761400422,0.42894736842105263,0.23157894736842105,0.33947368421052632,0.62022497953193356,0.20545293420591709,0.1743220862621494,0.70022024230057678,0.1887963795308211,0.11098337816860214,0.69646607460634569,0.19630471491928339,0.10722921047437101
600,2022-2023,2023-02-15,Arsenal,Manchester City,A,0.41498187483457338,0.22391970435398631,0.36109842081144022,0.4120792482128563,0.22382076548030602,0.36409998630683776,0.4120792482128563,0.22382076548030608,0.36409998630683776,0.42894736842105263,0.23157894736842105,0.33947368421052632,0.43050937448809179,0.23655533068195903,0.33293529482994916,0.41674410858093158,0.23504275446200937,0.34821313695705919,0.41229906883944317,0.24393283394498619,0.34376809721557078
601,2022-2023,2023-02-18,Aston Villa,Arsenal,A,0.28944312594209942,0.21948734010469498,0.49106953395320574,0.27908849692267018,0.2096625030177299,0.51124900005959983,0.27908849692267013,0.20966250301772993,0.51124900005959983,0.42894736842105263,0.23157894736842105,0.33947368421052632,0.29572731976501165,0.23320974947705633,0.47106293075793193,0.22834545926736369,0.22316075827803572,0.54849378245460056,0.22407393265124734,0.23170381151026853,0.54422225583848427
602,2022-2023,2023-02-18,Brentford,Crystal Palace,D,0.53540835230571304,0.21819914748760608,0.2463925002066808,0.53105936564003964,0.21747154955534137,0.25146908480461894,0.53105936564003964,0.21747154955534143,0.25146908480461894,0.42894736842105263,0.23157894736842105,0.33947368421052632,0.50517263904411569,0.22898001837374313,0.26584734258214121,0.592349887445072,0.24362165085977119,0.16402846169515695,0.58773277625678888,0.2528558732363374,0.15941135050687386
603,2022-2023,2023-02-18,Brighton,Fulham,A,0.46104696477168805,0.22050312545482204,0.31844990977348991,0.46197606421196846,0.22358337289817573,0.31444056288985583,0.46197606421196835,0.22358337289817573,0.31444056288985578,0.42894736842105263,0.23157894736842105,0.33947368421052632,0.46631176657439788,0.23369732745167293,0.29999090597392913,0.4713800678459763,0.24476281477955897,0.28385711737446456,0.46661930697598664,0.2542843365195383,0.2790963565044749
604,2022-2023,2023-02-18,Chelsea,Southampton,A,0.55360429525050958,0.22618889798030259,0.22020680676918766,0.55118275709243181,0.22230303470866947,0.22651420819889884,0.55118275709243159,0.22230303470866947,0.22651420819889892,0.42894736842105263,0.23157894736842105,0.33947368421052632,0.61035024437695862,0.20803202534779297,0.18161773027524841,0.70015190757876755,0.20639040827622968,0.093457684145002801,0.69649081873629859,0.21371258596116771,0.089796595302533797
605,2022-2023,2023-02-18,Everton,Leeds United,H,0.41910447153472452,0.24319058276967809,0.33770494569559734,0.4090786245695161,0.23701090188417667,0.35391047354630728,0.40907862456951605,0.23701090188417667,0.35391047354630722,0.42894736842105263,0.23157894736842105,0.33947368421052632,0.43222533340629316,0.23645168105547007,0.3313229855382368,0.35543194906119485,0.2869405245909169,0.35762752634788841,0.34992990282239184,0.2979446170685231,0.35212548010908529
606,2022-2023,2023-02-18,Newcastle,Liverpool,A,0.49482637702839993,0.23103671740348108,0.27413690556811904,0.48981772121688821,0.23116480573790843,0.27901747304520347,0.48981772121688821,0.23116480573790846,0.27901747304520347,0.42894736842105263,0.23157894736842105,0.33947368421052632,0.44214100576119619,0.23578641804692066,0.32207257619188306,0.52112105123624486,0.27261494953682519,0.20626399922693001,0.51605036060338227,0.28275633080255019,0.20119330859406753
607,2022-2023,2023-02-18,Nottingham,Manchester City,D,0.25099138396847781,0.20876930750657935,0.54023930852494284,0.24147080742524482,0.1991053924748194,0.55942380009993586,0.24147080742524477,0.1991053924748194,0.55942380009993586,0.42894736842105263,0.23157894736842105,0.33947368421052632,0.25814313423511437,0.22764703189453386,0.51420983387035168,0.082818296240803196,0.16249071585641109,0.75469098790278588,0.079654872213308567,0.16881756391140038,0.75152756387529118
608,2022-2023,2023-02-18,Wolves,Bournemouth,A,0.53209821827207127,0.2286010820276772,0.23930069970025156,0.52774502701695836,0.22785430425103212,0.24440066873200958,0.52774502701695836,0.22785430425103215,0.24440066873200958,0.42894736842105263,0.23157894736842105,0.33947368421052632,0.47719162211668376,0.23254386663884954,0.29026451124446667,0.54709244513908328,0.26287392081752897,0.19003363404338774,0.54217231599459126,0.27271417910651302,0.18511350489889575
609,2022-2023,2023-02-19,Manchester Utd,Leicester City,H,0.53367214262467511,0.22935399754557023,0.23697385982975466,0.53987881678813487,0.2304481709312354,0.22967301228062978,0.53987881678813487,0.2304481709312354,0.22967301228062981,0.42894736842105263,0.23157894736842105,0.33947368421052632,0.56322925217624387,0.21888584748674125,0.21788490033701483,0.56038350098298639,0.20160769053878361,0.23800880847822994,0.56055111898955745,0.20127245452564152,0.238176426484801
610,2022-2023,2023-02-19,Tottenham,West Ham,H,0.50677961796530735,0.23058698026326691,0.26263340177142575,0.51347813062563608,0.23155816978287999,0.25496369959148396,0.51347813062563608,0.23155816978288005,0.25496369959148396,0.42894736842105263,0.23157894736842105,0.33947368421052632,0.57339832957781178,0.21674566711190962,0.20985600331027851,0.6229080782060511,0.20863077840182251,0.16846114339212648,0.62310808510748072,0.20823076459896314,0.16866115029355616
611,2022-2023,2023-02-24,Fulham,Wolves,D,0.52944640232068862,0.23138901723671071,0.23916458044260061,0.52850526291558531,0.23125536235657077,0.24023937472784396,0.52850526291558531,0.23125536235657079,0.24023937472784396,0.42894736842105263,0.23157894736842105,0.33947368421052632,0.53928951080893794,0.22348667801341482,0.23722381117764732,0.61992255339866031,0.24570211204700992,0.13437533455432998,0.6195852986148398,0.24637662161465099,0.13403807977050944
612,2022-2023,2023-02-25,Bournemouth,Manchester City,A,0.25286357899127354,0.22327492282096065,0.52386149818776584,0.24317865198360059,0.21687428945522375,0.53994705856117575,0.2431786519836005,0.21687428945522377,0.53994705856117575,0.42894736842105263,0.23157894736842105,0.33947368421052632,0.23583948412519318,0.2231822624245216,0.54097825345028527,0.072415399735710526,0.13076306244327388,0.79682153782101561,0.071503183846129359,0.13258749422243613,0.79590932193143427
613,2022-2023,2023-02-25,Crystal Palace,Liverpool,D,0.34210349423020003,0.2383792241404927,0.41951728162930724,0.33693327219581137,0.23840234446504663,0.42466438333914197,0.33693327219581137,0.23840234446504668,0.42466438333914197,0.42894736842105263,0.23157894736842105,0.33947368421052632,0.32189364057751652,0.23577235258941384,0.4423340068330695,0.2404204649344861,0.26455144738362235,0.49502808768189166,0.23857689793311712,0.26823858138636031,0.49318452068052265
614,2022-2023,2023-02-25,Everton,Aston Villa,A,0.43710743028581123,0.24045808378275957,0.3224344859314292,0.43265081217053269,0.23894577354601304,0.32840341428345415,0.43265081217053269,0.23894577354601304,0.32840341428345415,0.42894736842105263,0.23157894736842105,0.33947368421052632,0.39478500414990914,0.23792761093716178,0.367287384912929,0.31329388820012599,0.28117948722208214,0.40552662457779193,0.31134246735093096,0.28508232892047219,0.40357520372859695
615,2022-2023,2023-02-25,Leeds United,Southampton,H,0.43122883996184308,0.24253592551719547,0.32623523452096148,0.42676646373215327,0.24119706228078039,0.33203647398706632,0.42676646373215327,0.2411970622807805,0.33203647398706632,0.42894736842105263,0.23157894736842105,0.33947368421052632,0.46491332330845514,0.23383605905039564,0.30125061764114908,0.53562417250481653,0.24305413492036421,0.22132169257481921,0.53390882393839501,0.2464848320532072,0.21960634400839771
616,2022-2023,2023-02-25,Leicester City,Arsenal,A,0.26930319228493504,0.21652643715981376,0.51417037055525117,0.2594899622501442,0.20883789085116342,0.53167214689869247,0.25948996225014415,0.20883789085116342,0.53167214689869247,0.42894736842105263,0.23157894736842105,0.33947368421052632,0.28213289097872557,0.23146533056910937,0.48640177845216515,0.26322270168675466,0.19973702169980201,0.53704027661344322,0.26209322964312881,0.20199596578705376,0.53591080456981743
617,2022-2023,2023-02-25,West Ham,Nottingham,H,0.4661559651610187,0.24035102898513583,0.29349300585384541,0.46167902689607832,0.23919401232054918,0.29912696078337259,0.46167902689607826,0.23919401232054918,0.29912696078337259,0.42894736842105263,0.23157894736842105,0.33947368421052632,0.40792842192873302,0.23759908608079633,0.35447249199047065,0.46014417172125927,0.31229759234019733,0.22755823593854335,0.45825738218134665,0.31607117142002256,0.22567144639863074
618,2022-2023,2023-02-26,Tottenham,Chelsea,H,0.51518169766049915,0.22661938707317697,0.25819891526632394,0.5229012924096792,0.22389820094732082,0.25320050664300009,0.5229012924096792,0.22389820094732085,0.25320050664300009,0.42894736842105263,0.23157894736842105,0.33947368421052632,0.49957195799827053,0.22976171154924926,0.27066633045248023,0.50486215773280407,0.26433589608873692,0.23080194617845917,0.50601401276375046,0.26203218602684397,0.23195380120940567
619,2022-2023,2023-03-01,Arsenal,Everton,H,0.62595440864098151,0.20582274310720694,0.1682228482518115,0.62186903005582383,0.20937473114778693,0.16875623879638918,0.62186903005582372,0.20937473114778701,0.16875623879638926,0.42894736842105263,0.23157894736842105,0.33947368421052632,0.6776070562311638,0.18832626651242013,0.13406667725641613,0.80982440215544482,0.13483900742761129,0.055336590416943818,0.81024845909297016,0.13399089355256083,0.055760647354469062
620,2022-2023,2023-03-01,Liverpool,Wolves,H,0.55946759865605644,0.21818430404347317,0.22234809730047031,0.55650600941886486,0.2189571804234432,0.22453681015769181,0.55650600941886486,0.2189571804234432,0.22453681015769178,0.42894736842105263,0.23157894736842105,0.33947368421052632,0.59842286890732221,0.21100579859126758,0.19057133250141001,0.65325511476467246,0.21870607847271467,0.12803880676261312,0.65393644465977208,0.21734341868251528,0.12872013665771279
621,2022-2023,2023-03-04,Arsenal,Bournemouth,H,0.68854477598013308,0.18704363684016392,0.1244115871797031,0.68332565436804982,0.19059224845009068,0.12608209718185936,0.68332565436805004,0.19059224845009068,0.12608209718185936,0.42894736842105263,0.23157894736842105,0.33947368421052632,0.65257702595255451,0.19625132001501447,0.15117165403243102,0.87759112654614957,0.085208727850469804,0.037200145603380752,0.87790261091924404,0.08458575910428083,0.037511629976475232
622,2022-2023,2023-03-04,Aston Villa,Crystal Palace,H,0.45767487630177661,0.23351465684652908,0.30881046685169444,0.45340691607096151,0.23218923510689515,0.31440384882214339,0.45340691607096151,0.23218923510689515,0.31440384882214339,0.42894736842105263,0.23157894736842105,0.33947368421052632,0.44692098833385785,0.23542558628412319,0.31765342538201891,0.48203854122499495,0.27095020113138324,0.24701125764362172,0.48302023781479514,0.26898680795178276,0.24799295423342196
623,2022-2023,2023-03-04,Brighton,West Ham,H,0.49096087541674505,0.22315658190749257,0.28588254267576252,0.48834627885356702,0.2176611873518596,0.29399253379457335,0.48834627885356702,0.21766118735185963,0.29399253379457341,0.42894736842105263,0.23157894736842105,0.33947368421052632,0.52724607829770731,0.22556891667914103,0.2471850050231516,0.56628120179432406,0.22863841421948061,0.20508038398619519,0.56712419911435752,0.22695241957941376,0.20592338130622864
624,2022-2023,2023-03-04,Chelsea,Leeds United,H,0.46895183243502048,0.23694543446647251,0.2941027330985071,0.46460705347286452,0.2358733750411128,0.29951957148602254,0.46460705347286452,0.23587337504111286,0.2995195714860226,0.42894736842105263,0.23157894736842105,0.33947368421052632,0.5466419443738133,0.22213899627714492,0.2312190593490418,0.54258813076788293,0.27646905541845618,0.18094281381366081,0.54351208777942217,0.27462114139537769,0.18186677082520006
625,2022-2023,2023-03-04,Manchester City,Newcastle,H,0.54427159827632099,0.22021378943635855,0.23551461228732043,0.54288592661559776,0.22534831722453391,0.2317657561598683,0.54288592661559765,0.22534831722453394,0.2317657561598683,0.42894736842105263,0.23157894736842105,0.33947368421052632,0.55007354189437141,0.22149016412461134,0.22843629398101722,0.56785159698442988,0.24358334883853955,0.18856505417703054,0.56874197815594274,0.24180258649551389,0.18945543534854339
626,2022-2023,2023-03-04,Southampton,Leicester City,H,0.36111623371791063,0.24372888952849081,0.39515487675359862,0.35592448058294313,0.24399612791982769,0.40007939149722926,0.35592448058294313,0.24399612791982764,0.40007939149722921,0.42894736842105263,0.23157894736842105,0.33947368421052632,0.3715942123419998,0.23799040368709487,0.39041538397090542,0.2251306275125555,0.23017034512947879,0.54469902735796583,0.22597385273893011,0.22848389467672955,0.54554225258434041
627,2022-2023,2023-03-04,Wolves,Tottenham,H,0.30884465108166947,0.2259131300976672,0.46524221882066336,0.3037536924807625,0.22756134126959346,0.46868496624964412,0.3037536924807625,0.22756134126959349,0.46868496624964412,0.42894736842105263,0.23157894736842105,0.33947368421052632,0.30939226643792478,0.23467491449007807,0.45593281907199712,0.21247592579511218,0.2490506367300365,0.53847343747485132,0.21339142369323619,0.24721964093378843,0.53938893537297539
628,2022-2023,2023-03-05,Liverpool,Manchester Utd,H,0.46914963487334388,0.22901730500896458,0.30183306011769168,0.47459873879832581,0.23376271798325521,0.29163854321841892,0.47459873879832581,0.23376271798325521,0.29163854321841892,0.42894736842105263,0.23157894736842105,0.33947368421052632,0.45902513775469722,0.2343962564153953,0.30657860582990754,0.48913534984129031,0.24081514468828197,0.27004950547042761,0.49611752922056335,0.22685078592973587,0.27703168484970064
629,2022-2023,2023-03-05,Nottingham,Everton,D,0.46132409872028707,0.23408910421682153,0.30458679706289138,0.46511936542543575,0.22614892506612852,0.30873170950843576,0.46511936542543569,0.22614892506612852,0.3087317095084357,0.42894736842105263,0.23157894736842105,0.33947368421052632,0.51664213549314353,0.22727319433330825,0.25608467017354819,0.41929681431761184,0.33111333621382044,0.24958984946856785,0.42721508166741479,0.31527680151421422,0.25750811681837088
630,2022-2023,2023-03-06,Brentford,Fulham,H,0.46010207410271592,0.22218361305142464,0.31771431284585955,0.46715796993247521,0.22003025623409245,0.31281177383343228,0.46715796993247521,0.2200302562340925,0.31281177383343223,0.42894736842105263,0.23157894736842105,0.33947368421052632,0.44273202168975706,0.23574321213362273,0.32152476617662018,0.44238156198181211,0.27161083179557599,0.28600760622261184,0.45029557976414747,0.25578279623090527,0.2939216240049472
631,2022-2023,2023-03-11,Bournemouth,Liverpool,H,0.2801184036021534,0.23125508099756986,0.48862651540027685,0.27002909354751864,0.2217697992505317,0.50820110720194966,0.27002909354751864,0.22176979925053172,0.50820110720194966,0.42894736842105263,0.23157894736842105,0.33947368421052632,0.2703159585292364,0.2297062077541511,0.49997783371661253,0.13230555573535754,0.18354899923855511,0.68414544502608743,0.13727711729714487,0.17360587611498041,0.68911700658787478
632,2022-2023,2023-03-11,Crystal Palace,Manchester City,A,0.22320134925860105,0.20734583275808982,0.56945281798330905,0.21920109465033996,0.20687984385727223,0.57391906149238769,0.21920109465033993,0.20687984385727226,0.57391906149238781,0.42894736842105263,0.23157894736842105,0.33947368421052632,0.24647219696615161,0.22542612930735095,0.52810167372649752,0.13680796500139072,0.22503752284920883,0.63815451214940078,0.14275683830560779,0.21313977624077471,0.64410338545361778
633,2022-2023,2023-03-11,Everton,Brentford,H,0.32897232642895813,0.24093965756955743,0.43008801600148444,0.32961311627082446,0.2468950586594513,0.42349182506972427,0.3296131162708244,0.2468950586594513,0.42349182506972427,0.42894736842105263,0.23157894736842105,0.33947368421052632,0.31595934387899227,0.23527978162798602,0.44876087449302171,0.20336446661254448,0.25133838404107361,0.54529714934638196,0.21015496251763929,0.23775739223088396,0.5520876452514768
634,2022-2023,2023-03-11,Leeds United,Brighton,D,0.3140903354733568,0.2372541031016846,0.44865556142495855,0.31529619555712368,0.2405147291841796,0.44418907525869666,0.31529619555712368,0.24051472918417965,0.44418907525869666,0.42894736842105263,0.23157894736842105,0.33947368421052632,0.32642912291307108,0.23611479140466493,0.43745608568226391,0.2230367417627705,0.23091461602388488,0.54604864221334481,0.22931179971848134,0.21836450011246322,0.55232370016905563
635,2022-2023,2023-03-11,Leicester City,Chelsea,A,0.39212620046692748,0.23223228733414833,0.37564151219892433,0.38772598095443439,0.23037712894931472,0.38189689009625083,0.38772598095443439,0.23037712894931475,0.38189689009625089,0.42894736842105263,0.23157894736842105,0.33947368421052632,0.37202721389308219,0.23799540747406703,0.38997737863285081,0.40349317710229782,0.2961787799608735,0.30032804293682852,0.41118294775919423,0.28079923864708056,0.30801781359372499
636,2022-2023,2023-03-11,Tottenham,Nottingham,H,0.59896637585075552,0.2095131122545604,0.191520511894684,0.59553434586145759,0.20874020720784112,0.19572544693070132,0.59553434586145748,0.20874020720784117,0.19572544693070132,0.42894736842105263,0.23157894736842105,0.33947368421052632,0.55527464347988953,0.22048271061751476,0.22424264590259579,0.7847097003675384,0.1419814478758995,0.073308851756562252,0.78859466173715831,0.13421152513665977,0.077193813126182106
637,2022-2023,2023-03-12,Fulham,Arsenal,A,0.29177966035522168,0.21197373963221164,0.49624660001256665,0.29316466520234785,0.20679880241545465,0.50003653238219758,0.2931646652023478,0.20679880241545467,0.50003653238219758,0.42894736842105263,0.23157894736842105,0.33947368421052632,0.31704058809731911,0.23537332200716393,0.44758608989551696,0.34403742563157552,0.24864144594454063,0.40732112842388396,0.35579121933070235,0.22513385854628698,0.41907492212301062
638,2022-2023,2023-03-12,Manchester Utd,Southampton,D,0.58492976810531905,0.20650874424747392,0.20856148764720689,0.59285116996327714,0.20392653595428939,0.20322229408243353,0.59285116996327714,0.20392653595428939,0.20322229408243353,0.42894736842105263,0.23157894736842105,0.33947368421052632,0.63327795270722009,0.2018798275904892,0.16484221970229068,0.74340783630325158,0.16078383981620289,0.095808323880545679,0.75110736157196611,0.1453847892787736,0.10350784914926033
639,2022-2023,2023-03-12,Newcastle,Wolves,H,0.52151231523937103,0.22192178141845059,0.25656590334217833,0.52503922186884278,0.21609205465388195,0.2588687234772753,0.52503922186884278,0.21609205465388198,0.25886872347727524,0.42894736842105263,0.23157894736842105,0.33947368421052632,0.55718501510445684,0.2201053947893,0.22270959010624325,0.59150359304069011,0.28517785497090486,0.12331855198840518,0.60161184284414415,0.26496135536399684,0.13342680179185917
640,2022-2023,2023-03-12,West Ham,Aston Villa,D,0.40362038799271366,0.23343567208364399,0.36294393992364238,0.41186392429962371,0.23169100689982022,0.3564450688005561,0.41186392429962371,0.23169100689982022,0.3564450688005561,0.42894736842105263,0.23157894736842105,0.33947368421052632,0.40165035500169638,0.2377819969468562,0.36056764805144742,0.43466350189138597,0.256946060106645,0.30839043800196908,0.44697665738895281,0.23231974911151121,0.32070359349953592
641,2022-2023,2023-03-15,Brighton,Crystal Palace,H,0.54316882269556499,0.21416470683713221,0.24266647046730291,0.54072249483887513,0.21429799481271503,0.2449795103484099,0.54072249483887513,0.21429799481271505,0.2449795103484099,0.42894736842105263,0.23157894736842105,0.33947368421052632,0.51886838517976264,0.226925432936016,0.25420618188422134,0.63866856978981279,0.22671322307455039,0.13461820713563696,0.64532764326967129,0.21339507611483344,0.14127728061549544
642,2022-2023,2023-03-15,Southampton,Brentford,A,0.34848978217045934,0.23569793134284039,0.41581228648670021,0.34561558529146902,0.2351385299150317,0.41924588479349933,0.34561558529146902,0.23513852991503176,0.41924588479349933,0.42894736842105263,0.23157894736842105,0.33947368421052632,0.3277537245187172,0.23620929932516405,0.43603697615611869,0.21863874366536379,0.26727259807075698,0.51408865826387917,0.226587919431669,0.25137424653814661,0.52203783403018444
643,2022-2023,2023-03-17,Nottingham,Newcastle,A,0.28179265726113106,0.22546524696659501,0.49274209577227385,0.28110825515973048,0.22429298176962623,0.49459876307064321,0.28110825515973048,0.22429298176962625,0.49459876307064321,0.42894736842105263,0.23157894736842105,0.33947368421052632,0.33282115324157713,0.23654811192429356,0.43063073483412928,0.1677330246367546,0.27355621032466049,0.55871076503858486,0.17618598926423668,0.25665028106969634,0.56716372966606687
644,2022-2023,2023-03-18,Aston Villa,Bournemouth,H,0.5199547713388547,0.22510340208510363,0.2549418265760417,0.51574112042959219,0.22449490320379387,0.25976397636661402,0.51574112042959219,0.22449490320379387,0.25976397636661402,0.42894736842105263,0.23157894736842105,0.33947368421052632,0.48917440422366426,0.23112241955490109,0.27970317622143465,0.60642744528159298,0.21314064463750515,0.18043191008090195,0.61360375079066709,0.19878803361935704,0.18760821558997601
645,2022-2023,2023-03-18,Brentford,Leicester City,D,0.56491690935277816,0.21814509353009875,0.21693799711712297,0.55922609855955707,0.221477746007395,0.21929615543304798,0.55922609855955696,0.22147774600739503,0.21929615543304798,0.42894736842105263,0.23157894736842105,0.33947368421052632,0.54259119626733265,0.22288865581520811,0.23452014791745934,0.62644043691144591,0.19422331028313608,0.17933625280541807,0.63263956115179421,0.18182506180243946,0.18553537704576636
646,2022-2023,2023-03-18,Chelsea,Everton,D,0.52969173414151771,0.22382925309117588,0.24647901276730644,0.52475612798049531,0.22466681053477366,0.25057706148473091,0.52475612798049531,0.22466681053477366,0.25057706148473097,0.42894736842105263,0.23157894736842105,0.33947368421052632,0.56648966597279971,0.21821173811904335,0.21529859590815698,0.60683288272285363,0.27064990548229967,0.12251721179484686,0.61404569291579703,0.25622428509641298,0.12973002198779021
647,2022-2023,2023-03-18,Southampton,Tottenham,D,0.28701594685047199,0.21802423010769689,0.49495982304183128,0.2822105691287356,0.21986431185426902,0.49792511901699532,0.28221056912873554,0.21986431185426905,0.49792511901699532,0.42894736842105263,0.23157894736842105,0.33947368421052632,0.26976909773906294,0.2296191625143974,0.50061173974653972,0.16206542190325199,0.23069707830381653,0.60723749979293129,0.16979055135952889,0.21524681939126269,0.61496262924920819
648,2022-2023,2023-03-18,Wolves,Leeds United,A,0.43376875559848066,0.23709236178213464,0.32913888261938462,0.42945333926021878,0.23559787434043597,0.33494878639934533,0.42945333926021867,0.23559787434043597,0.33494878639934533,0.42894736842105263,0.23157894736842105,0.33947368421052632,0.48497039928407482,0.23163906411210836,0.2833905366038168,0.46259607959586829,0.28868362008531029,0.24872030031882156,0.47183196748855144,0.27021184429994405,0.25795618821150468
649,2022-2023,2023-03-19,Arsenal,Crystal Palace,H,0.66828499452509404,0.17844565704241,0.15326934843249598,0.67286734009988536,0.17232781909599196,0.15480484080412277,0.67286734009988536,0.17232781909599185,0.15480484080412271,0.42894736842105263,0.23157894736842105,0.33947368421052632,0.64800353345206307,0.19762273405287401,0.15437373249506289,0.73129973542431725,0.18750992051787257,0.081190344057810324,0.73676458518427246,0.17658022099796211,0.086655193817765555
650,2022-2023,2023-04-01,Arsenal,Leeds United,H,0.66231931289693091,0.18338439916845514,0.15429628793461392,0.66321333255780035,0.18430297916326469,0.15248368827893494,0.66321333255780046,0.18430297916326466,0.15248368827893494,0.42894736842105263,0.23157894736842105,0.33947368421052632,0.67438165017459084,0.18938770786252832,0.13623064196288096,0.82991838552865327,0.10720576098239332,0.062875853488953234,0.83301111843765863,0.10102029516438282,0.065968586397958467
651,2022-2023,2023-04-01,Bournemouth,Fulham,H,0.354355914765136,0.22922818235666192,0.41641590287820207,0.36089680575992861,0.23831450700335791,0.4007886872367134,0.36089680575992861,0.23831450700335791,0.4007886872367134,0.42894736842105263,0.23157894736842105,0.33947368421052632,0.37257365444447804,0.23800138194115561,0.38942496361436624,0.26429793270337071,0.26536165686898894,0.47034041042764047,0.272536552526289,0.24888441722315235,0.47857903025055881
652,2022-2023,2023-04-01,Brighton,Brentford,D,0.49273537471007917,0.22341847274586291,0.28384615254405804,0.49603728961345883,0.22068757829416777,0.28327513209237332,0.49603728961345883,0.22068757829416782,0.28327513209237332,0.42894736842105263,0.23157894736842105,0.33947368421052632,0.45980816514365785,0.23432399438225823,0.30586784047408389,0.52192741005521692,0.23236141276847325,0.2457111771763098,0.52907142183211353,0.21807338921467992,0.25285518895320641
653,2022-2023,2023-04-01,Chelsea,Aston Villa,A,0.4534677098023997,0.22834485435198643,0.31818743584561388,0.4541824000857283,0.23127483740410379,0.31454276251016799,0.45418240008572819,0.23127483740410379,0.31454276251016799,0.42894736842105263,0.23157894736842105,0.33947368421052632,0.48244806577156729,0.23193974212555402,0.28561219210287869,0.47302933356532201,0.27638922910998692,0.25058143732469107,0.48142219114478929,0.25960351395105252,0.25897429490415824
654,2022-2023,2023-04-01,Crystal Palace,Leicester City,H,0.40847607250735346,0.23764815963349237,0.3538757678591542,0.41014422028428094,0.23909183344631493,0.35076394626940416,0.41014422028428094,0.23909183344631493,0.35076394626940416,0.42894736842105263,0.23157894736842105,0.33947368421052632,0.45626841870017565,0.23464519182644519,0.30908638947337913,0.355899687171009,0.29708325558653303,0.34701705724245807,0.36475219922804852,0.27937823147245405,0.35586956929949753
655,2022-2023,2023-04-01,Manchester City,Liverpool,H,0.60138832711040702,0.2053635434548915,0.19324812943470146,0.60692369071064001,0.20704899389230735,0.18602731539705267,0.60692369071064001,0.20704899389230735,0.18602731539705272,0.42894736842105263,0.23157894736842105,0.33947368421052632,0.53478384613403673,0.22428390933681838,0.24093224452914486,0.60609481691885048,0.21014607283195352,0.183759110249196,0.61256031286451129,0.197215080940632,0.19022460619485676
656,2022-2023,2023-04-01,Nottingham,Wolves,D,0.4309603918314327,0.23261165660561114,0.33642795156295618,0.43398003355826753,0.23015388958311644,0.33586607685861591,0.43398003355826753,0.23015388958311644,0.33586607685861591,0.42894736842105263,0.23157894736842105,0.33947368421052632,0.45875181606698207,0.23442131832249552,0.30682686561052236,0.35801422193092591,0.29852508961197971,0.34346068845709443,0.36687446127472451,0.28080461092438241,0.35232092780089297
657,2022-2023,2023-04-02,Newcastle,Manchester Utd,H,0.50244161749875949,0.22704768967815733,0.27051069282308321,0.51531808099763354,0.22888510058190195,0.25579681842046448,0.51531808099763354,0.22888510058190201,0.25579681842046448,0.42894736842105263,0.23157894736842105,0.33947368421052632,0.44904060195436851,0.23525727840034705,0.3157021196452845,0.54532752376455518,0.25497687326350305,0.19969560297194186,0.55092024546705576,0.24379142985850194,0.20528832467444244
658,2022-2023,2023-04-02,West Ham,Southampton,H,0.48375454264627604,0.22559448614798677,0.29065097120573719,0.49861578752854258,0.2242022346792735,0.27718197779218395,0.49861578752854246,0.22420223467927353,0.27718197779218395,0.42894736842105263,0.23157894736842105,0.33947368421052632,0.49304393457838941,0.23062979458961813,0.27632627083199246,0.55031825070825735,0.26780316239491009,0.18187858689683253,0.55589908660807474,0.25664149059527547,0.18745942279664982
659,2022-2023,2023-04-03,Everton,Tottenham,D,0.33268434235130379,0.22951626584561335,0.43779939180308275,0.34420564964901651,0.23574433214281404,0.42005001820816951,0.34420564964901651,0.23574433214281404,0.42005001820816951,0.42894736842105263,0.23157894736842105,0.33947368421052632,0.29738249675770839,0.23340235249553493,0.46921515074675668,0.22073924160517344,0.23534550368498341,0.54391525470984314,0.22674071795264111,0.22334255099004807,0.54991673105731076
660,2022-2023,2023-04-04,Bournemouth,Brighton,A,0.34001952407417446,0.2394215994188629,0.42055887650696255,0.34617944090393815,0.23961982867607695,0.41420073041998495,0.34617944090393815,0.23961982867607695,0.41420073041998495,0.42894736842105263,0.23157894736842105,0.33947368421052632,0.35938153597395106,0.23775021345136207,0.40286825057468673,0.23561533046501382,0.22215825644535717,0.54222641308962893,0.23977313908728271,0.21384263920081939,0.54638422171189782
661,2022-2023,2023-04-04,Chelsea,Liverpool,D,0.41668254864490961,0.22977111808607284,0.35354633326901741,0.423310173394428,0.22939720463033833,0.3472926219752337,0.423310173394428,0.22939720463033833,0.3472926219752337,0.42894736842105263,0.23157894736842105,0.33947368421052632,0.36812835683083173,0.23794173647277603,0.39392990669639222,0.29643626591061101,0.28624865774535385,0.41731507634403503,0.30181888218712266,0.27548342519233054,0.42269769262054674
662,2022-2023,2023-04-04,Leeds United,Nottingham,H,0.5112782708858673,0.22377198290857858,0.26494974620555406,0.51784188451079216,0.22278408462565424,0.25937403086355365,0.51784188451079216,0.22278408462565424,0.25937403086355365,0.42894736842105263,0.23157894736842105,0.33947368421052632,0.4260556818871809,0.23680844168623555,0.33713587642658355,0.59145538608215209,0.22327612886358181,0.18526848505426616,0.59577939413120773,0.21462811276547025,0.18959249310332191
663,2022-2023,2023-04-04,Leicester City,Aston Villa,A,0.35110219913822655,0.23950032767733134,0.4093974731844422,0.3574719418435382,0.23981519026874965,0.40271286788771216,0.3574719418435382,0.23981519026874965,0.40271286788771216,0.42894736842105263,0.23157894736842105,0.33947368421052632,0.37132696754189476,0.23798719633293802,0.39068583612516722,0.39973154804901284,0.23752816910844018,0.36274028284254684,0.40411048194813093,0.22877030131020396,0.36711921674166492
664,2022-2023,2023-04-05,Manchester Utd,Brentford,H,0.47703909636616931,0.22116837255526758,0.30179253107856302,0.48123114921090043,0.22187589885244566,0.29689295193665394,0.48123114921090043,0.22187589885244569,0.29689295193665394,0.42894736842105263,0.23157894736842105,0.33947368421052632,0.48971992071794007,0.23105396120820351,0.27922611807385656,0.4245210669065958,0.24132981005735338,0.33414912303605077,0.42781784824618957,0.23473624737816581,0.33744590437564459
665,2022-2023,2023-04-05,West Ham,Newcastle,A,0.33295325824413619,0.22654655611341892,0.44050018564244497,0.33706397732478377,0.22708083141743882,0.43585519125777727,0.33706397732478377,0.22708083141743882,0.43585519125777727,0.42894736842105263,0.23157894736842105,0.33947368421052632,0.30736108924824168,0.23447493606338279,0.45816397468837544,0.24102414894232507,0.31511713127337282,0.44385871978430208,0.24484412282936863,0.30747718349928577,0.44767869367134561
666,2022-2023,2023-04-08,Aston Villa,Nottingham,H,0.6120609537904379,0.19897971783460366,0.18895932837495855,0.60924142684893001,0.19760114714273547,0.19315742600833458,0.60924142684893001,0.19760114714273549,0.19315742600833458,0.42894736842105263,0.23157894736842105,0.33947368421052632,0.53276455092221142,0.22463413389756051,0.24260131518022798,0.71179748222338968,0.17980512728111128,0.10839739049549894,0.71545024873044383,0.17249959426700306,0.11205015700255307
667,2022-2023,2023-04-08,Brentford,Newcastle,A,0.35457144430329068,0.22732639503183552,0.41810216066487371,0.35090162611138737,0.22422436617216793,0.42487400771644462,0.35090162611138737,0.22422436617216795,0.42487400771644462,0.42894736842105263,0.23157894736842105,0.33947368421052632,0.36939240605147433,0.23796126380296317,0.39264633014556255,0.31678798086091964,0.2829457669515732,0.40026625218750705,0.32242964407079361,0.2716624405318252,0.40590791539738108
668,2022-2023,2023-04-08,Fulham,West Ham,A,0.4842154732736243,0.22873471642636023,0.28704981030001558,0.48256934973354726,0.22226553619468448,0.29516511407176821,0.48256934973354726,0.22226553619468453,0.29516511407176821,0.42894736842105263,0.23157894736842105,0.33947368421052632,0.51040718042966582,0.2282186875413115,0.26137413202902271,0.56457205251246267,0.24004021857461402,0.1953877289129233,0.56943355716630595,0.23031720926692745,0.2002492335667666
669,2022-2023,2023-04-08,Leicester City,Bournemouth,A,0.48550555511610505,0.23903634219278438,0.27545810269111048,0.48227812999651287,0.23698067380790838,0.2807411961955788,0.48227812999651287,0.23698067380790838,0.2807411961955788,0.42894736842105263,0.23157894736842105,0.33947368421052632,0.43073901363636519,0.2365416569078653,0.33271932945576949,0.60031080416915672,0.21404601602894641,0.18564317980189682,0.60461997789554511,0.20542766857616954,0.18995235352828524
670,2022-2023,2023-04-08,Manchester Utd,Everton,H,0.59078914758957191,0.20901574506502785,0.20019510734540025,0.59168302039776299,0.21045759307288095,0.197859386529356,0.59168302039776299,0.21045759307288103,0.197859386529356,0.42894736842105263,0.23157894736842105,0.33947368421052632,0.60193774320726612,0.210145488030068,0.18791676876266594,0.62901514064611586,0.22453534489022134,0.14644951446366286,0.63349330849748908,0.21557900918747513,0.15092768231503598
671,2022-2023,2023-04-08,Southampton,Manchester City,A,0.18906203886837197,0.19545126530292589,0.61548669582870208,0.19041913117649661,0.19735853577465073,0.61222233304885265,0.19041913117649664,0.19735853577465071,0.61222233304885265,0.42894736842105263,0.23157894736842105,0.33947368421052632,0.17569665239766413,0.20594992650247579,0.61835342109986013,0.066211299751542885,0.14002159707580814,0.79376710317264909,0.069044819196425106,0.13435455818604375,0.79660062261753117
672,2022-2023,2023-04-08,Tottenham,Brighton,H,0.43327229508627785,0.22887800574358513,0.33784969917013702,0.4305313077045132,0.22310894861914146,0.34635974367634537,0.4305313077045132,0.22310894861914149,0.34635974367634537,0.42894736842105263,0.23157894736842105,0.33947368421052632,0.47135798644173971,0.23317864386754306,0.29546336969071724,0.47577616565958442,0.215985735397941,0.30823809894247445,0.47956194556649306,0.20841417558412353,0.31202387884938321
673,2022-2023,2023-04-08,Wolves,Chelsea,H,0.3675753105379197,0.23107704995142211,0.40134763951065822,0.36480491818802224,0.22404053729016155,0.41115454452181621,0.36480491818802224,0.22404053729016155,0.41115454452181616,0.42894736842105263,0.23157894736842105,0.33947368421052632,0.36976448361604786,0.23796662243537325,0.39226889394857889,0.30770523358850715,0.34199787574702539,0.35029689066446751,0.31331944308087417,0.33076945676229136,0.35591110015683453
674,2022-2023,2023-04-09,Leeds United,Crystal Palace,A,0.46761004981718846,0.22493277527715577,0.30745717490565572,0.47512308229794809,0.2262608934255137,0.29861602427653816,0.47512308229794809,0.22626089342551373,0.29861602427653816,0.42894736842105263,0.23157894736842105,0.33947368421052632,0.42134033324979225,0.23705127539746312,0.34160839135274457,0.44352919140448371,0.28660284461524349,0.26986796398027291,0.45394186352377158,0.2657775003766677,0.28028063609956083
675,2022-2023,2023-04-09,Liverpool,Arsenal,D,0.34361855778596484,0.22075546904901081,0.43562597316502433,0.35108355156007481,0.22384455594732719,0.42507189249259797,0.35108355156007487,0.22384455594732725,0.42507189249259797,0.42894736842105263,0.23157894736842105,0.33947368421052632,0.37027984755761539,0.23797375261133119,0.39174639983105342,0.39662886854076917,0.23626664972140504,0.36710448173782595,0.40508637114571489,0.21935164451151359,0.37556198434277166
676,2022-2023,2023-04-15,Aston Villa,Newcastle,H,0.3745932892545964,0.21829154055025529,0.40711517019514837,0.36290031557457619,0.21411897662144586,0.42298070780397801,0.36290031557457619,0.21411897662144591,0.42298070780397801,0.42894736842105263,0.23157894736842105,0.33947368421052632,0.36344836252485424,0.23785157183435307,0.39870006564079263,0.29290278151204996,0.2760218659515607,0.43107535253638946,0.30262260439273309,0.2565822201901945,0.44079517541707264
677,2022-2023,2023-04-15,Chelsea,Brighton,A,0.38278228383616569,0.2328734489828278,0.38434426718100645,0.37208447765650382,0.2292751258871692,0.39864039645632704,0.37208447765650382,0.2292751258871692,0.39864039645632704,0.42894736842105263,0.23157894736842105,0.33947368421052632,0.41239948175899122,0.23744011185260405,0.35016040638840462,0.31801929089466613,0.29180406545668425,0.39017664364864935,0.32804591024941876,0.2717508267471791,0.40020326300340198
678,2022-2023,2023-04-15,Everton,Fulham,A,0.38630638346541574,0.22456361221340812,0.38913000432117617,0.38226191091862749,0.22233787272589048,0.39540021635548206,0.38226191091862749,0.22233787272589048,0.39540021635548206,0.42894736842105263,0.23157894736842105,0.33947368421052632,0.37757905362927258,0.23803851217455282,0.38438243419617468,0.29264820962255267,0.30242898913230259,0.40492280124514468,0.30267827258448132,0.28236886320844545,0.41495286420707345
679,2022-2023,2023-04-15,Manchester City,Leicester City,H,0.71900719562317605,0.16357011716571623,0.11742268721110781,0.71234986082333596,0.16346990523459967,0.1241802339420643,0.71234986082333596,0.16346990523459975,0.1241802339420643,0.42894736842105263,0.23157894736842105,0.33947368421052632,0.71301522693104447,0.17587114259770259,0.11111363047125282,0.88381018211968743,0.077614340078118613,0.038575477802193996,0.88636943596896367,0.072495832379565694,0.041134731651470448
680,2022-2023,2023-04-15,Southampton,Crystal Palace,A,0.33580772541951115,0.22613496486697393,0.43805730971351492,0.33201164625295443,0.22335733947037942,0.44463101427666613,0.33201164625295437,0.22335733947037942,0.44463101427666613,0.42894736842105263,0.23157894736842105,0.33947368421052632,0.35878861450029287,0.23773363712118864,0.40347774837851857,0.25271341362575567,0.30679230324478746,0.44049428312945693,0.26251266145409519,0.28719380758810853,0.4502935309577964
681,2022-2023,2023-04-15,Tottenham,Bournemouth,A,0.61498417526265603,0.20323620117345545,0.18177962356388858,0.60759988316699931,0.20027986390219127,0.19212025293080942,0.60759988316699909,0.20027986390219132,0.19212025293080942,0.42894736842105263,0.23157894736842105,0.33947368421052632,0.57512891295422519,0.21637040384047229,0.20850068320530249,0.72205466353369885,0.16794302297813951,0.11000231348816179,0.72799538468795255,0.15606158066963219,0.11594303464241545
682,2022-2023,2023-04-15,Wolves,Brentford,H,0.40305019820450771,0.22720688450819698,0.36974291728729547,0.39315941471934629,0.22059579783255392,0.38624478744809981,0.39315941471934629,0.22059579783255398,0.38624478744809976,0.42894736842105263,0.23157894736842105,0.33947368421052632,0.38561595143175759,0.23803233553135142,0.37635171303689108,0.29309044294121933,0.28019533671135899,0.42671422034742168,0.30289230198734562,0.26059161861910651,0.43651607939354797
683,2022-2023,2023-04-16,Nottingham,Manchester Utd,A,0.32207381314557865,0.23242854222520085,0.44549764462922053,0.31797498229840537,0.22407009682174772,0.45795492087984685,0.31797498229840537,0.22407009682174772,0.45795492087984685,0.42894736842105263,0.23157894736842105,0.33947368421052632,0.29476907895827126,0.2330963086893327,0.47213461235239595,0.20888407597026709,0.2542588593811575,0.53685706464857541,0.21783730259168241,0.23635240613832684,0.5458102912699907
684,2022-2023,2023-04-16,West Ham,Arsenal,D,0.26107222987224399,0.20874552725405868,0.53018224287369731,0.26768318525299883,0.21475824341749039,0.51755857132951077,0.26768318525299878,0.21475824341749039,0.51755857132951089,0.42894736842105263,0.23157894736842105,0.33947368421052632,0.24258630108354615,0.22463100703222699,0.53278269188422689,0.15510511145040298,0.19551559982297897,0.6493792887266181,0.16198188768964752,0.18176204734448989,0.65625606496586264
685,2022-2023,2023-04-17,Leeds United,Liverpool,A,0.36311303998948624,0.22267925841751979,0.41420770159299403,0.36266387417609813,0.22308404691136333,0.41425207891253857,0.36266387417609813,0.22308404691136335,0.41425207891253857,0.42894736842105263,0.23157894736842105,0.33947368421052632,0.27953759021001662,0.23109869994758461,0.48936370984239885,0.17969727157896109,0.19537924695798142,0.62492348146305765,0.18637591463440917,0.18202196084708533,0.63160212451850561
686,2022-2023,2023-04-21,Arsenal,Southampton,D,0.7020439207233804,0.16795936024269642,0.12999671903392324,0.70186701123606909,0.16795859432793361,0.13017439443599738,0.70186701123606909,0.16795859432793359,0.13017439443599732,0.42894736842105263,0.23157894736842105,0.33947368421052632,0.7162572677482717,0.17465566303664024,0.10908706921508798,0.8784310704428131,0.086201158076205556,0.035367771480981317,0.88131513835350506,0.080433022254821518,0.038251839391673328
687,2022-2023,2023-04-22,Brentford,Aston Villa,D,0.40873934580457782,0.23205112482493639,0.35920952937048567,0.40490189712800967,0.23035097248765257,0.36474713038433759,0.40490189712800967,0.23035097248765257,0.36474713038433759,0.42894736842105263,0.23157894736842105,0.33947368421052632,0.40942336969906901,0.23754857858589526,0.35302805171503576,0.37021673525896442,0.25768178432933891,0.37210148041169649,0.37919052099493794,0.23973421285739172,0.38107526614767007
688,2022-2023,2023-04-22,Crystal Palace,Everton,D,0.52281380281653511,0.21866979315365015,0.25851640402981463,0.51928778846897705,0.2171838064140201,0.26352840511700276,0.51928778846897705,0.21718380641402013,0.26352840511700271,0.42894736842105263,0.23157894736842105,0.33947368421052632,0.52379055901210914,0.2261375871101691,0.25007185387772174,0.57060115352590057,0.27228430625540945,0.15711454021868984,0.57890497549896536,0.25567666230928005,0.16541836219175451
689,2022-2023,2023-04-22,Fulham,Leeds United,H,0.51907285111452417,0.22541098407187121,0.25551616481360462,0.51564932649173201,0.22302183313578411,0.26132884037248383,0.51564932649173201,0.22302183313578414,0.26132884037248383,0.42894736842105263,0.23157894736842105,0.33947368421052632,0.53294173809671253,0.22460357791801433,0.24245468398527323,0.63590042008009773,0.19244175898045823,0.17165782093944415,0.64227907742061996,0.17968444429941399,0.17803647827996627
690,2022-2023,2023-04-22,Leicester City,Wolves,H,0.39633289309067765,0.2350904948953271,0.36857661201399533,0.39258499910569322,0.23298005904074481,0.37443494185356196,0.39258499910569317,0.23298005904074481,0.37443494185356191,0.42894736842105263,0.23157894736842105,0.33947368421052632,0.3933605423939579,0.2379506468591415,0.36868881074690057,0.43257766512149831,0.27506971422630916,0.29235262065219242,0.44207558988288925,0.25607386470352739,0.3018505454135833
691,2022-2023,2023-04-22,Liverpool,Nottingham,H,0.66629441247377974,0.19307741510234491,0.1406281724238754,0.6640111045907251,0.1925229655403834,0.14346592986889156,0.66401110459072499,0.19252296554038345,0.14346592986889151,0.42894736842105263,0.23157894736842105,0.33947368421052632,0.62544967334755164,0.20404521087052216,0.17050511578192609,0.84357645144438631,0.11064230014793142,0.045781248407682308,0.84742640039398764,0.10294240224872878,0.049631197357283628
692,2022-2023,2023-04-23,Bournemouth,West Ham,A,0.45266771239668674,0.22919951559627877,0.31813277200703455,0.46187197832219667,0.22603269046927285,0.31209533120853034,0.46187197832219667,0.22603269046927288,0.31209533120853034,0.42894736842105263,0.23157894736842105,0.33947368421052632,0.45730621152400125,0.23455247846809224,0.30814131000790657,0.3925720088917824,0.27604492859564689,0.3313830625125706,0.39972352598828265,0.26174189440264634,0.33853457960907085
693,2022-2023,2023-04-23,Newcastle,Tottenham,H,0.51211870897228884,0.20660365176318324,0.28127763926452798,0.52114019988854543,0.20420802547123493,0.27465177464021973,0.52114019988854532,0.2042080254712349,0.27465177464021967,0.42894736842105263,0.23157894736842105,0.33947368421052632,0.48368977109291689,0.23179259580596609,0.28451763310111705,0.54936477799147343,0.22739272493009141,0.22324249707843519,0.55522771204645582,0.21566685682012662,0.22910543113341758
694,2022-2023,2023-04-25,Aston Villa,Fulham,H,0.48160832613004445,0.2083986432425127,0.30999303062744288,0.48163102273736158,0.20721983707825495,0.3111491401843835,0.48163102273736147,0.20721983707825498,0.31114914018438344,0.42894736842105263,0.23157894736842105,0.33947368421052632,0.48239864371850028,0.23194556376422748,0.2856557925172723,0.53446816962396604,0.24514660419247686,0.2203852261835571,0.54092161971017838,0.23223970402005195,0.22683867626976956
695,2022-2023,2023-04-25,Leeds United,Leicester City,D,0.4093209271040919,0.22403542163810664,0.36664365125780146,0.40943712136246085,0.22304355331518344,0.36751932532235565,0.40943712136246085,0.22304355331518344,0.36751932532235571,0.42894736842105263,0.23157894736842105,0.33947368421052632,0.43619577702526119,0.23619883858232049,0.32760538439241832,0.35844737962375728,0.22372107637816618,0.41783154399807659,0.36365178140549193,0.21331227281469683,0.4230359457798113
696,2022-2023,2023-04-25,Wolves,Crystal Palace,H,0.41314435845003233,0.22184150749963108,0.36501413405033667,0.41323501665259338,0.22035652428109531,0.36640845906631136,0.41323501665259338,0.22035652428109537,0.36640845906631136,0.42894736842105263,0.23157894736842105,0.33947368421052632,0.41930014718852265,0.23714828519562528,0.34355156761585198,0.32973841922039776,0.3368826658167931,0.33337891496280936,0.33708581796879977,0.32218786831998902,0.34072631371121143
697,2022-2023,2023-04-26,Chelsea,Brentford,A,0.41912396006705704,0.22365601538650531,0.35722002454643759,0.4183160002461403,0.21861947947298241,0.36306452028087721,0.41831600024614024,0.21861947947298241,0.36306452028087721,0.42894736842105263,0.23157894736842105,0.33947368421052632,0.44063647490636093,0.2358946077283316,0.32346891736530753,0.36021408307755198,0.3142168475655609,0.32556906935688706,0.36711036610318437,0.30042428151429612,0.33246535238251945
698,2022-2023,2023-04-26,Manchester City,Arsenal,H,0.5249115610492987,0.19559557177437253,0.2794928671763286,0.52399582304273606,0.19234116204534085,0.28366301491192308,0.52399582304273606,0.19234116204534088,0.28366301491192314,0.42894736842105263,0.23157894736842105,0.33947368421052632,0.49238036932247164,0.23071543383461113,0.27690419684291723,0.64441371283871551,0.17516287869694985,0.18042340846433466,0.64788689632084318,0.16821651173269464,0.18389659194646224
699,2022-2023,2023-04-26,Nottingham,Brighton,H,0.27931195656416785,0.22965170338140764,0.49103634005442454,0.28180929505670121,0.23765415718229441,0.48053654776100446,0.28180929505670127,0.23765415718229441,0.48053654776100435,0.42894736842105263,0.23157894736842105,0.33947368421052632,0.31331678145163294,0.23504399850215765,0.45163922004620943,0.15918291830726175,0.20648358097487837,0.63433350071785999,0.16418562120772254,0.1964781751739568,0.63933620361832078
700,2022-2023,2023-04-26,West Ham,Liverpool,A,0.38443105078599105,0.21942690795121869,0.39614204126279035,0.38196706891971854,0.21891651688638877,0.39911641419389271,0.38196706891971854,0.21891651688638877,0.39911641419389271,0.42894736842105263,0.23157894736842105,0.33947368421052632,0.3135347095888506,0.23506382949593529,0.4514014609152141,0.25611867797432442,0.23344286951952187,0.51043845250615383,0.26167966216877514,0.22232090113062047,0.51599943670060455
701,2022-2023,2023-04-27,Everton,Newcastle,A,0.25387925219338298,0.2150141219469702,0.53110662585964685,0.25394320082019228,0.21348392384191431,0.53257287533789333,0.25394320082019228,0.21348392384191431,0.53257287533789333,0.42894736842105263,0.23157894736842105,0.33947368421052632,0.25928527718878652,0.22785121200267711,0.51286351080853632,0.12207823237682802,0.22639643699637402,0.65152533062679796,0.12705732226038635,0.21643825722925727,0.6565044205103564
702,2022-2023,2023-04-27,Southampton,Bournemouth,A,0.42398659666760941,0.23546535151235287,0.34054805182003761,0.42445859530859492,0.23405875933666617,0.34148264535473888,0.42445859530859492,0.23405875933666623,0.34148264535473888,0.42894736842105263,0.23157894736842105,0.33947368421052632,0.37331199383776459,0.2380088521871695,0.38867915397506592,0.3994741105669094,0.27906604044693584,0.32145984898615476,0.40598269683665544,0.26604886790744386,0.32796843525590075
703,2022-2023,2023-04-27,Tottenham,Manchester Utd,D,0.43904547897242846,0.22617421266486978,0.33478030836270178,0.44362333632205281,0.23265302970481619,0.32372363397313086,0.44362333632205281,0.23265302970481624,0.32372363397313092,0.42894736842105263,0.23157894736842105,0.33947368421052632,0.40935069418804915,0.23755109555869944,0.35309821025325144,0.42267956959514341,0.22974499011591659,0.34757544028894,0.42767133705197613,0.21976145520225107,0.35256720774577271
704,2022-2023,2023-04-29,Brentford,Nottingham,H,0.59118993778568785,0.20992340648629565,0.19888665572801642,0.58284671737405724,0.20840826257436579,0.20874502005157702,0.58284671737405713,0.20840826257436582,0.208745020051577,0.42894736842105263,0.23157894736842105,0.33947368421052632,0.53241661546148999,0.22469403738693347,0.24288934715157648,0.64586548477891326,0.2095307033204041,0.14460381190068253,0.65133983685945362,0.19858199915932337,0.1500781639812229
705,2022-2023,2023-04-29,Brighton,Wolves,H,0.52382628748543603,0.20938884105009636,0.26678487146446767,0.51522139500086672,0.20434625465901893,0.28043235034011438,0.51522139500086661,0.20434625465901893,0.28043235034011438,0.42894736842105263,0.23157894736842105,0.33947368421052632,0.52665014500836771,0.22566790498686443,0.24768195000476789,0.56278788463084894,0.23428425936372557,0.20292785600542546,0.5689198944133631,0.22202023979869714,0.20905986578793964
706,2022-2023,2023-04-29,Crystal Palace,West Ham,H,0.45309386511216571,0.21823160539404904,0.32867452949378512,0.44220399936481886,0.21369793358305675,0.34409806705212442,0.44220399936481875,0.21369793358305678,0.34409806705212442,0.42894736842105263,0.23157894736842105,0.33947368421052632,0.45351130396113842,0.23488562423442802,0.31160307180443364,0.38801065859496026,0.30484261559712023,0.30714672580791957,0.39541280278557589,0.29003832721588896,0.31454886999853521
707,2022-2023,2023-04-30,Bournemouth,Leeds United,H,0.48052841800423929,0.21940607486701219,0.30006550712874847,0.47752725100601306,0.21225819830541581,0.31021455068857107,0.47752725100601306,0.21225819830541584,0.31021455068857112,0.42894736842105263,0.23157894736842105,0.33947368421052632,0.50896103490922429,0.22843198515781676,0.26260697993295889,0.46614344268064856,0.24253017332914006,0.29132638399021149,0.47249783276647617,0.22982139315748468,0.29768077407603916
708,2022-2023,2023-04-30,Fulham,Manchester City,A,0.25377507925308984,0.20517428826686038,0.54105063248004981,0.26094553868526971,0.2070847272652544,0.53196973404947601,0.26094553868526965,0.2070847272652544,0.53196973404947601,0.42894736842105263,0.23157894736842105,0.33947368421052632,0.24479556334771993,0.22508653697503708,0.53011789967724299,0.14632900021145329,0.19952720489831835,0.65414379489022823,0.15162792163076028,0.18892936205970431,0.6594427163095351
709,2022-2023,2023-04-30,Liverpool,Tottenham,H,0.56605700162297623,0.20309536487506413,0.23084763350195961,0.56798929025518319,0.2022071178802142,0.22980359186460264,0.56798929025518319,0.20220711788021423,0.22980359186460264,0.42894736842105263,0.23157894736842105,0.33947368421052632,0.51024388205802806,0.22824288633783574,0.2615132316041362,0.68149659046973121,0.16352611679881798,0.15497729273145081,0.68506003330848408,0.15639923112131215,0.15854073557020371
710,2022-2023,2023-04-30,Manchester Utd,Aston Villa,H,0.49789328610752309,0.20768884295075005,0.29441787094172689,0.50057475025477827,0.20460324699345947,0.29482200275176224,0.50057475025477827,0.2046032469934595,0.29482200275176218,0.42894736842105263,0.23157894736842105,0.33947368421052632,0.49511096727647036,0.23035994667914675,0.27452908604438292,0.39672560685856084,0.27152835282907861,0.33174604031236049,0.40392778306408678,0.2571240004180268,0.33894821651788642
711,2022-2023,2023-04-30,Newcastle,Southampton,H,0.68251384811252036,0.17485042028126663,0.14263573160621298,0.6859741235251714,0.17117451118900667,0.1428513652858219,0.6859741235251714,0.17117451118900667,0.14285136528582187,0.42894736842105263,0.23157894736842105,0.33947368421052632,0.67805569018397749,0.18817767469704139,0.13376663511898104,0.8259792503359128,0.12423968808820168,0.049781061575885355,0.82921918655737337,0.11775981564528054,0.053020997797345912
712,2022-2023,2023-05-01,Leicester City,Everton,D,0.48245662338484274,0.22522475736541664,0.29231861924974062,0.48306103549152835,0.22409462516790113,0.29284433934057047,0.48306103549152835,0.22409462516790116,0.29284433934057047,0.42894736842105263,0.23157894736842105,0.33947368421052632,0.46417594062528134,0.23390833333743816,0.30191572603728051,0.57555232244228471,0.24410891052550546,0.18033876703220986,0.58253430424686969,0.23014494691633561,0.18732074883679478
713,2022-2023,2023-05-02,Arsenal,Chelsea,H,0.6053029695072174,0.19568747371999798,0.1990095567727847,0.60988358721985214,0.19797263428092121,0.19214377849922656,0.60988358721985214,0.19797263428092127,0.19214377849922665,0.42894736842105263,0.23157894736842105,0.33947368421052632,0.61472937946256534,0.20690140804051371,0.17836921249692109,0.67334357949684287,0.20106139230865655,0.12559502819450058,0.67913099682559597,0.18948655765115033,0.1313824455232537
714,2022-2023,2023-05-03,Liverpool,Fulham,H,0.59654530807400652,0.19550936753689949,0.20794532438909402,0.58856982902829102,0.19558355049127657,0.21584662048043238,0.58856982902829102,0.1955835504912766,0.21584662048043241,0.42894736842105263,0.23157894736842105,0.33947368421052632,0.58087506575402936,0.21510132782719291,0.20402360641877776,0.64053127907666008,0.2021444995616459,0.15732422136169391,0.64624984527286089,0.19070736716924427,0.16304278755789472
715,2022-2023,2023-05-03,Manchester City,West Ham,H,0.71282256041588921,0.16335003862534128,0.1238274009587695,0.70802766459385802,0.16218712083678918,0.12978521456935282,0.70802766459385802,0.16218712083678918,0.12978521456935274,0.42894736842105263,0.23157894736842105,0.33947368421052632,0.69357964313981646,0.18289159009204295,0.12352876676814058,0.83816886591201489,0.1049106154006333,0.056920518687351734,0.84101910072489361,0.09921014577487558,0.059770753500230582
716,2022-2023,2023-05-04,Brighton,Manchester Utd,H,0.49152572977927694,0.21865006926070077,0.28982420096002232,0.4920983845207148,0.21758162688180605,0.29031998859747921,0.49209838452071469,0.21758162688180602,0.29031998859747915,0.42894736842105263,0.23157894736842105,0.33947368421052632,0.39059727197750699,0.23798825652733441,0.37141447149515872,0.5122581272890554,0.23154636398490211,0.25619550872604246,0.51943259809947495,0.21719742236406303,0.26336997953646202
717,2022-2023,2023-05-06,Bournemouth,Chelsea,A,0.4646480977265432,0.21325924103065835,0.32209266124279839,0.46031419398793766,0.21351464891308491,0.32617115709897743,0.46031419398793755,0.21351464891308489,0.32617115709897743,0.42894736842105263,0.23157894736842105,0.33947368421052632,0.44550948477529551,0.23553484067769184,0.31895567454701262,0.37980084384058821,0.31177401940830868,0.30842513675110295,0.3901241587717853,0.29112738954591461,0.31874845168230004
718,2022-2023,2023-05-06,Liverpool,Brentford,H,0.58471589616187603,0.19277532660508173,0.2225087772330423,0.57221482842970084,0.19741436148190211,0.23037081008839705,0.57221482842970084,0.19741436148190211,0.23037081008839699,0.42894736842105263,0.23157894736842105,0.33947368421052632,0.55804781663453018,0.21993370198377454,0.2220184813816953,0.60709312089971401,0.2080726876151387,0.18483419148514724,0.6145244902443241,0.1932099489259187,0.19226556082975721
719,2022-2023,2023-05-06,Manchester City,Leeds United,H,0.76108433675268017,0.14516926375044592,0.093746399496873925,0.75489169197211337,0.14636706752894618,0.09874124049894055,0.75489169197211337,0.14636706752894624,0.09874124049894055,0.42894736842105263,0.23157894736842105,0.33947368421052632,0.73729170059087779,0.16645338731010439,0.096254912099017709,0.94757435582307792,0.037463133792415344,0.014962510384506671,0.94878962195625172,0.0350326015260677,0.01617777651768049
720,2022-2023,2023-05-06,Tottenham,Crystal Palace,H,0.48975522572100605,0.216566695249375,0.2936780790296189,0.47934465337126531,0.21503512465777361,0.305620221970961,0.47934465337126531,0.21503512465777366,0.305620221970961,0.42894736842105263,0.23157894736842105,0.33947368421052632,0.51834916761720418,0.22700701743936899,0.25464381494342692,0.5327050750871799,0.22195964254160999,0.24533528237121013,0.54044468879785157,0.20648041512026666,0.25307489608188183
721,2022-2023,2023-05-06,Wolves,Aston Villa,H,0.39310170305395542,0.2144739382518871,0.39242435869415754,0.38240051497623906,0.21064717128805793,0.40695231373570301,0.38240051497623906,0.21064717128805793,0.40695231373570301,0.42894736842105263,0.23157894736842105,0.33947368421052632,0.36095726710516374,0.23779203740591992,0.4012506954889164,0.24660222042295435,0.28195424230990207,0.47144353726714339,0.25645445946788692,0.26224976422003715,0.48129577631207598
722,2022-2023,2023-05-07,Newcastle,Arsenal,A,0.44664985147500874,0.20270401711778432,0.35064613140720696,0.44853005118425904,0.20228750186188341,0.34918244695385758,0.44853005118425904,0.20228750186188349,0.34918244695385758,0.42894736842105263,0.23157894736842105,0.33947368421052632,0.40966200413960074,0.23754026972137954,0.35279772613901966,0.52878033600148278,0.20942088136708234,0.26179878263143469,0.53844177763232248,0.19009799810540312,0.27146022426227434
723,2022-2023,2023-05-07,West Ham,Manchester Utd,H,0.37117358073990619,0.22682406062382032,0.40200235863627348,0.36567277342375037,0.22626360566278766,0.40806362091346204,0.36567277342375032,0.22626360566278766,0.40806362091346199,0.42894736842105263,0.23157894736842105,0.33947368421052632,0.30879405904583274,0.23461665570016627,0.456589285254001,0.33789015722732485,0.26839397093996226,0.39371587183271295,0.35204246527107319,0.24008935485246558,0.40786817987646123
724,2022-2023,2023-05-08,Brighton,Everton,A,0.63120261114294052,0.18974068318502221,0.17905670567203713,0.62948764013546388,0.19315883197857503,0.17735352788596101,0.62948764013546388,0.19315883197857509,0.17735352788596109,0.42894736842105263,0.23157894736842105,0.33947368421052632,0.59637798816238241,0.21150015954036441,0.19212185229725301,0.77155238448471275,0.14665994816537223,0.081787667349914966,0.78012162965274234,0.12952145782931315,0.090356912517944518
725,2022-2023,2023-05-08,Fulham,Leicester City,H,0.49309255267152613,0.21547258951920401,0.29143485780926975,0.49260843691101364,0.21748890292313899,0.28990266016584737,0.49260843691101364,0.21748890292313899,0.28990266016584737,0.42894736842105263,0.23157894736842105,0.33947368421052632,0.51540787462138349,0.2274636944174058,0.25712843096121069,0.51195398169552397,0.2526641713371035,0.23538184696737244,0.52671617224553924,0.22313979023707303,0.25014403751738767
726,2022-2023,2023-05-08,Nottingham,Southampton,H,0.47915695610191844,0.22094357522751532,0.29989946867056627,0.4791615610167298,0.22108986041270087,0.29974857857056941,0.47916156101672969,0.22108986041270087,0.29974857857056936,0.42894736842105263,0.23157894736842105,0.33947368421052632,0.50339793871377558,0.2292313995101303,0.2673706617760942,0.47838097158578946,0.27167926685665789,0.24993976155755251,0.49397421691268956,0.24049277620285772,0.26553300688445269
727,2022-2023,2023-05-13,Aston Villa,Tottenham,H,0.45345369955163584,0.21084733190835214,0.33569896854001202,0.44967334476702969,0.2095475636037161,0.34077909162925424,0.44967334476702958,0.20954756360371607,0.34077909162925418,0.42894736842105263,0.23157894736842105,0.33947368421052632,0.42070878521354277,0.23708182649932469,0.34220938828713243,0.51739442352744325,0.22655494960316666,0.25605062686939012,0.53049973509358361,0.20034432647088599,0.26915593843553043
728,2022-2023,2023-05-13,Chelsea,Nottingham,D,0.53630707798395905,0.21921549947494359,0.24447742254109736,0.53367742921036798,0.21704030650336284,0.24928226428626912,0.53367742921036798,0.21704030650336292,0.24928226428626912,0.42894736842105263,0.23157894736842105,0.33947368421052632,0.50730831213143701,0.22867298082955823,0.26401870703900476,0.51884047453822424,0.26708866504469903,0.21407086041707674,0.53437102424009597,0.23602756564095567,0.22960141011894841
729,2022-2023,2023-05-13,Crystal Palace,Bournemouth,H,0.50397281385390369,0.21538034840810993,0.28064683773798643,0.50040969040472849,0.21404143435097514,0.28554887524429629,0.50040969040472849,0.21404143435097517,0.28554887524429629,0.42894736842105263,0.23157894736842105,0.33947368421052632,0.45768179864468922,0.23451862669716217,0.30779957465814861,0.51514122949338903,0.26620781515985192,0.21865095534675932,0.53070447110679531,0.23508133193303921,0.23421419696016565
730,2022-2023,2023-05-13,Leeds United,Newcastle,D,0.25288322774440186,0.2101783613659019,0.53693841088969629,0.24917268092472825,0.20650186045367858,0.54432545862159321,0.24917268092472825,0.20650186045367858,0.54432545862159321,0.42894736842105263,0.23157894736842105,0.33947368421052632,0.24683566437314955,0.22549905592100447,0.52766527970584587,0.13526082389036137,0.17608796903316282,0.68865120707647576,0.14547780818094166,0.1556540004520022,0.69886819136705614
731,2022-2023,2023-05-13,Manchester Utd,Wolves,H,0.5688533594660683,0.20244111593693537,0.22870552459699633,0.56420594820394931,0.20457652980886434,0.23121752198718629,0.56420594820394931,0.20457652980886443,0.23121752198718631,0.42894736842105263,0.23157894736842105,0.33947368421052632,0.56100509197525683,0.21933916870692985,0.21965573931781324,0.54936303220660587,0.27115782116816534,0.17947914662522874,0.56431782575625133,0.24124823406887447,0.19443394017487414
732,2022-2023,2023-05-13,Southampton,Fulham,A,0.2917756173062917,0.21504956074856021,0.49317482194514817,0.28266869753026491,0.2065569017067776,0.51077440076295755,0.2826686975302648,0.2065569017067776,0.51077440076295755,0.42894736842105263,0.23157894736842105,0.33947368421052632,0.31659509387424167,0.235334987231202,0.44806991889455638,0.23834207456120354,0.25045464986160293,0.51120327557719347,0.25339137718677424,0.22035604461046174,0.52625257820276405
733,2022-2023,2023-05-14,Arsenal,Brighton,A,0.57180346335642418,0.20655035748461739,0.22164617915895846,0.57495061753579269,0.20333960884051261,0.22170977362369471,0.57495061753579269,0.20333960884051264,0.22170977362369473,0.42894736842105263,0.23157894736842105,0.33947368421052632,0.57509810285556928,0.21637711287395892,0.20852478427047175,0.66190006559875691,0.16414535264198943,0.17395458175925374,0.66893124079803201,0.15008300224343901,0.18098575695852889
734,2022-2023,2023-05-14,Brentford,West Ham,H,0.51383529344371548,0.20981700096771241,0.27634770558857208,0.51788242965564435,0.20339939157234135,0.27871817877201438,0.51788242965564435,0.20339939157234138,0.27871817877201438,0.42894736842105263,0.23157894736842105,0.33947368421052632,0.49807377913446899,0.22996503790239936,0.27196118296313171,0.50795340016026258,0.25304015553450054,0.2390064443052371,0.52258990624620161,0.22376714336262235,0.25364295039117613
735,2022-2023,2023-05-14,Everton,Manchester City,A,0.21093483945205904,0.19996328492499643,0.58910187562294458,0.207066438380587,0.19169575648880413,0.60123780513060887,0.20706643838058697,0.19169575648880413,0.60123780513060887,0.42894736842105263,0.23157894736842105,0.33947368421052632,0.17939929262716622,0.20726297134994143,0.61333773602289232,0.094218172923971819,0.15904623252595837,0.74673559455006988,0.10341489830441968,0.14065278176506263,0.75593231993051768
736,2022-2023,2023-05-15,Leicester City,Liverpool,A,0.30482297241864204,0.21841103522710259,0.47676599235425521,0.30458910583873666,0.21943684346724585,0.47597405069401738,0.30458910583873666,0.21943684346724587,0.47597405069401738,0.42894736842105263,0.23157894736842105,0.33947368421052632,0.23488166036849001,0.22296944651183034,0.54214889311967973,0.19770698121729671,0.19537975659759221,0.60691326218511088,0.20813588721028273,0.17452194461162018,0.61734216817809695
737,2022-2023,2023-05-18,Newcastle,Brighton,H,0.48997206710307034,0.20913533075027821,0.30089260214665137,0.48479267316309138,0.20439490659178478,0.31081242024512379,0.48479267316309138,0.2043949065917848,0.31081242024512379,0.42894736842105263,0.23157894736842105,0.33947368421052632,0.495058228391901,0.23036688956325976,0.27457488204483926,0.52854709612086714,0.21953551341722832,0.2519173904619047,0.54065226832469293,0.19532516900957653,0.26402256266573049
738,2022-2023,2023-05-20,Bournemouth,Manchester Utd,A,0.33654319258888732,0.21248125578289276,0.4509755516282199,0.33284979864691938,0.21024774826630463,0.45690245308677602,0.33284979864691938,0.21024774826630466,0.45690245308677602,0.42894736842105263,0.23157894736842105,0.33947368421052632,0.31624193421004154,0.235304393019512,0.44845367277044657,0.22804237639177904,0.26382200207944778,0.50813562152877312,0.24279555666558822,0.23431564153182943,0.52288880180258235
739,2022-2023,2023-05-20,Fulham,Crystal Palace,D,0.47999192056597018,0.21455263595860072,0.30545544347542913,0.47658419677561425,0.21301814453139784,0.31039765869298785,0.47658419677561425,0.21301814453139789,0.31039765869298791,0.42894736842105263,0.23157894736842105,0.33947368421052632,0.46971297646652188,0.23335083448318297,0.29693618905029512,0.46151519810287855,0.28667291025506098,0.25181189164206058,0.47701825554228955,0.25566679537623893,0.26731494908147163
740,2022-2023,2023-05-20,Liverpool,Aston Villa,D,0.59501568699523011,0.18698508629962801,0.21799922670514174,0.59164287617519373,0.18647840472732505,0.22187871909748128,0.59164287617519373,0.18647840472732505,0.22187871909748128,0.42894736842105263,0.23157894736842105,0.33947368421052632,0.55276273683713528,0.22097288517717881,0.22626437798568586,0.55437904179267006,0.24041348842391028,0.20520746978341972,0.568045551198196,0.21308046961285831,0.21887397918894569
741,2022-2023,2023-05-20,Nottingham,Arsenal,H,0.27219056617357601,0.19870438637178514,0.52910504745463882,0.26849191612321088,0.1978678314676498,0.53364025240913937,0.26849191612321088,0.19786783146764983,0.53364025240913937,0.42894736842105263,0.23157894736842105,0.33947368421052632,0.24080529456359848,0.22425705415347741,0.53493765128292414,0.16535096219220294,0.1719934550975947,0.66265558271020242,0.17363656738423372,0.15542224471353316,0.67094118790223312
742,2022-2023,2023-05-20,Tottenham,Brentford,A,0.4564334502480818,0.21563540979578816,0.3279311399561301,0.45248422310913483,0.21335695395632492,0.33415882293454013,0.45248422310913483,0.21335695395632495,0.33415882293454013,0.42894736842105263,0.23157894736842105,0.33947368421052632,0.47175333013480258,0.23313681439204889,0.29510985547314844,0.41778157226972901,0.2364164511461655,0.34580197658410572,0.43056486298308094,0.21084986971946162,0.35858526729745765
743,2022-2023,2023-05-20,Wolves,Everton,D,0.48101092321793715,0.21440423701964756,0.30458483976241535,0.4777359175869631,0.21227426381990908,0.30998981859312791,0.47773591758696299,0.21227426381990908,0.30998981859312785,0.42894736842105263,0.23157894736842105,0.33947368421052632,0.48959485013015125,0.23106968540579181,0.27933546446405694,0.42322125815565409,0.29238932980145538,0.28438941204289037,0.43907562439072001,0.26068059733132365,0.30024377827795629
744,2022-2023,2023-05-21,Brighton,Southampton,H,0.63200744619565907,0.18482105790221581,0.18317149590212509,0.63294596137930625,0.18561307714936687,0.18144096147132696,0.63294596137930614,0.18561307714936687,0.18144096147132702,0.42894736842105263,0.23157894736842105,0.33947368421052632,0.63912153674333438,0.20021931472252563,0.16065914853414007,0.77966724984511382,0.13447665675959811,0.085856093395288269,0.78705973225457404,0.11969169194067757,0.093248575804748546
745,2022-2023,2023-05-21,Manchester City,Chelsea,H,0.7093579396370655,0.16064975459602063,0.12999230576691387,0.71666984738631578,0.15766342206116307,0.12566673055252103,0.71666984738631578,0.1576634220611631,0.12566673055252103,0.42894736842105263,0.23157894736842105,0.33947368421052632,0.6776455173456748,0.1883135369501272,0.13404094570419792,0.78757141438683675,0.14672641275585235,0.065702172857310975,0.79589773412815734,0.13007377327321107,0.074028492598631632
746,2022-2023,2023-05-21,West Ham,Leeds United,H,0.49264127586376244,0.21764185899090963,0.28971686514532802,0.50023847414000611,0.21795047726965719,0.28181104859033668,0.50023847414000611,0.21795047726965722,0.28181104859033668,0.42894736842105263,0.23157894736842105,0.33947368421052632,0.50510200948922523,0.22899008809113436,0.2659079024196403,0.57289167530763196,0.21131943510666065,0.21578888958570744,0.58450407244618208,0.18809464082956034,0.22740128672425758
747,2022-2023,2023-05-22,Newcastle,Leicester City,D,0.66278877883839327,0.182683272107834,0.15452794905377279,0.66258698638210878,0.1833625478112097,0.1540504658066815,0.66258698638210878,0.1833625478112097,0.1540504658066815,0.42894736842105263,0.23157894736842105,0.33947368421052632,0.64694516275315228,0.19793675951700582,0.15511807772984187,0.770848886695083,0.13769809479467693,0.091453018510240194,0.77862089021340208,0.12215408775803886,0.09922502202855922
748,2022-2023,2023-05-24,Brighton,Manchester City,D,0.33806525354593797,0.20844395739675786,0.45349078905730417,0.33569331943409292,0.2110169656176126,0.4532897149482944,0.33569331943409286,0.21101696561761263,0.4532897149482944,0.42894736842105263,0.23157894736842105,0.33947368421052632,0.27370961307575481,0.23023512016327133,0.49605526676097406,0.18909058773371895,0.19196894378740961,0.61894046847887152,0.19814973213702708,0.17385065498079336,0.62799961288217965
749,2022-2023,2023-05-25,Manchester Utd,Chelsea,H,0.58672706468603442,0.19782380204502853,0.21544913326893703,0.58784726391081299,0.19640420260781957,0.21574853348136744,0.58784726391081299,0.19640420260781957,0.21574853348136744,0.42894736842105263,0.23157894736842105,0.33947368421052632,0.56017021713042092,0.21950796193064209,0.22032182093893685,0.49123220014265956,0.30560666454904567,0.20316113530829485,0.50343469416576936,0.28120167650282607,0.21536362933140465
750,2022-2023,2023-05-28,Arsenal,Wolves,H,0.63842417988113309,0.18550123887634645,0.17607458124252054,0.64540956963475182,0.18515192376956729,0.16943850659568094,0.64540956963475171,0.18515192376956729,0.16943850659568091,0.42894736842105263,0.23157894736842105,0.33947368421052632,0.62376223920612273,0.20450314033193279,0.17173462046194443,0.720887914231086,0.17055043685432808,0.10856164891458589,0.72876766498293022,0.15479093535063995,0.11644139966642995
751,2022-2023,2023-05-28,Aston Villa,Brighton,H,0.43611222720793696,0.21139230262535594,0.35249547016670701,0.42771605128915596,0.19582051259602348,0.37646343611482069,0.42771605128915596,0.19582051259602351,0.37646343611482069,0.42894736842105263,0.23157894736842105,0.33947368421052632,0.43437119508258287,0.23631728340142802,0.32931152151598903,0.44855183929647285,0.24752838024925963,0.30391978045426765,0.45991038499103715,0.22481128886013105,0.31527832614883189
752,2022-2023,2023-05-28,Brentford,Manchester City,H,0.34905519376926664,0.20453155560777242,0.44641325062296089,0.34529708690515915,0.1954895051748029,0.45921340792003795,0.34529708690515915,0.1954895051748029,0.45921340792003795,0.42894736842105263,0.23157894736842105,0.33947368421052632,0.26104173614348869,0.22816072430921078,0.51079753954730056,0.20347378289615708,0.24266024772047601,0.55386596938336685,0.21468566823150842,0.22023647704977334,0.56507785471871819
753,2022-2023,2023-05-28,Chelsea,Newcastle,D,0.30761173202978359,0.20998703589184786,0.48240123207836849,0.30976782605026965,0.20707809704529734,0.48315407690443302,0.30976782605026959,0.20707809704529742,0.48315407690443313,0.42894736842105263,0.23157894736842105,0.33947368421052632,0.32006340860750543,0.23562584959146279,0.44431074180103186,0.2129412278116877,0.26694170307090526,0.52011706911740718,0.22489888636864089,0.2430263859569988,0.53207472767436037
754,2022-2023,2023-05-28,Crystal Palace,Nottingham,D,0.52277270737019865,0.21258931720785534,0.26463797542194611,0.53213132104083349,0.20961641754869106,0.25825226141047547,0.53213132104083338,0.20961641754869109,0.25825226141047547,0.42894736842105263,0.23157894736842105,0.33947368421052632,0.48177128721524703,0.23201922953841264,0.28620948324634038,0.5240583589079878,0.25434414587564463,0.22159749521636748,0.53575779767554621,0.23094526834052764,0.23329693398392595
755,2022-2023,2023-05-28,Everton,Bournemouth,H,0.47215960830244313,0.21905744271242428,0.30878294898513264,0.48052665218981355,0.21969411955578447,0.29977922825440206,0.48052665218981355,0.21969411955578447,0.29977922825440212,0.42894736842105263,0.23157894736842105,0.33947368421052632,0.42537568907688278,0.23684506000914207,0.3377792509139752,0.47052799386941341,0.26421199145821211,0.26526001467237459,0.48271388047922104,0.23984021823859672,0.27744590128218227
756,2022-2023,2023-05-28,Leeds United,Tottenham,A,0.35733448129412942,0.21761787819734543,0.42504764050852512,0.36642477587233818,0.21670951821166318,0.41686570591599864,0.36642477587233818,0.21670951821166323,0.41686570591599864,0.42894736842105263,0.23157894736842105,0.33947368421052632,0.30997324882251964,0.23473098767146924,0.4552957635060112,0.29205711773249421,0.19504806592395027,0.51289481634355549,0.2984622247881501,0.18223785181263841,0.51929992339921138
757,2022-2023,2023-05-28,Leicester City,West Ham,H,0.40861742407548185,0.22342115948611146,0.3679614164384068,0.41129633083600547,0.2201050734846331,0.36859859567936143,0.41129633083600547,0.22010507348463315,0.36859859567936143,0.42894736842105263,0.23157894736842105,0.33947368421052632,0.39369675634191426,0.23794543308672503,0.36835781057136058,0.39094037723283637,0.24556220775867682,0.36349741500848676,0.40205695820978932,0.22332904580477084,0.37461399598543976
758,2022-2023,2023-05-28,Manchester Utd,Fulham,H,0.55986392092667914,0.2001462882155898,0.23998979085773106,0.56750657841727226,0.20093232269050054,0.23156109889222717,0.56750657841727215,0.20093232269050063,0.23156109889222717,0.42894736842105263,0.23157894736842105,0.33947368421052632,0.54955513901921249,0.22158899059335407,0.22885587038743341,0.5096268302960133,0.25784951692261082,0.23252365278137574,0.52148969664759437,0.23412378421944879,0.24438651913295675
759,2022-2023,2023-05-28,Southampton,Liverpool,D,0.23015358235849787,0.20729318826692641,0.56255322937457564,0.23200278917734729,0.20140489179510035,0.56659231902755236,0.23200278917734721,0.20140489179510038,0.56659231902755236,0.42894736842105263,0.23157894736842105,0.33947368421052632,0.18529185756086886,0.20927722958689046,0.60543091285224071,0.10661471737879516,0.16850442766773988,0.72488085495346499,0.11439662325737099,0.15294061591058822,0.73266276083204074
760,2023-2024,2023-08-11,Burnley,Manchester City,A,0.41590784970150646,0.23915764016450636,0.34493451013398713,0.4133400007199533,0.24702253879978334,0.33963746048026339,0.41126838447089104,0.23653917653041484,0.35219243899869407,0.45657894736842103,0.23026315789473684,0.31315789473684208,0.28791633560860824,0.23248921118175397,0.47959445320963784,0.093484249452245316,0.19430350294800458,0.7122122475997501,0.10214144232075689,0.17698911721098143,0.72086944046826162
761,2023-2024,2023-08-12,Arsenal,Nottingham,H,0.56790292710889512,0.24226043886807735,0.18983663402302758,0.56290336475765934,0.24706808111986847,0.19002855412247224,0.53571044457985018,0.27160206986951851,0.19268748555063128,0.45657894736842103,0.23026315789473684,0.31315789473684208,0.58887179316761729,0.21345835859020756,0.19766984824217515,0.77951252831636286,0.13097766254968207,0.089509809133955287,0.78515626891943369,0.11969018134354044,0.095153549737026083
762,2023-2024,2023-08-12,Bournemouth,West Ham,D,0.41083307009121373,0.28966691830085928,0.29950001160792705,0.40861701253412019,0.29561762173969519,0.29576536572618473,0.39292523585798733,0.29470454639653798,0.31237021774547463,0.45657894736842103,0.23026315789473684,0.31315789473684208,0.4322260638878081,0.23668084464107633,0.33109309147111571,0.31062291186861951,0.26797237370649368,0.42140471442488675,0.32330504543970645,0.24260810656431975,0.43408684799597375
763,2023-2024,2023-08-12,Brighton,Luton Town,H,0.49189668358926236,0.25094817950026921,0.25715513691046843,0.48960012894140181,0.25589147481153468,0.25450839624706367,0.49508108781026722,0.25420696720950203,0.25071194498023081,0.45657894736842103,0.23026315789473684,0.31315789473684208,0.48552516098440379,0.23178811058258228,0.2826867284330139,0.55623934469832326,0.22175102433960955,0.22200963096206741,0.56650939074681961,0.20121093224261702,0.23227967701056371
764,2023-2024,2023-08-12,Everton,Fulham,A,0.40899935927308062,0.27917369809020121,0.31182694263671829,0.40719739358494994,0.28511908844913619,0.30768351796591387,0.40456661433283375,0.27885440689883689,0.31657897876832924,0.45657894736842103,0.23026315789473684,0.31315789473684208,0.40078345432356854,0.23803888506257226,0.3611776606138592,0.30351648550764843,0.26802177560691864,0.42846173888543287,0.31619352927819788,0.2426676880658197,0.44113878265598239
765,2023-2024,2023-08-12,Newcastle,Aston Villa,H,0.51761760615632191,0.24332573719094669,0.23905665665273135,0.5106607873525183,0.25183499361628753,0.2375042190311942,0.51577499061651089,0.26873978582922942,0.21548522355425984,0.45657894736842103,0.23026315789473684,0.31315789473684208,0.48552160250744142,0.23178854283804018,0.28268985465451846,0.50017363474031939,0.26776433555067347,0.23206202970900688,0.51259248756290299,0.24292662990550642,0.24448088253159037
766,2023-2024,2023-08-12,Sheffield United,Crystal Palace,A,0.46630781853234893,0.26928995216597623,0.26440222930167478,0.46379093261234983,0.27452524659314714,0.26168382079450309,0.45574597883091073,0.28339371651995077,0.26086030464913856,0.45657894736842103,0.23026315789473684,0.31315789473684208,0.46093361279581857,0.23444148597988215,0.3046249012242993,0.4388630922168788,0.29329398985393967,0.26784291792918163,0.45197724245003118,0.26706568938763492,0.28095706816233401
767,2023-2024,2023-08-13,Brentford,Tottenham,D,0.47144222023280002,0.25601489355104118,0.2725428862161588,0.47420777283403787,0.2579329952296916,0.26785923193627065,0.47290408681425783,0.25340342208476202,0.27369249110098004,0.45657894736842103,0.23026315789473684,0.31315789473684208,0.45448241021442254,0.23502604948257588,0.31049154030300147,0.56246118721808724,0.21457915218970436,0.22295966059220834,0.57234881580890018,0.19480389500807863,0.23284728918302119
768,2023-2024,2023-08-13,Chelsea,Liverpool,D,0.40965678740629391,0.26143554551397086,0.32890766707973529,0.41318135586975291,0.2641236264887335,0.3226950176415137,0.41879417834950211,0.28247411968817993,0.29873170196231796,0.45657894736842103,0.23026315789473684,0.31315789473684208,0.33143920544151673,0.2367034849519665,0.4318573096065168,0.23795106886488412,0.24892785718560373,0.51312107394951234,0.24997606710026135,0.22487786071484928,0.52514607218488951
769,2023-2024,2023-08-14,Manchester Utd,Wolves,H,0.52643887612838902,0.25760827186475815,0.21595285200685277,0.52097097143818738,0.26575871378583421,0.21327031477597833,0.48677159429143863,0.29632268610933138,0.21690571959922994,0.45657894736842103,0.23026315789473684,0.31315789473684208,0.56387524912180187,0.21894457249717292,0.2171801783810253,0.66367277531260849,0.21954748272233401,0.11677974196505761,0.67233312305369364,0.20222678724016382,0.1254400897061427
770,2023-2024,2023-08-18,Nottingham,Sheffield United,H,0.39168298377281369,0.29308551246356668,0.31523150376361952,0.39018139791057377,0.29993549245542317,0.30988310963400306,0.37959915974330027,0.30602473299834099,0.31437610725835874,0.45657894736842103,0.23026315789473684,0.31315789473684208,0.42075941649425852,0.23731098634910464,0.34192959715663679,0.39697060671085316,0.26206340774693249,0.34096598554221452,0.40861284377245333,0.23877893362373226,0.35260822260381458
771,2023-2024,2023-08-19,Fulham,Brentford,A,0.57890028029471741,0.20682675696197911,0.21427296274330354,0.57843797241057737,0.20904317721817517,0.21251885037124743,0.59558340140557375,0.21093053801238665,0.19348606058203952,0.45657894736842103,0.23026315789473684,0.31315789473684208,0.41769158796767802,0.23745352941952572,0.34485488261279629,0.37731693395700944,0.27911659044178211,0.3435664756012084,0.38875076140915599,0.2562489355374889,0.355000303053355
772,2023-2024,2023-08-19,Liverpool,Bournemouth,H,0.52190169171179535,0.26428763441219844,0.21381067387600633,0.52095855626704135,0.26708670463340051,0.21195473909955814,0.57823382435864157,0.23871474272608101,0.18305143291527737,0.45657894736842103,0.23026315789473684,0.31315789473684208,0.59536003349148225,0.21192435255915928,0.19271561394935857,0.78922298990052842,0.13578296459599223,0.074994045503479226,0.79480648159828771,0.12461598120047353,0.0805775372012386
773,2023-2024,2023-08-19,Manchester City,Newcastle,H,0.5158318748027787,0.22920206522578207,0.25496605997143912,0.51003891704364512,0.23430134596823102,0.25565973698812389,0.51112040848152807,0.22262461744978371,0.26625497406868825,0.45657894736842103,0.23026315789473684,0.31315789473684208,0.53281893588255269,0.22482667763619749,0.24235438648124982,0.59708664587922378,0.21995229570443078,0.18296105841634552,0.60617796491180298,0.20176965763927227,0.19205237744892478
774,2023-2024,2023-08-19,Tottenham,Manchester Utd,H,0.3221142785006097,0.3092845839309234,0.36860113756846685,0.31839112947001147,0.31676642655379439,0.3648424439761942,0.30338016303916387,0.32557472547246347,0.37104511148837266,0.45657894736842103,0.23026315789473684,0.31315789473684208,0.3932830220051623,0.23818846333183993,0.36852851466299769,0.38244401853249371,0.23968600828345923,0.37786997318404708,0.39195512508131558,0.2206637951858155,0.38738107973286889
775,2023-2024,2023-08-19,Wolves,Brighton,A,0.17768344322247301,0.30642025087396091,0.51589630590356617,0.17869472315071999,0.31268310366656021,0.50862217318271974,0.19625363662335338,0.30207336574807236,0.50167299762857431,0.45657894736842103,0.23026315789473684,0.31315789473684208,0.36152666874350287,0.23804756879491942,0.40042576246157785,0.21477311023550566,0.23656668114402687,0.5486602086204676,0.22456519397320451,0.21698251366862911,0.5584522923581664
776,2023-2024,2023-08-20,Aston Villa,Everton,H,0.36682580337762022,0.35208943068355181,0.28108476593882809,0.37030522095368362,0.35052154436205368,0.27917323468426269,0.39604688977345204,0.33043702251506119,0.27351608771148672,0.45657894736842103,0.23026315789473684,0.31315789473684208,0.54288774805690121,0.22303297553574253,0.23407927640735621,0.605610054216561,0.23411074752995328,0.16027919825348588,0.61692915767159295,0.21147254061988946,0.17159830170851781
777,2023-2024,2023-08-20,West Ham,Chelsea,H,0.42199864989385777,0.28782704696122891,0.29017430314491333,0.42559097520110695,0.2868616171502234,0.2875474076486696,0.40274264936575171,0.29897422116311201,0.29828312947113617,0.45657894736842103,0.23026315789473684,0.31315789473684208,0.42936343456477766,0.23685247184853861,0.33378409358668365,0.4224913859359517,0.28868991734146576,0.28881869672258259,0.4362071277266778,0.26125843376001362,0.30253443851330869
778,2023-2024,2023-08-21,Crystal Palace,Arsenal,A,0.40328900807107282,0.2423161390718141,0.35439485285711303,0.40099714154478566,0.24748354916081924,0.35151930929439507,0.42099360776863587,0.22640406099664953,0.35260233123471463,0.45657894736842103,0.23026315789473684,0.31315789473684208,0.33394672605768067,0.23686252141153943,0.42919075253077993,0.27050223974878085,0.25299331919810197,0.47650444105311734,0.2830303077516596,0.22793718319234449,0.4890325090559961
779,2023-2024,2023-08-25,Chelsea,Luton Town,H,0.55954096543722032,0.24256739690445811,0.19789163765832163,0.56361420846567956,0.25036619042694308,0.18601960110737734,0.56702640604948462,0.25996628223504981,0.17300731171546543,0.45657894736842103,0.23026315789473684,0.31315789473684208,0.43251772180536002,0.23666282654360948,0.33081945165103055,0.63072156897507436,0.20594048352868491,0.16333794749624084,0.64216705314097233,0.18304951519688892,0.17478343166213883
780,2023-2024,2023-08-26,Arsenal,Fulham,D,0.68637366865196281,0.16864410245203734,0.14498222889599982,0.68987711406844499,0.16645994470926656,0.14366294122228843,0.69497241405263177,0.16477999316405484,0.14024759278331353,0.45657894736842103,0.23026315789473684,0.31315789473684208,0.57463511039464044,0.21666532924069354,0.20869956036466608,0.68805219800828776,0.17690677693731255,0.13504102505439988,0.69763531348294416,0.15774054598799916,0.14462414052905651
781,2023-2024,2023-08-26,Bournemouth,Tottenham,A,0.23673989980983079,0.30988415586510104,0.45337594432506811,0.23734412630463944,0.30683304296918745,0.45582283072617324,0.22167541960407339,0.31039185826564125,0.46793272213028542,0.45657894736842103,0.23026315789473684,0.31315789473684208,0.34735255245022728,0.2375660843228147,0.41508136322695793,0.22776720334956724,0.21163177409636119,0.56060102255407152,0.23884229132232498,0.1894815981508457,0.57167611052682921
782,2023-2024,2023-08-26,Brentford,Crystal Palace,D,0.53254908496029074,0.23167027196679582,0.23578064307291333,0.53491927094744895,0.22821983347132699,0.23686089558122395,0.52246097078645648,0.23494148220163713,0.24259754701190633,0.45657894736842103,0.23026315789473684,0.31315789473684208,0.5075010167252858,0.2288548384424697,0.26364414483224441,0.56511480895019628,0.27012292574361685,0.16476226530618707,0.57864192652454394,0.24306869059492134,0.17828938288053478
783,2023-2024,2023-08-26,Brighton,West Ham,A,0.60654395677316186,0.23449893031017158,0.1589571129166665,0.60486148032126286,0.23524108353353065,0.15989743614520655,0.61261723884265951,0.23140936518836502,0.15597339596897553,0.45657894736842103,0.23026315789473684,0.31315789473684208,0.5257462240972085,0.22602150997951218,0.24823226592327935,0.61878697139085748,0.18838502303925961,0.19282800556988275,0.62802795847339798,0.16990304887417873,0.2020689926524232
784,2023-2024,2023-08-26,Everton,Wolves,A,0.39414532980072098,0.29602765814062787,0.3098270120586511,0.39736893434453474,0.29355684834446416,0.3090742173110011,0.34451076395684688,0.32818808848728281,0.32730114755587042,0.45657894736842103,0.23026315789473684,0.31315789473684208,0.43006480593771257,0.23681129891362027,0.33312389514866725,0.42020791553107756,0.29894647319449791,0.28084561127442464,0.43583566188434425,0.26769098048796458,0.29647335762769128
785,2023-2024,2023-08-26,Manchester Utd,Nottingham,H,0.50142554127500172,0.27668135656102899,0.22189310216396924,0.50349970063993887,0.27349047458717979,0.22300982477288145,0.49158561743688811,0.28424659314307454,0.22416778942003729,0.45657894736842103,0.23026315789473684,0.31315789473684208,0.55541561979281362,0.22064934489721116,0.22393503530997511,0.59650662026370516,0.23661883307764017,0.16687454665865459,0.60950836307782941,0.21061534744939195,0.1798762894727787
786,2023-2024,2023-08-27,Burnley,Aston Villa,A,0.26922034438127057,0.30891478532750388,0.42186487029122549,0.26117589763301735,0.29619065321925514,0.44263344914772751,0.25785540284344211,0.30338229063678568,0.43876230651977227,0.45657894736842103,0.23026315789473684,0.31315789473684208,0.39832629785169876,0.23809541596140446,0.36357828618689669,0.11129245404270065,0.21739983994692644,0.67130770601037293,0.1222934872336561,0.1953977735650155,0.68230873920132851
787,2023-2024,2023-08-27,Newcastle,Liverpool,A,0.49321703515404586,0.2649821400308161,0.24180082481513798,0.49518961141136031,0.25631973335532998,0.24849065523330971,0.4916925290928047,0.26899369370657156,0.23931377720062383,0.45657894736842103,0.23026315789473684,0.31315789473684208,0.42166891340395024,0.23726660441503739,0.34106448218101237,0.52183585785883113,0.22649963886085289,0.25166450328031598,0.53375105405736323,0.20266924646378875,0.26357969947884802
788,2023-2024,2023-08-27,Sheffield United,Manchester City,A,0.14914847683295851,0.23044031540053389,0.6204112077665076,0.15046771059797626,0.22964048997222047,0.61989179942980321,0.14941360847293209,0.21810234104042159,0.63248405048664635,0.45657894736842103,0.23026315789473684,0.31315789473684208,0.25463155536460325,0.22724970865996827,0.51811873597542846,0.026621488965124198,0.11087282751778445,0.86250568351709145,0.031484245821015118,0.1011473138060026,0.86736844037298222
789,2023-2024,2023-09-01,Luton Town,West Ham,A,0.19903874344537889,0.33694674894896059,0.46401450760566049,0.195079546456004,0.33060313484294496,0.47431731870105098,0.19786855605597073,0.32473963875409539,0.47739180518993379,0.45657894736842103,0.23026315789473684,0.31315789473684208,0.43629579585768108,0.23642055939726966,0.32728364474504928,0.05013454980960088,0.11266782778234066,0.83719762240805851,0.056380983820815321,0.10017495975991178,0.84344405641927289
790,2023-2024,2023-09-02,Brentford,Bournemouth,D,0.63636959317010788,0.21346954848178268,0.15016085834810952,0.63871976393942198,0.21092075764822626,0.15035947841235173,0.66997815633139357,0.18800472669053667,0.14201711697806982,0.45657894736842103,0.23026315789473684,0.31315789473684208,0.55840238354881122,0.22005622086421486,0.22154139558697389,0.72371430563802763,0.1854080095635933,0.090877684798378974,0.73353171520055638,0.16577319043853589,0.10069509436090768
791,2023-2024,2023-09-02,Brighton,Newcastle,H,0.51824491512377602,0.22939874133332994,0.25235634354289399,0.51706861679474003,0.23039863787413545,0.25253274533112463,0.51494194778691005,0.23452519234222796,0.25053285987086193,0.45657894736842103,0.23026315789473684,0.31315789473684208,0.41987002781163435,0.23735344891442434,0.34277652327394131,0.31941340105130106,0.22279801495051099,0.457788583998188,0.33041512096327469,0.20079457512656373,0.46879030391016152
792,2023-2024,2023-09-02,Burnley,Tottenham,A,0.16472988105298678,0.26759848720522916,0.56767163174178403,0.16214338568806924,0.26012242063491681,0.57773419367701395,0.1636014632658673,0.2597497450076332,0.57664879172649941,0.45657894736842103,0.23026315789473684,0.31315789473684208,0.37159461542511418,0.23823032105374839,0.39017506352113746,0.10443411157516856,0.15109639318738421,0.74446949523744721,0.11237961726145226,0.13520538181481687,0.75241500092373093
793,2023-2024,2023-09-02,Chelsea,Nottingham,A,0.51850798689263777,0.27269497778032986,0.20879703532703234,0.52138380996702105,0.27715859403875764,0.20145759599422136,0.51063846890705367,0.30998266439979022,0.1793788666931562,0.45657894736842103,0.23026315789473684,0.31315789473684208,0.47067412355456395,0.23347067573449654,0.29585520071093946,0.4638246714532569,0.26002096274474507,0.27615436580199809,0.47814651127208102,0.23137728310709668,0.29047620562082227
794,2023-2024,2023-09-02,Manchester City,Fulham,H,0.72413838482806614,0.15658107227422305,0.11928054289771083,0.72659485440145621,0.15452671398160228,0.11887843161694139,0.74007646577077224,0.14246951910462483,0.11745401512460282,0.45657894736842103,0.23026315789473684,0.31315789473684208,0.62728988938752683,0.20370937500855654,0.16900073560391671,0.76717209586623958,0.15414048915552939,0.078687414978231063,0.77563811831684037,0.13720844425432785,0.087153437428831804
795,2023-2024,2023-09-02,Sheffield United,Everton,D,0.50048668076353164,0.27580423552645078,0.22370908371001755,0.49696620731562596,0.27186765472963847,0.23116613795473562,0.50965908891608569,0.26346910055029671,0.22687181053361768,0.45657894736842103,0.23026315789473684,0.31315789473684208,0.49804049450693211,0.23018211084663401,0.27177739464643386,0.40786097849097491,0.31445380737353928,0.27768521413548575,0.42324850411773307,0.28367875612002291,0.29307273976224391
796,2023-2024,2023-09-03,Arsenal,Manchester Utd,H,0.56800757724420736,0.22026575427203951,0.21172666848375321,0.57664638477790775,0.22057633794057208,0.20277727728152012,0.55153447601537464,0.2404126443171597,0.20805287966746566,0.45657894736842103,0.23026315789473684,0.31315789473684208,0.48250613258391395,0.23214983941351197,0.28534402800257402,0.53689583978704725,0.23251711043758355,0.23058704977536923,0.55117495557065144,0.20395887887037506,0.24486616555897348
797,2023-2024,2023-09-03,Crystal Palace,Wolves,H,0.45258451774099168,0.25556422379602811,0.29185125846298016,0.46142533590784679,0.25728346538837527,0.28129119870377806,0.41813151901425971,0.29229684741774692,0.28957163356799337,0.45657894736842103,0.23026315789473684,0.31315789473684208,0.48016298687239539,0.23242367897028537,0.28741333415731918,0.52802159116531866,0.30023648195903352,0.17174192687564785,0.5431268629021837,0.27002593848530348,0.18684719861251289
798,2023-2024,2023-09-03,Liverpool,Aston Villa,H,0.54671193334243551,0.24390256724546072,0.20938549941210385,0.54907755268495917,0.23655641887890716,0.2143660284361337,0.56050482298115789,0.23979612511410409,0.19969905190473811,0.45657894736842103,0.23026315789473684,0.31315789473684208,0.51453476131941589,0.22780514027473114,0.25766009840585291,0.56217625896686529,0.21646099708125807,0.22136274395187663,0.57506862023554628,0.19067627454389605,0.23425510522055765
799,2023-2024,2023-09-16,Aston Villa,Crystal Palace,H,0.43398255976315514,0.3057395688826321,0.26027787135421288,0.4297466791354364,0.30616046694031712,0.26409285392424642,0.42164606687773043,0.31055305131812111,0.26780088180414835,0.45657894736842103,0.23026315789473684,0.31315789473684208,0.49050012289687012,0.23117021671276228,0.27832966039036761,0.47982512712453507,0.27386608012872743,0.24630879274673748,0.49667151800724363,0.24017329836331031,0.26315518362944607
800,2023-2024,2023-09-16,Fulham,Luton Town,H,0.51459896720754073,0.23643866396357929,0.2489623688288799,0.51210746622895265,0.24387948772628681,0.24401304604476062,0.5126330738016408,0.25006005735599229,0.23730686884236704,0.45657894736842103,0.23026315789473684,0.31315789473684208,0.47482083885222143,0.23302537668773812,0.29215378446004042,0.83858473517237853,0.10773548723987394,0.053679777587747612,0.84529034078093468,0.094324276022761513,0.060385383196303828
801,2023-2024,2023-09-16,Manchester Utd,Brighton,A,0.33360025546932093,0.26765140722482217,0.39874833730585701,0.32920734430102733,0.26713010493054962,0.40366255076842311,0.34826110116542791,0.23992690465366465,0.41181199418090736,0.45657894736842103,0.23026315789473684,0.31315789473684208,0.47313819832115767,0.23320836525603186,0.2936534364228105,0.42282949827731076,0.23689138138573637,0.34027912033695284,0.43707975504876118,0.20839086784283559,0.35452937710840321
802,2023-2024,2023-09-16,Newcastle,Brentford,H,0.39623872202251126,0.26267988695332017,0.34108139102416868,0.38710288414524613,0.26511631756643383,0.34778079828831993,0.42039406449199906,0.27235330408990654,0.30725263141809439,0.45657894736842103,0.23026315789473684,0.31315789473684208,0.46476020800213119,0.23407271427970855,0.3011670777181602,0.49854366567989766,0.25098734624901797,0.25046898807108425,0.51438342699915995,0.2193078236104932,0.2663087493903466
803,2023-2024,2023-09-16,Tottenham,Sheffield United,H,0.67844368207081052,0.19029402591225122,0.13126229201693831,0.67508658101124441,0.19113628406446462,0.13377713492429094,0.67489316664945331,0.18750468040610829,0.13760215294443839,0.45657894736842103,0.23026315789473684,0.31315789473684208,0.5479237391540549,0.22209502668107961,0.22998123416486541,0.77842555110120926,0.12729236797426149,0.09428208092452911,0.78519656189192655,0.11375034639282691,0.10105309171524639
804,2023-2024,2023-09-16,West Ham,Manchester City,A,0.29576197185107778,0.24816723363025961,0.4560707945186625,0.28564955847634316,0.24287126563453396,0.47147917588912286,0.28032468387850329,0.23307279950391568,0.48660251661758103,0.45657894736842103,0.23026315789473684,0.31315789473684208,0.26933192541530621,0.22979489716429424,0.5008731774203995,0.15341824967939338,0.21012781347789408,0.63645393684271256,0.16667927824533413,0.18360575634601264,0.64971496540865326
805,2023-2024,2023-09-16,Wolves,Liverpool,A,0.16300345504736494,0.2398331913819319,0.59716335357070316,0.15947741869563423,0.23814239954714816,0.60238018175721764,0.16348911952284273,0.24920123334769007,0.5873096471294672,0.45657894736842103,0.23026315789473684,0.31315789473684208,0.28064142785310064,0.23150191310648777,0.48785665904041159,0.12923791593029493,0.18768315808982786,0.68307892597987729,0.14105739528991895,0.16404419937057987,0.69489840533950131
806,2023-2024,2023-09-17,Bournemouth,Chelsea,D,0.33662858807830492,0.31190140247473791,0.35147000944695711,0.33330105854111158,0.3142418062821562,0.35245713517673233,0.29861873010067458,0.32807531080589647,0.37330595909342895,0.45657894736842103,0.23026315789473684,0.31315789473684208,0.41411281082179158,0.23760580176933679,0.3482813874088716,0.32464466273440301,0.30440831853407235,0.37094701873152464,0.34565044681374574,0.26239675037538701,0.39195280281086736
807,2023-2024,2023-09-17,Everton,Arsenal,A,0.1606328594739703,0.2434165910628513,0.59595054946317849,0.15567949152190613,0.23351631135347695,0.61080419712461687,0.15893013711268697,0.21241710930947924,0.62865275357783379,0.45657894736842103,0.23026315789473684,0.31315789473684208,0.2530900587523997,0.22696067017670496,0.51994927107089528,0.12562877192085903,0.18223079958997906,0.69214042848916202,0.13904596447136466,0.15539641448896788,0.70555762103966768
808,2023-2024,2023-09-18,Nottingham,Burnley,D,0.60000600653297675,0.21413224416908008,0.18586174929794322,0.58935552796516133,0.22217563007756913,0.18846884195726957,0.57581404534654623,0.23009470666799198,0.19409124798546168,0.45657894736842103,0.23026315789473684,0.31315789473684208,0.45563046820102548,0.23492544101224691,0.30944409078672774,0.7256377354758341,0.15404451728263918,0.12031774724152695,0.73566679729973161,0.13398639363484416,0.13034680906542448
809,2023-2024,2023-09-23,Brentford,Everton,A,0.5902185949318709,0.23142593216333265,0.17835547290479642,0.58372097927190136,0.23860983911864769,0.17766918160945083,0.6018582091823671,0.22396969569540007,0.17417209512223283,0.45657894736842103,0.23026315789473684,0.31315789473684208,0.56434728868550998,0.21884718693625804,0.21680552437823189,0.68892402822934884,0.20873177429860271,0.10234419747204837,0.70167716520013101,0.18322550035703827,0.11509733444283057
810,2023-2024,2023-09-23,Burnley,Manchester Utd,A,0.31809924405396839,0.26518836901038556,0.41671238693564605,0.31624835480878277,0.27438384349637346,0.40936780169484388,0.30641557539301134,0.28523637768760701,0.4083480469193817,0.45657894736842103,0.23026315789473684,0.31315789473684208,0.35636292588613244,0.23790285401650679,0.40573422009736076,0.19089745060261071,0.21581858183910416,0.59328396755828505,0.20495728341998959,0.18769891620434637,0.60734380037566393
811,2023-2024,2023-09-23,Crystal Palace,Fulham,D,0.42973041720058297,0.26485184255803307,0.30541774024138396,0.4285536883616789,0.26917088187277793,0.30227542976554306,0.43827498570650475,0.26335986539535389,0.29836514889814142,0.45657894736842103,0.23026315789473684,0.31315789473684208,0.43660688593851849,0.23639987880911686,0.32699323525236468,0.44736525202169281,0.27013684465156174,0.28249790332674557,0.46502196708043642,0.23482341453407443,0.30015461838548924
812,2023-2024,2023-09-23,Luton Town,Wolves,D,0.36684391090081897,0.28556779640317709,0.34758829269600389,0.3659858771095531,0.28923115673777572,0.34478296615267123,0.34330623813735311,0.3185868607484304,0.33810690111421648,0.45657894736842103,0.23026315789473684,0.31315789473684208,0.46364174440318001,0.23418219336915644,0.30217606222766358,0.18184002370353874,0.28159713737673675,0.53656283891972467,0.19834705871742511,0.24858306734896404,0.55306987393361107
813,2023-2024,2023-09-23,Manchester City,Nottingham,H,0.74021868892016451,0.1631806883908217,0.096600622689013732,0.73805065538423198,0.16553842573294913,0.096410918882818789,0.72505719543908198,0.17302239197046285,0.1019204125904552,0.45657894736842103,0.23026315789473684,0.31315789473684208,0.6603793121755388,0.1940104868437279,0.14561020098073341,0.85496021331755478,0.10153243702550656,0.043507349656938657,0.86164535788763941,0.088162147885337355,0.050192494227023259
814,2023-2024,2023-09-24,Arsenal,Tottenham,D,0.48471378980899177,0.22940681711259184,0.28587939307841653,0.48824471176764073,0.22973321641047517,0.2820220718218841,0.48541981694990749,0.23326915099677348,0.28131103205331898,0.45657894736842103,0.23026315789473684,0.31315789473684208,0.50947564841812554,0.22856555544728513,0.26195879613458928,0.60738984329736578,0.18024844687023089,0.21236170983240346,0.61494787659386885,0.16513238027722488,0.21991974312890653
815,2023-2024,2023-09-24,Brighton,Bournemouth,H,0.66936113927697982,0.19998394124201543,0.13065491948100477,0.67169854061029788,0.19938357919521707,0.12891788019448502,0.70350946124582736,0.18285507974702711,0.11363545900714545,0.45657894736842103,0.23026315789473684,0.31315789473684208,0.57232848461393926,0.21716440437549733,0.21050711101056349,0.75587584850760769,0.14770622030760819,0.096417931184784395,0.76383387322372587,0.13179017087537204,0.10437595590090247
816,2023-2024,2023-09-24,Chelsea,Aston Villa,A,0.36964576618339279,0.28340715014561363,0.34694708367099364,0.3735464522354085,0.28519777414850972,0.34125577361608173,0.38554317913431074,0.31219731458074107,0.30225950628494813,0.45657894736842103,0.23026315789473684,0.31315789473684208,0.36862175703162825,0.23818991354513105,0.39318832942324067,0.28124043477812777,0.28069581547078687,0.43806374975108531,0.29649774106343596,0.25018120290017054,0.4533210560363935
817,2023-2024,2023-09-24,Liverpool,West Ham,H,0.59934910346346049,0.21804431430124097,0.18260658223529849,0.60218330840433143,0.21753023812646644,0.18028645346920222,0.62797794956437636,0.20355157789711231,0.16847047253851133,0.45657894736842103,0.23026315789473684,0.31315789473684208,0.58174803023612498,0.2150903314935044,0.20316163827037076,0.68727909433886436,0.17025871968176665,0.1424621859793691,0.69597540784887879,0.15286609266173767,0.15115849948938359
818,2023-2024,2023-09-24,Sheffield United,Newcastle,A,0.30568876760265989,0.27794304792190733,0.41636818447543272,0.30886284826091809,0.27884952034347193,0.41228763139560998,0.3090047258228491,0.28190209497034618,0.40909317920680471,0.45657894736842103,0.23026315789473684,0.31315789473684208,0.34058093405929413,0.23724135316911746,0.42217771277158844,0.16146888116739877,0.21725216404003167,0.62127895479256967,0.17355527708226559,0.19307937221029803,0.63336535070743649
819,2023-2024,2023-09-30,Aston Villa,Brighton,H,0.38516892918570672,0.26708239279304363,0.34774867802124959,0.38665112259201279,0.26560660369587441,0.3477422737121128,0.39842418075460845,0.23853826206304821,0.36303755718234332,0.45657894736842103,0.23026315789473684,0.31315789473684208,0.44017327484796742,0.23615485919571272,0.32367186595631992,0.42050710337440961,0.21867460337623848,0.36081829324935222,0.4311581556352157,0.19737249885462593,0.37146934551015837
820,2023-2024,2023-09-30,Bournemouth,Arsenal,A,0.18269784101342573,0.23861980963745447,0.57868234934911977,0.18489335600842888,0.23813722235635862,0.57696942163521259,0.18310864461897103,0.22379656928370398,0.59309478609732491,0.45657894736842103,0.23026315789473684,0.31315789473684208,0.2586300179311673,0.22797956425612914,0.51339041781270367,0.14048243033788854,0.19519449529842575,0.66432307436368587,0.15166165850368535,0.17283603896683206,0.67550230252948262
821,2023-2024,2023-09-30,Everton,Luton Town,A,0.4648494413519445,0.26169532831805281,0.27345523033000257,0.46747608925360196,0.25941088809095353,0.27311302265544452,0.46226081076833037,0.2545771029382265,0.28316208629344314,0.45657894736842103,0.23026315789473684,0.31315789473684208,0.41982715192099784,0.23735547250357245,0.34281737557542974,0.62032465370829459,0.24599141615691178,0.13368393013479374,0.63305320834077705,0.22053430689194697,0.14641248476727614
822,2023-2024,2023-09-30,Manchester Utd,Crystal Palace,A,0.48640830339698216,0.25494111314244877,0.25865058346056913,0.4884982061447366,0.25231616935584844,0.25918562449941496,0.49000761436922385,0.25448705886473361,0.2555053267660426,0.45657894736842103,0.23026315789473684,0.31315789473684208,0.52837302015848031,0.22558403122331638,0.24604294861820328,0.45210893836779786,0.29800898776758572,0.24988207386461639,0.46783162808487971,0.26656360833342202,0.26560476358169821
823,2023-2024,2023-09-30,Newcastle,Burnley,H,0.69697871853303406,0.17648592284007183,0.12653535862689411,0.69984709980653292,0.17456888185565617,0.12558401833781085,0.7048747276664874,0.17591999728197341,0.11920527505153926,0.45657894736842103,0.23026315789473684,0.31315789473684208,0.56302751923304328,0.21911886594054911,0.21785361482640755,0.90570009265988416,0.068221235200345745,0.026078672139770189,0.90959664667535833,0.060428127169397369,0.029975226155244377
824,2023-2024,2023-09-30,Tottenham,Liverpool,H,0.39421074503804682,0.25344051116580646,0.35234874379614678,0.39303846796615416,0.25554038902120008,0.35142114301264565,0.37855394160800532,0.25121874633217856,0.37022731205981613,0.45657894736842103,0.23026315789473684,0.31315789473684208,0.38414644384993085,0.23827757160634747,0.3775759845437216,0.27871953827959772,0.20076113425512768,0.52051932746527474,0.28774313154177228,0.18271394773077865,0.52954292072744935
825,2023-2024,2023-09-30,West Ham,Sheffield United,H,0.57949772938120414,0.21531918763712549,0.20518308298167054,0.58288582894375629,0.21386712140121963,0.20324704965502416,0.57683044777947745,0.21456473939325049,0.20860481282727203,0.45657894736842103,0.23026315789473684,0.31315789473684208,0.49076263342056237,0.23113686001220984,0.27810050656722773,0.81808526262630188,0.1119629608299476,0.069951776543750621,0.82388113191047807,0.10037122226159531,0.075747645827926771
826,2023-2024,2023-09-30,Wolves,Manchester City,H,0.11346129478107735,0.19756290974429361,0.68897579547462906,0.11448613214746893,0.19641030977521498,0.68910355807731605,0.1247487434988328,0.1971292268308007,0.67812202967036639,0.45657894736842103,0.23026315789473684,0.31315789473684208,0.21264034509308599,0.21774407190021319,0.5696155830067009,0.057570175240831412,0.13628808114463276,0.80614174361453583,0.065232923393082398,0.1209625848401308,0.81380449176678682
827,2023-2024,2023-10-01,Nottingham,Brentford,D,0.36771105516948732,0.26230085516603563,0.36998808966447705,0.37766966732847562,0.26636382848796919,0.35596650418355508,0.39387338404066136,0.26441998484807711,0.34170663111126154,0.45657894736842103,0.23026315789473684,0.31315789473684208,0.40143090339345416,0.23802277370006988,0.36054632290647592,0.27665092113659573,0.26029316574287481,0.46305591312052929,0.29364822135657914,0.22629856530290787,0.48005321334051276
828,2023-2024,2023-10-02,Fulham,Chelsea,A,0.42510427412789903,0.27244386264360881,0.3024518632284921,0.42096756337063701,0.27846990101862734,0.3005625356107357,0.40584686508148854,0.29732732045960492,0.2968258144589066,0.45657894736842103,0.23026315789473684,0.31315789473684208,0.49134057452743668,0.23106315657194032,0.27759626890062306,0.42234539266283061,0.30998339463438696,0.26767121270278244,0.43853170096685351,0.27761077802634126,0.28385752100680528
829,2023-2024,2023-10-03,Luton Town,Burnley,A,0.50788609603544976,0.23829132241630624,0.25382258154824394,0.51198238175206834,0.24018510785227204,0.24783251039565968,0.51135217434456304,0.23965874928969388,0.24898907636574302,0.45657894736842103,0.23026315789473684,0.31315789473684208,0.46385986722107769,0.23416095235469647,0.30197918042422572,0.41397308303975677,0.28390652684494261,0.30212039011530067,0.43038561856392421,0.25108145579660768,0.31853292563946811
830,2023-2024,2023-10-07,Burnley,Chelsea,A,0.30155520617328019,0.27754876313394533,0.42089603069277454,0.31054350484037307,0.28083331755849428,0.40862317760113259,0.3082348195844597,0.29153189207288871,0.40023328834265159,0.45657894736842103,0.23026315789473684,0.31315789473684208,0.43839607001656877,0.23627878029798782,0.32532514968544335,0.23354635629031559,0.30032820645118879,0.4661254372584957,0.24960548616914022,0.26820994669353954,0.48218456713732033
831,2023-2024,2023-10-07,Crystal Palace,Nottingham,D,0.47860611946645121,0.2597231164318709,0.26167076410167794,0.47618091137173979,0.26117136701635141,0.26264772161190869,0.45363737225819906,0.27851990732197274,0.26784272041982832,0.45657894736842103,0.23026315789473684,0.31315789473684208,0.48503736025862404,0.23184723510743876,0.28311540463393731,0.45974292819278584,0.29227845385316337,0.24797861795405066,0.47597216633993877,0.2598199775588575,0.26420785610120362
832,2023-2024,2023-10-07,Everton,Bournemouth,H,0.43094873448889354,0.27492581059036614,0.29412545492074021,0.43299323146783264,0.27272500471347316,0.29428176381869409,0.45718104906691648,0.25174976174718056,0.29106918918590291,0.45657894736842103,0.23026315789473684,0.31315789473684208,0.44115582347528903,0.2360847962960512,0.32275938022865974,0.42903884133482856,0.2935783258153441,0.27738283284982751,0.44557572302845105,0.26050456242809905,0.29391971454345001
833,2023-2024,2023-10-07,Fulham,Sheffield United,H,0.52314162544555132,0.22823772236995821,0.24862065218449045,0.52714212303140862,0.22717075548729457,0.2456871214812969,0.52738367684159493,0.23207634264164659,0.2405399805167584,0.45657894736842103,0.23026315789473684,0.31315789473684208,0.49868445379818432,0.23009485172981495,0.27122069447200076,0.71956292122289633,0.17457923697726435,0.10585784179983931,0.72994872183077275,0.15380763576151152,0.11624364240771573
834,2023-2024,2023-10-07,Luton Town,Tottenham,A,0.21165716586850089,0.26135471060623444,0.5269881235252647,0.21823514844771422,0.26634126590783436,0.51542358564445145,0.21913307716989322,0.2653180731201239,0.51554884970998294,0.45657894736842103,0.23026315789473684,0.31315789473684208,0.31932882046569633,0.23581071664124886,0.44486046289305486,0.089001671102822685,0.13306758025022009,0.77793074864695722,0.096333875524357349,0.1184031714071508,0.78526295306849192
835,2023-2024,2023-10-07,Manchester Utd,Brentford,H,0.44056938383295524,0.23898409277064167,0.32044652339640323,0.44232554807061319,0.23663760941615836,0.3210368425132285,0.47426783828043445,0.22368723696249435,0.30204492475707134,0.45657894736842103,0.23026315789473684,0.31315789473684208,0.48845296696940299,0.23142775791854028,0.2801192751120567,0.36811276896644213,0.28574950784363401,0.34613772318992392,0.38475040718944503,0.25247423139762826,0.36277536141292682
836,2023-2024,2023-10-08,Arsenal,Manchester City,H,0.46738617664167348,0.206095449487183,0.32651837387114357,0.47790475583937497,0.20816659361014209,0.31392865055048297,0.4766416357999716,0.20085073394247585,0.32250763025755258,0.45657894736842103,0.23026315789473684,0.31315789473684208,0.3984374400340816,0.23809301691378085,0.36346954305213747,0.31715479075168124,0.23996839338183182,0.44287681586648692,0.33091293926573201,0.21245209635373027,0.45663496438053769
837,2023-2024,2023-10-08,Brighton,Liverpool,D,0.41038797046269865,0.25418048489457012,0.33543154464273134,0.41666304059268616,0.24872555625345627,0.33461140315385757,0.40470594120906561,0.25787395649474532,0.33742010229618896,0.45657894736842103,0.23026315789473684,0.31315789473684208,0.37973472274696146,0.23828353441836458,0.3819817428346739,0.29670042199667129,0.19259254903259718,0.51070702897073161,0.30439846156741895,0.17719646989110185,0.51840506854147927
838,2023-2024,2023-10-08,West Ham,Newcastle,D,0.32550952589774435,0.26401345029005252,0.41047702381220313,0.33173630462340609,0.25915557157983793,0.40910812379675593,0.3207996388240501,0.2595759040322998,0.41962445714365004,0.45657894736842103,0.23026315789473684,0.31315789473684208,0.3646704768903391,0.23811866263182449,0.39721086047783644,0.20449133624737739,0.22580399295482054,0.56970467079780196,0.21777256114512858,0.19924154315931819,0.58298589569555315
839,2023-2024,2023-10-08,Wolves,Aston Villa,D,0.26409165860283251,0.27313740065192277,0.46277094074524477,0.26358706305343421,0.26388751750952488,0.47252541943704096,0.27495516119293811,0.28228317883855725,0.44276165996850464,0.45657894736842103,0.23026315789473684,0.31315789473684208,0.33922818573495939,0.23716901527599268,0.42360279898904796,0.17374739909801515,0.21132442002815011,0.61492818087383505,0.18616887443967392,0.18648146934483262,0.62734965621549377
840,2023-2024,2023-10-21,Bournemouth,Wolves,A,0.29421615163346326,0.29132307777568328,0.41446077059085351,0.28922136626161321,0.28995626182442086,0.42082237191396588,0.23818512382756277,0.32912152599425631,0.43269335017818089,0.45657894736842103,0.23026315789473684,0.31315789473684208,0.39841946580794502,0.23809340591032591,0.36348712828172908,0.29030596936197151,0.28776815165503145,0.42192587898299694,0.30612230602278478,0.25613547833340494,0.43774221564381022
841,2023-2024,2023-10-21,Brentford,Burnley,H,0.51072176451471396,0.23290223728417361,0.25637599820111234,0.50533954656727509,0.23309547321403998,0.26156498021868496,0.50805741591126463,0.22776520772706105,0.26417737636167438,0.45657894736842103,0.23026315789473684,0.31315789473684208,0.50185615707184428,0.22965848901809963,0.26848535391005607,0.75523599517739437,0.15109496751027393,0.093669037312331546,0.76371946213707254,0.13412803359091741,0.10215250427200978
842,2023-2024,2023-10-21,Chelsea,Arsenal,D,0.26944043292813052,0.23663070925754515,0.49392885781432422,0.26215086143840338,0.23832690553598493,0.49952223302561177,0.3008960317026404,0.24124037315949418,0.45786359513786534,0.45657894736842103,0.23026315789473684,0.31315789473684208,0.29278167999255622,0.23310242088369157,0.47411589912375224,0.2288299972096553,0.25440696866822543,0.51676303412211932,0.24324196019777777,0.22558304269198046,0.53117499711024174
843,2023-2024,2023-10-21,Liverpool,Everton,H,0.62727289817577692,0.22812802093267681,0.14459908089154633,0.62152814882524821,0.2300774029503268,0.14839444822442499,0.65767931427795434,0.2115742608547663,0.13074642486727941,0.45657894736842103,0.23026315789473684,0.31315789473684208,0.64002831361455359,0.20012008086632413,0.15985160551912225,0.78243346545247372,0.13873250075270832,0.078834033794818029,0.79026022697288956,0.1230789777118767,0.086660795315233824
844,2023-2024,2023-10-21,Manchester City,Brighton,H,0.59843136226082649,0.20875502598545814,0.19281361175371534,0.59343767002296699,0.20981939889691517,0.19674293108011798,0.61072969501802643,0.18368651119597612,0.20558379378599745,0.45657894736842103,0.23026315789473684,0.31315789473684208,0.56228604715553765,0.21927068080546411,0.21844327203899838,0.72339742997827894,0.15242865502072919,0.12417391500099188,0.73098669351293111,0.13725012795142491,0.13176317853564404
845,2023-2024,2023-10-21,Newcastle,Crystal Palace,H,0.58739173404036993,0.22310013165268366,0.18950813430694638,0.58288033723027155,0.22414860490215988,0.19297105786756855,0.5818041208701108,0.24154341018059125,0.17665246894929806,0.45657894736842103,0.23026315789473684,0.31315789473684208,0.526011002512763,0.22597774908473311,0.24801124840250388,0.62478865549487672,0.2391125039492468,0.13609884055587668,0.63742152634908888,0.2138467622408225,0.14873171141008881
846,2023-2024,2023-10-21,Nottingham,Luton Town,D,0.48653543593200244,0.25330722287986335,0.26015734118813444,0.48174973649733849,0.25389522424828009,0.26435503925438125,0.46869474233527147,0.26089140125114185,0.27041385641358667,0.45657894736842103,0.23026315789473684,0.31315789473684208,0.47296778883027174,0.23322672262838676,0.29380548854134159,0.59738911285285101,0.25556667912534148,0.14704420802180759,0.6105338029773324,0.22927729887637882,0.16018889814628892
847,2023-2024,2023-10-21,Sheffield United,Manchester Utd,A,0.2422941285060459,0.25474884416611765,0.50295702732783643,0.23519895393005494,0.2559703349085149,0.50883071116143019,0.22797640155412974,0.26589587794760289,0.50612772049826737,0.45657894736842103,0.23026315789473684,0.31315789473684208,0.31747158070351328,0.23565525972483786,0.44687315957164891,0.11366100377195645,0.17915599502218854,0.70718300120585509,0.12385825992259056,0.15876148272092039,0.71738025735648925
848,2023-2024,2023-10-22,Aston Villa,West Ham,H,0.53876628313416186,0.25469621475493115,0.20653750211090691,0.53881893168812434,0.25214513121219445,0.20903593709968121,0.54849363422077579,0.23710822821276745,0.2143981375664567,0.45657894736842103,0.23026315789473684,0.31315789473684208,0.51850862246280605,0.22718844919455905,0.25430292834263485,0.60362077146154935,0.20471566785778114,0.19166356068066939,0.61479835567112506,0.18236049943862978,0.2028411448902451
849,2023-2024,2023-10-23,Tottenham,Fulham,H,0.61286902021592293,0.21158677909610057,0.17554420068797652,0.60135428340140351,0.22018577375174289,0.17845994284685376,0.61139323538022217,0.21099387496626473,0.17761288965351305,0.45657894736842103,0.23026315789473684,0.31315789473684208,0.5442856842903907,0.22277533876751368,0.23293897694209564,0.62893916470189115,0.19634705162116989,0.17471378367693896,0.63980009083947209,0.1746251993460079,0.18557470981451998
850,2023-2024,2023-10-27,Crystal Palace,Tottenham,A,0.24026347092289213,0.26503738047048114,0.49469914860662673,0.23855818787937288,0.27248516962130581,0.48895664249932119,0.2401078446846126,0.27023344098924723,0.48965871432614022,0.45657894736842103,0.23026315789473684,0.31315789473684208,0.34225182473410587,0.23732725685066169,0.42042091841523238,0.26610561006767736,0.26907175654764637,0.46482263338467616,0.28140433134536252,0.23847431399227606,0.48012135466236133
851,2023-2024,2023-10-28,Arsenal,Sheffield United,H,0.768035775576698,0.13846389751610447,0.093500326907197479,0.76663543741044071,0.14069844035694151,0.092666122232617915,0.76893033881829342,0.13775568501279076,0.093313976168915735,0.45657894736842103,0.23026315789473684,0.31315789473684208,0.65828813499173922,0.19465976754984554,0.14705209745841522,0.95154353199893726,0.035076772891983653,0.013379695109079196,0.95335962700654431,0.031444582876769558,0.015195790116686241
852,2023-2024,2023-10-28,Bournemouth,Burnley,H,0.37117001961987789,0.26558490728554734,0.36324507309457471,0.37041517681871877,0.2697850836491083,0.35979973953217292,0.36044908635583961,0.27012954175797366,0.36942137188618662,0.45657894736842103,0.23026315789473684,0.31315789473684208,0.4039045243761672,0.23795656379389399,0.35813891182993879,0.47391807975092509,0.26428080879914484,0.26180111144993012,0.48893292043023989,0.23425112744051518,0.27681595212924492
853,2023-2024,2023-10-28,Chelsea,Brentford,A,0.41198488771306574,0.24953053544623896,0.33848457684069533,0.40990739541054716,0.25380502335663568,0.33628758123281716,0.44979346829655198,0.26354305343689527,0.28666347826655286,0.45657894736842103,0.23026315789473684,0.31315789473684208,0.42280489206803612,0.23720980991033483,0.33998529802162897,0.38115901524846257,0.28934270056870964,0.32949828418282762,0.39720128111367575,0.25725816883828329,0.34554055004804085
854,2023-2024,2023-10-28,Wolves,Newcastle,D,0.24031302511114289,0.25666735775863114,0.50301961713022603,0.23751633355963994,0.26434957050058122,0.49813409593977892,0.24870197714273587,0.27098100781768741,0.48031701503957669,0.45657894736842103,0.23026315789473684,0.31315789473684208,0.33503444436174629,0.23692879198532754,0.4280367636529262,0.13813983439544289,0.19675536440039321,0.66510480120416404,0.14937592983983328,0.17428317351161243,0.67634089664855446
855,2023-2024,2023-10-29,Aston Villa,Luton Town,H,0.69595438836781098,0.18793398941843384,0.11611162221375514,0.69893522130786356,0.18779663573008232,0.11326814296205397,0.69825663962517159,0.18524060989676849,0.11650275047805984,0.45657894736842103,0.23026315789473684,0.31315789473684208,0.57426763062325803,0.21674522206021185,0.20898714731653009,0.85085370610829014,0.10272354455382166,0.046422749337888244,0.85645892183235539,0.09151311310569113,0.052027965061953493
856,2023-2024,2023-10-29,Brighton,Fulham,D,0.56229182461433969,0.23476875578870315,0.20293941959695719,0.56455424439299018,0.23456109829512836,0.20088465731188138,0.57556663797335195,0.23493049796223067,0.1895028640644173,0.45657894736842103,0.23026315789473684,0.31315789473684208,0.50958461958121892,0.22854946824511446,0.26186591217366667,0.67290818264485408,0.17298175487284428,0.15411006248230166,0.68137133807502659,0.15605544401249927,0.16257321791247414
857,2023-2024,2023-10-29,Liverpool,Nottingham,H,0.65422024610544627,0.20837015282179261,0.13740960107276115,0.65648241278361597,0.20785916878247102,0.13565841843391294,0.65110828212558636,0.21947827694677677,0.12941344092763682,0.45657894736842103,0.23026315789473684,0.31315789473684208,0.60631340273589718,0.209231322093335,0.18445527517076796,0.77348347141868012,0.14534257977302345,0.081173948808296259,0.78141350365263451,0.12948251530511484,0.089103981042250535
858,2023-2024,2023-10-29,Manchester Utd,Manchester City,A,0.33729072333530113,0.22571491200643085,0.43699436465826813,0.34102284882567835,0.22658926864168702,0.43238788253263472,0.35285163850068701,0.20839781842840976,0.43875054307090317,0.45657894736842103,0.23026315789473684,0.31315789473684208,0.34059835719904091,0.23724226855843122,0.42215937424252786,0.18145021331946523,0.25203134606156341,0.56651844061897116,0.19479770054410872,0.22533637161227632,0.57986592784361468
859,2023-2024,2023-10-29,West Ham,Everton,A,0.46742719276908329,0.28314465526191712,0.24942815196899953,0.46932037184760744,0.28418080654872502,0.24649882160366748,0.48307028964067411,0.27764590595236693,0.23928380440695887,0.45657894736842103,0.23026315789473684,0.31315789473684208,0.51756448097546437,0.22733651157783502,0.25509900744670055,0.55938964065675956,0.23339964672881197,0.20721071261442842,0.57215267916047241,0.20787356972138632,0.21997375111814121
860,2023-2024,2023-11-04,Brentford,West Ham,H,0.51218190981229328,0.23815935586311693,0.24965873432458979,0.51395970973989447,0.23582817825572205,0.25021211200438354,0.51795178768493411,0.22379405751439652,0.25825415480066938,0.45657894736842103,0.23026315789473684,0.31315789473684208,0.49851337421906261,0.23011807775102425,0.27136854802991323,0.56103944557297902,0.22914586063184159,0.2098146937951792,0.57406136575440425,0.20310202026899116,0.2228366139766044
861,2023-2024,2023-11-04,Burnley,Crystal Palace,A,0.3126889465177275,0.25986706701824241,0.42744398646403009,0.31428762262757942,0.2573405536014956,0.42837182377092498,0.31051493789018525,0.26582087070435084,0.42366419140546402,0.45657894736842103,0.23026315789473684,0.31315789473684208,0.39691186793766758,0.23812463697215472,0.36496349509017778,0.21835896295046919,0.27348170903026142,0.50815932801926922,0.23328053827794648,0.24363855837530693,0.52308090334674651
862,2023-2024,2023-11-04,Everton,Brighton,D,0.34410225782635862,0.2466597947217303,0.40923794745191111,0.34730172431648232,0.24579731231222027,0.40690096337129739,0.34246504990676618,0.22283152872527712,0.4347034213679567,0.45657894736842103,0.23026315789473684,0.31315789473684208,0.33581119386688246,0.23697511408026026,0.42721369205285731,0.25595790793265888,0.22676895935037419,0.51727313271696673,0.26841121278051505,0.20186234965466185,0.52972643756482285
863,2023-2024,2023-11-04,Fulham,Manchester Utd,A,0.39323711170715209,0.24945565809531903,0.3573072301975288,0.39457346436395296,0.24791927979158451,0.35750725584446252,0.37793588546789636,0.27400801161868321,0.34805610291342043,0.45657894736842103,0.23026315789473684,0.31315789473684208,0.37904050530506234,0.2382822554663144,0.38267723922862318,0.37006296137917116,0.28931008032531075,0.3406269582955182,0.38609177604659783,0.2572524509904574,0.35665577296294482
864,2023-2024,2023-11-04,Manchester City,Bournemouth,H,0.76530458233134124,0.15841553539183453,0.076279882276824224,0.76693482327778384,0.15688430729504685,0.07618086942716927,0.79813559875519002,0.13187458718640024,0.06998981405840958,0.45657894736842103,0.23026315789473684,0.31315789473684208,0.70301129323307165,0.17967510567270967,0.11731360109421854,0.89288316723810657,0.081618414732396366,0.025498418029497073,0.8974017623806716,0.072581224447266293,0.03001701317206211
865,2023-2024,2023-11-04,Newcastle,Arsenal,H,0.44194106010249073,0.22672598226258325,0.33133295763492593,0.44010431928379418,0.22812792634374998,0.33176775437245587,0.47668028361524178,0.21845029987788128,0.30486941650687704,0.45657894736842103,0.23026315789473684,0.31315789473684208,0.38532484924385668,0.23827187433903413,0.37640327641710913,0.46920598605599367,0.22708796707418383,0.30370604686982239,0.4812308566444819,0.20303822589720735,0.31573091745831067
866,2023-2024,2023-11-04,Sheffield United,Wolves,H,0.26203485642356794,0.28270614292096152,0.45525900065547037,0.26273302066541571,0.27948677213674505,0.4577802071978393,0.24673568852500305,0.30787422494530925,0.4453900865296877,0.45657894736842103,0.23026315789473684,0.31315789473684208,0.39005582293967689,0.23823169066805192,0.37171248639227117,0.1514812371180414,0.19740215548605042,0.65111660739590826,0.1626538726567337,0.17505688440866585,0.66228924293460056
867,2023-2024,2023-11-05,Luton Town,Liverpool,D,0.20545031280258702,0.24676766489377114,0.54778202230364192,0.20822757668758013,0.24859020714223118,0.54318221617018869,0.20382268893665881,0.24955513671803214,0.54662217434530902,0.45657894736842103,0.23026315789473684,0.31315789473684208,0.26270869443848244,0.22869488349885173,0.50859642206266586,0.069907665765953253,0.1305448525716458,0.79954748166240108,0.078376761891537597,0.11360666032047713,0.80801657778798541
868,2023-2024,2023-11-05,Nottingham,Aston Villa,H,0.23947516607894437,0.29096070466323576,0.46956412925781998,0.23930149505531007,0.28208247929557784,0.4786160256491121,0.23365638882629094,0.29392067705888802,0.47242293411482089,0.45657894736842103,0.23026315789473684,0.31315789473684208,0.3297722977963215,0.23659290755432683,0.43363479464935162,0.18448254069383097,0.21717656963723747,0.59834088966893151,0.19859156267094433,0.18895852568301075,0.61244991164604479
869,2023-2024,2023-11-06,Tottenham,Chelsea,A,0.60770825228759406,0.2120855922104114,0.1802061555019944,0.60753025532222249,0.217887597070718,0.17458214760705945,0.59244494285428806,0.2215680856084275,0.18598697153728441,0.45657894736842103,0.23026315789473684,0.31315789473684208,0.57920576517301403,0.21565950690465968,0.20513472792232629,0.58729762798065466,0.22357874783334991,0.18912362418599532,0.60016870848772985,0.19783658681919958,0.20199470469307049
870,2023-2024,2023-11-11,Arsenal,Burnley,H,0.7559004058503983,0.14549949687476174,0.098600097274839912,0.75744879228901918,0.14399808300741887,0.098553124703561812,0.75991580990400731,0.14087513673712196,0.099209053358870716,0.45657894736842103,0.23026315789473684,0.31315789473684208,0.65147779881279755,0.19674003890344244,0.15178216228376004,0.93375597698967561,0.049438999372655973,0.016805023637668323,0.93665982262687375,0.043631308098259755,0.019708869274866429
871,2023-2024,2023-11-11,Bournemouth,Newcastle,H,0.15916904232990384,0.2532351208287818,0.58759583684131433,0.15820529710636458,0.25456773582439424,0.58722696706924116,0.14363299274971744,0.25174198416182964,0.6046250230884529,0.45657894736842103,0.23026315789473684,0.31315789473684208,0.26753849824565717,0.22950447475987579,0.50295702699446709,0.067583153340525198,0.13315445394868242,0.79926239271079236,0.075445998452491086,0.11742876372475064,0.80712523782275825
872,2023-2024,2023-11-11,Crystal Palace,Everton,A,0.46292144438918309,0.26444918692998387,0.27262936868083315,0.45897882868521162,0.25981585667683543,0.2812053146379529,0.48041564762896322,0.24769325468812084,0.27189109768291597,0.45657894736842103,0.23026315789473684,0.31315789473684208,0.50699479174060513,0.22892831989872073,0.26407688836067411,0.42241558751002722,0.32520503854608707,0.25237937394388554,0.43849880011778314,0.29303861333057551,0.2684625865516414
873,2023-2024,2023-11-11,Manchester Utd,Luton Town,H,0.59571913619545802,0.20170472106015072,0.20257614274439115,0.59759463386373679,0.19965136985233814,0.20275399628392501,0.6007668949232301,0.19607222936760221,0.20316087570916763,0.45657894736842103,0.23026315789473684,0.31315789473684208,0.5741805431300443,0.21676413426059879,0.20905532260935689,0.62103055900624327,0.23113445234477625,0.14783498864898034,0.63427475815017642,0.2046460540569103,0.16107918779291339
874,2023-2024,2023-11-11,Wolves,Tottenham,H,0.25569443402212172,0.24261651178903407,0.50168905418884413,0.25911994094021279,0.25057302950355259,0.49030702955623456,0.27681310689980049,0.25960303664830486,0.4635838564518947,0.45657894736842103,0.23026315789473684,0.31315789473684208,0.31931031637567897,0.23580919238125608,0.44488049124306489,0.28281253018025854,0.22418181754077213,0.49300565227896953,0.29513849347699722,0.19952989094729481,0.50533161557570805
875,2023-2024,2023-11-12,Aston Villa,Fulham,H,0.6348755816946704,0.21095460402981234,0.15416981427551718,0.6419254683427642,0.20602996056858819,0.15204457108864761,0.65306552720526923,0.19578315200180282,0.15115132079292803,0.45657894736842103,0.23026315789473684,0.31315789473684208,0.53381869845743557,0.2246534439023295,0.24152785764023496,0.65506024645627958,0.20316764780333071,0.14177210574038987,0.6674872858197467,0.1783135690763962,0.15419914510385713
876,2023-2024,2023-11-12,Brighton,Sheffield United,D,0.62331398729628362,0.22053660443050824,0.15614940827320814,0.62997034933696627,0.2210538299647683,0.14897582069826554,0.63372487076376127,0.21909455290269847,0.1471805763335402,0.45657894736842103,0.23026315789473684,0.31315789473684208,0.56556901409085725,0.21859402521628685,0.21583696069285591,0.90876176226227767,0.059141046602314805,0.032097191135407557,0.91154129930621519,0.053581972514439691,0.034876728179345118
877,2023-2024,2023-11-12,Chelsea,Manchester City,D,0.2594490619943377,0.21700633458082694,0.52354460342483533,0.26062582443119742,0.21113766456800034,0.52823651100080216,0.28331484107147287,0.21895469325824227,0.49773046567028489,0.45657894736842103,0.23026315789473684,0.31315789473684208,0.25776354423698755,0.22782382288403111,0.51441263287898142,0.17562343973424693,0.23531018058982742,0.58906637967592557,0.18989175441230002,0.20677355123372118,0.60333469435397868
878,2023-2024,2023-11-12,Liverpool,Brentford,H,0.55003461941834297,0.23756313944878976,0.21240224113286724,0.55838905749346734,0.23912199140836987,0.20248895109816278,0.59582395811892397,0.22574066339380502,0.17843537848727092,0.45657894736842103,0.23026315789473684,0.31315789473684208,0.54517874835933666,0.22260965148908404,0.23221160015157938,0.60054206007209665,0.2140230101922018,0.18543492973570164,0.61350893153773844,0.18808926726091807,0.19840180120134351
879,2023-2024,2023-11-12,West Ham,Nottingham,H,0.39939757739413195,0.29460415983152155,0.30599826277434644,0.40493919462170042,0.28840521362449195,0.30665559175380758,0.3770334249445817,0.31272736522875277,0.31023920982666542,0.45657894736842103,0.23026315789473684,0.31315789473684208,0.44027263396717237,0.23614782434258669,0.32357954169024095,0.49203292304371127,0.24593365859320687,0.26203341836308169,0.50703403363047761,0.21593143741967458,0.27703452894984792
880,2023-2024,2023-11-25,Brentford,Arsenal,A,0.30957988018117194,0.22935111051513388,0.46106900930369421,0.30241411319985922,0.23243311167898531,0.4651527751211556,0.31620480672259443,0.21084480216119406,0.47295039111621151,0.45657894736842103,0.23026315789473684,0.31315789473684208,0.33534069146557682,0.23694715489076812,0.427712153643655,0.28974392578116087,0.2468576213019541,0.46339845291688497,0.3030299649617712,0.22028554294073344,0.4766844920974953
881,2023-2024,2023-11-25,Burnley,West Ham,A,0.25247621649764557,0.26739201647538885,0.48013176702696569,0.24715540782561224,0.26517366221172745,0.48767092996266032,0.25059056265622048,0.26155236686697386,0.48785707047680565,0.45657894736842103,0.23026315789473684,0.31315789473684208,0.38847847502903821,0.23824816033630455,0.37327336463465721,0.17271420743860774,0.19820464680556546,0.62908114575582685,0.18311916188034338,0.17739473792209418,0.63948610019756247
882,2023-2024,2023-11-25,Luton Town,Crystal Palace,H,0.35559956329681724,0.26598264185892817,0.37841779484425464,0.3502347454680701,0.26481188620300222,0.38495336832892763,0.34492093853014028,0.27293234952531792,0.38214671194454169,0.45657894736842103,0.23026315789473684,0.31315789473684208,0.40512231422391459,0.23792126348722811,0.35695642228885732,0.29028647735955854,0.30791734068584753,0.40179618195459382,0.30554056018107667,0.27740917504281132,0.41705026477611196
883,2023-2024,2023-11-25,Manchester City,Liverpool,D,0.56210452275495559,0.21953477753246042,0.21836069971258404,0.55533806178472922,0.22083051206716062,0.22383142614811025,0.54650048342644164,0.21418188036239144,0.23931763621116695,0.45657894736842103,0.23026315789473684,0.31315789473684208,0.49878988953266978,0.23008052174735458,0.27112958871997567,0.51301323153365685,0.22588924193414014,0.26109752653220297,0.52472417322183995,0.20246735855777412,0.27280846822038601
884,2023-2024,2023-11-25,Newcastle,Chelsea,H,0.55637360651869427,0.2316418587355743,0.21198453474573137,0.5502564707198262,0.23218541493558767,0.21755811434458605,0.54440558422111096,0.24842051496217823,0.20717390081671083,0.45657894736842103,0.23026315789473684,0.31315789473684208,0.53248955777063978,0.22488351537314966,0.24262692685621062,0.61723377753043362,0.21051649050959459,0.17224973195997187,0.62858924389691639,0.18780555777662891,0.18360519832645469
885,2023-2024,2023-11-25,Nottingham,Brighton,A,0.33392374943850406,0.26261411361765913,0.40346213694383681,0.32995792047860961,0.26326684346149254,0.4067752360598979,0.33577218806843528,0.2453976076673903,0.41883020426417439,0.45657894736842103,0.23026315789473684,0.31315789473684208,0.37096282689024257,0.23822267812118131,0.39081449498857607,0.32901157628348904,0.2347971799073342,0.43619124380917651,0.34109367558591464,0.21063298130248298,0.44827334311160216
886,2023-2024,2023-11-25,Sheffield United,Bournemouth,A,0.40670535583164558,0.28251708959361638,0.31077755457473805,0.40146709402379088,0.28273456769304628,0.31579833828316278,0.42437384755563773,0.27129197437217101,0.30433417807219121,0.45657894736842103,0.23026315789473684,0.31315789473684208,0.45785963688062592,0.23472585694693884,0.30741450617243515,0.35272868069631624,0.25686356351986755,0.3904077557838162,0.36661302971941095,0.22909486547367822,0.40429210480691091
887,2023-2024,2023-11-26,Everton,Manchester Utd,A,0.35948446796450351,0.25215221964348172,0.38836331239201488,0.35602346738784874,0.25442739334137021,0.38954913927078094,0.32691142603267864,0.26510881024174315,0.40797976372557815,0.45657894736842103,0.23026315789473684,0.31315789473684208,0.32182176997247092,0.23601156449995331,0.44216666552757572,0.35661989990791149,0.30089529325001713,0.3424848068420715,0.37035215288212847,0.27343078730158327,0.35621705981628843
888,2023-2024,2023-11-26,Tottenham,Aston Villa,A,0.43235067645627112,0.253957518861821,0.31369180468190788,0.4244042084058498,0.24806310544096619,0.32753268615318398,0.41812930300534579,0.25124717301501059,0.33062352397964367,0.45657894736842103,0.23026315789473684,0.31315789473684208,0.45284555270951138,0.23516692524219918,0.3119875220482895,0.37205145506193998,0.21741441550264831,0.4105341294354119,0.38084189607736757,0.19983353347179303,0.41932457045083954
889,2023-2024,2023-11-27,Fulham,Wolves,H,0.37200721719701585,0.2803968887569675,0.34759589404601665,0.36109648561804925,0.28903508517420889,0.34986842920774175,0.32211901382988273,0.33980545450081601,0.33807553166930127,0.45657894736842103,0.23026315789473684,0.31315789473684208,0.44684839643517399,0.2356572003529169,0.31749440321190914,0.41054773901268299,0.28129970353566219,0.3081525574516546,0.42381955384386633,0.25475607387329546,0.32142437228283799
890,2023-2024,2023-12-02,Arsenal,Wolves,H,0.70459205660643009,0.17666154962612163,0.11874639376744835,0.7017979838038072,0.17939658896254004,0.11880542723365278,0.65470352063408066,0.2176137976974592,0.12768268166846006,0.45657894736842103,0.23026315789473684,0.31315789473684208,0.62467026996661235,0.20442530291280761,0.17090442712057988,0.76511660170784279,0.148469664631391,0.086413733660766337,0.77230253053898501,0.13409780696910642,0.093599662491908597
891,2023-2024,2023-12-02,Brentford,Luton Town,H,0.53963178936413292,0.22479018482934882,0.23557802580651827,0.53785285705227948,0.22842975324572851,0.23371738970199196,0.54013873028134918,0.22301722341865407,0.23684404629999678,0.45657894736842103,0.23026315789473684,0.31315789473684208,0.5158343921334887,0.22760533102988126,0.25656027683662996,0.64214155118179239,0.21920876408616002,0.1386496847320477,0.65260541683589934,0.19828103277794623,0.14911355038615454
892,2023-2024,2023-12-02,Burnley,Sheffield United,H,0.40979896772144564,0.25191932796423633,0.33828170431431803,0.40838591783047529,0.25551215425259488,0.33610192791692989,0.40848863263436502,0.2559170437506923,0.33559432361494279,0.45657894736842103,0.23026315789473684,0.31315789473684208,0.43465896182253522,0.23652753921082822,0.32881349896663664,0.45166703897843119,0.2515163429170198,0.2968166181045489,0.46386176968549064,0.22712688150290081,0.30901134881160847
893,2023-2024,2023-12-02,Newcastle,Manchester Utd,H,0.57678802947307917,0.21627398623467076,0.20693798429225005,0.57033735696147059,0.2231187800467555,0.20654386299177391,0.56058014429817704,0.24602061025509919,0.19339924544672377,0.45657894736842103,0.23026315789473684,0.31315789473684208,0.44799853635044096,0.23556633205092803,0.31643513159863113,0.60869968275368103,0.22698061131396793,0.16431970593235096,0.61967632889319968,0.20502731903493085,0.1752963520718695
894,2023-2024,2023-12-02,Nottingham,Everton,A,0.4003612708685903,0.28528362874163976,0.31435510038976999,0.39426638490872051,0.29334065882638238,0.31239295626489716,0.41229540715095969,0.28620008193144097,0.30150451091759928,0.45657894736842103,0.23026315789473684,0.31315789473684208,0.46034955999113297,0.23449633113505902,0.30515410887380801,0.46399686325434364,0.26386449467930512,0.27213864206635141,0.47679580748739825,0.23826660621319573,0.28493758629940613
895,2023-2024,2023-12-03,Bournemouth,Aston Villa,D,0.2550700786918273,0.266841712117665,0.47808820919050771,0.25755655392795007,0.26813375609913209,0.47430968997291784,0.23651387931581302,0.28088285524907575,0.48260326543511128,0.45657894736842103,0.23026315789473684,0.31315789473684208,0.29855755202018958,0.23378236889379245,0.46766007908601809,0.15337937441708954,0.19145121667641313,0.65516940890649744,0.1648828693067898,0.16844422689701269,0.66667290379619759
896,2023-2024,2023-12-03,Chelsea,Brighton,H,0.34321891390363385,0.25360498437451878,0.40317610172184737,0.34606525618592876,0.25479070166740309,0.39914404214666821,0.37752623856630607,0.25269195466473143,0.3697818067689625,0.45657894736842103,0.23026315789473684,0.31315789473684208,0.38459203111358675,0.23827562016703138,0.37713234871938184,0.44986145380872272,0.21685051085460869,0.33328803533666851,0.46116820112594392,0.19423701622016629,0.34459478265388971
897,2023-2024,2023-12-03,Liverpool,Fulham,H,0.67407562144734845,0.19074520693822336,0.13517917161442825,0.67579670512267576,0.19055632371228462,0.13364697116503957,0.69980953517171796,0.17955014838485164,0.12064031644343033,0.45657894736842103,0.23026315789473684,0.31315789473684208,0.60080764720178881,0.21060123643715606,0.18859111636105522,0.76476135113512123,0.15413592743662696,0.081102721428251992,0.77421863714493022,0.13522135541700897,0.090560007438060974
898,2023-2024,2023-12-03,Manchester City,Tottenham,D,0.63895139069487417,0.18349618354206471,0.17755242576306116,0.64092851181390598,0.18316848160282784,0.17590300658326627,0.64788135527816593,0.17351391990520731,0.17860472481662679,0.45657894736842103,0.23026315789473684,0.31315789473684208,0.56463428289964246,0.21878786088008143,0.21657785622027603,0.75599411412207895,0.13898755975554911,0.10501832612237195,0.76345635563824465,0.12406307672321769,0.11248056763853766
899,2023-2024,2023-12-03,West Ham,Crystal Palace,D,0.47047799927679573,0.25525112907174502,0.27427087165145925,0.4737482463441885,0.25552507140760083,0.27072668224821056,0.4557559373248013,0.27119051938160471,0.27305354329359394,0.45657894736842103,0.23026315789473684,0.31315789473684208,0.46517801948214293,0.2340314593586241,0.3007905211592331,0.51438924737411185,0.24446172079361966,0.24114903183226838,0.52939771464159424,0.21444478625865487,0.25615749909975077
900,2023-2024,2023-12-05,Luton Town,Arsenal,A,0.2044118632815998,0.23033813877058545,0.56524999794781472,0.20743529770002303,0.23432416829018934,0.55824053400978768,0.21607937794910095,0.22423542635282967,0.5596851956980694,0.45657894736842103,0.23026315789473684,0.31315789473684208,0.24664170247058606,0.22570456245849413,0.52765373507091984,0.11293186414472085,0.18517111291015539,0.70189702294512368,0.1225272510042842,0.16598033919102873,0.7114924098046872
901,2023-2024,2023-12-05,Wolves,Burnley,H,0.44345444565439285,0.25561777243014838,0.30092778191545883,0.44669712830710478,0.2588561103758697,0.29444676131702546,0.44308256471066848,0.27026982630954388,0.28664760897978758,0.45657894736842103,0.23026315789473684,0.31315789473684208,0.49396603580311965,0.23072374241495919,0.27531022178192122,0.59798520657846899,0.20823749226267776,0.19377730115885305,0.60845642741079775,0.18729505059802035,0.20424852199118179
902,2023-2024,2023-12-06,Aston Villa,Manchester City,H,0.43543750724882219,0.23119762395181243,0.33336486879936539,0.4366422634128746,0.23550082550363571,0.32785691108348963,0.43932015837842026,0.2175329173903108,0.34314692423126886,0.45657894736842103,0.23026315789473684,0.31315789473684208,0.35344437125370615,0.23780557054049539,0.40875005820579846,0.3300608323374763,0.22431571466759137,0.44562345299493233,0.34230418020156717,0.19982901893940974,0.45786680085902315
903,2023-2024,2023-12-06,Brighton,Brentford,H,0.45121517125084826,0.25663836247350907,0.29214646627564278,0.45098647867282882,0.26039617643762675,0.28861734488954449,0.472798948641035,0.26106623179607102,0.26613481956289392,0.45657894736842103,0.23026315789473684,0.31315789473684208,0.46468243595936376,0.23408037203601492,0.30123719200462135,0.43586390259555419,0.22880038483572893,0.33533571256871686,0.4486500191785141,0.20322815166980898,0.34812182915167683
904,2023-2024,2023-12-06,Crystal Palace,Bournemouth,A,0.47403290276690618,0.2722109513633949,0.25375614586969902,0.47293037536955573,0.2757898479529039,0.25127977667754031,0.5103210353651022,0.25315642567101493,0.23652253896388301,0.45657894736842103,0.23026315789473684,0.31315789473684208,0.48268202358732509,0.23212903956952727,0.28518893684314767,0.49398959982269786,0.26549504096293514,0.24051535921436709,0.50989500688846623,0.23368422683139836,0.25642076628013555
905,2023-2024,2023-12-06,Fulham,Nottingham,H,0.44844205861754921,0.26512291410765837,0.28643502727479253,0.44825897547801852,0.26885536226617951,0.28288566225580197,0.4262911701444439,0.29969503181422869,0.27401379804132742,0.45657894736842103,0.23026315789473684,0.31315789473684208,0.48624721930561698,0.23170011324772244,0.28205266744666058,0.48442570645870014,0.25270197074373296,0.26287232279756695,0.4997795409728002,0.22199430171553308,0.27822615731166694
906,2023-2024,2023-12-06,Manchester Utd,Chelsea,H,0.46440716875240468,0.23733973060732544,0.29825310064026977,0.46281904263283336,0.24003003577032953,0.29715092159683709,0.45801703975971392,0.23937335558575629,0.30260960465452991,0.45657894736842103,0.23026315789473684,0.31315789473684208,0.52588254308110594,0.22599898946851443,0.24811846745037949,0.43176019486333095,0.27470614955826506,0.293533655578404,0.44827194620513555,0.24168264687465593,0.3100454069202086
907,2023-2024,2023-12-06,Sheffield United,Liverpool,A,0.16371893005091229,0.22643014339102549,0.60985092655806217,0.16359485510916047,0.2292602392834949,0.60714490560734469,0.16054157932573015,0.23037249876191462,0.60908592191235522,0.45657894736842103,0.23026315789473684,0.31315789473684208,0.22755444732908248,0.221523717820095,0.55092183485082258,0.02643336529402724,0.06338878028704524,0.91017785441892773,0.030153332595366681,0.055948845684366359,0.91389782172026723
908,2023-2024,2023-12-07,Everton,Newcastle,H,0.26978187080223076,0.24400338970747321,0.48621473949029592,0.27290455263283875,0.24612131927142236,0.48097412809573875,0.2577701945809604,0.23762069597163069,0.50460910944740889,0.45657894736842103,0.23026315789473684,0.31315789473684208,0.3079410399666101,0.23477822448264371,0.45728073555074622,0.16050339499407015,0.22691357955563018,0.61258302545029975,0.17563660450858257,0.19664716052660547,0.6277162349648121
909,2023-2024,2023-12-07,Tottenham,West Ham,A,0.492179841791411,0.25514876101523776,0.2526713971933513,0.49428517004734968,0.25637181531011793,0.24934301464253233,0.50257944424921053,0.242153392558868,0.25526716319192139,0.45657894736842103,0.23026315789473684,0.31315789473684208,0.53449194425004776,0.22453618224687491,0.24097187350307717,0.6050139125109546,0.18657959394664647,0.2084064935423989,0.61531739271685715,0.16597263353484126,0.21870997374830151
910,2023-2024,2023-12-09,Aston Villa,Arsenal,H,0.43808509859801764,0.24079617786353447,0.32111872353844795,0.44168084589294948,0.23913428278529122,0.31918487132175927,0.46463170748823346,0.21346235637220978,0.32190593613955681,0.45657894736842103,0.23026315789473684,0.31315789473684208,0.38353750338218129,0.23827983909237019,0.37818265752544844,0.42105035056719242,0.24008517836814977,0.33886447106465756,0.436549982566032,0.20908591437047067,0.35436410306349714
911,2023-2024,2023-12-09,Brighton,Burnley,D,0.65326971749885387,0.19184172354648024,0.15488855895466588,0.66066736746604549,0.1863583922719235,0.15297424026203099,0.66451153391507745,0.1842759023447175,0.15121256374020497,0.45657894736842103,0.23026315789473684,0.31315789473684208,0.58731647401119658,0.21381933045512,0.19886419553368348,0.78777247487583879,0.12452822953124208,0.087699295592919238,0.7950078149895623,0.11005754930379499,0.094934635706642789
912,2023-2024,2023-12-09,Crystal Palace,Liverpool,A,0.21796846994406879,0.2418020512868021,0.54022947876912919,0.22136433093582783,0.23699086629739743,0.54164480276677474,0.21109549967106325,0.23379223937861224,0.55511226095032451,0.45657894736842103,0.23026315789473684,0.31315789473684208,0.2624263066052675,0.22864629787571039,0.50892739551902211,0.15121272463257487,0.22718320149486607,0.62160407387255912,0.16614610956389061,0.19731643163223458,0.63653745880387491
913,2023-2024,2023-12-09,Manchester Utd,Bournemouth,A,0.60854296676992004,0.21310459227725151,0.17835244095282857,0.61484016478381687,0.20721012960720497,0.1779497056089781,0.66019529847657377,0.17983285637378582,0.15997184514964036,0.45657894736842103,0.23026315789473684,0.31315789473684208,0.57970723943976721,0.21554778471849934,0.20474497584173348,0.60616029439340702,0.23245884918494833,0.16138085642164446,0.62146882956227978,0.20184177884720292,0.17668939159051719
914,2023-2024,2023-12-09,Sheffield United,Brentford,H,0.26677880519732622,0.24208429169672641,0.49113690310594738,0.27210494102379956,0.23686312781600391,0.49103193116019656,0.28411900244802096,0.23570298079647489,0.48017801675550414,0.45657894736842103,0.23026315789473684,0.31315789473684208,0.33615885943124457,0.23699557734929244,0.42684556321946299,0.091865270329513221,0.16636480564760778,0.74176992402287911,0.10298084412824064,0.14413365805015299,0.75288549782160663
915,2023-2024,2023-12-09,Wolves,Nottingham,D,0.48987003523475214,0.25670967665850059,0.25342028810674716,0.49673796220683047,0.25012078678164185,0.25314125101152768,0.48968782411570655,0.27166990816971093,0.23864226771458241,0.45657894736842103,0.23026315789473684,0.31315789473684208,0.48512957369831511,0.23183607827661329,0.2830343480250716,0.52166597436931295,0.24790331022971065,0.23043071540097654,0.53825088320027459,0.2147334925677874,0.24701562423193818
916,2023-2024,2023-12-10,Everton,Chelsea,H,0.41852822238881443,0.24923939342199797,0.33223238418918771,0.43414040969301898,0.24916897347864225,0.31669061682833888,0.40494670359471413,0.25355460433450627,0.3414986920707796,0.45657894736842103,0.23026315789473684,0.31315789473684208,0.42196936430644688,0.2372517299582757,0.34077890573527753,0.37729362295240099,0.26037685880623707,0.362329518241362,0.3946097449532785,0.22574461480448207,0.37964564024223951
917,2023-2024,2023-12-10,Fulham,West Ham,H,0.41545662807950995,0.27509569580870785,0.3094476761117822,0.42853003283613605,0.27379539356487698,0.29767457359898702,0.43667033090635177,0.27545797613891226,0.28787169295473602,0.45657894736842103,0.23026315789473684,0.31315789473684208,0.43401826759681034,0.23656857363852055,0.32941315876466915,0.47840439215786018,0.22487595662183549,0.29671965122030425,0.49222232846720448,0.19724008400314694,0.31053758752964855
918,2023-2024,2023-12-10,Luton Town,Manchester City,A,0.22966211682432017,0.21296527085008629,0.55737261232559354,0.23551728788215734,0.21095823575172254,0.55352447636612023,0.23276108413543586,0.20020712211441613,0.56703179375014801,0.45657894736842103,0.23026315789473684,0.31315789473684208,0.229728876869363,0.22203617116547214,0.54823495196516492,0.10365234032903282,0.14430879926831164,0.75203886040265533,0.11249647322398425,0.12662053347840879,0.76088299329760689
919,2023-2024,2023-12-10,Tottenham,Newcastle,H,0.37378499509018148,0.25957116250906254,0.36664384240075598,0.38844059050254526,0.26026480928021878,0.35129460021723602,0.38459323206290014,0.25172384663021319,0.36368292130688662,0.45657894736842103,0.23026315789473684,0.31315789473684208,0.42016286262266694,0.23733957044686274,0.34249756693047029,0.32382357155605679,0.22158467265588142,0.45459175578806166,0.33689357297488431,0.19544466981822634,0.46766175720688918
920,2023-2024,2023-12-15,Nottingham,Tottenham,A,0.24134031030916359,0.2613514250368637,0.49730826465397271,0.24345052897345565,0.25687642048322629,0.49967305054331795,0.24301050608805363,0.25892713069255324,0.49806236321939307,0.45657894736842103,0.23026315789473684,0.31315789473684208,0.31833151615846422,0.23572785950452241,0.44594062433701337,0.2472671548293624,0.21524580370876462,0.53748704146187298,0.26032764097553229,0.18912483141642494,0.55054752760804282
921,2023-2024,2023-12-16,Burnley,Everton,A,0.30326378526504022,0.2788783994994104,0.41785781523554932,0.30226630146808614,0.27257017153472907,0.42516352699718485,0.31457658277835532,0.26732489109079216,0.41809852613085263,0.45657894736842103,0.23026315789473684,0.31315789473684208,0.38286133112342996,0.23828181594128328,0.37885685293528665,0.27640691835260933,0.27011879396736788,0.45347428768002263,0.2939343436348037,0.23506394340297931,0.4710017129622171
922,2023-2024,2023-12-16,Chelsea,Sheffield United,H,0.55049010554433464,0.23579132445069853,0.21371857000496688,0.55644900561342325,0.22898471349724625,0.2145662808893305,0.56188758532033101,0.23791446394288737,0.20019795073678162,0.45657894736842103,0.23026315789473684,0.31315789473684208,0.51583278395500987,0.22760557940356546,0.25656163664142462,0.82738269011515375,0.11519168105003835,0.057425628834807951,0.83487058074376463,0.10021589979281662,0.06491351946341882
923,2023-2024,2023-12-16,Manchester City,Crystal Palace,D,0.71674207687650826,0.17030481245326876,0.11295311067022291,0.72210795323631294,0.1643636843079565,0.11352836245573046,0.71851118013356585,0.164540027129609,0.11694879273682526,0.45657894736842103,0.23026315789473684,0.31315789473684208,0.65973897996375763,0.19420982711275597,0.14605119292348639,0.79314976106773916,0.1395376574955052,0.067312581436755656,0.80226092242391633,0.12131533478315092,0.076423742792932778
924,2023-2024,2023-12-16,Newcastle,Fulham,H,0.57244577988001966,0.23609651563196959,0.19145770448801072,0.57771224760961482,0.22904177290399785,0.19324597948638736,0.59648195906478174,0.23067392737302614,0.17284411356219204,0.45657894736842103,0.23026315789473684,0.31315789473684208,0.52512317058011981,0.22612418656693489,0.24875264285294538,0.58265213308590591,0.20272955976324455,0.21461830715084951,0.59477341975273135,0.1784869864295939,0.22673959381767481
925,2023-2024,2023-12-17,Arsenal,Brighton,H,0.63125521986955357,0.18518811736527119,0.18355666276517521,0.63432629071712809,0.1751990200312297,0.19047468925164224,0.64029153540039974,0.16366587046089603,0.19604259413870417,0.45657894736842103,0.23026315789473684,0.31315789473684208,0.55318697637761549,0.22108568691783173,0.22572733670455281,0.68510723960825559,0.1658970015056635,0.14899575888608105,0.69445972136813738,0.14719203798589972,0.15834824064596292
926,2023-2024,2023-12-17,Brentford,Aston Villa,A,0.33240419710269398,0.27242592310857006,0.39516987978873597,0.33325288791063729,0.25707022349286474,0.40967688859649792,0.32526473860784366,0.26055743272311044,0.41417782866904596,0.45657894736842103,0.23026315789473684,0.31315789473684208,0.34271898493819963,0.2373505949518869,0.41993042010991344,0.29641273110995553,0.26809907778581793,0.43548819110422649,0.31384529235027531,0.23323395530517838,0.45292075234454621
927,2023-2024,2023-12-17,Liverpool,Manchester Utd,D,0.65633491478431227,0.18119629425687522,0.16246879095881261,0.66720761190513167,0.176860093245884,0.15593229484898427,0.66540925656339578,0.1849507649776766,0.14963997845892757,0.45657894736842103,0.23026315789473684,0.31315789473684208,0.53853230613507719,0.22382223063023643,0.23764546323468649,0.67114883564092642,0.20271076084509104,0.12614040351398265,0.68426770459993302,0.17647302292707773,0.1392592724729893
928,2023-2024,2023-12-17,West Ham,Wolves,H,0.46076258085152239,0.25593016086075976,0.28330725828771786,0.4732546359566287,0.25304173701160687,0.27370362703176448,0.42131520219699808,0.29484253122581455,0.28384226657718731,0.45657894736842103,0.23026315789473684,0.31315789473684208,0.47193232137328844,0.23333757667794053,0.29473010194877092,0.49423451037018645,0.2353707246729615,0.270394764956852,0.50924681681073103,0.20534611179187229,0.28540707139739657
929,2023-2024,2023-12-21,Crystal Palace,Brighton,D,0.33728238651555825,0.25038618148069924,0.41233143200374256,0.33944526743060116,0.25187978052909971,0.40867495204029913,0.34852357269467055,0.23048487509411697,0.42099155221121243,0.45657894736842103,0.23026315789473684,0.31315789473684208,0.36778351980992779,0.23817647586916554,0.39404000432090658,0.34868533418040593,0.25122229692798648,0.4000923688916076,0.36266320714822037,0.22326655099235762,0.41407024185942209
930,2023-2024,2023-12-22,Aston Villa,Sheffield United,D,0.77999272734902869,0.14223568244321491,0.0777715902077563,0.78027161205110307,0.14320371916111424,0.076524668787782649,0.77933277046588278,0.14149820072141658,0.079169028812700479,0.45657894736842103,0.23026315789473684,0.31315789473684208,0.64862625912494554,0.19759556450212476,0.1537781763729297,0.92218743603672115,0.059091090077209932,0.018721473886068919,0.92514836265383449,0.05316923684298322,0.021682400503182278
931,2023-2024,2023-12-23,Fulham,Burnley,A,0.59138325289242555,0.21088934151953201,0.19772740558804247,0.59322544295348711,0.20921021824828767,0.19756433879822521,0.59255440073705745,0.21349013154275359,0.19395546772018898,0.45657894736842103,0.23026315789473684,0.31315789473684208,0.53500887906053363,0.22444581537679911,0.24054530556266718,0.7384610186397027,0.15642753031510481,0.10511145104519251,0.74508488700643249,0.14317979358164523,0.11173531941192232
932,2023-2024,2023-12-23,Liverpool,Arsenal,D,0.48325137574435389,0.21943995863164592,0.2973086656240001,0.48126042992680962,0.2216704221064279,0.29706914796676243,0.52409044151229278,0.19954033854228165,0.27636921994542557,0.45657894736842103,0.23026315789473684,0.31315789473684208,0.44658036438135607,0.23567816082558049,0.31774147479306336,0.47532567503198714,0.24671104748702546,0.27796327748098737,0.48600522920504535,0.22535193914090912,0.28864283165404553
933,2023-2024,2023-12-23,Luton Town,Newcastle,H,0.26075340266750408,0.25301862911107048,0.48622796822142533,0.25154679027997529,0.24132949122907146,0.50712371849095328,0.25183950438812452,0.24445447377636162,0.50370602183551383,0.45657894736842103,0.23026315789473684,0.31315789473684208,0.29817750669752247,0.23373921359042868,0.46808327971204883,0.17590412883132542,0.19231616207263577,0.63177970909603898,0.18376824324933594,0.17658793323661473,0.63964382351404947
934,2023-2024,2023-12-23,Nottingham,Bournemouth,A,0.33413060750568047,0.31104404862977475,0.35482534386454478,0.33708664590772097,0.31888275734071359,0.34403059675156539,0.36896110490703282,0.30421410435613605,0.32682479073683113,0.45657894736842103,0.23026315789473684,0.31315789473684208,0.40536434294701335,0.23791403563499974,0.35672162141798702,0.35799608159543722,0.25479103934730529,0.38721287905725749,0.36901996562960343,0.23274327127897282,0.3982367630914237
935,2023-2024,2023-12-23,Tottenham,Everton,H,0.50119771209230257,0.25840799852000995,0.2403942893876875,0.50108369176945855,0.25551722524827797,0.24339908298226356,0.52399102618343252,0.2395666315960408,0.23644234222052674,0.45657894736842103,0.23026315789473684,0.31315789473684208,0.53473206209960877,0.22449424225066525,0.24077369564972606,0.55864507124939555,0.221286395221479,0.22006853352912562,0.56805540732691939,0.20246572306643126,0.22947886960664945
936,2023-2024,2023-12-23,West Ham,Manchester Utd,H,0.43704666925186109,0.23427093868723817,0.32868239206090066,0.43851377799852953,0.2333089842862367,0.32817723771523383,0.41271522033791513,0.25131836040356109,0.33596641925852383,0.45657894736842103,0.23026315789473684,0.31315789473684208,0.37346348958010661,0.23824995490305215,0.38828655551684133,0.39705847467505612,0.2725392823780306,0.33040224294691312,0.40887130698979346,0.24891361774855597,0.3422150752616504
937,2023-2024,2023-12-24,Wolves,Chelsea,H,0.3321523629272885,0.27635299722764356,0.39149463984506788,0.33050899934149708,0.26831347497673991,0.40117752568176296,0.33195142226193414,0.28141829623834519,0.38663028149972067,0.45657894736842103,0.23026315789473684,0.31315789473684208,0.41490004549089826,0.23757360404313677,0.34752635046596486,0.34164053338858474,0.25553057681841862,0.40282888979299664,0.35358131703780765,0.23164900951997269,0.4147696734422196
938,2023-2024,2023-12-26,Bournemouth,Fulham,H,0.4649717845096738,0.23293419824496359,0.30209401724536267,0.46706711629439029,0.23065174897243967,0.30228113473317003,0.45287450205157742,0.23490835172955399,0.31221714621886865,0.45657894736842103,0.23026315789473684,0.31315789473684208,0.45319015652539196,0.23513751806450348,0.31167232541010453,0.42873462815669344,0.2251054084135751,0.34615996342973138,0.43809278256049899,0.20638909960596388,0.35551811783353704
939,2023-2024,2023-12-26,Burnley,Liverpool,A,0.2348249272509921,0.22109310581392241,0.54408196693508548,0.23793713373045858,0.22477884037013149,0.53728402589940993,0.23384579699615901,0.22601189980735761,0.54014230319648338,0.45657894736842103,0.23026315789473684,0.31315789473684208,0.22768118295617865,0.22155384885802074,0.55076496818580067,0.12483818753598326,0.18950151229693357,0.68566030016708324,0.13363571790278619,0.17190645156332773,0.69445783053388621
940,2023-2024,2023-12-26,Manchester Utd,Aston Villa,H,0.36311777170012222,0.24557682654271418,0.39130540175716355,0.36575040525000507,0.24894554914745631,0.38530404560253861,0.3723105906039102,0.24975880247153198,0.37793060692455771,0.45657894736842103,0.23026315789473684,0.31315789473684208,0.39765462419382547,0.23810959521972419,0.3642357805864504,0.27982149524137845,0.29560478646806271,0.42457371829055884,0.29276022699257809,0.26972732296566332,0.43751245004175848
941,2023-2024,2023-12-26,Newcastle,Nottingham,A,0.68519604550548452,0.19205625026181125,0.12274770423270422,0.68899533630386511,0.19075339393894825,0.12025126975718668,0.67389552129556729,0.21298528249947771,0.11311919620495502,0.45657894736842103,0.23026315789473684,0.31315789473684208,0.59773786580325672,0.21135077483210804,0.19091135936463535,0.77971878376138515,0.14036683975243405,0.079914376486180522,0.78618267310649959,0.12743906106220523,0.086378265831294931
942,2023-2024,2023-12-26,Sheffield United,Luton Town,A,0.36355910038420031,0.25692063660330106,0.37952026301249869,0.37246997280500788,0.26503515515081449,0.36249487204417763,0.37282419924317234,0.26512774439733933,0.36204805635948833,0.45657894736842103,0.23026315789473684,0.31315789473684208,0.42074949282991403,0.23731146525961122,0.34193904191047481,0.23534983078267008,0.24870577181834388,0.5159443973989859,0.24689227264060074,0.22562088810248257,0.52748683925691653
943,2023-2024,2023-12-27,Brentford,Wolves,A,0.46038367826963961,0.26389629339237658,0.27572002833798392,0.44800065685711499,0.26121416823115928,0.29078517491172584,0.40139499379035326,0.29364814276791446,0.30495686344173223,0.45657894736842103,0.23026315789473684,0.31315789473684208,0.47246307691010286,0.23328090400770379,0.2942560190821934,0.55243316589707392,0.2442158158672651,0.20335101823566121,0.56449124133985906,0.22009966498169473,0.21540909367844641
944,2023-2024,2023-12-27,Chelsea,Crystal Palace,H,0.46457531939507901,0.2468919630587805,0.2885327175461404,0.46491810260234517,0.25111050789536554,0.28397138950228928,0.47298198235074246,0.27568323117580795,0.25133478647344959,0.45657894736842103,0.23026315789473684,0.31315789473684208,0.46981984825861728,0.23356004435516284,0.29662010738621997,0.51014721113770756,0.25669126676424475,0.2331615220980478,0.5228020403890653,0.23138160826152937,0.24581635134940549
945,2023-2024,2023-12-27,Everton,Manchester City,A,0.28792323956644666,0.20498528506145455,0.50709147537209875,0.29535888266843485,0.21903915229191065,0.48560196503965447,0.28271327916267047,0.2027426518016259,0.5145440690357036,0.45657894736842103,0.23026315789473684,0.31315789473684208,0.26945279032158437,0.2298142727197289,0.5007329369586867,0.24156101945140107,0.23933877376794485,0.51910020678065405,0.25338313564057369,0.21569454138959968,0.53092232296982655
946,2023-2024,2023-12-28,Arsenal,West Ham,A,0.64279129953545144,0.20109897912184818,0.15610972134270029,0.64311263429839838,0.20173058399347391,0.1551567817081278,0.64552216758537839,0.19779311558548998,0.15668471682913171,0.45657894736842103,0.23026315789473684,0.31315789473684208,0.59283506623775128,0.21252673034372521,0.19463820341852348,0.71637724861313234,0.16495421696258783,0.11866853442427999,0.7243041892509311,0.14910033568699038,0.12659547506207874
947,2023-2024,2023-12-28,Brighton,Tottenham,H,0.38070161417231008,0.25295453857778361,0.36634384724990621,0.38032239531050704,0.25276918703091283,0.36690841765858023,0.38506401828028669,0.25979915997769853,0.35513682174201494,0.45657894736842103,0.23026315789473684,0.31315789473684208,0.40187129340660871,0.23801152567332104,0.36011718092007033,0.41104558682584397,0.21022873649573723,0.378725676678419,0.41915739104375604,0.19400512805991307,0.38683748089633113
948,2023-2024,2023-12-30,Aston Villa,Burnley,H,0.6913973778579261,0.17790615912250227,0.1306964630195715,0.69740118579645893,0.17284265852523972,0.12975615567830137,0.69608197084537271,0.1703027969020485,0.13361523225257882,0.45657894736842103,0.23026315789473684,0.31315789473684208,0.63098951707350148,0.20268541596975317,0.16632506695674526,0.75989630775954031,0.15445029213857137,0.085653400101888433,0.76761725537078362,0.13900839691608455,0.093374347713131842
949,2023-2024,2023-12-30,Crystal Palace,Brentford,H,0.37109989049141756,0.2493077905553634,0.37959231895321904,0.38126339607183024,0.25274224461896,0.36599435930920976,0.40100435786186273,0.2466215978956926,0.35237404424244467,0.45657894736842103,0.23026315789473684,0.31315789473684208,0.41783880510647842,0.23744694196660765,0.34471425292691388,0.37655928140882428,0.28541265647863362,0.33802806211254222,0.39052640585116077,0.25747840759396057,0.35199518655487871
950,2023-2024,2023-12-30,Luton Town,Chelsea,A,0.38287685788611686,0.25901121619631312,0.35811192591756996,0.38091555432723301,0.24959178501254131,0.36949266066022557,0.37647291433000846,0.25899911510809492,0.36452797056189673,0.45657894736842103,0.23026315789473684,0.31315789473684208,0.41172843507117507,0.2376988423115492,0.35057272261727573,0.35737112171909163,0.23680289236301955,0.40582598591788899,0.36860889463968344,0.21432734652183588,0.41706375883848079
951,2023-2024,2023-12-30,Manchester City,Sheffield United,H,0.80250004808736375,0.12781021725819949,0.06968973465443673,0.80489561254016684,0.12382033097971058,0.071284056480122468,0.81156368488745667,0.11583859555279677,0.072597719559746615,0.45657894736842103,0.23026315789473684,0.31315789473684208,0.6990302819901778,0.18110400545106328,0.11986571255875886,0.94074514524259534,0.043498102605758864,0.015756752151645886,0.94284782727535632,0.03929273854023696,0.017859434184406834
952,2023-2024,2023-12-30,Nottingham,Manchester Utd,H,0.30968249930652786,0.25481418755066937,0.43550331314280277,0.30607624906641201,0.24878969471588078,0.44513405621770724,0.28903220368041871,0.26447931185155188,0.44648848446802941,0.45657894736842103,0.23026315789473684,0.31315789473684208,0.30889026247863743,0.23487158727799468,0.45623815024336789,0.30676309793903905,0.28181133754843452,0.41142556451252638,0.32058476384494122,0.25416800573663029,0.42524723041842855
953,2023-2024,2023-12-30,Wolves,Everton,H,0.44189595835894607,0.25344073712515619,0.30466330451589774,0.44868870821687279,0.24764878860220219,0.30366250318092508,0.48740647820985539,0.24083269327300824,0.2717608285171364,0.45657894736842103,0.23026315789473684,0.31315789473684208,0.45542168870785243,0.23494384749000435,0.30963446380214327,0.40342047847977125,0.26922334239691892,0.32735617912330994,0.41685573551811272,0.24235282832023608,0.34079143616165142
954,2023-2024,2023-12-31,Fulham,Arsenal,H,0.30413339284736096,0.22620629072167037,0.46966031643096873,0.3063425573258628,0.2147561262037942,0.4789013164703429,0.32751132033762609,0.20854797676687004,0.46394070289550388,0.45657894736842103,0.23026315789473684,0.31315789473684208,0.27727613239907611,0.23101614543693821,0.49170772216398567,0.23525543319313488,0.2293355318442043,0.5354090349626609,0.24623596179164967,0.20737447464717468,0.54638956356117563
955,2023-2024,2023-12-31,Tottenham,Bournemouth,H,0.53221650258421493,0.24715040189221923,0.22063309552356578,0.5394564229305655,0.24375863523107738,0.21678494183835709,0.57711885241361693,0.21878419983272662,0.2040969477536565,0.45657894736842103,0.23026315789473684,0.31315789473684208,0.53123365900106356,0.22509916433543653,0.24366717666349991,0.60817767962359581,0.18409758427977571,0.20772473609662864,0.6153622792198632,0.16972838508724108,0.21490933569289597
956,2023-2024,2024-01-01,Liverpool,Newcastle,H,0.62562353798992965,0.18650748326777439,0.18786897874229597,0.62628711882330468,0.1880427657889758,0.1856701153877196,0.64004201876362909,0.18188764190189072,0.17807033933448008,0.45657894736842103,0.23026315789473684,0.31315789473684208,0.55665358768587658,0.22040466472283568,0.22294174759128765,0.60026764200472782,0.21737875826052841,0.18235359973474366,0.61081790325970564,0.19627823575057282,0.19290386098972143
957,2023-2024,2024-01-02,West Ham,Brighton,D,0.4576633872305626,0.23607943425078728,0.30625717851865009,0.45969394202626052,0.23859349572448532,0.30171256224925408,0.46309014042835078,0.22356501451557642,0.31334484505607274,0.45657894736842103,0.23026315789473684,0.31315789473684208,0.42681107350348518,0.23699748646308344,0.33619144003343149,0.46501485035775991,0.21527949348512898,0.319705656157111,0.47357614196460085,0.19815691027144705,0.32826694776395193
958,2023-2024,2024-01-12,Burnley,Luton Town,D,0.39836415672697645,0.23868593144931027,0.36294991182371322,0.39092207397983547,0.2411625394971563,0.3679153865230082,0.3908617981338175,0.24178566942828791,0.36735253243789456,0.45657894736842103,0.23026315789473684,0.31315789473684208,0.41196466284271921,0.23768992553364818,0.35034541162363247,0.41156398707221498,0.24133806413450884,0.34709794879327621,0.41847604667912641,0.227513944920686,0.35401000840018765
959,2023-2024,2024-01-13,Chelsea,Fulham,H,0.50708846376883154,0.23816650913636417,0.25474502709480429,0.4992930716819905,0.23939363013402915,0.26131329818398036,0.52767400696835387,0.24669181688548775,0.22563417614615841,0.45657894736842103,0.23026315789473684,0.31315789473684208,0.46948572960351098,0.23359477717351462,0.2969194932229744,0.50214478981361743,0.22357007342849014,0.27428513675789234,0.50702738745964304,0.21380487813643884,0.27916773440391801
960,2023-2024,2024-01-13,Newcastle,Manchester City,A,0.3722656742296046,0.23881760049672179,0.38891672527367366,0.36380471682695359,0.2433231848994962,0.3928720982735503,0.38022768664850498,0.2432584940542391,0.37651381929725597,0.45657894736842103,0.23026315789473684,0.31315789473684208,0.31558937950933064,0.235492608492754,0.44891801199791537,0.31653924419265472,0.22448869898766072,0.4589720568196845,0.32129408806545906,0.21497901124205207,0.46372690069248884
961,2023-2024,2024-01-14,Everton,Aston Villa,D,0.28443754444660441,0.2557698837777147,0.45979257177568095,0.28034561154524723,0.25824869734577766,0.46140569110897511,0.26514473518551102,0.26189408153310784,0.47296118328138115,0.45657894736842103,0.23026315789473684,0.31315789473684208,0.30989827339942377,0.2349692653942268,0.45513246120634943,0.28572275634981242,0.25529130944190798,0.45898593420827949,0.29360565004433914,0.23952552205285449,0.4668688279028062
962,2023-2024,2024-01-14,Manchester Utd,Tottenham,D,0.36089236147688053,0.24443733078341687,0.39467030773970257,0.35078595455996892,0.23712836676487159,0.41208567867515949,0.36300354582938904,0.2307642023773018,0.40623225179330907,0.45657894736842103,0.23026315789473684,0.31315789473684208,0.42750796611547859,0.23695864288135315,0.3355333910031682,0.3696072726271083,0.24962919039581341,0.38076353697707832,0.37720828847814158,0.23442715869374683,0.38836455282811155
963,2023-2024,2024-01-20,Arsenal,Crystal Palace,H,0.62172787963162268,0.21056579300766526,0.16770632736071209,0.60754039977360397,0.21558695747134249,0.17687264275505349,0.59104514634011418,0.23067403028594435,0.17828082337394141,0.45657894736842103,0.23026315789473684,0.31315789473684208,0.61109871046843778,0.20801391452483756,0.18088737500672464,0.66345342638786164,0.20578180104869881,0.13076477256343971,0.66783944247733429,0.1970097688697531,0.13515078865291252
964,2023-2024,2024-01-20,Brentford,Nottingham,H,0.44565394741441755,0.27296984530010865,0.28137620728547375,0.42712188181821092,0.27939271277455047,0.29348540540723861,0.40274066480720871,0.29516664962572292,0.30209268556706836,0.45657894736842103,0.23026315789473684,0.31315789473684208,0.47278970754408778,0.23324587207263486,0.29396442038327736,0.52327548181860428,0.23448926508857984,0.24223525309281574,0.52825883883475389,0.22452255105628058,0.24721861010896534
965,2023-2024,2024-01-21,Bournemouth,Liverpool,A,0.24853725884086411,0.22876267169077577,0.52270006946836012,0.24165034565461169,0.22642737462200802,0.53192227972338035,0.21355204641232359,0.22822577856217452,0.55822217502550187,0.45657894736842103,0.23026315789473684,0.31315789473684208,0.27020805629716305,0.22993478615177959,0.49985715755105747,0.20556811549309117,0.21196452507043625,0.58246735943647276,0.21000526959120919,0.20309021687420017,0.58690451353459072
966,2023-2024,2024-01-21,Sheffield United,West Ham,D,0.26938978653782947,0.25492105489131067,0.4756891585708598,0.2599371927536267,0.2501671262047836,0.48989568104158965,0.26370406497087401,0.24675578843305909,0.48954014659606693,0.45657894736842103,0.23026315789473684,0.31315789473684208,0.32262723170520952,0.23607455101725408,0.44129821727753643,0.15450106310410244,0.21505569018406992,0.63044324671182772,0.15915572275507983,0.2057463708821152,0.63509790636280516
967,2023-2024,2024-01-22,Brighton,Wolves,D,0.50373290599456433,0.25551496051984418,0.24075213348559152,0.48834213057476766,0.2629608774758514,0.24869699194938102,0.44314735486819862,0.30990682095151972,0.24694582418028171,0.45657894736842103,0.23026315789473684,0.31315789473684208,0.50621514218817143,0.22904094710850922,0.26474391070331921,0.55092067781161946,0.21456107898087917,0.23451824320750145,0.5552526113944134,0.2058972118152913,0.23885017679029538
968,2023-2024,2024-01-30,Aston Villa,Newcastle,A,0.57566939204367995,0.20963170094032518,0.21469890701599489,0.56468786405103788,0.21828026551280066,0.21703187043616137,0.56116166934930067,0.2116780070838252,0.22716032356687399,0.45657894736842103,0.23026315789473684,0.31315789473684208,0.51621827223078365,0.22754596310893732,0.25623576466027898,0.52996256877874037,0.21966578174404539,0.25037164947721435,0.53216180685336201,0.21526730559480203,0.25257088755183599
969,2023-2024,2024-01-30,Crystal Palace,Sheffield United,H,0.53846682699740833,0.22167206709773785,0.23986110590485388,0.53370695677703539,0.22673246088210525,0.23956058234085931,0.52834438141554585,0.22762434269572568,0.24403127588872842,0.45657894736842103,0.23026315789473684,0.31315789473684208,0.50176156237318992,0.22967166160087715,0.26856677602593287,0.63211759062580697,0.21878881561372296,0.14909359376047029,0.63442487015036297,0.21417425656461073,0.15140087328502641
970,2023-2024,2024-01-30,Fulham,Everton,D,0.43744238576086092,0.26532751424091933,0.29723009999821975,0.42464466707570037,0.27290691025658564,0.30244842266771405,0.44625100723717775,0.27390042823646527,0.27984856452635698,0.45657894736842103,0.23026315789473684,0.31315789473684208,0.45100682868916281,0.23532156886209818,0.31367160244873887,0.46043200698501702,0.26707100225953945,0.27249699075544376,0.46325272098857628,0.26142957425242097,0.27531770475900297
971,2023-2024,2024-01-30,Luton Town,Brighton,H,0.3662785965741584,0.2305478640612636,0.403173539364578,0.34855949335914371,0.22600617276031482,0.42543433388054142,0.35434453800235566,0.21460940620272598,0.43104605579491834,0.45657894736842103,0.23026315789473684,0.31315789473684208,0.34492078619590927,0.23745660731773147,0.41762260648635929,0.3087019311642682,0.22729001895075218,0.46400804988497985,0.31093903366158099,0.22281581395612654,0.46624515238229264
972,2023-2024,2024-01-30,Nottingham,Arsenal,A,0.21785334927833713,0.22215756351194713,0.55998908720971574,0.21611600124833666,0.22737437382505066,0.55650962492661271,0.22875338955009655,0.21395725515713795,0.55728935529276558,0.45657894736842103,0.23026315789473684,0.31315789473684208,0.25988269725888979,0.22820237277298366,0.51191492996812649,0.17001175104623634,0.20001636082938862,0.62997188812437499,0.17208819612846332,0.19586347066493459,0.63204833320660203
973,2023-2024,2024-01-31,Liverpool,Chelsea,H,0.64050525599241448,0.20580630879256184,0.15368843521502362,0.63362049326936243,0.21822519497359058,0.14815431175704696,0.63484464479592551,0.22149948723794746,0.14365586796612706,0.45657894736842103,0.23026315789473684,0.31315789473684208,0.60839633270591409,0.20870447541883855,0.18289919187524742,0.73284318487993672,0.16274267106386561,0.10441414405619781,0.73345085637010765,0.16152732808352355,0.10502181554636886
974,2023-2024,2024-01-31,Manchester City,Burnley,H,0.78839437630589826,0.12770818374905518,0.083897439945046601,0.77769949804369676,0.13443609730273912,0.087864404653564238,0.78463046319274765,0.12606209966574325,0.089307437141509016,0.45657894736842103,0.23026315789473684,0.31315789473684208,0.70625620653396948,0.17849635556037219,0.11524743790565835,0.85266405631103137,0.098839391910178889,0.048496551778789573,0.85302854402737494,0.098110416477491982,0.048861039495133027
975,2023-2024,2024-01-31,Tottenham,Brentford,H,0.56477533503096455,0.21262508641639882,0.22259957855263671,0.54578703182152521,0.21428548083957941,0.23992748733889541,0.56494296868036942,0.2039088328659705,0.23114819845366016,0.45657894736842103,0.23026315789473684,0.31315789473684208,0.55007008016533432,0.22168700602008953,0.22824291381457606,0.63547757387599446,0.18006900651702606,0.18445341960697959,0.63604904815362728,0.17892605796176014,0.18502489388461255
976,2023-2024,2024-02-01,West Ham,Bournemouth,D,0.54092487281319945,0.23411806765294838,0.22495705953385214,0.53516387032519119,0.23825195587344689,0.22658417380136195,0.56400273496684905,0.22287939203872484,0.21311787299442614,0.45657894736842103,0.23026315789473684,0.31315789473684208,0.49821962711476425,0.23015788297481399,0.27162248991042182,0.56494868230941286,0.21182103772651861,0.22323027996406863,0.56572247631664518,0.21027344971205392,0.22400407397130101
977,2023-2024,2024-02-01,Wolves,Manchester Utd,A,0.42594504910483638,0.22486203908022276,0.34919291181494089,0.42850029847183058,0.23837295323822866,0.33312674828994077,0.42618535969586352,0.25746270224037271,0.31635193806376383,0.45657894736842103,0.23026315789473684,0.31315789473684208,0.38361209500092552,0.23827958614154529,0.37810831885752916,0.42858458106441866,0.28358199086068731,0.28783342807489426,0.42965415062523682,0.28144285173905087,0.28890299763571242
978,2023-2024,2024-02-03,Brighton,Crystal Palace,H,0.53088550511378141,0.23926209086293199,0.22985240402328666,0.53293197506662404,0.23872357355587065,0.2283444513775052,0.5227101882366455,0.25590971085510089,0.22138010090825358,0.45657894736842103,0.23026315789473684,0.31315789473684208,0.51892208951022722,0.22712330553579027,0.25395460495398248,0.56201175973549267,0.22390165108776997,0.21408658917673745,0.56180319975624349,0.22431877104626832,0.21387802919748827
979,2023-2024,2024-02-03,Burnley,Fulham,D,0.36936882974726265,0.24161931709794046,0.38901185315479692,0.37062283210651015,0.24806614262379453,0.3813110252696954,0.3801935342476942,0.24957213478357876,0.3702343309687271,0.45657894736842103,0.23026315789473684,0.31315789473684208,0.38085536492272798,0.23828432415972567,0.3808603109175463,0.3267500571041636,0.26424321253320243,0.40900673036263407,0.32650074831470183,0.26474183011212593,0.4087574215731723
980,2023-2024,2024-02-03,Everton,Tottenham,D,0.27017229334351595,0.2562927827897869,0.47353492386669727,0.26897324771533332,0.26269987735631428,0.4683268749283524,0.25934907753847913,0.25736375522216287,0.483287167239358,0.45657894736842103,0.23026315789473684,0.31315789473684208,0.3310616450981323,0.23667877934685508,0.43225957555501249,0.33588285882032887,0.25209681416873958,0.41202032701093155,0.3356468887696924,0.25256875427001252,0.41178435696029508
981,2023-2024,2024-02-03,Newcastle,Luton Town,D,0.59797736515589139,0.2270499684779208,0.17497266636618783,0.59584309137066149,0.23168216779589501,0.17247474083344355,0.60183722489658165,0.23446091197763522,0.16370186312578314,0.45657894736842103,0.23026315789473684,0.31315789473684208,0.54289281909035658,0.22303204474351201,0.23407513616613124,0.66036368913299215,0.17475052457108492,0.16488578629592313,0.6602204450742698,0.17503701268852953,0.16474254223720083
982,2023-2024,2024-02-03,Sheffield United,Aston Villa,A,0.23339851136800233,0.22873737507962488,0.53786411355237285,0.2368930807795093,0.24207933579456503,0.5210275834259257,0.23583991807298479,0.24732430941533926,0.51683577251167601,0.45657894736842103,0.23026315789473684,0.31315789473684208,0.26113509268570362,0.22842236588166875,0.51044254143262768,0.13554854571440381,0.1823231254268658,0.68212832885873032,0.13537947196302871,0.18266127292961598,0.68195925510735522
983,2023-2024,2024-02-04,Arsenal,Liverpool,H,0.47903388374483602,0.22692423139214735,0.29404188486301669,0.47889569914636648,0.2209207405154055,0.30018356033822813,0.45991620564378466,0.22728819754564089,0.31279559681057445,0.45657894736842103,0.23026315789473684,0.31315789473684208,0.40789883016229361,0.23783413068952525,0.35426703914818125,0.37316825770541845,0.25730707909676698,0.3695246631978148,0.37307578410081793,0.25749202630596796,0.36943218959321428
984,2023-2024,2024-02-04,Bournemouth,Nottingham,D,0.45397165659262695,0.25464109124634454,0.29138725216102856,0.46542258541378162,0.26020415838356381,0.27437325620265446,0.41995273638757658,0.28875947323583928,0.2912877903765842,0.45657894736842103,0.23026315789473684,0.31315789473684208,0.4968799793273293,0.23033822509841398,0.27278179557425675,0.51294654599649803,0.2264323223651053,0.26062113163839656,0.5128683189582629,0.22658877644157546,0.2605429046001615
985,2023-2024,2024-02-04,Chelsea,Wolves,A,0.47894308616245945,0.24658408797392542,0.27447282586361504,0.48023586634271431,0.24112222695617996,0.27864190670110556,0.4538643954862811,0.2918686474517192,0.2542669570619997,0.45657894736842103,0.23026315789473684,0.31315789473684208,0.46901732155093828,0.23364326103757704,0.29733941741148456,0.48403375338453186,0.23456430665085262,0.28140193996461549,0.48395172561531419,0.23472836218928786,0.28131991219539781
986,2023-2024,2024-02-04,Manchester Utd,West Ham,H,0.49844080331729829,0.23151070534779822,0.27004849133490361,0.49996638675976757,0.22644610203771959,0.27358751120251273,0.51929455067843744,0.21060309641686384,0.27010235290469864,0.45657894736842103,0.23026315789473684,0.31315789473684208,0.49613463964902516,0.23043771544485261,0.2734276449061222,0.45619018761637975,0.25852863916580759,0.28528117321781249,0.45609696478626682,0.25871508482603345,0.28518795038769956
987,2023-2024,2024-02-05,Brentford,Manchester City,A,0.24267267266943557,0.22390594615406734,0.53342138117649707,0.24217800571766659,0.23255600828542053,0.52526598599691288,0.23991428355189362,0.21547652832241737,0.54460918812568904,0.45657894736842103,0.23026315789473684,0.31315789473684208,0.24110909777362974,0.22456517879877474,0.53432572342759543,0.20070664819650444,0.20314468463402746,0.59614866716946813,0.19932490099889391,0.20590817902924852,0.5947669199718576
988,2023-2024,2024-02-10,Fulham,Bournemouth,H,0.48634478948612808,0.25071385559912074,0.26294135491475118,0.48640984386806196,0.2486196740306959,0.26497048210124208,0.5236470008537607,0.23848754238836833,0.23786545675787099,0.45657894736842103,0.23026315789473684,0.31315789473684208,0.44216492950244879,0.23601169126883134,0.3218233792287199,0.49829911796146675,0.23763068723039524,0.26407019480813798,0.49665405762317177,0.24092080790698531,0.26242513446984295
989,2023-2024,2024-02-10,Liverpool,Burnley,H,0.75360622928384424,0.14479852997626777,0.10159524073988803,0.75501504237360406,0.14397436494023805,0.10101059268615796,0.76211298038413211,0.14023142990198142,0.097655589713886437,0.45657894736842103,0.23026315789473684,0.31315789473684208,0.69450445051784937,0.18270551390019091,0.12279003558195958,0.83565856891830204,0.11053361794736366,0.053807813134334373,0.83488739004394563,0.11207597569607639,0.053036634259978004
990,2023-2024,2024-02-10,Luton Town,Sheffield United,A,0.62059758238672824,0.1906428208632473,0.18875959675002452,0.62235477779503445,0.18913733851140635,0.1885078836935592,0.62049344769642834,0.18912201939764348,0.19038453290592816,0.45657894736842103,0.23026315789473684,0.31315789473684208,0.52105943095170115,0.2267836173489759,0.25215695169932295,0.79310059352364315,0.12446776727786175,0.082431639198495374,0.79230776131167036,0.12605343170180727,0.081638806986522608
991,2023-2024,2024-02-10,Manchester City,Everton,H,0.75701075254483829,0.14310771251704565,0.099881534938116107,0.75774086952847797,0.14248343278728273,0.099775697684239328,0.77823150217269799,0.12652090417461734,0.095247593652684606,0.45657894736842103,0.23026315789473684,0.31315789473684208,0.66248249596900577,0.19335247639577202,0.14416502763522215,0.70796233203479886,0.18370349934680005,0.10833416861840117,0.70667617092114254,0.1862758215741126,0.1070480075047449
992,2023-2024,2024-02-10,Nottingham,Newcastle,A,0.31947574628734315,0.23308990712311206,0.4474343465895449,0.31876652683746548,0.23597740634092601,0.44525606682160845,0.31211197220051423,0.23535295609628135,0.45253507170320428,0.45657894736842103,0.23026315789473684,0.31315789473684208,0.3346358210318498,0.23690469567232048,0.42845948329582961,0.265987152675217,0.2144348511406507,0.51957799618413247,0.2646336818520777,0.2171417927869293,0.51822452536099317
993,2023-2024,2024-02-10,Tottenham,Brighton,H,0.51814101143268965,0.22549729606415336,0.25636169250315705,0.51875954068157593,0.22416102689634215,0.25707943242208203,0.53034471920075688,0.2016972854622589,0.26795799533698428,0.45657894736842103,0.23026315789473684,0.31315789473684208,0.49268666747050549,0.23089007708436626,0.27642325544512819,0.55658574723352428,0.19285194094111577,0.25056231182535982,0.55554578747652039,0.1949318604551234,0.24952235206835602
994,2023-2024,2024-02-10,Wolves,Brentford,A,0.50412669303825608,0.22113033718988648,0.27474296977185741,0.50635181099122795,0.21995391636373562,0.27369427264503643,0.54248982261534029,0.21605867120294892,0.24145150618171077,0.45657894736842103,0.23026315789473684,0.31315789473684208,0.48026376300735374,0.23241202582215081,0.28732421117049534,0.53144426307086112,0.21863593272676318,0.24991980420237567,0.53000314729156883,0.22151816428534776,0.24847868842308338
995,2023-2024,2024-02-11,Aston Villa,Manchester Utd,A,0.54775022634868709,0.22503555356239338,0.22721422008891962,0.5529493613205535,0.21994579812211076,0.22710484055733576,0.53446461522730715,0.22940374584789688,0.23613163892479605,0.45657894736842103,0.23026315789473684,0.31315789473684208,0.46687351652812425,0.23386204809229014,0.29926443537958569,0.54177068454287913,0.23624806798818235,0.22198124746893855,0.54049447343391888,0.23880049020610308,0.22070503635997826
996,2023-2024,2024-02-11,West Ham,Arsenal,A,0.28245175730866795,0.23276868219731628,0.48477956049401588,0.2875512526675218,0.22943147161454711,0.48301727571793096,0.29858901271537974,0.21534962054154008,0.4860613667430802,0.45657894736842103,0.23026315789473684,0.31315789473684208,0.31276169155677463,0.23523853249850754,0.45199977594471774,0.2116159618452936,0.2277554055056415,0.56062863264906504,0.21039074088369489,0.23020584742883898,0.55940341168746632
997,2023-2024,2024-02-12,Crystal Palace,Chelsea,A,0.39303012986643338,0.25339885377899823,0.35357101635456839,0.390666780862927,0.25332903136068197,0.35600418777639103,0.37516525381041432,0.25804946095250547,0.36678528523708009,0.45657894736842103,0.23026315789473684,0.31315789473684208,0.4115957689242134,0.23770382092801576,0.35070041014777098,0.35218009935519012,0.24493809686195167,0.40288180378285832,0.35118228389996398,0.24693372777240385,0.40188398832763222
998,2023-2024,2024-02-17,Brentford,Liverpool,A,0.28238868936113953,0.23092209881893447,0.48668921181992603,0.28154936027604777,0.22886410484292022,0.48958653488103188,0.26647278930291107,0.22368276261701531,0.50984444808007356,0.45657894736842103,0.23026315789473684,0.31315789473684208,0.262098401127623,0.22858970621490052,0.50931189265747645,0.18463856854694599,0.2060071519929664,0.60935427946008758,0.18382794873754357,0.20762839161177127,0.60854365965068513
999,2023-2024,2024-02-17,Burnley,Arsenal,A,0.16482987764828336,0.20235792863436636,0.63281219371735031,0.16465807822371767,0.20004311162331645,0.63529881015296585,0.17207239359415788,0.19233471205757605,0.63559289434826605,0.45657894736842103,0.23026315789473684,0.31315789473684208,0.20925636917761331,0.21681984510649813,0.57392378571588865,0.103310734226606,0.16337082535124012,0.73331844042215399,0.10265511454241594,0.16468206471962027,0.73266282073796396
1000,2023-2024,2024-02-17,Fulham,Aston Villa,A,0.40709921395384702,0.23527244859534294,0.35762833745081007,0.40796675025690582,0.23352794053911188,0.35850530920398227,0.40449563650239995,0.25201166295982708,0.34349270053777298,0.45657894736842103,0.23026315789473684,0.31315789473684208,0.34359227467559372,0.23739342779165379,0.41901429753275249,0.30497198150175614,0.24293048903749948,0.45209752946074439,0.30400902394420587,0.24485640415260002,0.45113457190319411
1001,2023-2024,2024-02-17,Manchester City,Chelsea,D,0.73002944449735407,0.15597270275011332,0.11399785275253255,0.72650279932265138,0.15769677680094801,0.11580042387640065,0.71856741818061276,0.15738203256681232,0.12405054925257505,0.45657894736842103,0.23026315789473684,0.31315789473684208,0.63860918339250805,0.20052884388428152,0.1608619727232104,0.74243535457962195,0.14735342880178101,0.11021121661859701,0.74189497362559154,0.14843419070984201,0.10967083566456653
1002,2023-2024,2024-02-17,Newcastle,Bournemouth,D,0.66076289557085932,0.19115025429251203,0.14808685013662867,0.66107241884466383,0.1897123184447489,0.14921526271058733,0.7018170199564091,0.17449435867193369,0.12368862137165723,0.45657894736842103,0.23026315789473684,0.31315789473684208,0.53817053155683514,0.22388687243963251,0.23794259600353229,0.67573824017364026,0.16760003772888402,0.15666172209747573,0.67516556834713359,0.16874538138189724,0.15608905027096912
1003,2023-2024,2024-02-17,Nottingham,West Ham,H,0.36253162739648015,0.25282056676940695,0.3846478058341129,0.36307211287150587,0.25117362907360402,0.38575425805489016,0.36705139682610016,0.24514270798981874,0.38780589518408115,0.45657894736842103,0.23026315789473684,0.31315789473684208,0.36532643391603775,0.238131883208303,0.39654168287565922,0.421426802470315,0.24133005639143679,0.33724314113824821,0.42048252095357547,0.24321861942491588,0.33629885962150868
1004,2023-2024,2024-02-17,Tottenham,Wolves,A,0.60667080763096326,0.20529272184243261,0.18803647052660413,0.60724481883086501,0.20382677025370355,0.1889284109154315,0.56307217546672528,0.23436861706890491,0.20255920746436973,0.45657894736842103,0.23026315789473684,0.31315789473684208,0.55764867643063065,0.22020679750332772,0.22214452606604163,0.58328198821413924,0.19173493694262969,0.2249830748432311,0.58264827668385499,0.19300236000319829,0.2243493633129468
1005,2023-2024,2024-02-18,Luton Town,Manchester Utd,A,0.33607287215096948,0.23760312891396826,0.42632399893506229,0.33382588717482192,0.22916262404345455,0.43701148878172352,0.32373673835090205,0.23820151029981065,0.43806175134928727,0.45657894736842103,0.23026315789473684,0.31315789473684208,0.30427782444499418,0.23440528716561479,0.46131688838939106,0.30765397202660955,0.23405422719259941,0.45829180078079063,0.30558178184381096,0.23819860755819658,0.45621961059799199
1006,2023-2024,2024-02-18,Sheffield United,Brighton,A,0.30592314159411454,0.22511147644178597,0.46896538196409959,0.30816453519483566,0.22588324478913524,0.4659522200160291,0.31459495849771874,0.21484578753339539,0.47055925396888593,0.45657894736842103,0.23026315789473684,0.31315789473684208,0.31752838250472065,0.23566008825738366,0.44681152923789569,0.17338265745503181,0.19179719408098822,0.63482014846397994,0.17170618106253124,0.19515014686598936,0.63314367207147937
1007,2023-2024,2024-02-19,Everton,Crystal Palace,D,0.44268173038998093,0.25506571826620256,0.30225255134381657,0.43705059188079742,0.26138501339120584,0.30156439472799679,0.41367293706357161,0.27059755195608765,0.31572951098034086,0.45657894736842103,0.23026315789473684,0.31315789473684208,0.47130619317022615,0.23340403144323818,0.29528977538653561,0.47093989772602568,0.28240094545556949,0.24665915681840503,0.46833200284028692,0.28761673522704695,0.2440512619326663
1008,2023-2024,2024-02-20,Manchester City,Brentford,H,0.75613101311153497,0.13872681291318753,0.10514217397527745,0.75705687755352391,0.13988274794701439,0.10306037449946162,0.77545373762953984,0.12680343976720976,0.097742822603250359,0.45657894736842103,0.23026315789473684,0.31315789473684208,0.66030003449882935,0.19403519179838893,0.14566477370278164,0.73223789814164786,0.155871050041096,0.11189105181725632,0.73007497511765518,0.1601968960890813,0.10972812879326367
1009,2023-2024,2024-02-21,Liverpool,Luton Town,H,0.75438754957753573,0.1470329559364445,0.098579494486019756,0.75251160463457545,0.14932815006759237,0.098160245297832155,0.75968168834063166,0.14557147843873611,0.094746833220632251,0.45657894736842103,0.23026315789473684,0.31315789473684208,0.67705045427070731,0.18865601025832729,0.1342935354709654,0.81076835465588604,0.11449897325158974,0.074732672092524405,0.80965013020202492,0.11673542215931199,0.073614447638663275
1010,2023-2024,2024-02-24,Arsenal,Newcastle,H,0.7006422104124661,0.15395041005503393,0.14540737953249988,0.69774365946211714,0.15570027266928579,0.1465560678685971,0.68926964362437859,0.15854596302245988,0.15218439335316145,0.45657894736842103,0.23026315789473684,0.31315789473684208,0.5612877667167373,0.21947414528646442,0.21923808799679836,0.70227727231365833,0.15970734918198429,0.13801537850435747,0.70074780078016774,0.16276629224896536,0.13648590697086693
1011,2023-2024,2024-02-24,Aston Villa,Nottingham,H,0.64148833287293605,0.2099562964935934,0.14855537063347063,0.64191664325869535,0.20866816297436211,0.14941519376694259,0.62180454155479592,0.2219366892653955,0.1562587691798086,0.45657894736842103,0.23026315789473684,0.31315789473684208,0.6033676638684119,0.20996835718084569,0.18666397895074238,0.64204840443328148,0.19583536982306576,0.16211622574365253,0.63992907040179425,0.20007403788604011,0.15999689171216536
1012,2023-2024,2024-02-24,Bournemouth,Manchester City,A,0.17922910371443859,0.21547339427812032,0.60529750200744104,0.17378304077759529,0.20646015191711081,0.61975680730529381,0.16025636677176255,0.19574527472847125,0.64399835849976617,0.45657894736842103,0.23026315789473684,0.31315789473684208,0.23269026100596535,0.22271880256393611,0.54459093643009859,0.1486321045990659,0.18636948664323599,0.66499840875769822,0.14662597609439984,0.19038174365256816,0.66299228025303214
1013,2023-2024,2024-02-24,Brighton,Everton,D,0.57972141200772609,0.22088419481364904,0.19939439317862492,0.58072299874445654,0.21936129511591979,0.19991570613962362,0.6027573046137269,0.21314816419835567,0.18409453118791744,0.45657894736842103,0.23026315789473684,0.31315789473684208,0.52564569735534883,0.22603810463585181,0.24831619800879942,0.51059990129374222,0.2563442720720468,0.23305582663421115,0.50777572130454762,0.26199263205043577,0.23023164664501666
1014,2023-2024,2024-02-24,Crystal Palace,Burnley,H,0.50510704059612443,0.22150421113316193,0.27338874827071358,0.50806788468570163,0.22083061384144143,0.27110150147285694,0.50290505902663352,0.22133454568010993,0.27576039529325658,0.45657894736842103,0.23026315789473684,0.31315789473684208,0.5007724659122017,0.22980881358265884,0.26941872050513938,0.47747908474538808,0.24828894033823914,0.27423197491637286,0.47473684023295176,0.25377342936311176,0.27148973040393654
1015,2023-2024,2024-02-24,Manchester Utd,Fulham,A,0.63422006398753983,0.17984295026151872,0.18593698575094142,0.63593418602144069,0.17865477926010642,0.18541103471845283,0.65545298305028077,0.16743387884235306,0.17711313810736612,0.45657894736842103,0.23026315789473684,0.31315789473684208,0.57736138644411139,0.21606808505668626,0.20657052849920238,0.50402160720579747,0.247991888010168,0.24798650478403464,0.50127458947737535,0.2534859234670121,0.24523948705561258
1016,2023-2024,2024-02-25,Wolves,Sheffield United,H,0.61659856020568982,0.19829910410058751,0.18510233569372267,0.6170196038002046,0.19899327763273508,0.18398711856706029,0.61208434429561853,0.20814143959141657,0.17977421611296479,0.45657894736842103,0.23026315789473684,0.31315789473684208,0.5543828687419502,0.22085220745008843,0.22476492380796145,0.76249842293376646,0.14384533179491146,0.093656245271322394,0.76095688642665937,0.14692840480912553,0.092114708764215361
1017,2023-2024,2024-02-26,West Ham,Brentford,H,0.42843108124552032,0.24322343041359457,0.32834548834088517,0.4198402731146792,0.24097254103757582,0.3391871858477451,0.4321930955515198,0.24023993674336006,0.32756696770512006,0.45657894736842103,0.23026315789473684,0.31315789473684208,0.47366804134678436,0.23315108243659904,0.29318087621661665,0.36757130184941234,0.2472073242905998,0.38522137385998784,0.36590628372199119,0.25053736054544212,0.38355635573256663
1018,2023-2024,2024-03-02,Brentford,Chelsea,D,0.3935824766516135,0.24781533093386818,0.35860219241451829,0.40587177115204071,0.25938627735269071,0.33474195149526864,0.38756262987551693,0.26208523701697456,0.35035213310750857,0.45657894736842103,0.23026315789473684,0.31315789473684208,0.39599140698872526,0.23814234643035007,0.36586624658092476,0.3728258014281679,0.23094208114945666,0.39623211742237552,0.37126243752839755,0.23406880894899731,0.39466875352260522
1019,2023-2024,2024-03-02,Everton,West Ham,A,0.38482928276214395,0.25656500357459772,0.35860571366325839,0.38487922677958847,0.25472483293001075,0.36039594029040073,0.37791673486535621,0.24285254911513013,0.37923071601951358,0.45657894736842103,0.23026315789473684,0.31315789473684208,0.41444750516327661,0.23759220245098805,0.34796029238573534,0.42933538488769202,0.27630477039792134,0.29435984471438659,0.42733057890451159,0.28031438236428213,0.29235503873120627
1020,2023-2024,2024-03-02,Fulham,Brighton,H,0.45295786373281699,0.22781092563069197,0.31923121063649118,0.453857835870002,0.22631405175519789,0.31982811237480008,0.46625402838407376,0.21744161786021685,0.31630435375570942,0.45657894736842103,0.23026315789473684,0.31315789473684208,0.3934971584986614,0.23818514338024757,0.368317698121091,0.38234844848179156,0.23885510216733538,0.37879644935087292,0.38067135631480453,0.24220928650130971,0.37711935718388595
1021,2023-2024,2024-03-02,Luton Town,Aston Villa,A,0.27422981239661487,0.23942355694385184,0.48634663065953326,0.26883379541963259,0.23782977586470344,0.49333642871566386,0.26674957558511692,0.24297246971021294,0.49027795470467,0.45657894736842103,0.23026315789473684,0.31315789473684208,0.28641090912626249,0.2322918785137903,0.48129721235994716,0.22896443452956164,0.19620268314304937,0.57483288232738905,0.22774867806316754,0.1986341960758376,0.57361712586099489
1022,2023-2024,2024-03-02,Newcastle,Wolves,H,0.55486751997397121,0.22712419503952172,0.21800828498650698,0.55425512099757057,0.22546563424607693,0.22027924475635249,0.51937074445151232,0.27074574604184948,0.20988350950663828,0.45657894736842103,0.23026315789473684,0.31315789473684208,0.48756480422858334,0.23153806535603275,0.28089713041538383,0.53792471655895735,0.20770293455294958,0.25437234888809307,0.53659003067710298,0.21037230631665835,0.2530376630062387
1023,2023-2024,2024-03-02,Nottingham,Liverpool,A,0.18147951238014579,0.22738365244111505,0.59113683517873916,0.1821977760371549,0.22644586245510201,0.59135636150774307,0.17229800073344154,0.22739138737886913,0.60031061188768942,0.45657894736842103,0.23026315789473684,0.31315789473684208,0.213003693917652,0.21784180630375169,0.56915449977859633,0.12782129459090905,0.1669463253556405,0.70523238005345057,0.12665805879563496,0.16927279694618869,0.70406914425817646
1024,2023-2024,2024-03-02,Tottenham,Crystal Palace,H,0.58557272632291268,0.21686210044268062,0.19756517323440659,0.57550356840354799,0.21175319823672248,0.21274323335972961,0.5644954847624355,0.21783874761887734,0.21766576761868708,0.45657894736842103,0.23026315789473684,0.31315789473684208,0.57056187938639091,0.21754277353070062,0.21189534708290855,0.6353312370265366,0.18418232949379931,0.18048643347966412,0.63413518760608711,0.18657442833469842,0.17929038405921457
1025,2023-2024,2024-03-03,Burnley,Bournemouth,A,0.34586667471650867,0.24633577772426485,0.40779754755922654,0.34550139184336998,0.24652001996403422,0.4079785881925958,0.36828367029294246,0.23762680705267045,0.39408952265438718,0.45657894736842103,0.23026315789473684,0.31315789473684208,0.37035286142208784,0.2382148161113613,0.39143232246655091,0.2880415472658841,0.24734053889482616,0.46461791383928985,0.28776177231478434,0.24790008879702563,0.46433813888819014
1026,2023-2024,2024-03-03,Manchester City,Manchester Utd,H,0.71336512106164218,0.1510292628194225,0.13560561611893529,0.71751948577757352,0.14696385358276681,0.13551666063965973,0.70560537036468263,0.15153682587506834,0.14285780376024892,0.45657894736842103,0.23026315789473684,0.31315789473684208,0.56914195621548269,0.21784446193604257,0.21301358184847469,0.61381713882734934,0.22183366491868631,0.16434919625396449,0.61356498800574155,0.22233796656190194,0.16409704543235665
1027,2023-2024,2024-03-04,Sheffield United,Arsenal,A,0.12163753195165271,0.17949978027820623,0.69886268777014104,0.12029395409570982,0.18425771331748436,0.69544833258680594,0.12640716182865575,0.1781167459345693,0.69547609223677509,0.45657894736842103,0.23026315789473684,0.31315789473684208,0.19057361712610152,0.21124250772111225,0.59818387515278604,0.028392474162145069,0.070796439757209617,0.9008110860806452,0.02834739520345431,0.070886597674591129,0.90076600712195454
1028,2023-2024,2024-03-09,Arsenal,Brentford,H,0.78771903510572028,0.12480935546383985,0.087471609430440037,0.78602080391158191,0.12667916164609702,0.087300034442320998,0.79417868468302533,0.12352050376285546,0.082300811554119335,0.45657894736842103,0.23026315789473684,0.31315789473684208,0.65599681087962025,0.19536551037469754,0.14863767874568223,0.83530170423789152,0.10591261303483993,0.058785682727268612,0.83532510421396544,0.10586581308269208,0.05880908270334255
1029,2023-2024,2024-03-09,Bournemouth,Sheffield United,D,0.57168222711214545,0.21022954696137738,0.21808822592647722,0.57358632822102895,0.20913165086143018,0.21728202091754081,0.56193444192824582,0.21121004534737475,0.2268555127243794,0.45657894736842103,0.23026315789473684,0.31315789473684208,0.540910076825874,0.22339387503182453,0.2356960481423015,0.73234441018967955,0.16353573070856117,0.10411985910175919,0.73238227055504779,0.16346000997782459,0.10415771946712749
1030,2023-2024,2024-03-09,Crystal Palace,Luton Town,D,0.46986633949156742,0.22712779897764571,0.30300586153078674,0.47385754139319497,0.23319365107501963,0.29294880753178548,0.46839249586955523,0.23382731426280912,0.2977801898676356,0.45657894736842103,0.23026315789473684,0.31315789473684208,0.47207513522593042,0.23332235809935084,0.29460250667471871,0.42283698094704109,0.22648506539538654,0.35067795365757226,0.42288461553223694,0.22638979622499478,0.35072558824276823
1031,2023-2024,2024-03-09,Manchester Utd,Everton,H,0.57250799212645476,0.20275490089844792,0.22473710697509736,0.57206909661976113,0.20170442581746575,0.22622647756277309,0.60449523400945637,0.18425285640119496,0.21125190958934864,0.45657894736842103,0.23026315789473684,0.31315789473684208,0.56744048908051836,0.21820311921842719,0.21435639170105436,0.50450951235538066,0.27490947663035542,0.22058101101426406,0.50457076159406655,0.27478697815298359,0.22064226025295
1032,2023-2024,2024-03-09,Wolves,Fulham,H,0.43325755248255737,0.24686817056889601,0.31987427694854664,0.43370722188392141,0.24547520759984717,0.32081757051623144,0.46047878284614419,0.24573006913214143,0.29379114802171447,0.45657894736842103,0.23026315789473684,0.31315789473684208,0.44952923425613756,0.23544307061477718,0.31502769512908524,0.36190392807913058,0.25617171312420767,0.38192435879666181,0.36196341531048576,0.25605273866149725,0.38198384602801699
1033,2023-2024,2024-03-10,Aston Villa,Tottenham,A,0.53872734954114354,0.21450056371618476,0.2467720867426717,0.53824279862454472,0.21546353835838675,0.24629366301706848,0.54106228150040137,0.20986778080013249,0.2490699376994662,0.45657894736842103,0.23026315789473684,0.31315789473684208,0.47025072837496201,0.23351506980249928,0.29623420182253873,0.52539294745966958,0.19947473761157078,0.27513231492875961,0.52457632345326322,0.20110798562438362,0.27431569092235314
1034,2023-2024,2024-03-10,Brighton,Nottingham,H,0.6111117344953193,0.20855882713287577,0.18032943837180487,0.61204209381080565,0.20885044495086313,0.17910746123833116,0.58980877283134769,0.23261893573886863,0.17757229142978362,0.45657894736842103,0.23026315789473684,0.31315789473684208,0.55248233070991537,0.22122254012644127,0.22629512916364336,0.53970259053396474,0.21992687549255857,0.2403705339734768,0.53859880630326906,0.22213444395394966,0.2392667497427812
1035,2023-2024,2024-03-10,Liverpool,Manchester City,D,0.52584109579107219,0.19778485820292438,0.2763740460060034,0.52753983514759506,0.19855345648009232,0.27390670837231262,0.5504253122070103,0.18537186437478215,0.26420282341820756,0.45657894736842103,0.23026315789473684,0.31315789473684208,0.4253503419752997,0.2370770714550931,0.3375725865696072,0.45067312745744142,0.24975275088225252,0.299574121660306,0.44936665169180529,0.2523657024135248,0.29826764589466992
1036,2023-2024,2024-03-10,West Ham,Burnley,D,0.60354275469054319,0.20006123124636352,0.1963960140630934,0.61072986709246291,0.20128192333965017,0.18798820956788689,0.60535716189431243,0.20169456755640014,0.19294827054928734,0.45657894736842103,0.23026315789473684,0.31315789473684208,0.58419636281411114,0.21453561153089334,0.20126802565499544,0.6447546390064246,0.19561596943567641,0.15962939155789893,0.64374602934522063,0.19763318875808447,0.1586207818966949
1037,2023-2024,2024-03-11,Chelsea,Newcastle,H,0.38104274601849114,0.23995428358899851,0.37900297039251041,0.37683385624372978,0.24675913091491661,0.37640701284135369,0.39364638818549119,0.26117768553565507,0.34517592627885368,0.45657894736842103,0.23026315789473684,0.31315789473684208,0.40424878144238863,0.23794676539582005,0.35780445316179132,0.35663280069324943,0.20940842522160641,0.43395877408514422,0.3562041221524167,0.21026578230327192,0.43353009554431149
1038,2023-2024,2024-03-13,Bournemouth,Luton Town,H,0.44496692937380272,0.2309379250195551,0.32409514560664227,0.4440842031060388,0.23456516197053373,0.32135063492342753,0.4319388263898396,0.23545410370366279,0.33260706990649763,0.45657894736842103,0.23026315789473684,0.31315789473684208,0.49084662510213145,0.23112617143808109,0.27802720345978743,0.46191102042020643,0.22323472161310187,0.31485425796669186,0.46140589001928622,0.22424498241494223,0.31434912756577171
1039,2023-2024,2024-03-16,Burnley,Brentford,H,0.34207007741647816,0.22408762217225503,0.43384230041126681,0.34358284085824364,0.22284410078191302,0.43357305835984328,0.35667459579597538,0.22080967812103472,0.42251572608298998,0.45657894736842103,0.23026315789473684,0.31315789473684208,0.3735871985527468,0.23825109793748597,0.3881617035097672,0.2453949627173069,0.23040594306546125,0.52419909421723176,0.24501836769724997,0.23115913310557523,0.52382249919717483
1040,2023-2024,2024-03-16,Fulham,Tottenham,H,0.36268507201733075,0.23531836307750351,0.40199656490516578,0.35845082738814987,0.23669959914681707,0.40484957346503309,0.36205770687811661,0.24793711311773833,0.39000518000414502,0.45657894736842103,0.23026315789473684,0.31315789473684208,0.33718658705778604,0.23705509371490324,0.42575831922731072,0.33767971141032399,0.22093606913585154,0.44138421945382433,0.3373578033749533,0.22157988520659297,0.44106231141845359
1041,2023-2024,2024-03-16,Luton Town,Nottingham,D,0.45203147125388177,0.24999967270065604,0.29796885604546219,0.46123456163284743,0.25248706731666737,0.28627837105048515,0.44750703204156167,0.26639281979598134,0.28610014816245705,0.45657894736842103,0.23026315789473684,0.31315789473684208,0.44975968419696527,0.23542428345857294,0.3148160323444617,0.44004568930940152,0.22301052900446289,0.33694378168613554,0.43971581334562015,0.22367028093202565,0.33661390572235411
1042,2023-2024,2024-03-17,West Ham,Aston Villa,D,0.36260981879516097,0.23323687304038643,0.40415330816445272,0.36514246129128208,0.23524243931807295,0.39961509939064493,0.35418152891949128,0.24695761801708541,0.39886085306342339,0.45657894736842103,0.23026315789473684,0.31315789473684208,0.36271029161166274,0.23807583954850894,0.39921386883982835,0.30380827337300559,0.21617405028727291,0.48001767633972148,0.30236026209775563,0.21907007283777294,0.47856966506447146
1043,2023-2024,2024-03-30,Aston Villa,Wolves,H,0.57913536294123424,0.21950687289078458,0.20135776416798104,0.57058777699960483,0.23208975101923907,0.19732247198115616,0.52665994137154204,0.2644669986203198,0.20887306000813813,0.45657894736842103,0.23026315789473684,0.31315789473684208,0.53355687202560431,0.22469891564426683,0.24174421233012874,0.53865953331000171,0.22366113261358606,0.23767933407641234,0.53587626828644841,0.22922766266069294,0.2348960690528589
1044,2023-2024,2024-03-30,Bournemouth,Everton,H,0.4575293877312881,0.23753971844573102,0.30493089382298078,0.44706730169813758,0.24251339261318697,0.31041930568867548,0.44472677985236414,0.24155207552175179,0.31372114462588424,0.45657894736842103,0.23026315789473684,0.31315789473684208,0.47452581901094626,0.23305768686363793,0.29241649412541582,0.44836685518614644,0.26907846359449072,0.282554681219363,0.4449308349556545,0.27595050405547461,0.27911866098887111
1045,2023-2024,2024-03-30,Brentford,Manchester Utd,D,0.32866999499579364,0.23872066653950427,0.43260933846470212,0.32356283841978445,0.25124244222325576,0.42519471935695974,0.30496836510557529,0.26064833663498471,0.43438329825943994,0.45657894736842103,0.23026315789473684,0.31315789473684208,0.3096500236312934,0.23494534953577587,0.4554046268329307,0.32195312023022771,0.2468867907273809,0.43116008904239134,0.31882727973330549,0.25313847172122539,0.42803424854546912
1046,2023-2024,2024-03-30,Chelsea,Burnley,D,0.59844807185693649,0.20109977951947255,0.20045214862359104,0.58331400801089017,0.19962402916270164,0.21706196282640816,0.58941780620462536,0.20770155394515863,0.20288063985021593,0.45657894736842103,0.23026315789473684,0.31315789473684208,0.57530524484961498,0.21651926351848044,0.2081754916319046,0.68166156536557343,0.17686123263345188,0.14147720200097477,0.67949578724347659,0.18119278887764553,0.13931142387887793
1047,2023-2024,2024-03-30,Newcastle,West Ham,H,0.59379362547558256,0.20959455777291058,0.19661181675150685,0.57567570410822444,0.20833096379036081,0.21599333210141483,0.59436716039203286,0.20718427477634571,0.19844856483162143,0.45657894736842103,0.23026315789473684,0.31315789473684208,0.48217228267959666,0.23218922497954006,0.28563849234086314,0.61931350108527661,0.17892785402866285,0.20175864488606066,0.61753081889725792,0.18249321840470001,0.19997596269804208
1048,2023-2024,2024-03-30,Nottingham,Crystal Palace,D,0.41285096638089003,0.25635321683123646,0.33079581678787356,0.41052914745864177,0.26602114129108473,0.3234497112502735,0.39761380833238541,0.2808782728149834,0.32150791885263119,0.45657894736842103,0.23026315789473684,0.31315789473684208,0.41991650282796733,0.23735125302144555,0.34273224415058717,0.44113249705855717,0.26202587839515651,0.29684162454628649,0.43776641353797313,0.26875804543632459,0.29347554102570245
1049,2023-2024,2024-03-30,Sheffield United,Fulham,D,0.266261891943669,0.23279868347324351,0.50093942458308749,0.24857587838494261,0.22079002738700385,0.53063409422805352,0.25788071901502657,0.22485256891543765,0.51726671206953578,0.45657894736842103,0.23026315789473684,0.31315789473684208,0.33444141528854426,0.2368928642355928,0.42866572047586288,0.11895792294331232,0.17175537429377002,0.70928670276291772,0.11678307039671025,0.17610507938697417,0.70711185021631562
1050,2023-2024,2024-03-30,Tottenham,Luton Town,H,0.64726377229806986,0.17902843394431775,0.17370779375761242,0.64115288262996151,0.18086700251184837,0.1779801148581901,0.63982136472967799,0.17783931139105991,0.18233932387926202,0.45657894736842103,0.23026315789473684,0.31315789473684208,0.61222532148754782,0.20772367339041839,0.18005100512203384,0.69014316642572049,0.15049950556377831,0.15935732801050126,0.68886635172796495,0.15305313495928943,0.15808051331274567
1051,2023-2024,2024-03-31,Liverpool,Brighton,H,0.67509723438904234,0.1715153312660424,0.15338743434491525,0.66684456172798512,0.17329686214152051,0.1598585761304944,0.69424930987917433,0.15423666784085449,0.15151402227997118,0.45657894736842103,0.23026315789473684,0.31315789473684208,0.59910350541281721,0.21101859117341407,0.18987790341376856,0.70566911205927096,0.17153220788193263,0.12279868005879646,0.70158492791049576,0.17970057617948312,0.11871449591002123
1052,2023-2024,2024-03-31,Manchester City,Arsenal,D,0.5130145697328139,0.19563818713895029,0.2913472431282359,0.50240167867500296,0.1955537731412092,0.3020445481837879,0.52767835486149306,0.17038361302605004,0.30193803211245696,0.45657894736842103,0.23026315789473684,0.31315789473684208,0.47977711489625258,0.23246819545593342,0.28775468964781403,0.35408382283628342,0.25737482379990217,0.38854135336381457,0.34783501041101322,0.26987244865044235,0.38229254093854448
1053,2023-2024,2024-04-02,Bournemouth,Crystal Palace,H,0.48990822689507402,0.23038089024761046,0.27971088285731555,0.48899586477705298,0.23918782710083764,0.2718163081221095,0.45447786056296158,0.25925331497422271,0.28626882446281576,0.45657894736842103,0.23026315789473684,0.31315789473684208,0.48702446273821287,0.23160475140609302,0.28137078585569408,0.49623559934193573,0.23666516865154968,0.26709923200651453,0.48838797235995601,0.25236042261550917,0.25925160502453476
1054,2023-2024,2024-04-02,Burnley,Wolves,D,0.34056358021264843,0.23970468681075302,0.4197317329765986,0.33993680883546828,0.24852206368528112,0.41154112747925065,0.32124953711431525,0.27555220886739573,0.4031982540182889,0.45657894736842103,0.23026315789473684,0.31315789473684208,0.34526865198939205,0.23747275653318148,0.41725859147742655,0.28915987489829253,0.2524651549955032,0.45837497010620426,0.28065379464963036,0.26947731549282755,0.44986888985754209
1055,2023-2024,2024-04-02,Newcastle,Everton,D,0.66491499417491728,0.18772317589946863,0.14736182992561409,0.66189383617234387,0.19441269502750505,0.14369346880015127,0.68916868127824371,0.18751604618883791,0.12331527253291842,0.45657894736842103,0.23026315789473684,0.31315789473684208,0.55613936333793379,0.22050649894981461,0.22335413771225168,0.62846730861637545,0.19846150005045535,0.17307119133316928,0.62198103273632699,0.21143405181055233,0.16658491545312082
1056,2023-2024,2024-04-02,Nottingham,Fulham,H,0.35468053107526176,0.26463300179300675,0.38068646713173143,0.35402644270038619,0.27493164497827682,0.37104191232133693,0.36156419858554151,0.27475980695911068,0.36367599445534782,0.45657894736842103,0.23026315789473684,0.31315789473684208,0.36707903067187198,0.23816448468511769,0.39475648464301027,0.30513512051577912,0.25102544341756028,0.4438394360666606,0.29670641134486986,0.26788286175937881,0.43541072689575133
1057,2023-2024,2024-04-02,West Ham,Tottenham,D,0.33502366592962857,0.23428814491071903,0.43068818915965235,0.33475110712893186,0.24428103082135091,0.42096786204971715,0.33024250437097796,0.24797493616817332,0.4217825594608488,0.45657894736842103,0.23026315789473684,0.31315789473684208,0.35773385880580105,0.23794467849805051,0.40432146269614838,0.3172216622950394,0.20471510127711279,0.47806323642784787,0.31193128130355224,0.21529586326008712,0.47277285543636072
1058,2023-2024,2024-04-03,Arsenal,Luton Town,H,0.80318656622211981,0.11629784895947541,0.080515584818404831,0.79910393559190585,0.12181137985739177,0.079084684550702583,0.80057167982420696,0.11946720431089405,0.079961115864899027,0.45657894736842103,0.23026315789473684,0.31315789473684208,0.69916216381134177,0.18105697247743874,0.11978086371121942,0.87783306687912166,0.081036469651251677,0.041130463469626725,0.87469952854763067,0.087303546314233552,0.037996925138135781
1059,2023-2024,2024-04-03,Brentford,Brighton,D,0.39473780637749728,0.23133285869822864,0.37392933492427405,0.39008664693552697,0.24020072875966039,0.36971262430481255,0.39700321637796904,0.21728061625544423,0.38571616736658682,0.45657894736842103,0.23026315789473684,0.31315789473684208,0.36362013677260413,0.23809633517082326,0.39828352805657252,0.35946650701420718,0.23582992689351528,0.40470356609227759,0.35013813725658599,0.25448666640875767,0.3953751963346564
1060,2023-2024,2024-04-03,Manchester City,Aston Villa,H,0.63864077750639736,0.17748454505306815,0.18387467744053443,0.63325975861737616,0.18539662413198862,0.18134361725063525,0.63284660829422268,0.18307213750563125,0.18408125420014607,0.45657894736842103,0.23026315789473684,0.31315789473684208,0.55827018239969184,0.22008267624163869,0.22164714135866953,0.62230540277612023,0.21095944272386405,0.16673515450001591,0.61349577772808117,0.22857869281994236,0.15792552945197677
1061,2023-2024,2024-04-04,Chelsea,Manchester Utd,H,0.43431036028137016,0.21437051294241505,0.3513191267762148,0.434098626623664,0.22151653663648724,0.34438483673984865,0.4371980784100557,0.25013699885313539,0.31266492273680896,0.45657894736842103,0.23026315789473684,0.31315789473684208,0.38143960366587787,0.23828411248786846,0.38027628384625356,0.39342801453375342,0.24213195399448451,0.36444003147176196,0.38159515628792406,0.26579767048614333,0.35260717322593249
1062,2023-2024,2024-04-04,Liverpool,Sheffield United,H,0.83294642368338423,0.10741798513648282,0.059635591180132792,0.83073794409337309,0.11108863189988873,0.058173424006738146,0.83581774113390672,0.10802397258908723,0.056158286277006128,0.45657894736842103,0.23026315789473684,0.31315789473684208,0.7252532401943943,0.17133851472785774,0.10340824507774801,0.93646329108591997,0.045526889671230766,0.018009819242849341,0.93431316991127522,0.049827132020519978,0.015859698068204742
1063,2023-2024,2024-04-06,Aston Villa,Brentford,D,0.62767207328976649,0.19144730622313449,0.18088062048709905,0.6299497741650637,0.19175733803059741,0.17829288780433888,0.64912786999415351,0.18010987500462683,0.17076225500121964,0.45657894736842103,0.23026315789473684,0.31315789473684208,0.59262489291301645,0.212576560564531,0.1947985465224526,0.58310084024890096,0.20809315616927607,0.20880600358182289,0.57349173940899922,0.22731135784907971,0.19919690274192106
1064,2023-2024,2024-04-06,Brighton,Arsenal,A,0.2896224329553661,0.22310826893131305,0.48726929811332093,0.28905852590394904,0.22695859089706427,0.48398288319898669,0.31037655417404358,0.21764541620015046,0.47197802962580593,0.45657894736842103,0.23026315789473684,0.31315789473684208,0.29286889807243571,0.23311307393354547,0.47401802799401876,0.15081462917042246,0.20744100473688645,0.64174436609269125,0.14070885351851878,0.22765255604069376,0.63163859044078763
1065,2023-2024,2024-04-06,Crystal Palace,Manchester City,A,0.1990745595342189,0.20019458223742556,0.60073085822835548,0.19999682519984704,0.20065112744857197,0.59935204735158099,0.20016545448654555,0.18781072916042435,0.61202381635303016,0.45657894736842103,0.23026315789473684,0.31315789473684208,0.19623260611700324,0.21301945464645464,0.59074793923654212,0.11361636421663994,0.19301789117653401,0.6933657446068261,0.10429584796785657,0.21165892367410072,0.68404522835804271
1066,2023-2024,2024-04-06,Everton,Burnley,H,0.47796498985096331,0.23480232319774283,0.28723268695129378,0.48070115151541593,0.23462536905764736,0.28467347942693666,0.47451116746595828,0.23003116558375078,0.29545766695029096,0.45657894736842103,0.23026315789473684,0.31315789473684208,0.49691830295987438,0.23033309317135664,0.27274860386876892,0.48680126326897788,0.27427142274331529,0.238927313987707,0.47384342549969333,0.30018709828188445,0.22596947621842245
1067,2023-2024,2024-04-06,Fulham,Newcastle,A,0.44636168129511777,0.22535145368266968,0.32828686502221249,0.4487655669667715,0.22570677370541053,0.32552765932781796,0.44493167435943864,0.23382237310745649,0.32124595253310489,0.45657894736842103,0.23026315789473684,0.31315789473684208,0.3867467795878316,0.23826270569892338,0.37499051471324507,0.39650095908204669,0.20896996363908038,0.3945290772788731,0.38873730493769959,0.22449727192777452,0.386765423134526
1068,2023-2024,2024-04-06,Luton Town,Bournemouth,H,0.36831762340777802,0.27172762557986435,0.35995475101235758,0.36968977657151197,0.27172206344597444,0.35858815998251364,0.39273957017978417,0.26135341409227064,0.34590701572794519,0.45657894736842103,0.23026315789473684,0.31315789473684208,0.36191662236244987,0.23805708388287808,0.40002629375467214,0.40632238717268748,0.2253816523106251,0.36829596051668734,0.39654066994736764,0.2449450867612647,0.35851424329136761
1069,2023-2024,2024-04-06,Wolves,West Ham,A,0.44668156818725058,0.23658981121474515,0.31672862059800427,0.44894003262885596,0.23702251179114719,0.3140374555799969,0.47281587200866221,0.23190901417989512,0.29527511381144267,0.45657894736842103,0.23026315789473684,0.31315789473684208,0.44511209222906939,0.23579153320294324,0.3190963745679874,0.43889755572340872,0.24246366425970597,0.31863878001688528,0.42736541988048549,0.26552793594555252,0.30710664417396205
1070,2023-2024,2024-04-07,Manchester Utd,Liverpool,D,0.30273265782854453,0.22809196833731521,0.46917537383414015,0.30881312556790452,0.22634739528353937,0.46483947914855617,0.30600191101619617,0.2206008689222124,0.47339722006159146,0.45657894736842103,0.23026315789473684,0.31315789473684208,0.32270716226681129,0.23608075089847128,0.44121208683471741,0.21938369225296461,0.22691733773137704,0.55369897001565826,0.21201094259850045,0.24166283704030536,0.54632622036119416
1071,2023-2024,2024-04-07,Sheffield United,Chelsea,D,0.22543090867426432,0.23299944177048265,0.541569649555253,0.22751577235549875,0.23417248365374563,0.53831174399075565,0.2270481107473962,0.24512102355032805,0.52783086570227578,0.45657894736842103,0.23026315789473684,0.31315789473684208,0.30708199267750053,0.23469257281270947,0.45822543450979014,0.1632431476427709,0.16330006309142478,0.67345678926580443,0.15906255281705484,0.17166125274285687,0.66927619444008835
1072,2023-2024,2024-04-07,Tottenham,Nottingham,H,0.63787007187966638,0.19770833478527267,0.16442159333506098,0.6393326120018441,0.1975795058597089,0.16308788213844697,0.61788091090724928,0.21119769555350068,0.17092139353925009,0.45657894736842103,0.23026315789473684,0.31315789473684208,0.60520881402664317,0.20950879851069351,0.18528238746266329,0.59922150184322376,0.20052854759400818,0.20024995056276804,0.5931018872534356,0.21276777677358433,0.19413033597297999
1073,2023-2024,2024-04-13,Bournemouth,Manchester Utd,D,0.37377782176797292,0.21205078142300834,0.41417139680901882,0.37296543670711368,0.20861942486224486,0.41841513843064138,0.33335960025667888,0.22592365924725577,0.4407167404960653,0.45657894736842103,0.23026315789473684,0.31315789473684208,0.35781631937404546,0.2379471155410697,0.40423656508488487,0.3354428608909405,0.24138351229695512,0.42317362681210441,0.32770047523499779,0.25686828360884056,0.4154312411561617
1074,2023-2024,2024-04-13,Brentford,Sheffield United,H,0.5925496425824951,0.19782539462371029,0.20962496279379467,0.59572170500721566,0.19145016260320027,0.21282813238958392,0.59788931991775374,0.18681458046784086,0.21529609961440538,0.45657894736842103,0.23026315789473684,0.31315789473684208,0.51365371208736965,0.22793955757736928,0.25840673033526107,0.68494810954705643,0.16979558980603349,0.14525630064690986,0.67986134507991192,0.17996911874032262,0.1401695361797653
1075,2023-2024,2024-04-13,Burnley,Brighton,D,0.32596529627784376,0.207253343655593,0.46678136006656329,0.32759182548871768,0.20013640811959088,0.47227176639169149,0.33334461855285435,0.18985788844760029,0.47679749299954521,0.45657894736842103,0.23026315789473684,0.31315789473684208,0.3195782624700847,0.23583121601922993,0.4445905215106854,0.24310899681081705,0.24172051790389021,0.51517048528529286,0.23512805248524907,0.25768240655502622,0.5071895409597249
1076,2023-2024,2024-04-13,Manchester City,Luton Town,H,0.79507594842600193,0.12394419121051013,0.08097986036348799,0.79816751716748313,0.11995031268224704,0.081882170150269995,0.80390053182363441,0.11248032584380038,0.083619142332565372,0.45657894736842103,0.23026315789473684,0.31315789473684208,0.72128511741008483,0.17287029830913711,0.10584458428077806,0.81148430712908692,0.11834138138403066,0.070174311486882357,0.80777621757743534,0.12575756048733411,0.066466221935230649
1077,2023-2024,2024-04-13,Newcastle,Tottenham,H,0.52603491757649634,0.20850366338371293,0.2654614190397907,0.52669649502868232,0.20215260881683852,0.27115089615447918,0.54187689531692729,0.2094427423405211,0.24868036234255153,0.45657894736842103,0.23026315789473684,0.31315789473684208,0.40999747734127961,0.23776215573129156,0.35224036692742877,0.46575211554546492,0.19883198059367424,0.33541590386086068,0.4612046548497315,0.20792690198514102,0.33086844316512731
1078,2023-2024,2024-04-13,Nottingham,Wolves,D,0.38718914226433487,0.24823234570460231,0.3645785120310629,0.39069917171210156,0.2412762033331087,0.36802462495478971,0.34859916061412316,0.27711128662588175,0.37428955275999509,0.45657894736842103,0.23026315789473684,0.31315789473684208,0.38476251036536829,0.23827480828900235,0.37696268134562932,0.40421902860036241,0.26390953190148281,0.3318714394981549,0.39548501446421569,0.28137756017377613,0.32313742536200818
1079,2023-2024,2024-04-14,Arsenal,Aston Villa,A,0.70843289118555508,0.14898627967558153,0.14258082913886341,0.71689389837502426,0.1457547141968322,0.1373513874281434,0.70646229603524102,0.15466015488529145,0.13887754907946759,0.45657894736842103,0.23026315789473684,0.31315789473684208,0.55559784541475798,0.2206134317558171,0.22378872282942502,0.77593676131022715,0.13952574441806054,0.084537494271712185,0.77079184917562515,0.14981556868726478,0.079392582137110063
1080,2023-2024,2024-04-14,Liverpool,Crystal Palace,A,0.76754931891671929,0.14084325012509644,0.09160743095818423,0.77486812677289063,0.13761879333893876,0.087513079888170572,0.77776596480651217,0.14017682935976675,0.082057205833720975,0.45657894736842103,0.23026315789473684,0.31315789473684208,0.6909459443055318,0.18394768431526978,0.12510637137919842,0.79755573711450833,0.13112023857944161,0.071324024306050157,0.79265028505893587,0.14093114269058649,0.066418572250477731
1081,2023-2024,2024-04-14,West Ham,Fulham,A,0.50190439936771325,0.22504568455912066,0.27304991607316603,0.50689012105572573,0.22046447362672961,0.27264540531754472,0.50926951355211381,0.22062949330283635,0.27010099314504982,0.45657894736842103,0.23026315789473684,0.31315789473684208,0.4872223716980037,0.23158036368518112,0.28119726461681516,0.41824696351080337,0.23288480238244513,0.34886823410675172,0.41003760067595052,0.24930352805215095,0.34065887127189876
1082,2023-2024,2024-04-15,Chelsea,Everton,H,0.51586601733145065,0.22862619054830818,0.25550779212024116,0.51407950303228656,0.22993062532872408,0.25598987163898945,0.55439469077752235,0.2298407007978778,0.21576460842459977,0.45657894736842103,0.23026315789473684,0.31315789473684208,0.51765536036829851,0.22732230150829111,0.25502233812341041,0.51493751297798573,0.24487719408296321,0.24018529293905097,0.50916307045382125,0.25642607913129223,0.23441085041488649
1083,2023-2024,2024-04-20,Luton Town,Brentford,A,0.40748939241821169,0.23583927327352774,0.35667133430826059,0.40733448278024714,0.23403742830034555,0.35862808891940745,0.42004134721516195,0.23095232503065666,0.3490063277541815,0.45657894736842103,0.23026315789473684,0.31315789473684208,0.40560631469257541,0.2379067392356807,0.35648694607174386,0.39693497837942693,0.22612943617774103,0.37693558544283207,0.39235059787338511,0.2352981971898247,0.37235120493679025
1084,2023-2024,2024-04-20,Sheffield United,Burnley,A,0.37619498694833847,0.22033360545169975,0.40347140759996181,0.37610692970733134,0.21844641223612049,0.40544665805654811,0.37692709823423443,0.21860039728938924,0.40447250447637639,0.45657894736842103,0.23026315789473684,0.31315789473684208,0.4335173032085704,0.23660032923778579,0.32988236755364375,0.35687028329549547,0.24587188242292116,0.39725783428158346,0.35141816890088512,0.25677611121214189,0.3918057198869731
1085,2023-2024,2024-04-20,Wolves,Arsenal,A,0.21848754535751286,0.20122124517358361,0.58029120946890356,0.21628876849509526,0.20241143843525453,0.58129979306965018,0.24566489556270432,0.19632901237980616,0.55800609205748952,0.45657894736842103,0.23026315789473684,0.31315789473684208,0.26204144958573572,0.22857985807683895,0.50937869233742539,0.11738977651667042,0.18910936437158826,0.69350085911174131,0.11310892871008278,0.19767105998476353,0.68922001130515365
1086,2023-2024,2024-04-21,Aston Villa,Bournemouth,H,0.63361279508400925,0.20429881921528423,0.16208838570070649,0.6339456995872994,0.20522474669487725,0.1608295537178232,0.67008900713070441,0.18081094766791317,0.14910004520138237,0.45657894736842103,0.23026315789473684,0.31315789473684208,0.56705835843894403,0.21828324243220548,0.21465839912885043,0.610551010513394,0.19528476155736973,0.19416422792923638,0.6069706374066296,0.20244550777089865,0.19058385482247192
1087,2023-2024,2024-04-21,Crystal Palace,West Ham,H,0.42916645525519165,0.23171809670187335,0.33911544804293497,0.43152795868792559,0.23309663842827491,0.33537540288379958,0.43846093500229727,0.22310200986008039,0.33843705513762223,0.45657894736842103,0.23026315789473684,0.31315789473684208,0.39898180675534484,0.23808105015516648,0.36293714308948877,0.38697642261294496,0.24882397001062681,0.36419960737642809,0.38206837473782079,0.25864006576087517,0.35929155950130393
1088,2023-2024,2024-04-21,Everton,Nottingham,H,0.43895793196138172,0.25156771896935531,0.30947434906926286,0.43765352693879439,0.24539541563537007,0.31695105742583557,0.40329916350350209,0.2610810106034599,0.33561982589303807,0.45657894736842103,0.23026315789473684,0.31315789473684208,0.47203948318410249,0.233326159382124,0.29463435743377353,0.33963006520732225,0.28502796950806264,0.37534196528461522,0.33403402804866306,0.29622004382538103,0.36974592812595602
1089,2023-2024,2024-04-21,Fulham,Liverpool,A,0.34229336166367519,0.22105809424024581,0.43664854409607901,0.34031374096325223,0.21390809853508569,0.44577816050166197,0.32974296703296291,0.22526624677009141,0.4449907861969456,0.45657894736842103,0.23026315789473684,0.31315789473684208,0.26762116806425557,0.22951798274329724,0.50286084919244711,0.2311658547565616,0.23313740950457834,0.5356967357388599,0.22652841801581178,0.24241228298607814,0.53105929899811011
1090,2023-2024,2024-04-23,Arsenal,Chelsea,H,0.6949532994387394,0.17482582174936354,0.13022087881189703,0.69553034940692116,0.18167624616676994,0.12279340442630883,0.67603947044571489,0.19451423885162561,0.12944629070265959,0.45657894736842103,0.23026315789473684,0.31315789473684208,0.60035868572130835,0.21071149508088077,0.18892981919781077,0.76283368214787417,0.14169543971017118,0.095470878141954846,0.76004861082972142,0.14726558234647658,0.092685806823802133
1091,2023-2024,2024-04-24,Crystal Palace,Newcastle,H,0.35639193438743333,0.23114348371128249,0.41246458190128421,0.36152145362464888,0.24536102376241981,0.39311752261293131,0.35724218114534489,0.24135374478522051,0.40140407406943462,0.45657894736842103,0.23026315789473684,0.31315789473684208,0.34260018557763694,0.23734468815520282,0.42005512626716013,0.28494317983914108,0.21537825925958978,0.49967856090126922,0.28097008414139413,0.22332445065508372,0.49570546520352227
1092,2023-2024,2024-04-24,Everton,Liverpool,H,0.22606074010987592,0.21513255003135839,0.55880670985876568,0.22631221374913199,0.2193840252519707,0.55430376099889722,0.20567472338010215,0.21230547090822763,0.58201980571167011,0.45657894736842103,0.23026315789473684,0.31315789473684208,0.23404998210832384,0.22302638898397636,0.54292362890769974,0.13840018911840105,0.22127685618295823,0.64032295469864076,0.13387940014278049,0.23031843413419936,0.63580216572302017
1093,2023-2024,2024-04-24,Manchester Utd,Sheffield United,H,0.71062279956740115,0.1542252080435339,0.13515199238906495,0.70019185510532578,0.15481488242730432,0.14499326246736996,0.70226699902066902,0.15206732283158972,0.14566567814774123,0.45657894736842103,0.23026315789473684,0.31315789473684208,0.64484922830228264,0.19871473433982839,0.15643603735788902,0.79195721068163061,0.12753388986453618,0.080508899453833188,0.78944885477182947,0.13255060168413854,0.078000543544032019
1094,2023-2024,2024-04-24,Wolves,Bournemouth,A,0.43236671406022226,0.2514861670514818,0.31614711888829594,0.42942060024776951,0.25517004025091783,0.31540935950131266,0.48330180211607832,0.24021342721775157,0.27648477066617011,0.45657894736842103,0.23026315789473684,0.31315789473684208,0.44916249870933023,0.23547284429755574,0.31536465699311411,0.43606355271705305,0.25025150413217823,0.3136849431507685,0.43086851437319096,0.26064158081990241,0.30848990480690647
1095,2023-2024,2024-04-25,Brighton,Manchester City,A,0.28955903000839583,0.20972542368647309,0.50071554630513115,0.28457907421333406,0.2121195620310152,0.50330136375565082,0.28929985738413072,0.20821222788183216,0.50248791473403709,0.45657894736842103,0.23026315789473684,0.31315789473684208,0.25128842349999891,0.2266173948026676,0.52209418169733346,0.17661621435312858,0.21485488774170797,0.60852889790516362,0.17346389856547464,0.22115951931701583,0.60537658211750967
1096,2023-2024,2024-04-27,Aston Villa,Chelsea,D,0.62168721749634537,0.19591158246915652,0.18240120003449814,0.61687411235116052,0.19856202495731409,0.18456386269152533,0.60264797788424507,0.20196293319381597,0.19538908892193893,0.45657894736842103,0.23026315789473684,0.31315789473684208,0.53066705092022071,0.22519590096577152,0.24413704811400777,0.56378411473895151,0.18819874174913276,0.24801714351191556,0.56171867274953158,0.19232962572797274,0.24595170152249557
1097,2023-2024,2024-04-27,Everton,Brentford,H,0.44725874838981849,0.2280201339760087,0.32472111763417272,0.45356337783799677,0.23463977414757106,0.31179684801443214,0.45961196229382445,0.22790573138364206,0.31248230632253343,0.45657894736842103,0.23026315789473684,0.31315789473684208,0.44864081263202221,0.2355149352405887,0.31584425212738909,0.34061965586404536,0.2770511337490506,0.38232921038690387,0.33649023569952707,0.28530997407808711,0.37819979022238565
1098,2023-2024,2024-04-27,Fulham,Crystal Palace,D,0.4888469967103477,0.24508924898945178,0.26606375430020052,0.48563207993075952,0.23610845100922043,0.27825946906002014,0.47492177699220939,0.25737542460389268,0.26770279840389788,0.45657894736842103,0.23026315789473684,0.31315789473684208,0.45420347125276778,0.23505026978059562,0.31074625896663666,0.46650380938337249,0.24581226800374201,0.28768392261288561,0.46284207081591877,0.25313574513864945,0.28402218404543189
1099,2023-2024,2024-04-27,Manchester Utd,Burnley,D,0.63644167081719483,0.18486416442889048,0.17869416475391467,0.63924587877050731,0.18493040270777694,0.17582371852171569,0.6421587988066193,0.18164452318216964,0.17619667801121114,0.45657894736842103,0.23026315789473684,0.31315789473684208,0.61431411555372184,0.20718189035873413,0.178503994087544,0.63918089021033209,0.19548920966409156,0.1653299001255763,0.63632826841573642,0.201194453253283,0.16247727833098055
1100,2023-2024,2024-04-27,Newcastle,Sheffield United,H,0.78635080765967058,0.12479167920079465,0.08885751313953473,0.78728681747868334,0.12154712935682112,0.091166053164495553,0.79023718999384951,0.12265353033592968,0.08710927967022096,0.45657894736842103,0.23026315789473684,0.31315789473684208,0.63501710129142708,0.20155350944974246,0.16342938925883052,0.85701373128544944,0.086973321690649461,0.056012947023901166,0.85600728666245218,0.088986210936643967,0.055006502400903927
1101,2023-2024,2024-04-27,West Ham,Liverpool,D,0.26012337039826955,0.2139870979145804,0.52588953168715002,0.25439370558482449,0.20370212424382916,0.5419041701713464,0.23799625793139673,0.20531766027197726,0.55668608179662604,0.45657894736842103,0.23026315789473684,0.31315789473684208,0.27492859971754052,0.23066623834456729,0.49440516193789219,0.17727582638885789,0.18875073914610466,0.63397343446503751,0.17466894070894398,0.19396451050593244,0.63136654878512355
1102,2023-2024,2024-04-27,Wolves,Luton Town,H,0.49878487772375729,0.221395419597089,0.27981970267915357,0.5083361678858781,0.22422599057515868,0.26743784153896316,0.50412127884669911,0.23449072102597363,0.26138800012732732,0.45657894736842103,0.23026315789473684,0.31315789473684208,0.50819817454316785,0.22875318740720357,0.26304863804962852,0.49126993255978041,0.23007083534567804,0.27865923209454141,0.487960092905462,0.23669051465431487,0.275349392440223
1103,2023-2024,2024-04-28,Bournemouth,Brighton,H,0.42958175747673827,0.21696433402141577,0.35345390850184588,0.44083453584231996,0.22250751381616724,0.33665795034151275,0.42721357740028043,0.21090335715175088,0.36188306544796883,0.45657894736842103,0.23026315789473684,0.31315789473684208,0.42613372056200055,0.23703469956259079,0.33683157987540868,0.417324120889982,0.24792059370574449,0.33475528540427352,0.41261451172332242,0.25733981203906364,0.33004567623761394
1104,2023-2024,2024-04-28,Nottingham,Manchester City,A,0.16214312370386344,0.1932014156892623,0.64465546060687429,0.16323628805179069,0.19494001507348799,0.64182369687472129,0.16263771402260635,0.18643311391052747,0.65092917206686618,0.45657894736842103,0.23026315789473684,0.31315789473684208,0.1695720995078992,0.20392534151154929,0.62650255898055152,0.099432597808946865,0.15978423388793467,0.74078316830311863,0.096372770132236163,0.16590388924135607,0.73772334062640788
1105,2023-2024,2024-04-28,Tottenham,Arsenal,A,0.31039365712693956,0.21042862836373721,0.47917771450932328,0.2885029902582249,0.18586042616528151,0.52563658357649357,0.30295935976142713,0.16734223773275617,0.52969840250581668,0.45657894736842103,0.23026315789473684,0.31315789473684208,0.34002729936868215,0.23721205007044255,0.42276065056087547,0.14278604378115972,0.18455236705903619,0.67266158915980423,0.13931064965377121,0.19150315531381326,0.66918619503241572
1106,2023-2024,2024-05-02,Chelsea,Tottenham,H,0.43931780226682882,0.21789166364686807,0.34279053408630306,0.44392420785035985,0.22751635193845335,0.32855944021118683,0.46704886697902198,0.24073529880996455,0.29221583421101338,0.45657894736842103,0.23026315789473684,0.31315789473684208,0.40294636379938831,0.23798308487758596,0.35907055132302584,0.46915107861763833,0.19343544524857681,0.33741347613378492,0.46671391244492982,0.19830977759399382,0.33497630996107641
1107,2023-2024,2024-05-03,Luton Town,Everton,D,0.37826662738137012,0.2630262578169984,0.35870711480163153,0.37292852783102259,0.25465830590971111,0.3724131662592664,0.38609299323108603,0.24856238174744344,0.36534462502147058,0.45657894736842103,0.23026315789473684,0.31315789473684208,0.36459346152657784,0.23811707395797407,0.39728946451544805,0.38256908342838175,0.25957571680610192,0.35785519976551622,0.37742484797951736,0.26986418770383075,0.35271096431665178
1108,2023-2024,2024-05-04,Arsenal,Bournemouth,H,0.76815921552996691,0.14149409941189986,0.090346685058133189,0.76999158693055225,0.13773158257402843,0.092276830495419251,0.79132064250784884,0.12478664542366635,0.083892712068484629,0.45657894736842103,0.23026315789473684,0.31315789473684208,0.64253386981169258,0.19939291744885393,0.15807321273945354,0.81116926275469381,0.12566349892778808,0.06316723831751786,0.80804887913337531,0.13190426617042517,0.060046854696199331
1109,2023-2024,2024-05-04,Brentford,Fulham,D,0.49059241142134341,0.20829301605318817,0.30111457252546836,0.49049440873673561,0.20695258373612049,0.30255300752714392,0.49697068811528966,0.20012462471048637,0.30290468717422381,0.45657894736842103,0.23026315789473684,0.31315789473684208,0.42954931073326319,0.23684161579410923,0.33360907347262758,0.43261177248723154,0.24490856972936809,0.32247965778340043,0.42663380156856345,0.25686451156670453,0.31650168686473229
1110,2023-2024,2024-05-04,Burnley,Newcastle,A,0.27995308770419275,0.21293009142956512,0.50711682086624221,0.27935080347437474,0.21091111251225986,0.5097380840133654,0.28052611665795107,0.21444088545622492,0.50503299788582401,0.45657894736842103,0.23026315789473684,0.31315789473684208,0.30131894170483858,0.23408929114194185,0.4645917671532197,0.22653424141701689,0.20398712511944136,0.56947863346354188,0.22197325351846137,0.21310910091655239,0.56491764556498636
1111,2023-2024,2024-05-04,Manchester City,Wolves,H,0.7939015344179825,0.12454862466541286,0.081549840916604527,0.7908002468014691,0.12319012953159948,0.086009623666931462,0.7620758681938169,0.14220036047492679,0.095723771331256258,0.45657894736842103,0.23026315789473684,0.31315789473684208,0.69250677057397125,0.18340468662927628,0.12408854279675251,0.80450670481132869,0.13350159570715012,0.061991699481521188,0.80119621050527456,0.1401225843192582,0.058681205175467155
1112,2023-2024,2024-05-04,Sheffield United,Nottingham,A,0.32960439805412589,0.23558584737296809,0.43480975457290594,0.33480129666332986,0.23653819448674807,0.42866050884992213,0.32574724709933006,0.24955800345038451,0.42469474945028535,0.45657894736842103,0.23026315789473684,0.31315789473684208,0.39382039454291101,0.23818002572945163,0.36799957972763753,0.27132258528165676,0.22325659012469454,0.50542082459364845,0.26612022170307353,0.23366131728186104,0.50021846101506529
1113,2023-2024,2024-05-05,Brighton,Aston Villa,H,0.37453048633091873,0.22820219970982558,0.39726731395925563,0.3787822534219879,0.22427601748432027,0.3969417290936918,0.37779377446072226,0.23904924987788861,0.38315697566138907,0.45657894736842103,0.23026315789473684,0.31315789473684208,0.34412809074647011,0.23741919670503991,0.41845271254849004,0.28835557248947435,0.22976110337939137,0.48188332413113438,0.28127748629933208,0.24391727575967592,0.47480523794099211
1114,2023-2024,2024-05-05,Chelsea,West Ham,H,0.5556360866688862,0.21265120491177963,0.23171270841933406,0.56946659372560371,0.21185546663818106,0.21867793963621515,0.59427594167517472,0.21252239538910583,0.1932016629357195,0.45657894736842103,0.23026315789473684,0.31315789473684208,0.49638856605827486,0.23040388852889462,0.2732075454128306,0.62149112992281785,0.17389350565841571,0.20461536441876638,0.61744901689826448,0.18197773170752252,0.200573251394213
1115,2023-2024,2024-05-05,Liverpool,Tottenham,H,0.62255554860368789,0.18610627074030714,0.19133818065600497,0.63045724233486278,0.18277215523875739,0.1867706024263798,0.64917942132135464,0.17731484118861665,0.17350573749002876,0.45657894736842103,0.23026315789473684,0.31315789473684208,0.54853916548820603,0.22197853894524705,0.22948229556654695,0.6411616237308384,0.18339343022595919,0.17544494604320246,0.63584964142312606,0.19401739484138375,0.17013296373549017
1116,2023-2024,2024-05-06,Crystal Palace,Manchester Utd,H,0.41218248766798682,0.20666460035637824,0.38115291197563494,0.40978463798178633,0.20716141787779052,0.38305394414042315,0.39140832356865601,0.21849804933523181,0.39009362709611223,0.45657894736842103,0.23026315789473684,0.31315789473684208,0.35470659003999511,0.23784902361001575,0.4074443863499892,0.39206001665963358,0.2496899606238816,0.35825002271648471,0.38645535063950381,0.26089929266414119,0.35264535669635494
1117,2023-2024,2024-05-11,Bournemouth,Brentford,A,0.43682490154294257,0.22999123242266509,0.33318386603439237,0.43685226787400139,0.22888449149287327,0.33426324063312535,0.43232941913092748,0.23193506461960356,0.33573551624946896,0.45657894736842103,0.23026315789473684,0.31315789473684208,0.48333701443768234,0.2320512850019302,0.28461170056038748,0.4334471505596269,0.24861048382952619,0.31794236561084688,0.42782011918685614,0.25986454657506769,0.31231533423807606
1118,2023-2024,2024-05-11,Everton,Sheffield United,H,0.65788671823846046,0.16769304908065191,0.17442023268088763,0.6578912350422933,0.16667666933045444,0.17543209562725226,0.65106170322528367,0.16453491157789951,0.18440338519681682,0.45657894736842103,0.23026315789473684,0.31315789473684208,0.58083263010786179,0.21529607708480369,0.2038712928073346,0.66000550791253154,0.20200816610870556,0.13798632597876301,0.65538483509668877,0.21124951174039122,0.13336565316292018
1119,2023-2024,2024-05-11,Fulham,Manchester City,A,0.23526675007366141,0.20899993067546388,0.55573331925087466,0.23346211107589537,0.20707604275194505,0.55946184617215966,0.23755346453128193,0.20719274397580212,0.55525379149291587,0.45657894736842103,0.23026315789473684,0.31315789473684208,0.20948880356952734,0.21688414099204326,0.57362705543842929,0.1506357729367935,0.20374815717087472,0.64561606989233167,0.1459781498488186,0.21306340334682453,0.64095844680435676
1120,2023-2024,2024-05-11,Newcastle,Brighton,D,0.6758097289104501,0.16453964507534721,0.15965062601420271,0.67550787342471019,0.16383483988979167,0.16065728668549809,0.69662109711481723,0.15377116322460696,0.14960773966057583,0.45657894736842103,0.23026315789473684,0.31315789473684208,0.50357117081458469,0.22941798258456117,0.26701084660085428,0.64411628343106631,0.18465626688279041,0.17122744968614342,0.64026163915419643,0.19236555543653008,0.16737280540927357
1121,2023-2024,2024-05-11,Nottingham,Chelsea,A,0.32557564462775462,0.25819839716138809,0.41622595821085723,0.31742898175600592,0.2497038839272982,0.43286713431669599,0.30156898989015724,0.25814806121257039,0.44028294889727237,0.45657894736842103,0.23026315789473684,0.31315789473684208,0.32190578532499436,0.23601817783416873,0.44207603684083691,0.28640824275626242,0.21588495133532956,0.49770680590840816,0.28204489757933082,0.2246116416891927,0.49334346073147656
1122,2023-2024,2024-05-11,Tottenham,Burnley,H,0.63640729955607844,0.18861865440239042,0.17497404604153119,0.64198893301761628,0.18876351198353222,0.16924755499885152,0.6419310513912434,0.18506268289829,0.17300626571046659,0.45657894736842103,0.23026315789473684,0.31315789473684208,0.60042376760626126,0.21069552541762437,0.18888070697611442,0.67993588445995179,0.17011032503365836,0.14995379050639002,0.67647036507901337,0.17704136379553503,0.14648827112545168
1123,2023-2024,2024-05-11,West Ham,Luton Town,H,0.52193736518093548,0.21601584917244473,0.26204678564661971,0.52271365755331478,0.21574198316503598,0.26154435928164926,0.51650043812954793,0.21610620133158426,0.26739336053886775,0.45657894736842103,0.23026315789473684,0.31315789473684208,0.53434651199662353,0.22456155394069535,0.2410919340626812,0.52263437684092173,0.19905132112925086,0.27831430202982732,0.51913270243522514,0.20605466994064411,0.27481262762413072
1124,2023-2024,2024-05-11,Wolves,Crystal Palace,A,0.40191581613984495,0.25988327214412688,0.33820091171602823,0.40060500818813694,0.25800044852419374,0.34139454328766933,0.40742397469965269,0.27449841869935743,0.31807760660098994,0.45657894736842103,0.23026315789473684,0.31315789473684208,0.42851486690842666,0.23690152326742819,0.33458360982414503,0.33790643649981789,0.26107435547063063,0.40101920802955165,0.33193524104778516,0.2730167463746962,0.39504801257751893
1125,2023-2024,2024-05-12,Manchester Utd,Arsenal,A,0.26694095866574424,0.19670847821339432,0.53635056312086138,0.2650128592006149,0.19069985942057768,0.54428728137880744,0.28976731306921782,0.17208187169914971,0.53815081523163244,0.45657894736842103,0.23026315789473684,0.31315789473684208,0.3015752829894664,0.23411719270904197,0.46430752430149164,0.12009413315907451,0.17999648577124491,0.6999093810696807,0.11587617007280605,0.18843241194378188,0.69569141798341216
1126,2023-2024,2024-05-13,Aston Villa,Liverpool,D,0.40860789424207439,0.21224160859888527,0.37915049715904031,0.40346361536059527,0.2192452698779998,0.37729111476140487,0.38955208979078693,0.21502983782478197,0.39541807238443105,0.45657894736842103,0.23026315789473684,0.31315789473684208,0.36849249786384125,0.23818790017304434,0.39331960196311444,0.33781325640339649,0.22966597939044009,0.43252076420616342,0.33363195947893032,0.23802857323937246,0.42833946728169725
1127,2023-2024,2024-05-14,Tottenham,Manchester City,A,0.2876151601190256,0.21782534879624582,0.49455949108472858,0.29537583877839746,0.22560250257331751,0.47902165864828511,0.29611251972028824,0.20858833870992435,0.49529914156978733,0.45657894736842103,0.23026315789473684,0.31315789473684208,0.27143323122722102,0.23012822711556324,0.49843854165721579,0.13681880604886346,0.16473047927599827,0.69845071467513831,0.13397464794120381,0.17041879549131761,0.69560655656747872
1128,2023-2024,2024-05-15,Brighton,Chelsea,A,0.44235444596302803,0.23630314461889587,0.32134240941807601,0.43562104547888231,0.23163863932309231,0.33274031519802533,0.42207284238605575,0.24547072332687708,0.33245643428706728,0.45657894736842103,0.23026315789473684,0.31315789473684208,0.40580335247828886,0.23790074590423002,0.35629590161748104,0.33165303428192583,0.22678865987676713,0.44155830584130706,0.32769079946073321,0.23471312951915249,0.43759607102011444
1129,2023-2024,2024-05-15,Manchester Utd,Newcastle,H,0.44348534628672504,0.21128449242146413,0.34523016129181094,0.44201884572432815,0.21524644935385995,0.34273470492181196,0.44858992000227704,0.20649075659870797,0.34491932339901504,0.45657894736842103,0.23026315789473684,0.31315789473684208,0.43090127323717187,0.23676145042902449,0.33233727633380367,0.34711859406566575,0.22030789137537901,0.43257351455895526,0.34346369488058232,0.22761768974554583,0.42891861537387183
1130,2023-2024,2024-05-19,Arsenal,Everton,H,0.7912218739583663,0.13438476096262578,0.0743933650790079,0.79115615949001239,0.13488862536396776,0.073955215146019881,0.80094822538335897,0.12914900657691916,0.069902768039721966,0.45657894736842103,0.23026315789473684,0.31315789473684208,0.66517624775569284,0.19250235342149918,0.14232139882280803,0.77793122425154015,0.1655300888604038,0.056538686888055995,0.77533891570610469,0.17071470595127478,0.053946378342620532
1131,2023-2024,2024-05-19,Brentford,Newcastle,A,0.4451931096105759,0.19418891433236404,0.36061797605706003,0.44137886045787383,0.18768418236445045,0.37093695717767561,0.43193152548428038,0.18242675275057982,0.38564172176513972,0.45657894736842103,0.23026315789473684,0.31315789473684208,0.36531176794569176,0.23813159369204606,0.39655663836226213,0.3578632912835471,0.22338428299743168,0.41875242571902122,0.35427857950576647,0.23055370655299301,0.41516771394124058
1132,2023-2024,2024-05-19,Brighton,Manchester Utd,A,0.44114475294182703,0.21642918785313603,0.34242605920503705,0.45007283199131592,0.20861931411691356,0.34130785389177054,0.43429613634301129,0.22848873059273389,0.33721513306425488,0.45657894736842103,0.23026315789473684,0.31315789473684208,0.3934548511885656,0.2381858037555992,0.36835934505583512,0.38683903414952242,0.25626746734994421,0.35689349850053326,0.38219089372838588,0.26556374819221729,0.35224535807939672
1133,2023-2024,2024-05-19,Burnley,Nottingham,A,0.41735453075623591,0.22243462836755257,0.36021084087621158,0.41825509910670844,0.22284377594441768,0.35890112494887388,0.40677448654319809,0.23581309192171579,0.35741242153508607,0.45657894736842103,0.23026315789473684,0.31315789473684208,0.43184735633771726,0.23670409387246572,0.33144854978981714,0.38295877606730211,0.25180063173958167,0.36524059219311616,0.37841972548604752,0.2608787329020909,0.36070154161186152
1134,2023-2024,2024-05-19,Chelsea,Bournemouth,H,0.63492725309170917,0.18697631642101334,0.1780964304872775,0.64783065586673638,0.19041931145554278,0.16175003267772076,0.69457919120974176,0.1768843594702339,0.12853644932002431,0.45657894736842103,0.23026315789473684,0.31315789473684208,0.5363671907052352,0.22420699705890465,0.23942581223586012,0.62943489279796971,0.1813711395630222,0.18919396763900823,0.62666994350789562,0.18690103814317036,0.18642901834893416
1135,2023-2024,2024-05-19,Crystal Palace,Aston Villa,H,0.43019395410165551,0.20441150173080141,0.36539454416754308,0.43380690582646125,0.20018519166584714,0.36600790250769172,0.42866630626256491,0.2057710949240637,0.36556259881337133,0.45657894736842103,0.23026315789473684,0.31315789473684208,0.35514232380547606,0.23786353540583,0.406994140788694,0.40408970432876701,0.23265887945090452,0.36325141622032853,0.40014632300664188,0.24054564209515486,0.35930803489820334
1136,2023-2024,2024-05-19,Liverpool,Wolves,H,0.73032056580535665,0.15764236522859237,0.11203706896605098,0.73484640100547538,0.15887336525739126,0.10628023373713344,0.7098630893240353,0.18420218082666376,0.10593472984930097,0.45657894736842103,0.23026315789473684,0.31315789473684208,0.65218567769791025,0.19652624477987835,0.15128807752221152,0.7554180790552868,0.14754476308533979,0.097037157859373419,0.75282422130480831,0.15273247858629652,0.094443300108895054
1137,2023-2024,2024-05-19,Luton Town,Fulham,A,0.39083938122969297,0.23313890318283187,0.37602171558747516,0.3918124342267002,0.23382550604528596,0.37436205972801395,0.40152243076099287,0.2350547470640531,0.36342282217495397,0.45657894736842103,0.23026315789473684,0.31315789473684208,0.36427941483582232,0.23811051642578826,0.39761006873838933,0.33888570266291079,0.23303627522622586,0.42807802211086321,0.33490389014126165,0.2409999002695242,0.42409620958921401
1138,2023-2024,2024-05-19,Manchester City,West Ham,H,0.81868998648687796,0.11200759314294197,0.069302420370180098,0.82193537215696932,0.10985674834980516,0.068207879493225529,0.83036208532851297,0.10003499330372144,0.069602921367765552,0.45657894736842103,0.23026315789473684,0.31315789473684208,0.69128244355437263,0.18383086208511526,0.12488669436051215,0.89727179444409511,0.07051184497125472,0.032216360584650237,0.89605689253478227,0.072941648789880353,0.031001458675337427
1139,2023-2024,2024-05-19,Sheffield United,Tottenham,A,0.20175569569918256,0.18878514558243045,0.60945915871838707,0.19322454374378159,0.17173570021338111,0.63503975604283724,0.19492011507207024,0.17153463096898519,0.63354525395894468,0.45657894736842103,0.23026315789473684,0.31315789473684208,0.24396928421367151,0.22516140968032247,0.53086930610600602,0.14490586693335417,0.1576068076597659,0.69748732540688019,0.14257013610516131,0.16227826931615158,0.69515159457868725
1140,2024-2025,2024-08-16,Manchester Utd,Fulham,H,0.52772472689582162,0.23312047914445272,0.23915479395972564,0.51685659484706203,0.25276246936984897,0.23038093578308905,0.46684209865633214,0.28049666121159034,0.25266124013207741,0.45789473684210524,0.22543859649122808,0.31666666666666665,0.51439638829956413,0.2243141475518218,0.26128946414861415,0.48094242047647601,0.23748667845703772,0.2815709010664863,0.4767726772623036,0.2458261648853825,0.27740115785231395
1141,2024-2025,2024-08-17,Arsenal,Wolves,H,0.68652036609992606,0.18093447454346845,0.13254515935660535,0.67159683500043066,0.19713371748250363,0.13126944751706571,0.61301848372501899,0.23519127326167258,0.15179024301330848,0.45789473684210524,0.22543859649122808,0.31666666666666665,0.64268496951846443,0.19662543920360981,0.16068959127792562,0.84752597748389646,0.10994542864415265,0.04252859387195098,0.84670262765980042,0.11159212829234479,0.041705244047854917
1142,2024-2025,2024-08-17,Everton,Brighton,A,0.46246180811502663,0.25824534383032643,0.27929284805464683,0.44838065169853314,0.2797648853151965,0.27185446298627031,0.39771427878409632,0.31167114402927659,0.2906145771866272,0.45789473684210524,0.22543859649122808,0.31666666666666665,0.44103123014414447,0.23225503158728386,0.32671373826857159,0.39573773976921528,0.31341572399587875,0.29084653623490614,0.3936040880668315,0.31768302740064613,0.28871288453252242
1143,2024-2025,2024-08-17,Ipswich Town,Liverpool,A,0.41738418514018483,0.20990149110841025,0.37271432375140484,0.41017005436000153,0.22118315159628449,0.36864679404371398,0.40070833419544388,0.24730068404505032,0.35199098175950577,0.45789473684210524,0.22543859649122808,0.31666666666666665,0.31669066247197525,0.23145374883712405,0.45185558869090076,0.2973944583592264,0.25216247122839203,0.45044307041238169,0.29548696218716375,0.25597746357251733,0.44853557424031903
1144,2024-2025,2024-08-17,Newcastle,Southampton,H,0.57027743307492051,0.21395046044311841,0.21577210648196099,0.55752962530509032,0.23165161401927892,0.21081876067563077,0.5085174045497276,0.23883255908980042,0.25265003636047201,0.45789473684210524,0.22543859649122808,0.31666666666666665,0.50331009769579815,0.22588700092669334,0.27080290137750851,0.77990788239340325,0.12656168654259473,0.093530431064002106,0.7790996188868935,0.12817821355561415,0.09272216755749238
1145,2024-2025,2024-08-17,Nottingham,Bournemouth,D,0.42458528520512212,0.26710896691750102,0.3083057478773768,0.41144806634899472,0.28908015210470772,0.29947178154629761,0.41643112153849837,0.29078190237000412,0.29278697609149751,0.45789473684210524,0.22543859649122808,0.31666666666666665,0.41201145054214233,0.23374906714630989,0.35423948231154778,0.40401440217877882,0.2473604231559991,0.3486251746652223,0.40217040528759423,0.25104841693836799,0.34678117777403772
1146,2024-2025,2024-08-17,West Ham,Aston Villa,A,0.44240391852625632,0.2293038830549913,0.32829219841875246,0.42883857281890297,0.25195708728673505,0.31920433989436203,0.38844660037437229,0.27598598667576363,0.33556741294986403,0.45789473684210524,0.22543859649122808,0.31666666666666665,0.37923786909220425,0.23425189373938513,0.3865102371684106,0.3339328904504455,0.20849731902486104,0.45756979052469349,0.33269404283159104,0.21097501426256995,0.45633094290583903
1147,2024-2025,2024-08-18,Brentford,Crystal Palace,H,0.43979205378352904,0.25615804212821863,0.30404990408825233,0.44111981828584895,0.2702488881946849,0.28863129351946615,0.43507753768159679,0.26483701312662561,0.30008544919177754,0.45789473684210524,0.22543859649122808,0.31666666666666665,0.41221372190354433,0.23374200712391233,0.35404427097254326,0.33133073646793798,0.23928193093717229,0.42938733259488959,0.32811645223766067,0.24571049939772685,0.42617304836461228
1148,2024-2025,2024-08-18,Chelsea,Manchester City,A,0.46301348896293265,0.19429937010134463,0.34268714093572261,0.46862594549493786,0.20625666667492276,0.32511738783013944,0.4353851313934623,0.18491238699989015,0.37970248160664766,0.45789473684210524,0.22543859649122808,0.31666666666666665,0.31589501026201255,0.23138405716475605,0.45272093257323132,0.16555273071941484,0.17899968811374639,0.65544758116683866,0.16331956518909679,0.18346601917438249,0.65321441563652061
1149,2024-2025,2024-08-19,Leicester City,Tottenham,D,0.44298137458954762,0.22991123688582119,0.32710738852463112,0.43744420978993315,0.25102841968987172,0.31152737052019513,0.41706708273234516,0.26407527657402746,0.31885764069362732,0.45789473684210524,0.22543859649122808,0.31666666666666665,0.39969519674913556,0.23408849351542987,0.36621630973543451,0.33451141881794066,0.22677789574767571,0.43871068543438368,0.33170165663861634,0.23239742010632411,0.43590092325505947
1150,2024-2025,2024-08-24,Aston Villa,Arsenal,A,0.37637125447843034,0.23106046848256306,0.39256827703900671,0.37339928818465956,0.2402128078967645,0.38638790391857597,0.38418292002136767,0.21763989352688651,0.39817718645174582,0.45789473684210524,0.22543859649122808,0.31666666666666665,0.35264801185347477,0.23369006706351225,0.41366192108301292,0.14398059427601592,0.1928170372037662,0.66320236852021786,0.13976968897827724,0.20123884779924359,0.65899146322247915
1151,2024-2025,2024-08-24,Brighton,Manchester Utd,H,0.4715478126858329,0.25538832775287063,0.27306385956129658,0.47143290991807413,0.25267924940005865,0.27588784068186734,0.52191326127995252,0.23312629057978815,0.24496044814025938,0.45789473684210524,0.22543859649122808,0.31666666666666665,0.39708197248757282,0.23413744274556333,0.36878058476686387,0.37912939906494719,0.26036224740577513,0.36050835352927751,0.37340643429778764,0.27180817694009424,0.35478538876211796
1152,2024-2025,2024-08-24,Crystal Palace,West Ham,A,0.48523845513089497,0.26397818454332483,0.25078336032578025,0.48454213824641362,0.26893129790875819,0.2465265638448281,0.46490854557811917,0.2589429521256349,0.27614850229624605,0.45789473684210524,0.22543859649122808,0.31666666666666665,0.46926158773185672,0.22989308151379109,0.30084533075435221,0.6255756005779296,0.18844374407116501,0.18598065535090536,0.62186293873340848,0.19586906776020721,0.18226799350638423
1153,2024-2025,2024-08-24,Fulham,Leicester City,H,0.36521237534024692,0.25216955488874621,0.38261806977100682,0.35937046322270855,0.25673287429629871,0.3838966624809928,0.37417391306972686,0.25541211214250326,0.37041397478776994,0.45789473684210524,0.22543859649122808,0.31666666666666665,0.4343318292426227,0.23268513672749794,0.33298303402987944,0.44681586363333498,0.28216309543812329,0.27102104092854173,0.44079307084232139,0.29420868102015046,0.26499824813752815
1154,2024-2025,2024-08-24,Manchester City,Ipswich Town,H,0.88016230821973007,0.079422819656304502,0.040414872123965453,0.87973740506266329,0.080042327107640782,0.040220267829695816,0.81122117730210574,0.12216650360609696,0.066612319091797254,0.45789473684210524,0.22543859649122808,0.31666666666666665,0.65481117628732366,0.19309216159779316,0.15209666211488326,0.8343852784431357,0.11531886478824001,0.050295856768624463,0.83185102273649547,0.1203873762015205,0.047761601061984217
1155,2024-2025,2024-08-24,Southampton,Nottingham,A,0.34254447663276638,0.2813959462056837,0.37605957716154986,0.33986115963166069,0.28692652768117011,0.3732123126871692,0.36002687060015731,0.28159798299779804,0.35837514640204476,0.45789473684210524,0.22543859649122808,0.31666666666666665,0.49725768983533919,0.22669031288992517,0.27605199727473556,0.26608280905624415,0.34518963314092849,0.38872755780282708,0.26015689008144621,0.35704147109052431,0.38280163882802914
1156,2024-2025,2024-08-24,Tottenham,Everton,H,0.74631648922249516,0.14598753530822864,0.10769597546927633,0.74767409737982071,0.14688981966928297,0.10543608295089622,0.70419387563854963,0.15617683782225777,0.13962928653919265,0.45789473684210524,0.22543859649122808,0.31666666666666665,0.52400803641275151,0.22284471564498273,0.25314724794226573,0.57926115054823879,0.23339933209541322,0.18733951735634832,0.57413365755468271,0.24365431808252522,0.18221202436279235
1157,2024-2025,2024-08-25,Bournemouth,Newcastle,D,0.24552407877378959,0.28062008456821069,0.47385583665799974,0.25278928529553646,0.28202953196600111,0.46518118273846237,0.28476313580205315,0.28397347718839522,0.43126338700955158,0.45789473684210524,0.22543859649122808,0.31666666666666665,0.37337877791780544,0.2342045388560107,0.39241668322618384,0.29743512849454307,0.21479408765390631,0.48777078385155054,0.29396799125327316,0.22172836213644614,0.48430364661028064
1158,2024-2025,2024-08-25,Liverpool,Brentford,H,0.64180034233674577,0.19787104707704703,0.16032861058620718,0.64786457520249641,0.19447552673118249,0.15765989806632111,0.63378511127364701,0.19842331246109454,0.16779157626525842,0.45789473684210524,0.22543859649122808,0.31666666666666665,0.60550708058649216,0.20645613167767424,0.18803678773583349,0.6728458933253707,0.18023246570866558,0.14692164096596369,0.66963821063985729,0.18664783107969252,0.14371395828045025
1159,2024-2025,2024-08-25,Wolves,Chelsea,A,0.41676733004470112,0.24768276996834976,0.33554989998694912,0.42616302994805355,0.24486501914275258,0.32897195090919379,0.38846977530589188,0.26244963997314652,0.34908058472096165,0.45789473684210524,0.22543859649122808,0.31666666666666665,0.36134619988612843,0.23397260855072149,0.40468119156315008,0.24984940676239137,0.22022397604996585,0.52992661718764267,0.24596483399640676,0.22799312158193508,0.52604204442165803
1160,2024-2025,2024-08-31,Arsenal,Brighton,D,0.67666357165266111,0.18198483698393636,0.14135159136340247,0.68792822662415687,0.16245515521148091,0.14961661816436231,0.59565149262157668,0.21742232183004481,0.1869261855483785,0.45789473684210524,0.22543859649122808,0.31666666666666665,0.60778005016860082,0.20589795831534119,0.18632199151605788,0.77191925222804203,0.15916042656699003,0.068920321204968077,0.76783346499794103,0.16733200102719198,0.064834533974867103
1161,2024-2025,2024-08-31,Brentford,Southampton,H,0.51863503638795649,0.22914757199330779,0.25221739161873574,0.53051028484955687,0.21376185126470137,0.2557278638857417,0.54265660221688972,0.23077865926903021,0.22656473851407999,0.45789473684210524,0.22543859649122808,0.31666666666666665,0.45209014508878476,0.23143494059759748,0.31647491431361768,0.60984084884133505,0.29413004070891563,0.096029110449749516,0.60505455699721511,0.30370262439715551,0.091242818605629564
1162,2024-2025,2024-08-31,Everton,Bournemouth,A,0.23503826977538514,0.28361871148861917,0.48134301873599566,0.23870000842085487,0.26269343387806449,0.4986065577010807,0.22384644161595971,0.27947317355502993,0.49668038482901045,0.45789473684210524,0.22543859649122808,0.31666666666666665,0.43422096212709532,0.2326918282647274,0.33308720960817728,0.28209313407342268,0.29313147446382587,0.42477539146275134,0.27464031352815438,0.30803711555436253,0.41732257091748304
1163,2024-2025,2024-08-31,Ipswich Town,Fulham,D,0.22950618250203447,0.26939451023786282,0.50109930726010277,0.24059931303707507,0.28383699687961339,0.47556369008331151,0.25956082486991333,0.274670826017684,0.46576834911240272,0.45789473684210524,0.22543859649122808,0.31666666666666665,0.44267973360232049,0.23214145441923506,0.32517881197844445,0.20440018476141469,0.24404995539082691,0.55154985984775828,0.19789368465365487,0.25706295560634657,0.54504335973999851
1164,2024-2025,2024-08-31,Leicester City,Aston Villa,A,0.40442794601571602,0.23955583574571573,0.35601621823856833,0.41066391351823284,0.22028417808695844,0.36905190839480878,0.36202365412420046,0.24146380153930333,0.39651254433649624,0.45789473684210524,0.22543859649122808,0.31666666666666665,0.37438308073884119,0.23421567990722536,0.39140123935393351,0.29635048718825052,0.24585572351283946,0.45779378929891001,0.28984157616365847,0.25887354556202358,0.45128487827431796
1165,2024-2025,2024-08-31,Nottingham,Wolves,D,0.69400730264755273,0.1665174716711251,0.13947522568132217,0.70168324255453907,0.15304045384166151,0.14527630360379951,0.64828667717136201,0.20637181951908773,0.14534150330955031,0.45789473684210524,0.22543859649122808,0.31666666666666665,0.4570175597188314,0.2310257374994584,0.31195670278171023,0.49849720205134196,0.23876322797005609,0.26273956997860193,0.49218325617077818,0.25139111973118367,0.25642562409803815
1166,2024-2025,2024-08-31,West Ham,Manchester City,A,0.21704999035581801,0.20148334758239789,0.58146666206178399,0.21908033430637744,0.18715103899477434,0.59376862669884822,0.18368615511605269,0.18135902522847916,0.63495481965546818,0.45789473684210524,0.22543859649122808,0.31666666666666665,0.24775937493722383,0.22180788071289051,0.53043274434988574,0.081762431758719389,0.13638132323186897,0.78185624500941164,0.078199463197793889,0.14350726035371997,0.77829327644848623
1167,2024-2025,2024-09-01,Chelsea,Crystal Palace,D,0.7017562622470529,0.18543745187000926,0.11280628588293784,0.7290931988575462,0.15670804101815392,0.11419876012429986,0.65824211442620728,0.16828789444586759,0.17346999112792502,0.45789473684210524,0.22543859649122808,0.31666666666666665,0.52368795498970011,0.22289522757123412,0.25341681743906574,0.5668028910571612,0.19420584387061102,0.23899126507222784,0.55943524442056403,0.20894113714380536,0.23162361843563067
1168,2024-2025,2024-09-01,Manchester Utd,Liverpool,A,0.28009057731426112,0.21864215742387574,0.50126726526186316,0.28771893370771001,0.2224866611045391,0.48979440518775086,0.25553039412058653,0.25588083714821702,0.48858876873119639,0.45789473684210524,0.22543859649122808,0.31666666666666665,0.35289795222952342,0.23369955093427774,0.4134024968361989,0.23769186999431999,0.23139599706853889,0.53091213293714123,0.22693350191566714,0.25291273322584457,0.52015376485848841
1169,2024-2025,2024-09-01,Newcastle,Tottenham,H,0.38698874897203245,0.22715495300622349,0.38585629802174409,0.39053812887195793,0.19844268248244093,0.41101918864560122,0.38939291421484767,0.23375274071776736,0.37685434506738502,0.45789473684210524,0.22543859649122808,0.31666666666666665,0.45289003511221121,0.23137034123258843,0.31573962365520042,0.48685593474016609,0.20450934867302611,0.30863471658680774,0.47940372445222157,0.2194137692489152,0.30118250629886323
1170,2024-2025,2024-09-14,Aston Villa,Everton,H,0.74614680748807816,0.15451473839375265,0.099338454118169051,0.7336776048899939,0.1592022267330678,0.10712016837693822,0.70931310081880583,0.15930324773959664,0.1313836514415975,0.45789473684210524,0.22543859649122808,0.31666666666666665,0.56832803407577992,0.2148045422644787,0.21686742365974143,0.65312476777444195,0.19782221876660008,0.14905301345895799,0.64247467570032712,0.21912240291482973,0.13840292138484317
1171,2024-2025,2024-09-14,Bournemouth,Chelsea,A,0.52280604679014708,0.24457106294068373,0.23262289026916921,0.5049753017397256,0.24783148891112375,0.24719320934915076,0.36997733414499268,0.28591020666879252,0.3441124591862148,0.45789473684210524,0.22543859649122808,0.31666666666666665,0.38865221479448214,0.23423959846532877,0.37710818674018909,0.29356338129540505,0.20706315152630383,0.49937346717829101,0.28445190763035422,0.22528609885640552,0.49026199351324018
1172,2024-2025,2024-09-14,Brighton,Ipswich Town,D,0.67236684430407179,0.18737223684471693,0.14026091885121134,0.66018782219479033,0.19180844908358252,0.14800372872162723,0.66696859377407836,0.19758827110092061,0.13544313512500117,0.45789473684210524,0.22543859649122808,0.31666666666666665,0.49274507755757524,0.22726371624634592,0.27999120619607887,0.61397198106956707,0.22990847944694826,0.15611953948348489,0.60174599098282666,0.25436045962042902,0.14389354939674448
1173,2024-2025,2024-09-14,Crystal Palace,Leicester City,D,0.46060419227899352,0.23736410303537275,0.30203170468563378,0.44766873236474541,0.23857703537777739,0.31375423225747717,0.40193741763749913,0.25542407371720788,0.34263850864529294,0.45789473684210524,0.22543859649122808,0.31666666666666665,0.46351447339648277,0.23044522805415468,0.30604029854936249,0.56803836174304378,0.24000085050146913,0.19196078775548714,0.55511685078381268,0.26584387241993135,0.17903927679625606
1174,2024-2025,2024-09-14,Fulham,West Ham,D,0.50302286480131653,0.23123881412098701,0.2657383210776964,0.48663451627186288,0.23307501538231024,0.28029046834582677,0.48735598160647881,0.2281114781639344,0.28453254022958674,0.45789473684210524,0.22543859649122808,0.31666666666666665,0.45597978722519744,0.23111415381831779,0.31290605895648477,0.45875352012577209,0.23356224585338939,0.3076842340208385,0.44670881096166559,0.25765166418160235,0.29563952485673201
1175,2024-2025,2024-09-14,Liverpool,Nottingham,A,0.75156966287334093,0.1591669206632694,0.08926341646338963,0.74106992293051865,0.16362763008588432,0.095302446983596981,0.71315507541103751,0.17566049737198566,0.11118442721697673,0.45789473684210524,0.22543859649122808,0.31666666666666665,0.64401638335112621,0.19624544171908814,0.15973817492978559,0.75839542211179711,0.15459088643265126,0.087013691455551295,0.75003318134794617,0.17131536796035302,0.078651450691700389
1176,2024-2025,2024-09-14,Manchester City,Brentford,H,0.70698384890267829,0.19305459095638883,0.099961560140932784,0.69371077648102231,0.20021816735558187,0.10607105616339568,0.72970990982053052,0.18383652781180213,0.086453562367667339,0.45789473684210524,0.22543859649122808,0.31666666666666665,0.66553647744865529,0.18983061411990043,0.14463290843144427,0.814903551015283,0.12133872481946797,0.063757724165248886,0.80840701083137145,0.13433180518729121,0.057261183981337269
1177,2024-2025,2024-09-14,Southampton,Manchester Utd,A,0.34691648253060747,0.2446070495774231,0.4084764678919694,0.3319719923459119,0.23634712889608173,0.43168087875800631,0.35572300201655876,0.24708233632235624,0.39719466166108508,0.45789473684210524,0.22543859649122808,0.31666666666666665,0.37614168495516048,0.23423216911140335,0.38962614593343614,0.14286266732126521,0.26084420959517451,0.59629312308356053,0.13048259923062527,0.28560434577645433,0.58391305499292068
1178,2024-2025,2024-09-15,Tottenham,Arsenal,A,0.38098078421387782,0.24031493964719761,0.37870427613892454,0.38794269668954484,0.26569349760008548,0.34636380571036962,0.40344274099251687,0.22911229243557488,0.36744496657190828,0.45789473684210524,0.22543859649122808,0.31666666666666665,0.32277535003151336,0.23195701271423283,0.44526763725425372,0.13878443404092594,0.19954775213567769,0.66166781382339657,0.13226180835042831,0.21259300351667285,0.65514518813289868
1179,2024-2025,2024-09-15,Wolves,Newcastle,A,0.14274835109402584,0.22852747552033045,0.62872417338564379,0.1314611759640745,0.21484703880024589,0.65369178523567961,0.1513236988256777,0.21329081483597367,0.63538548633834868,0.45789473684210524,0.22543859649122808,0.31666666666666665,0.33583981211712033,0.2328632850921431,0.43129690279073668,0.19533270584050699,0.19291719237705882,0.61175010178243427,0.1896640696434867,0.2042544647710994,0.60608146558541387
1180,2024-2025,2024-09-21,Aston Villa,Wolves,H,0.72511065463517788,0.16093962449154209,0.11394972087327997,0.71727711134303551,0.16951481383567663,0.11320807482128782,0.67345542647249812,0.19126880557679374,0.13527576795070817,0.45789473684210524,0.22543859649122808,0.31666666666666665,0.58527886630616599,0.21118047749480442,0.20354065619902972,0.63991861517224569,0.18383631909154882,0.1762450657362053,0.63546654386316792,0.1927404617097043,0.17179299442712759
1181,2024-2025,2024-09-21,Crystal Palace,Manchester Utd,D,0.33953776327661556,0.25745977480689186,0.40300246191649264,0.33319512030191784,0.27304344027280952,0.39376143942527253,0.32255822647569105,0.25691347427039513,0.42052829925391388,0.45789473684210524,0.22543859649122808,0.31666666666666665,0.38653639318100735,0.23425177719489937,0.37921182962409333,0.42313404162983026,0.24280449176739308,0.33406146660277664,0.41672758082410016,0.25561741337885324,0.32765500579704654
1182,2024-2025,2024-09-21,Fulham,Newcastle,H,0.28989112651218513,0.25699757323586364,0.45311130025195129,0.28499349602684304,0.27263729090885386,0.4423692130643031,0.32369656498668098,0.25748780658031228,0.41881562843300668,0.45789473684210524,0.22543859649122808,0.31666666666666665,0.36390432498456088,0.23403723614519614,0.40205843887024301,0.29474089326603703,0.23155834130341402,0.47370076543054912,0.28876246689396956,0.2435151940475489,0.46772233905848171
1183,2024-2025,2024-09-21,Leicester City,Everton,D,0.56821368180491327,0.24094563554193874,0.19084068265314807,0.56102716978482114,0.25217105017168384,0.18680178004349512,0.55672906430809066,0.23256707146852915,0.21070386422338017,0.45789473684210524,0.22543859649122808,0.31666666666666665,0.48095837510084227,0.22865806328609017,0.29038356161306755,0.48848142656530341,0.25028617258830133,0.26123240084639526,0.48170031943930292,0.26384838684030232,0.25445129372039477
1184,2024-2025,2024-09-21,Liverpool,Bournemouth,H,0.74034683852916217,0.14390504136014901,0.11574812011068883,0.73283670979716431,0.15172306503689661,0.11544022516593908,0.68808244521420492,0.1720582525139614,0.1398593022718336,0.45789473684210524,0.22543859649122808,0.31666666666666665,0.60277588805302829,0.20711951060208397,0.19010460134488769,0.67587275428433058,0.19182318825374736,0.13230405746192186,0.6706781789001498,0.20221233902210936,0.12710948207774089
1185,2024-2025,2024-09-21,Southampton,Ipswich Town,D,0.35983328235524276,0.23849644740453957,0.40167027024021773,0.35575837467625815,0.25026575531158868,0.39397587001215312,0.35471369151805526,0.25175815950626179,0.39352814897568295,0.45789473684210524,0.22543859649122808,0.31666666666666665,0.41942476323941419,0.2334592568777131,0.34711597988287263,0.17690811343721574,0.39937285482999807,0.42371903173278641,0.17124366999984603,0.4107017417047375,0.4180545882954167
1186,2024-2025,2024-09-21,Tottenham,Brentford,H,0.49506824359413254,0.25847692203170269,0.24645483437416474,0.4880335610873589,0.27401454170237011,0.23795189721027099,0.54043028075712773,0.23565938922939703,0.22391033001347524,0.45789473684210524,0.22543859649122808,0.31666666666666665,0.50408739968928695,0.22578099467631407,0.27013160563439897,0.48995297476782068,0.22568982451816991,0.28435720071400927,0.48422631282170092,0.23714314841040934,0.27863053876788957
1187,2024-2025,2024-09-21,West Ham,Chelsea,A,0.3419687685265218,0.23127996261037223,0.42675126886310594,0.34020084554946606,0.23332126367611766,0.42647789077441633,0.25055859090688881,0.26172293848030465,0.48771847061280643,0.45789473684210524,0.22543859649122808,0.31666666666666665,0.37174778343040271,0.23418376695404614,0.39406844961555115,0.25206312767520284,0.19624569748499343,0.55169117483980379,0.24784056952042322,0.20469081379455259,0.54746861668502422
1188,2024-2025,2024-09-22,Brighton,Nottingham,D,0.47035711326604546,0.24582422118398745,0.28381866554996699,0.47539962041922418,0.25009554184553168,0.27450483773524403,0.45859880659564889,0.25653536750487826,0.28486582589947274,0.45789473684210524,0.22543859649122808,0.31666666666666665,0.49936757147545374,0.22641472717822253,0.27421770134632367,0.44899204660172953,0.27909269077763865,0.27191526262063193,0.43475943703658088,0.30755790990793591,0.25768265305548327
1189,2024-2025,2024-09-22,Manchester City,Arsenal,D,0.6322346671513257,0.17377837647960459,0.19398695636906971,0.63781826475839032,0.17709351540452103,0.18508821983708865,0.5982315886648677,0.19268393871809347,0.20908447261703877,0.45789473684210524,0.22543859649122808,0.31666666666666665,0.48496518414340933,0.22820087741497994,0.28683393844161076,0.35924007467114494,0.3000622822050007,0.34069764312385431,0.34441323913210753,0.32971595328307551,0.32587080758481696
1190,2024-2025,2024-09-28,Arsenal,Leicester City,H,0.77255642010983128,0.1346686666170594,0.092774913273109216,0.77957233523455893,0.12763359129189406,0.092794073473547067,0.71715867219709983,0.16347845872819089,0.11936286907470935,0.45789473684210524,0.22543859649122808,0.31666666666666665,0.65116235370436759,0.19417247509467594,0.15466517120095649,0.8107843903353783,0.13516971880304438,0.054045890861577475,0.80417987594364437,0.14837874758651232,0.047441376469843498
1191,2024-2025,2024-09-28,Brentford,West Ham,D,0.46442875108797277,0.26494353825029177,0.27062771066173541,0.47026826059561139,0.25423238350197314,0.27549935590241553,0.48838830654926396,0.24476551911461011,0.2668461743361259,0.45789473684210524,0.22543859649122808,0.31666666666666665,0.44664435894582249,0.23185584100840276,0.32149980004577478,0.49336041538185404,0.22538134322899023,0.28125824138915584,0.48268733211577097,0.24672750976115626,0.27058515812307277
1192,2024-2025,2024-09-28,Chelsea,Brighton,H,0.56034508525644477,0.2218503126878261,0.21780460205572913,0.56486403512951733,0.21052921153196394,0.22460675333851871,0.48223254338225413,0.21667820077204852,0.3010892558456974,0.45789473684210524,0.22543859649122808,0.31666666666666665,0.50948213192781833,0.22502751066200022,0.26549035741018151,0.57597967264777428,0.21085727649919242,0.21316305085303339,0.56583343543910947,0.23114975091652187,0.20301681364436866
1193,2024-2025,2024-09-28,Everton,Crystal Palace,H,0.29960174372168458,0.29922770938364596,0.40117054689466947,0.30432950814937709,0.28662480242978394,0.40904568942083891,0.29973519942780641,0.2822016270406339,0.4180631735315597,0.45789473684210524,0.22543859649122808,0.31666666666666665,0.41273330697354083,0.23372365306293191,0.35354303996352715,0.24523957389104081,0.25987969847005404,0.49488072763890528,0.23218136625621763,0.28599611373970041,0.4818225200040821
1194,2024-2025,2024-09-28,Newcastle,Manchester City,D,0.34573495364599954,0.1920854402533374,0.46217960610066311,0.35015642770250105,0.17740071943058905,0.47244285286690979,0.31698938075363636,0.17783242032208652,0.50517819892427707,0.45789473684210524,0.22543859649122808,0.31666666666666665,0.30249113386270504,0.23007233969062518,0.46743652644666983,0.14539627715316086,0.16600426537881521,0.68859945746802398,0.13801933936865754,0.18075814094782189,0.68122251968352054
1195,2024-2025,2024-09-28,Nottingham,Fulham,A,0.36406065435575363,0.24868132090430567,0.3872580247399407,0.37066903945053942,0.23976917195377515,0.38956178859568541,0.39232018227460869,0.26914466977945206,0.33853514794593925,0.45789473684210524,0.22543859649122808,0.31666666666666665,0.42305031209119381,0.23329438889038762,0.34365529901841857,0.35549321520498356,0.26502124618189032,0.37948553861312612,0.34210339051282812,0.29180089556620115,0.36609571392097079
1196,2024-2025,2024-09-28,Wolves,Liverpool,A,0.11110451375478293,0.191128325697459,0.697767160547758,0.11244764725472033,0.18414939766536575,0.70340295507991402,0.10248594662793181,0.17829124945125838,0.71922280392080973,0.45789473684210524,0.22543859649122808,0.31666666666666665,0.2521683007286955,0.22266019440803614,0.52517150486326825,0.096705689834111319,0.15969496611917516,0.74359934404671357,0.088666335099037819,0.17577367558932216,0.73555998931164002
1197,2024-2025,2024-09-29,Ipswich Town,Aston Villa,D,0.23168489390852628,0.22742582793648966,0.54088927815498411,0.23720450593447362,0.23631817607273731,0.52647731799278907,0.22884283247073248,0.24035375769873044,0.53080340983053709,0.45789473684210524,0.22543859649122808,0.31666666666666665,0.3513654838189289,0.23364012205971812,0.41499439412135303,0.16459500405014507,0.23469350318004228,0.60071149276981273,0.15174225702535935,0.26039899722961374,0.58785874574502706
1198,2024-2025,2024-09-29,Manchester Utd,Tottenham,A,0.36628285889397461,0.21777225845663833,0.415944882649387,0.36369231292188797,0.20080135607504995,0.43550633100306219,0.34388222089356713,0.25749348746450329,0.39862429164192947,0.45789473684210524,0.22543859649122808,0.31666666666666665,0.45645258741203959,0.23107401968161401,0.31247339290634635,0.35388233443164974,0.2448089398995808,0.40130872566876963,0.34057964936285962,0.2714143100371611,0.38800604059997951
1199,2024-2025,2024-09-30,Bournemouth,Southampton,H,0.53661543423208491,0.22147674305708423,0.24190782271083089,0.53273005982534993,0.23355382669017474,0.2337161134844753,0.49867500496170347,0.24812011475043325,0.25320488028786325,0.45789473684210524,0.22543859649122808,0.31666666666666665,0.47406889327528284,0.22940350660606493,0.2965276001186522,0.69455188079703145,0.21002463871151905,0.095423480491449442,0.68389797348278547,0.23133245334001101,0.084769573177203475
1200,2024-2025,2024-10-05,Arsenal,Southampton,H,0.82027986692823485,0.12624869424846771,0.053471438823297489,0.82451307780886052,0.1208783658838852,0.05460855630725419,0.78564237483816046,0.14245809633396267,0.071899528827876882,0.45789473684210524,0.22543859649122808,0.31666666666666665,0.67967302154890918,0.18533330859895411,0.13499366985213673,0.93996606613259015,0.049162011241364656,0.010871922626045137,0.93749222652844011,0.054109690449664807,0.0083980830218950593
1201,2024-2025,2024-10-05,Brentford,Wolves,H,0.52786545222475478,0.26536767959029112,0.20676686818495399,0.53421930492278213,0.25520720052278717,0.21057349455443067,0.54450672246614706,0.26050462382083733,0.1949886537130156,0.45789473684210524,0.22543859649122808,0.31666666666666665,0.49407268002214572,0.22709729077732135,0.27883002920053279,0.5408393273302351,0.22725748780193364,0.23190318486783104,0.52863377346772178,0.25166859552696025,0.21969763100531772
1202,2024-2025,2024-10-05,Crystal Palace,Liverpool,A,0.18642961892725712,0.20586807450766947,0.6077023065650734,0.18881110734409215,0.18959119623290502,0.62159769642300278,0.16456360143306586,0.21465588670955774,0.62078051185737637,0.45789473684210524,0.22543859649122808,0.31666666666666665,0.28081937400793133,0.22738109332403217,0.49179953266803639,0.18937106967078141,0.2302156805730316,0.58041324975618691,0.17678156855014693,0.25539468281430056,0.56782374863555241
1203,2024-2025,2024-10-05,Everton,Newcastle,D,0.2425970389628338,0.30942186423958168,0.44798109679758458,0.24406858752569111,0.30154625781734862,0.45438515465696022,0.26431367965179769,0.29638186698448105,0.4393044533637212,0.45789473684210524,0.22543859649122808,0.31666666666666665,0.34394099373608894,0.23330860046827978,0.42275040579563117,0.21751339589131369,0.22005150555036326,0.56243509855832297,0.20576340767172502,0.2435514819895406,0.55068511033873424
1204,2024-2025,2024-10-05,Leicester City,Bournemouth,H,0.33886393146375982,0.29091694156741826,0.37021912696882181,0.34177455240044013,0.28008187508949428,0.37814357251006553,0.35915829714029501,0.26697359750401561,0.37386810535568926,0.45789473684210524,0.22543859649122808,0.31666666666666665,0.43470947597973064,0.23266223894187563,0.3326282850783937,0.40973104789487153,0.23391458195388781,0.35635437015124061,0.39773755844171282,0.25790156086020521,0.34436088069808191
1205,2024-2025,2024-10-05,Manchester City,Fulham,H,0.66947113607650699,0.18698866956707758,0.14354019435641538,0.67450640309515297,0.17901042568137554,0.14648317122347149,0.65289887395201807,0.20318374798183295,0.14391737806614896,0.45789473684210524,0.22543859649122808,0.31666666666666665,0.64071391046109105,0.19718441552417673,0.16210167401473219,0.73473821809969675,0.1667369905739659,0.098524791326337319,0.72561985344299884,0.184973719887362,0.089406426669639286
1206,2024-2025,2024-10-05,West Ham,Ipswich Town,H,0.44604952288982419,0.22346064345756625,0.33048983365260959,0.4503654940150667,0.21214193104102994,0.33749257494390328,0.40908554058834501,0.23512983037328947,0.35578462903836544,0.45789473684210524,0.22543859649122808,0.31666666666666665,0.44237446879084069,0.23216271627608681,0.32546281493307244,0.47895918520489827,0.26503367412914008,0.25600714066596175,0.46457859585821448,0.29379485282250772,0.2416265513192779
1207,2024-2025,2024-10-06,Aston Villa,Manchester Utd,D,0.60343613508389204,0.1936955337593402,0.20286833115676781,0.60861740130372655,0.19950039517333135,0.19188220352294216,0.59701313545181378,0.19422666639863104,0.20876019814955532,0.45789473684210524,0.22543859649122808,0.31666666666666665,0.49717811710028958,0.22670061310400616,0.27612126979570428,0.50783316070979445,0.22100803124208274,0.27115880804812287,0.49774170235279058,0.24119094795609039,0.26106734969111905
1208,2024-2025,2024-10-06,Brighton,Tottenham,H,0.32461134198485297,0.24889922461796521,0.42648943339718193,0.34552525406356527,0.26272822576031224,0.39174652017612244,0.34127006975573132,0.2743273478916996,0.38440258235256902,0.45789473684210524,0.22543859649122808,0.31666666666666665,0.40298075471992573,0.23401543608021017,0.36300380919986414,0.28487015971700447,0.23402562700156571,0.48110421328142988,0.27372685777906469,0.25631223087744515,0.46996091134349011
1209,2024-2025,2024-10-06,Chelsea,Nottingham,D,0.63834129489023761,0.21677236057487248,0.14488634453488994,0.64250723309253499,0.20122240077558376,0.15627036613188128,0.59299775658126774,0.19944333503264031,0.20755890838609192,0.45789473684210524,0.22543859649122808,0.31666666666666665,0.57051768539332992,0.21435350982896401,0.21512880477770613,0.65663087309801926,0.1861603429429681,0.15720878395901272,0.64788202828180275,0.20365803257540105,0.14845993914279623
1210,2024-2025,2024-10-19,Bournemouth,Arsenal,H,0.21118619877909633,0.19327012075658875,0.59554368046431494,0.20015514032781212,0.20003023246467486,0.599814627207513,0.21156659395851715,0.21408403133030751,0.57434937471117531,0.45789473684210524,0.22543859649122808,0.31666666666666665,0.24444676642225657,0.22114430603399576,0.53440892754374758,0.11134787717041079,0.18740711305505434,0.70124500977453486,0.098584014213409329,0.21293483896905727,0.68848114681753336
1211,2024-2025,2024-10-19,Fulham,Aston Villa,A,0.39539074436456828,0.24472781806078076,0.35988143757465096,0.37674317193335505,0.25235627985074571,0.37090054821589924,0.38212955824912748,0.25766512224563332,0.36020531950523926,0.45789473684210524,0.22543859649122808,0.31666666666666665,0.37867377960559562,0.23424918202172235,0.38707703837268215,0.42127591057805708,0.23617176376457141,0.3425523256573717,0.40593014560568691,0.26686329370931161,0.32720656068500159
1212,2024-2025,2024-10-19,Ipswich Town,Everton,A,0.43265432756911776,0.26247922493378578,0.30486644749709657,0.41545523090658504,0.26955247868894827,0.31499229040446675,0.43076900221284137,0.25101233884008545,0.31821865894707313,0.45789473684210524,0.22543859649122808,0.31666666666666665,0.46595319683040087,0.23021534874722763,0.30383145442237158,0.31139470821842596,0.29082440462709891,0.39778088715447518,0.29221116455303342,0.32919149195788389,0.37859734348908264
1213,2024-2025,2024-10-19,Manchester Utd,Brentford,H,0.39102872543686473,0.23824583424770734,0.37072544031542792,0.3757203146455575,0.24554873209652994,0.37873095325791256,0.38994107291641023,0.26871216720748736,0.34134675987610247,0.45789473684210524,0.22543859649122808,0.31666666666666665,0.50984758368069383,0.22497534580659445,0.26517707051271183,0.40273335010965139,0.25309990614449507,0.34416674374585332,0.38554563895972138,0.28747532844435514,0.32697903259592326
1214,2024-2025,2024-10-19,Newcastle,Brighton,A,0.4751849749365038,0.22975578577855757,0.29505923928493855,0.45630617445521643,0.23844889422596063,0.30524493131882302,0.4372300936121592,0.24646139079835558,0.31630851558948531,0.45789473684210524,0.22543859649122808,0.31666666666666665,0.49520558416520716,0.22695377605367129,0.27784063978112161,0.50951019066261127,0.22644789057158918,0.26404191876579963,0.49471087786564238,0.25604651616552709,0.24924260596883069
1215,2024-2025,2024-10-19,Southampton,Leicester City,A,0.30923255445157849,0.25298293147668977,0.43778451407173169,0.294711760446902,0.2575953259730806,0.44769291358001734,0.30801182259392212,0.25538984332340903,0.4365983340826689,0.45789473684210524,0.22543859649122808,0.31666666666666665,0.41019375591946705,0.23381036870028565,0.35599587538024735,0.15970058552110555,0.2168367424530738,0.62346267202582051,0.14487820957506164,0.24648149434516162,0.60864029607977654
1216,2024-2025,2024-10-19,Tottenham,West Ham,H,0.55373968646622229,0.22316962576370927,0.22309068777006841,0.54100839796506606,0.22537793447015511,0.23361366756477886,0.56516107962953632,0.20550830089201599,0.22933061947844771,0.45789473684210524,0.22543859649122808,0.31666666666666665,0.50781486607198845,0.22526369188672557,0.26692144204128604,0.60964816792141163,0.18793663596120214,0.20241519611738629,0.59874856754796424,0.20973583670809681,0.19151559574393895
1217,2024-2025,2024-10-20,Liverpool,Chelsea,H,0.65914788852473338,0.17739126483561934,0.16346084663964733,0.63668504719375996,0.18052958663009225,0.18278536617614774,0.56461840595815926,0.21662701804754039,0.21875457599430034,0.45789473684210524,0.22543859649122808,0.31666666666666665,0.53007974553996062,0.22186598326754675,0.24805427119249263,0.56317928014733387,0.21452302210936958,0.22229769774329669,0.55289074475243416,0.23510009289916894,0.21200916234839703
1218,2024-2025,2024-10-20,Wolves,Manchester City,A,0.11023566023619952,0.18066920756392818,0.7090951321998723,0.1076766780765203,0.20325971315809266,0.68906360876538697,0.10812516236342695,0.16189849921990238,0.72997633841667053,0.45789473684210524,0.22543859649122808,0.31666666666666665,0.18522524577071123,0.20553709795845382,0.60923765627083504,0.067925276641328983,0.11014068269234233,0.82193404066632869,0.062922853782767199,0.12014552840946589,0.81693161780776691
1219,2024-2025,2024-10-21,Nottingham,Crystal Palace,H,0.47591124182947969,0.2478341797247216,0.2762545784457987,0.44850528705669801,0.28263049184883243,0.26886422109446956,0.45268457329898948,0.26915900367929574,0.27815642302171467,0.45789473684210524,0.22543859649122808,0.31666666666666665,0.44942414911148898,0.231645116905597,0.31893073398291405,0.36303345901291328,0.29119388837620297,0.34577265261088386,0.34883746927605952,0.3195858678499105,0.33157666287403009
1220,2024-2025,2024-10-25,Leicester City,Nottingham,A,0.39255229972616251,0.30137833418215537,0.30606936609168217,0.38585913276799289,0.32296960965072069,0.29117125758128637,0.3902924619736749,0.28442485637048426,0.32528268165584084,0.45789473684210524,0.22543859649122808,0.31666666666666665,0.46535696438989432,0.23027215310161361,0.30437088250849215,0.39455397985504759,0.26015993835353574,0.34528608179141651,0.38307160085470549,0.28312469635421994,0.33380370279107441
1221,2024-2025,2024-10-26,Aston Villa,Bournemouth,D,0.56813615774477133,0.22675136974304216,0.20511247251218659,0.55762877198442551,0.24244649582315472,0.19992473219241974,0.57345210614129782,0.22080762803387294,0.20574026582482929,0.45789473684210524,0.22543859649122808,0.31666666666666665,0.54960515042069358,0.2184542662458169,0.23194058333348955,0.50552731880364887,0.22943234898294929,0.26504033221340151,0.49611719785903918,0.24825259087216886,0.25563021126879171
1222,2024-2025,2024-10-26,Brentford,Ipswich Town,H,0.50702937363270628,0.27180604041163176,0.22116458595566202,0.4967975750263649,0.29009447435427321,0.21310795061936177,0.52552655164532824,0.26193306352879397,0.21254038482587784,0.45789473684210524,0.22543859649122808,0.31666666666666665,0.45903009486755469,0.23085088446170965,0.31011902067073566,0.70229347702385025,0.18046018056482999,0.11724634241131987,0.69462711555204215,0.19579290350844605,0.10957998093951185
1223,2024-2025,2024-10-26,Brighton,Wolves,D,0.65706397622350488,0.21315623847954082,0.12977978529695444,0.64461835821767821,0.22822812064750664,0.12715352113481521,0.64504068140884463,0.22259797564028394,0.13236134295087146,0.45789473684210524,0.22543859649122808,0.31666666666666665,0.56850409317545714,0.21476846442771413,0.21672744239682859,0.59919040740928431,0.20297720870277269,0.19783238388794286,0.59104015606726457,0.21927771138681218,0.18968213254592312
1224,2024-2025,2024-10-26,Everton,Fulham,D,0.37880540217663777,0.28287928355140518,0.33831531427195699,0.36754005152286695,0.30415048238239084,0.32830946609474215,0.36317876984070013,0.30650383306726592,0.33031739709203395,0.45789473684210524,0.22543859649122808,0.31666666666666665,0.4259055822162891,0.23315392042163782,0.3409404973620731,0.32013168994415381,0.2721343016413556,0.40773400841449059,0.30861066711813395,0.29517634729339531,0.39621298558847073
1225,2024-2025,2024-10-26,Manchester City,Southampton,H,0.83239934044825037,0.12133040483188436,0.046270254719865317,0.82524948664389353,0.13001227710212609,0.044738236253980442,0.7971282271320812,0.14097873139179135,0.061893041476127467,0.45789473684210524,0.22543859649122808,0.31666666666666665,0.71620071880260916,0.17263900984302599,0.11116027135436479,0.9416574906195454,0.043619197278961977,0.014723312101492502,0.93982541263571229,0.04728335324662819,0.012891234117659396
1226,2024-2025,2024-10-27,Arsenal,Liverpool,D,0.50215598066931744,0.18974299006791204,0.30810102926277044,0.5072108527995024,0.19788080803440325,0.29490833916609432,0.45986158467758864,0.23608044783941037,0.30405796748300107,0.45789473684210524,0.22543859649122808,0.31666666666666665,0.46225165630611553,0.2305616991658668,0.30718664452801764,0.40466292391444936,0.28123602282800336,0.31410105325754739,0.38927597905398198,0.31200991254893812,0.29871410839708007
1227,2024-2025,2024-10-27,Chelsea,Newcastle,H,0.55267027922727485,0.20248916785486654,0.24484055291785864,0.55958939531630381,0.20981531192799296,0.23059529275570315,0.54191751614055705,0.19880633715498627,0.25927614670445664,0.45789473684210524,0.22543859649122808,0.31666666666666665,0.47122150888613207,0.22969652591671982,0.29908196519714814,0.52367298966270059,0.20895428266639554,0.26737272767090398,0.51364023499668754,0.22901979199842165,0.25733997300489087
1228,2024-2025,2024-10-27,Crystal Palace,Tottenham,H,0.23463192696193516,0.23162114215205612,0.53374693088600877,0.24406210134365316,0.24621278394805404,0.50972511470829274,0.22621225306402448,0.26539746236707223,0.50839028456890323,0.45789473684210524,0.22543859649122808,0.31666666666666665,0.35545513310236326,0.23379192107255301,0.41075294582508382,0.28330021510269582,0.24011880804435976,0.47658097685294454,0.27017198562797939,0.2663752669937926,0.46345274737822811
1229,2024-2025,2024-10-27,West Ham,Manchester Utd,H,0.35047948821638919,0.23678397028638093,0.41273654149722999,0.35662726358887331,0.2456453675699766,0.39772736884115006,0.34882417150076672,0.24639407319108855,0.4047817553081447,0.45789473684210524,0.22543859649122808,0.31666666666666665,0.38299420019452646,0.23425997421287245,0.38274582559260106,0.34400232266028141,0.25141950986811928,0.40457816747159941,0.33014860801392398,0.2791269391608342,0.39072445282524193
1230,2024-2025,2024-11-02,Bournemouth,Manchester City,H,0.23354183486926197,0.20021601028807862,0.56624215484265938,0.23655043640951706,0.19332154347836564,0.57012802011211727,0.24221357472604499,0.19878983539320264,0.5589965898807524,0.45789473684210524,0.22543859649122808,0.31666666666666665,0.23511187376893233,0.21916458890395732,0.54572353732711043,0.16444620104662716,0.22068128888378713,0.61487251006958565,0.15480194757940233,0.23996979581823694,0.60522825660236079
1231,2024-2025,2024-11-02,Ipswich Town,Leicester City,D,0.37642635915064276,0.26592851597931694,0.35764512487004035,0.38106746352911103,0.25330968441368418,0.36562285205720479,0.35933633385713648,0.25133482714335881,0.38932883899950471,0.45789473684210524,0.22543859649122808,0.31666666666666665,0.42540721549278343,0.2331791110150902,0.34141367349212637,0.27958759235096181,0.20609318480629732,0.5143192228427409,0.27215036328236369,0.22096764294349339,0.50688199377414289
1232,2024-2025,2024-11-02,Liverpool,Brighton,H,0.7006850307478566,0.16025238632380764,0.13906258292833579,0.70603669035461059,0.15354871639836529,0.14041459324702404,0.6555719137355116,0.18351035275025251,0.16091773351423588,0.45789473684210524,0.22543859649122808,0.31666666666666665,0.58676259644498086,0.21084875696268426,0.20238864659233488,0.66606330324346841,0.19693940130543874,0.13699729545109282,0.65744812942680597,0.21416974893876384,0.12838212163443033
1233,2024-2025,2024-11-02,Newcastle,Arsenal,H,0.29414893714230028,0.20733617491411299,0.49851488794358673,0.29996944397251324,0.1941872756853136,0.50584328034217318,0.30348969196292952,0.19715148669762964,0.49935882133944087,0.45789473684210524,0.22543859649122808,0.31666666666666665,0.31810157097723607,0.23157511309460749,0.45032331592815639,0.22683700884756608,0.23255694162976029,0.54060604952267366,0.21672652414918264,0.25277791102652702,0.53049556482429017
1234,2024-2025,2024-11-02,Nottingham,West Ham,H,0.45254402640221042,0.25984823997897527,0.28760773361881437,0.45272851868854708,0.24912883443862893,0.29814264687282405,0.46629828562261733,0.24721186417757576,0.28648985019980688,0.45789473684210524,0.22543859649122808,0.31666666666666665,0.44840031715871809,0.23172373090022833,0.31987595194105362,0.49461763985307106,0.24203124143058125,0.26335111871634759,0.48410418588047854,0.26305814937576649,0.25283766474375502
1235,2024-2025,2024-11-02,Southampton,Everton,H,0.33307725986788383,0.27987934373693585,0.38704339639518032,0.33637433212968532,0.26682030260348,0.39680536526683469,0.33786184842489625,0.2498057783337482,0.41233237324135552,0.45789473684210524,0.22543859649122808,0.31666666666666665,0.40227284441802508,0.23403225821855378,0.36369489736342125,0.22505243849489481,0.28839545596433014,0.48655210554077494,0.2133807893142298,0.31173875432566012,0.47488045636010995
1236,2024-2025,2024-11-02,Wolves,Crystal Palace,D,0.28940060703676729,0.29675472830664507,0.41384466465658754,0.29124149877595218,0.28865871665395776,0.42009978457009006,0.30951010872672335,0.24342277126723641,0.44706712000604015,0.45789473684210524,0.22543859649122808,0.31666666666666665,0.39878228050236048,0.23410651798078574,0.36711120151685367,0.30636139705847265,0.25399525021673841,0.43964335272478883,0.29527832944709381,0.27616138543949603,0.42856028511341004
1237,2024-2025,2024-11-03,Manchester Utd,Chelsea,D,0.32135746533044562,0.21276942228229506,0.4658731123872592,0.31839087048434561,0.19596541462338182,0.48564371489227254,0.27233625618929119,0.25329024069634481,0.47437350311436388,0.45789473684210524,0.22543859649122808,0.31666666666666665,0.40486674315829208,0.233967728707938,0.36116552813377001,0.26680347452970449,0.22992792493707401,0.50326860053322142,0.26057928235011879,0.24237630929624551,0.49704440835363567
1238,2024-2025,2024-11-03,Tottenham,Aston Villa,H,0.50178211374733162,0.22305525584862421,0.27516263040404421,0.50814498303326339,0.23200124664419436,0.2598537703225422,0.49150188894915314,0.22972345213255294,0.27877465891829389,0.45789473684210524,0.22543859649122808,0.31666666666666665,0.40445275375576434,0.23397856049948307,0.3615686857447527,0.50775238395597644,0.21195926184804692,0.2802883541959767,0.50260551718583835,0.22225299538832305,0.27514148742583866
1239,2024-2025,2024-11-04,Fulham,Brentford,H,0.40663836487350236,0.26432603532632348,0.32903559980017399,0.4016744040116132,0.28229891761250325,0.31602667837588355,0.45701658638977505,0.25746849892013118,0.28551491469009382,0.45789473684210524,0.22543859649122808,0.31666666666666665,0.46809860395279773,0.23000773108654649,0.30189366496065578,0.46478430088074368,0.22151763924848764,0.31369805987076854,0.45823112592130782,0.23462398916735941,0.30714488491133263
1240,2024-2025,2024-11-09,Brentford,Bournemouth,H,0.35710471729977644,0.30533599407738204,0.3375592886228414,0.36532849132194367,0.29890912173931111,0.33576238693874516,0.42175984246196263,0.2797828056081042,0.29845735192993317,0.45789473684210524,0.22543859649122808,0.31666666666666665,0.41096351675447002,0.23378487964502848,0.3552516036005014,0.38832950960186802,0.23431163927414417,0.3773588511239877,0.38101097132083173,0.24894871583621681,0.37004031284295147
1241,2024-2025,2024-11-09,Brighton,Manchester City,H,0.29178510895125875,0.21082691036472198,0.49738798068401924,0.29312061102975223,0.20619502695928912,0.50068436201095867,0.30999161287293203,0.19925106781414406,0.49075731931292382,0.45789473684210524,0.22543859649122808,0.31666666666666665,0.27149698853340515,0.22599582152594261,0.50250718994065224,0.2091578868758795,0.22296478844771939,0.56787732467640117,0.20180721855689107,0.23766612508569623,0.56052665635741283
1242,2024-2025,2024-11-09,Crystal Palace,Fulham,A,0.345394456555084,0.25496864932133617,0.39963689412357978,0.34634715901250057,0.24592117070719455,0.40773167028030494,0.3448634821551661,0.26308038155408592,0.39205613629074804,0.45789473684210524,0.22543859649122808,0.31666666666666665,0.41261914321317555,0.2337277128051877,0.35365314398163672,0.41949546304753871,0.27411970370229877,0.30638483325016236,0.41042807036528961,0.29225448906679707,0.29731744056791326
1243,2024-2025,2024-11-09,Liverpool,Aston Villa,H,0.69574883409490684,0.16395347425315374,0.14029769165193939,0.69577473802402445,0.16044053660210314,0.14378472537387241,0.66596387046682193,0.17829021744110499,0.15574591209207309,0.45789473684210524,0.22543859649122808,0.31666666666666665,0.547822339006524,0.21878249078082931,0.23339517021264666,0.69714124597449001,0.17280356759508089,0.13005518643042918,0.6915778445615608,0.18393037042093921,0.12449178501750001
1244,2024-2025,2024-11-09,West Ham,Everton,D,0.48685019765887971,0.24816803632453335,0.26498176601658696,0.49141212395141742,0.23737019775534582,0.27121767829323673,0.46374419238473169,0.23139170307183107,0.30486410454343721,0.45789473684210524,0.22543859649122808,0.31666666666666665,0.46993844215663477,0.22982567544416932,0.30023588239919585,0.45990875512562146,0.25492045303154393,0.2851707918428345,0.45141339508168432,0.27191117311941826,0.27667543179889736
1245,2024-2025,2024-11-09,Wolves,Southampton,H,0.39077046435046231,0.27767104939376575,0.33155848625577189,0.39662444927485679,0.2665232413662833,0.33685230935885996,0.39333116350674618,0.25115234838502071,0.35551648810823316,0.45789473684210524,0.22543859649122808,0.31666666666666665,0.4327266155502793,0.23278066310573645,0.33449272134398411,0.60172461847809766,0.21496229392291097,0.18331308759899156,0.59460601954144787,0.22919949179621049,0.17619448866234183
1246,2024-2025,2024-11-10,Chelsea,Arsenal,D,0.44296004740901979,0.20097532640354707,0.35606462618743329,0.46238791436333393,0.18811830002609012,0.34949378561057598,0.44502898845625449,0.17906707056162388,0.37590394098212171,0.45789473684210524,0.22543859649122808,0.31666666666666665,0.36797000797635521,0.23412286548458291,0.39790712653906191,0.33535756592144472,0.23481518576891064,0.42982724830964469,0.32592801408544941,0.25367428944090131,0.42039769647364938
1247,2024-2025,2024-11-10,Manchester Utd,Leicester City,H,0.50056408980058587,0.22480370067473332,0.27463220952468087,0.52311917242379014,0.23033765814327523,0.24654316943293458,0.46636870412192105,0.24879387739751319,0.28483741848056565,0.45789473684210524,0.22543859649122808,0.31666666666666665,0.50587802495204359,0.22553433950277954,0.26858763554517689,0.53129257515271555,0.23049734306043018,0.23821008178685418,0.52166392848545196,0.24975463639495749,0.22858143511959053
1248,2024-2025,2024-11-10,Nottingham,Newcastle,A,0.41401703490572739,0.252918668776696,0.33306429631757656,0.4129868859562742,0.23702354897929098,0.34998956506443485,0.43708932551417007,0.25155696727237958,0.31135370721345035,0.45789473684210524,0.22543859649122808,0.31666666666666665,0.39362929175949213,0.23418960945003214,0.37218109879047573,0.38647718578967488,0.27673841126872895,0.33678440294159623,0.37483143217726544,0.30002991849354782,0.32513864932918679
1249,2024-2025,2024-11-10,Tottenham,Ipswich Town,A,0.70314439397319906,0.19385981598873689,0.1029957900380641,0.7160461576693502,0.19495663828453749,0.088997204046112249,0.70505784528392446,0.18472042630445817,0.11022172841161737,0.45789473684210524,0.22543859649122808,0.31666666666666665,0.54852947333223412,0.21865270543941479,0.23281782122835115,0.82850555565172646,0.10723726454712509,0.064257179801148451,0.82435872672837784,0.11553092239382214,0.060110350877799923
1250,2024-2025,2024-11-23,Arsenal,Nottingham,H,0.60523231280374512,0.23640113243732536,0.15836655475892941,0.58468924752151963,0.24859175425815933,0.16671899822032113,0.56609123723198218,0.25126957976558717,0.18263918300243062,0.45789473684210524,0.22543859649122808,0.31666666666666665,0.6195274679081636,0.20292464606229879,0.17754788602953761,0.64182275778419706,0.21687125420778838,0.14130598800801478,0.63171261241974186,0.23709154493669873,0.13119584264355957
1251,2024-2025,2024-11-23,Aston Villa,Crystal Palace,D,0.58410024504876512,0.22202737785429538,0.19387237709693947,0.56453833667062814,0.23204280992199894,0.20341885340737284,0.56052290964307139,0.21509635002621896,0.22438074033070965,0.45789473684210524,0.22543859649122808,0.31666666666666665,0.55957326468763235,0.21655723721271369,0.22386949809965401,0.49124968214284065,0.2453854627518611,0.26336485510529845,0.47971115409863357,0.26846251884027517,0.25182632706109143
1252,2024-2025,2024-11-23,Bournemouth,Brighton,A,0.38821860136575165,0.25780249015630202,0.35397890847794644,0.36958134960771982,0.26628948370145383,0.3641291666908264,0.35957606305320905,0.28530294984517462,0.35512098710161644,0.45789473684210524,0.22543859649122808,0.31666666666666665,0.41215123686627125,0.23374419317644915,0.35410456995727962,0.3975716516975083,0.25251976300432571,0.3499085852981661,0.38575604025944366,0.27615098588045478,0.33809297386010145
1253,2024-2025,2024-11-23,Everton,Brentford,D,0.34490232643346219,0.26749194549285538,0.38760572807368238,0.32712557161035594,0.27551367706083574,0.39736075132880827,0.34987200287335374,0.29303485527357365,0.35709314185307273,0.45789473684210524,0.22543859649122808,0.31666666666666665,0.43180139490449077,0.23283439582454063,0.33536420927096855,0.32398216809491165,0.25417852906544913,0.42183930283963905,0.31203902827194063,0.27806480871139122,0.40989616301666798
1254,2024-2025,2024-11-23,Fulham,Wolves,A,0.56749458356178306,0.24802649822782374,0.18447891821039314,0.54783413109348811,0.25892482000969719,0.19324104889681479,0.55945742859752656,0.24875348004026676,0.1917890913622067,0.45789473684210524,0.22543859649122808,0.31666666666666665,0.54076924767349444,0.22004808957973357,0.23918266274677188,0.58833099575548153,0.2051792643793377,0.20648973986518063,0.57923567730350767,0.22336990128328529,0.19739442141320684
1255,2024-2025,2024-11-23,Leicester City,Chelsea,A,0.3025716999622825,0.21860560479014265,0.47882269524757487,0.28926392402096379,0.21808461463848783,0.49265146134054838,0.28540714379208715,0.23809550667127044,0.47649734953664252,0.45789473684210524,0.22543859649122808,0.31666666666666665,0.3409877318541118,0.2331564485075735,0.42585581963831465,0.15741159045624406,0.16346716200107403,0.67912124754268177,0.15118264428504416,0.17592505434347391,0.67289230137148193
1256,2024-2025,2024-11-23,Manchester City,Tottenham,A,0.62884953254206755,0.18165876650928886,0.18949170094864368,0.60606823832271084,0.1951238636405605,0.19880789803672863,0.58585611438320162,0.22633831258265819,0.18780557303414017,0.45789473684210524,0.22543859649122808,0.31666666666666665,0.60505546272784316,0.20656637620456775,0.18837816106758917,0.62518549339676388,0.19106146723617135,0.18375303936706464,0.61692817588066695,0.20757610226836531,0.17549572185096768
1257,2024-2025,2024-11-24,Ipswich Town,Manchester Utd,D,0.30199330432317506,0.27025937564709085,0.4277473200297342,0.29717218728522732,0.27103932650146717,0.43178848621330557,0.32929446741656365,0.25688737937339529,0.41381815321004106,0.45789473684210524,0.22543859649122808,0.31666666666666665,0.3753279283471932,0.23422501630099152,0.39044705535181523,0.24337860050821683,0.25161940686824935,0.50500199262353396,0.23044926451339842,0.27747807885788611,0.49207265662871563
1258,2024-2025,2024-11-24,Southampton,Liverpool,A,0.13013629751511877,0.17349553988675431,0.69636816259812695,0.12539156608730104,0.19492527217195749,0.67968316174074139,0.14662619983622621,0.21276914247152037,0.64060465769225339,0.45789473684210524,0.22543859649122808,0.31666666666666665,0.2159533731130403,0.21456821556985867,0.56947841131710097,0.05045577603456064,0.14275951105686563,0.8067847129085739,0.043744426568171381,0.15618220998964416,0.8000733634421846
1259,2024-2025,2024-11-25,Newcastle,West Ham,A,0.5715978114871979,0.23606376774165785,0.19233842077114419,0.53869518875441724,0.27199483655728912,0.18930997468829366,0.55903048493633889,0.22924560300694732,0.21172391205671384,0.45789473684210524,0.22543859649122808,0.31666666666666665,0.53681225444182146,0.22073511321982817,0.24245263233835038,0.66598678594151173,0.18397114787595759,0.15004206618253055,0.65647922360866529,0.20298627254165041,0.14053450384968411
1260,2024-2025,2024-11-29,Brighton,Southampton,D,0.66545530531371933,0.20180337000860704,0.13274132467767374,0.65649602754925662,0.2172065950389015,0.12629737741184191,0.64463730387074314,0.21088727866312529,0.1444754174661316,0.45789473684210524,0.22543859649122808,0.31666666666666665,0.57801989525931252,0.21276970427091824,0.20921040046976919,0.71967204459590151,0.17488692226402688,0.10544103314007153,0.71035083970559598,0.1935293320446379,0.096119828249766004
1261,2024-2025,2024-11-30,Brentford,Leicester City,H,0.50977624468162797,0.26421110787598101,0.22601264744239105,0.49833505659490795,0.28353960057082656,0.21812534283426546,0.52009355717122918,0.25727744882441661,0.22262899400435421,0.45789473684210524,0.22543859649122808,0.31666666666666665,0.47224443289186502,0.22959227521327441,0.29816329189486052,0.59382799703283984,0.18863868148400079,0.21753332148315935,0.58488877168687892,0.20651713217592263,0.20859409613719843
1262,2024-2025,2024-11-30,Crystal Palace,Newcastle,D,0.35055096873652386,0.24326279120008715,0.40618624006338899,0.34148402984640214,0.2618716167794774,0.39664435337412035,0.33449125533809426,0.25816200428009206,0.40734674038181368,0.45789473684210524,0.22543859649122808,0.31666666666666665,0.36237876697891719,0.23399969821271624,0.40362153480836654,0.3152634597838877,0.27027784530324062,0.41445869491287157,0.29954729938461944,0.30171016610177703,0.39874253451360336
1263,2024-2025,2024-11-30,Nottingham,Ipswich Town,H,0.55557031087631992,0.20989193286849234,0.23453775625518777,0.5453468281021765,0.22518157379113696,0.22947159810668652,0.50979594424918651,0.24336036550088047,0.246843690249933,0.45789473684210524,0.22543859649122808,0.31666666666666665,0.46413895262189042,0.2303869845875994,0.3054740627905102,0.55244692549789365,0.2368266283535862,0.21072644614852024,0.53863180487424434,0.26445686960088477,0.19691132552487092
1264,2024-2025,2024-11-30,West Ham,Arsenal,A,0.24435551673090225,0.20360759519386901,0.55203688807522877,0.24639131823075136,0.22738205864917807,0.52622662312007051,0.26078600336894858,0.2209631792351173,0.51825081739593415,0.45789473684210524,0.22543859649122808,0.31666666666666665,0.28309232792912153,0.22769762247660089,0.48921004959427766,0.13551480759141646,0.19076509049403986,0.67372010191454379,0.12442286743823841,0.2129489708003959,0.66262816176136574
1265,2024-2025,2024-11-30,Wolves,Bournemouth,A,0.38331385754683417,0.29658078623980166,0.32010535621336411,0.37299661241825283,0.3161451274562565,0.31085826012549073,0.39651987145955342,0.26258892254218374,0.34089120599826273,0.45789473684210524,0.22543859649122808,0.31666666666666665,0.4051950748613552,0.23395899442518672,0.36084593071345811,0.38576972679097732,0.22758380287340282,0.38664647033561977,0.37379084730195639,0.25154156185144483,0.37466759084659884
1266,2024-2025,2024-12-01,Chelsea,Aston Villa,H,0.53510682958410394,0.22670290473601495,0.23819026567988105,0.54056719840572454,0.22780195762128497,0.2316308439729905,0.52036043312044677,0.21481878291390455,0.26482078396564868,0.45789473684210524,0.22543859649122808,0.31666666666666665,0.47718220671331102,0.22907302537498828,0.29374476791170062,0.59281358450989119,0.19279347925243462,0.21439293623767416,0.58363603485654791,0.21114857855912122,0.20521538658433086
1267,2024-2025,2024-12-01,Liverpool,Manchester City,H,0.66195955880113155,0.15291310268081962,0.18512733851804869,0.66672275399747305,0.1592987478833138,0.17397849811921318,0.64019953128499651,0.1566402336991673,0.2031602350158361,0.45789473684210524,0.22543859649122808,0.31666666666666665,0.45880899204587,0.23087031276306114,0.31032069519106892,0.50386616793332328,0.23728155135320311,0.25885228071347355,0.49078307558771711,0.26344773604441546,0.24576918836786737
1268,2024-2025,2024-12-01,Manchester Utd,Everton,H,0.56129301477303295,0.21550379136781816,0.22320319385914889,0.56913485031774302,0.21553213283534112,0.21533301684691589,0.54038613323160833,0.2226588357712587,0.236955030997133,0.45789473684210524,0.22543859649122808,0.31666666666666665,0.52937439050114921,0.22198168753674211,0.24864392196210872,0.47521357303140938,0.31743894698656711,0.20734747998202332,0.46076045444459629,0.34634518416019322,0.1928943613952103
1269,2024-2025,2024-12-01,Tottenham,Fulham,D,0.5979999044129849,0.2350712840099114,0.16692881157710387,0.60159481427350125,0.23582031914605203,0.16258486658044669,0.60620352536400968,0.21664122936742564,0.17715524526856474,0.45789473684210524,0.22543859649122808,0.31666666666666665,0.49899844205688282,0.22646328567454521,0.27453827226857203,0.6374474359906741,0.1876066699095329,0.17494589409979305,0.62781950605400805,0.2068625297828649,0.16531796416312705
1270,2024-2025,2024-12-03,Ipswich Town,Crystal Palace,A,0.41928592782674801,0.24880134133823337,0.33191273083501865,0.43626260849879173,0.24414340316827152,0.31959398833293684,0.4176941171288826,0.23674282681032988,0.34556305606078741,0.45789473684210524,0.22543859649122808,0.31666666666666665,0.44547632987187752,0.23194181258726274,0.32258185754085988,0.2784081395005662,0.27670993973920538,0.44488192076022831,0.26082687532402105,0.31187246809229568,0.42730065658368316
1271,2024-2025,2024-12-03,Leicester City,West Ham,H,0.36393732560556552,0.27989822804364439,0.3561644463507902,0.37843139384455748,0.27613880855713452,0.345429797598308,0.38364501480332319,0.25328677846384956,0.3630682067328273,0.45789473684210524,0.22543859649122808,0.31666666666666665,0.4160466206469694,0.23359922445003281,0.35035415490299771,0.34388120174995063,0.2147197841005172,0.44139901414953242,0.33240319924980954,0.23767578910079937,0.42992101164939134
1272,2024-2025,2024-12-04,Arsenal,Manchester Utd,H,0.63551869003153016,0.20724427879429624,0.15723703117417354,0.64416500770301355,0.20154159703128993,0.15429339526569652,0.65811089272506063,0.19356668620035045,0.14832242107458893,0.45789473684210524,0.22543859649122808,0.31666666666666665,0.57445044860518035,0.21353068772752073,0.21201886366729902,0.62901130445886089,0.21531552116342306,0.15567317437771602,0.61609781285783316,0.24114250436547857,0.1427596827766883
1273,2024-2025,2024-12-04,Aston Villa,Brentford,H,0.41166551379322008,0.27463339738209042,0.31370108882468956,0.42443465439782752,0.26939792841959831,0.30616741718257418,0.45323281924444303,0.24752068481345685,0.29924649594209995,0.45789473684210524,0.22543859649122808,0.31666666666666665,0.51350490870784427,0.224445464423669,0.26204962686848665,0.4424183486154406,0.21053328357550882,0.34704836780905035,0.43241766044773439,0.23053465991092123,0.33704767964134419
1274,2024-2025,2024-12-04,Everton,Wolves,H,0.45576981192359367,0.26315680318952056,0.28107338488688582,0.46817920488609094,0.25539759507593091,0.27642320003797805,0.40960939224071163,0.29391870442029994,0.29647190333898837,0.45789473684210524,0.22543859649122808,0.31666666666666665,0.47384425220738668,0.22942694482318224,0.29672880296943094,0.30958144504267593,0.25805819577228156,0.4323603591850424,0.29409726678370129,0.28902655229023078,0.41687618092606776
1275,2024-2025,2024-12-04,Manchester City,Nottingham,H,0.55797690416545009,0.24318016836964862,0.19884292746490137,0.57008025619824121,0.23604687072661071,0.19387287307514814,0.55619676977487409,0.24282707331697845,0.20097615690814749,0.45789473684210524,0.22543859649122808,0.31666666666666665,0.62178616353418203,0.20233590683687311,0.17587792962894486,0.58714586601488694,0.22702784685214164,0.18582628713297122,0.57351491914254316,0.25428974059682913,0.17219534026062749
1276,2024-2025,2024-12-04,Newcastle,Liverpool,D,0.27993729501062831,0.20232374360245722,0.51773896138691444,0.2889869013128894,0.19899168771847076,0.51202141096863985,0.26514708523724206,0.21329241219674513,0.52156050256601283,0.45789473684210524,0.22543859649122808,0.31666666666666665,0.30777819764835679,0.23062104830169236,0.46160075404995082,0.22085382259442121,0.24605663951611684,0.53308953788946223,0.20609647077310703,0.27557134315874521,0.51833218606814802
1277,2024-2025,2024-12-04,Southampton,Chelsea,A,0.19572126969513465,0.2219280359871002,0.58235069431776521,0.20004615013386992,0.21649190317005429,0.58346194669607587,0.20713222617838628,0.22825971234207204,0.56460806147954168,0.45789473684210524,0.22543859649122808,0.31666666666666665,0.28143801458508921,0.22746805900930389,0.4910939264056069,0.10920634193343176,0.17302140361604315,0.71777225445052517,0.098833281396633582,0.19376752468963948,0.70739919391372696
1278,2024-2025,2024-12-05,Bournemouth,Tottenham,H,0.34133310881282286,0.26935267820348907,0.38931421298368801,0.3542989647784921,0.26220148262862158,0.38349955259288632,0.34182785172750541,0.27937476626167174,0.3787973820108228,0.45789473684210524,0.22543859649122808,0.31666666666666665,0.40010583115776704,0.23408006291627581,0.36581410592595714,0.31967669069173837,0.22865261246054561,0.45167069684771605,0.30730691190216713,0.25339217003968806,0.43930091805814486
1279,2024-2025,2024-12-05,Fulham,Brighton,H,0.38679126879042547,0.25124914347228755,0.36195958773728698,0.40473860720696037,0.24307362561979931,0.3521877671732403,0.39308476400075187,0.25215707718531899,0.35475815881392908,0.45789473684210524,0.22543859649122808,0.31666666666666665,0.4123612656374121,0.23373682721054162,0.35390190715204617,0.3712562744318601,0.25806779150092823,0.37067593406721172,0.35622585593610073,0.28812862849244697,0.35564551557145241
1280,2024-2025,2024-12-07,Aston Villa,Southampton,H,0.65061403825263553,0.21934163986214011,0.13004432188522444,0.67521636959809905,0.19137753300490165,0.1334060973969993,0.63961152493970452,0.19821599857557873,0.16217247648471683,0.45789473684210524,0.22543859649122808,0.31666666666666665,0.59330695246713783,0.20935769488275066,0.19733535265011157,0.72794006507667786,0.1619658415131171,0.11009409341020485,0.72032520764853547,0.17719555636940187,0.10247923598206245
1281,2024-2025,2024-12-07,Brentford,Newcastle,H,0.39000652975297617,0.28478750603144515,0.32520596421557885,0.41057392876896109,0.2557735625137274,0.3336525087173115,0.43980018981587765,0.25344042082837659,0.30675938935574582,0.45789473684210524,0.22543859649122808,0.31666666666666665,0.38192985037694044,0.23425944252297984,0.38381070710007958,0.3708766240285033,0.22260530013362617,0.40651807583787036,0.36153319541133327,0.24129215736796633,0.39717464722070028
1282,2024-2025,2024-12-07,Crystal Palace,Manchester City,D,0.25819200758592192,0.19103099357320788,0.55077699884087028,0.26936947306625503,0.16871979283966201,0.56191073409408299,0.2707097807992494,0.18041109541162176,0.54887912378912884,0.45789473684210524,0.22543859649122808,0.31666666666666665,0.26210878490036887,0.22445564233311954,0.51343557276651153,0.24786268427416852,0.25913959033090922,0.49299772539492237,0.23545441184641025,0.28395613518642582,0.48058945296716404
1283,2024-2025,2024-12-07,Manchester Utd,Nottingham,A,0.50265180244787189,0.23640685312795054,0.26094134442417755,0.52090179616842269,0.21106108414255839,0.26803711968901894,0.48625037021059941,0.24497540730449352,0.2687742224849069,0.45789473684210524,0.22543859649122808,0.31666666666666665,0.50730319613507791,0.22533557974790969,0.26736122411701252,0.49721669914462202,0.27473770964437028,0.22804559121100776,0.48451498315620123,0.3001411416212118,0.21534387522258697
1284,2024-2025,2024-12-08,Fulham,Arsenal,D,0.29297517096672693,0.21676991489344807,0.49025491413982497,0.31509555294650188,0.21209980627932101,0.47280464077417694,0.33009798768541182,0.20562342915572035,0.46427858315886783,0.45789473684210524,0.22543859649122808,0.31666666666666665,0.29082221215051274,0.22871320406809159,0.48046458378139578,0.18110008498528316,0.22108928826196206,0.59781062675275465,0.17184167675016146,0.23960610473220548,0.58855221851763295
1285,2024-2025,2024-12-08,Ipswich Town,Bournemouth,A,0.30825410072190446,0.24850654603518654,0.44323935324290897,0.33932704860748719,0.24081416136970479,0.41985879002280796,0.34153316234575581,0.24775987739512953,0.41070696025911468,0.45789473684210524,0.22543859649122808,0.31666666666666665,0.38551558505145311,0.23425570813708357,0.38022870681146337,0.2254068234415329,0.25492351235768157,0.51966966420078564,0.21479529575229561,0.2761465677361562,0.5090581365115483
1286,2024-2025,2024-12-08,Leicester City,Brighton,D,0.32748044960149436,0.30398520863514311,0.36853434176336258,0.34230464811556638,0.29236336967733012,0.36533198220710361,0.35140657014323107,0.27315026296827016,0.37544316688849871,0.45789473684210524,0.22543859649122808,0.31666666666666665,0.37864570766416183,0.23424903682568501,0.38710525551015312,0.31055774346820642,0.22603551332224012,0.4634067432095535,0.3018530117566845,0.24344497674528395,0.45470201149803163
1287,2024-2025,2024-12-08,Tottenham,Chelsea,A,0.42819754072472505,0.23457606721529164,0.33722639205998328,0.4507209159654233,0.22515640222483596,0.32412268180974063,0.42276774629467656,0.23740033464541763,0.33983191905990595,0.45789473684210524,0.22543859649122808,0.31666666666666665,0.38086112849101744,0.23425751140984818,0.38488136009913437,0.39034940731891404,0.22626235949478138,0.38338823318630449,0.38186720874432195,0.24322675664396562,0.3749060346117124
1288,2024-2025,2024-12-09,West Ham,Wolves,H,0.50474055798372519,0.24873302945630005,0.24652641255997468,0.53027248069975641,0.23920763491489591,0.23051988438534754,0.46143156174399658,0.26772290686767825,0.27084553138832512,0.45789473684210524,0.22543859649122808,0.31666666666666665,0.50299392357993811,0.225929935207558,0.27107614121250395,0.49460028001642198,0.20001030160188171,0.30538941838169648,0.48779400062028822,0.21362286039414913,0.29858313898556277
1289,2024-2025,2024-12-14,Arsenal,Everton,D,0.75930873457169479,0.15389055412758793,0.086800711300717259,0.77553427320131885,0.14367881622305423,0.080786910575626925,0.76056728290728237,0.14888262119246806,0.090550095900249566,0.45789473684210524,0.22543859649122808,0.31666666666666665,0.65372429665645893,0.19341550436920837,0.15286019897433276,0.74829687655003829,0.17636471254489627,0.075338410905065475,0.74076323919003029,0.19143198726491228,0.06780477354505747
1290,2024-2025,2024-12-14,Liverpool,Fulham,D,0.74126356192867238,0.14508672074932411,0.1136497173220035,0.73781482148654021,0.12802377987146493,0.13416139864199492,0.70858247461855872,0.15492450017038759,0.13649302521105369,0.45789473684210524,0.22543859649122808,0.31666666666666665,0.61783792175909391,0.20336142969181378,0.17880064854909222,0.68095971864511196,0.18673212571071218,0.132308155644176,0.67243212695773957,0.20378730908545695,0.12378056395680362
1291,2024-2025,2024-12-14,Newcastle,Leicester City,H,0.56623652237305588,0.20994254121142825,0.22382093641551595,0.58181772500700435,0.18112290141096665,0.23705937358202897,0.54215039320380476,0.20279001515542883,0.25505959164076641,0.45789473684210524,0.22543859649122808,0.31666666666666665,0.52817894367933049,0.22217658219812694,0.24964447412254256,0.65330961370304608,0.17591601342710284,0.17077437286985114,0.64639059034776303,0.18975406013766893,0.16385534951456807
1292,2024-2025,2024-12-14,Nottingham,Aston Villa,H,0.3520440604818722,0.2752080794542151,0.37274786006391269,0.36178986791803952,0.24306798700228402,0.39514214507967649,0.37376493585744874,0.26681383447772411,0.35942122966482709,0.45789473684210524,0.22543859649122808,0.31666666666666665,0.38192507570125189,0.23425943701110466,0.38381548728764348,0.41260443750066383,0.2530332098539077,0.33436235264542846,0.40106365441484637,0.27611477602554257,0.322821569559611
1293,2024-2025,2024-12-14,Wolves,Ipswich Town,A,0.45892414424958133,0.2464713342636389,0.29460452148677979,0.4787859400668012,0.21411312122740711,0.30710093870579158,0.44033117581577613,0.22438211353062915,0.33528671065359483,0.45789473684210524,0.22543859649122808,0.31666666666666665,0.4300999469326075,0.23293067042848076,0.33696938263891169,0.54292146927008134,0.21990192297428188,0.23717660775563687,0.53326102193149338,0.23922281765145767,0.22751616041704895
1294,2024-2025,2024-12-15,Brighton,Crystal Palace,A,0.53109455908494108,0.24426261391965984,0.22464282699539903,0.54919117069429024,0.22842533883177674,0.22238349047393305,0.54516626497181175,0.22110626229820901,0.23372747272997932,0.45789473684210524,0.22543859649122808,0.31666666666666665,0.50391341436275183,0.22580477835853116,0.27028180727871687,0.44297044696715637,0.2667003977910386,0.29032915524180525,0.43011517115225206,0.29241094942084711,0.27747387942690099
1295,2024-2025,2024-12-15,Chelsea,Brentford,H,0.63026961243660862,0.2108374828772577,0.1588929046861336,0.65903106762403252,0.19546469057332738,0.14550424180263993,0.64717061281481425,0.18297443613488534,0.16985495105030035,0.45789473684210524,0.22543859649122808,0.31666666666666665,0.57150133606025688,0.2141492429533581,0.21434942098638504,0.70656350549380653,0.14609867117315206,0.14733782333304121,0.70177875380947941,0.15566817454180629,0.14255307164871409
1296,2024-2025,2024-12-15,Manchester City,Manchester Utd,A,0.61104044733430962,0.21164772430351939,0.17731182836217102,0.63865353166197925,0.1763320514985787,0.18501441683944206,0.64606859461591826,0.18666573943717035,0.16726566594691139,0.45789473684210524,0.22543859649122808,0.31666666666666665,0.58870465417667339,0.21041103270687894,0.20088431311644761,0.58760224271665096,0.2175074251103539,0.19489033217299517,0.57719965283185293,0.23831260487995007,0.18448774228819706
1297,2024-2025,2024-12-15,Southampton,Tottenham,A,0.18586043173366423,0.20728301834314586,0.60685654992318994,0.18223571668250563,0.17108803585930454,0.64667624745818975,0.2134008041419628,0.21131072230809367,0.57528847354994361,0.45789473684210524,0.22543859649122808,0.31666666666666665,0.33473131667649392,0.23279547654929425,0.43247320677421197,0.12133986559806997,0.1782322538932595,0.70042788050867055,0.11277559309797776,0.1953607988934439,0.69186360800857838
1298,2024-2025,2024-12-16,Bournemouth,West Ham,D,0.5232983629132012,0.24917979718198935,0.22752183990480954,0.52932704625449234,0.24131928427599608,0.22935366946951155,0.53074913810202395,0.23472841355025115,0.2345224483477249,0.45789473684210524,0.22543859649122808,0.31666666666666665,0.48800744382388728,0.22784217052803632,0.28415038564807632,0.57047420264906989,0.21265180236336975,0.21687399498756027,0.56138000763861529,0.23084019238427908,0.20777979997710561
1299,2024-2025,2024-12-21,Aston Villa,Manchester City,H,0.42338064719681279,0.18734089084330832,0.38927846195987897,0.42634412140641331,0.17645647780250967,0.39719940079107696,0.41801183452712692,0.17531881493897286,0.40666935053390024,0.45789473684210524,0.22543859649122808,0.31666666666666665,0.35438630409476474,0.23375434454385091,0.41185935136138446,0.28588773092369962,0.22491327244678913,0.48919899662951144,0.2752923209601687,0.24610409237385092,0.47860358666598052
1300,2024-2025,2024-12-21,Brentford,Nottingham,A,0.38720269654321876,0.31634924777651291,0.29644805568026827,0.3912634051044851,0.31071951919071389,0.29801707570480107,0.428293641802173,0.28599854901157379,0.2857078091862531,0.45789473684210524,0.22543859649122808,0.31666666666666665,0.42745021718343806,0.23307404066395485,0.33947574215260695,0.46484505188458969,0.22865539306058816,0.30649955505482218,0.45404688913647362,0.25025171855682043,0.29570139230670611
1301,2024-2025,2024-12-21,Crystal Palace,Arsenal,A,0.30046556638671795,0.21052585195512746,0.48900858165815458,0.30251615385949016,0.2066102023017849,0.49087364383872484,0.27986080089943999,0.209766719753435,0.51037247934712504,0.45789473684210524,0.22543859649122808,0.31666666666666665,0.27931293609221869,0.22716676619308476,0.49352029771469658,0.19959572566380776,0.25873135594995844,0.54167291838623388,0.18687724021212437,0.2841683268533251,0.52895443293455047
1302,2024-2025,2024-12-21,Ipswich Town,Newcastle,A,0.28029032992523106,0.25431399545076427,0.46539567462400477,0.28120302635007932,0.24632369684602007,0.4724732768039005,0.31253402258330903,0.23905445166217829,0.4484115257545126,0.45789473684210524,0.22543859649122808,0.31666666666666665,0.34974303968636905,0.23357386284069762,0.41668309747293331,0.20873530536476975,0.23015902606081395,0.56110566857441635,0.19712367360382102,0.25338228958271136,0.54949403681346753
1303,2024-2025,2024-12-21,West Ham,Brighton,D,0.38617284607992475,0.24681436138230414,0.36701279253777108,0.3915200267874438,0.24118045759253173,0.36729951562002439,0.35625540470046907,0.26143690889101273,0.38230768640851809,0.45789473684210524,0.22543859649122808,0.31666666666666665,0.41709885269314539,0.23355704288428625,0.34934410442256836,0.37718544081863042,0.23338224755557799,0.38943231162579151,0.36617870702406424,0.25539571514471054,0.37842557783122521
1304,2024-2025,2024-12-22,Everton,Chelsea,D,0.25019299023867952,0.23991011546524654,0.50989689429607388,0.2445934157339083,0.22277453669007308,0.53263204757601867,0.22063555029749113,0.26969490144832392,0.50966954825418498,0.45789473684210524,0.22543859649122808,0.31666666666666665,0.30015827850794424,0.22981705242087394,0.4700246690711819,0.17957846144353223,0.23700877294714479,0.58341276560932287,0.16680582594501053,0.26255404394418819,0.57064013011080117
1305,2024-2025,2024-12-22,Fulham,Southampton,D,0.64971508446970649,0.19532416404629099,0.15496075148400248,0.66292839478911969,0.19934668826425203,0.13772491694662825,0.6327650437137069,0.20524549517015153,0.16198946111614165,0.45789473684210524,0.22543859649122808,0.31666666666666665,0.57317578929447155,0.21379916787825543,0.21302504282727291,0.75202370630616711,0.16299870308999706,0.084977590603835626,0.74321666928051755,0.18061277714129648,0.076170553578185904
1306,2024-2025,2024-12-22,Leicester City,Wolves,A,0.50220020101674478,0.25040660228919137,0.24739319669406384,0.51748498656056374,0.2343028877947787,0.2482121256446575,0.48874781485799695,0.24382233435712802,0.26742985078487508,0.45789473684210524,0.22543859649122808,0.31666666666666665,0.50304843992957271,0.2259225398803473,0.27102902019008002,0.43383040525639771,0.20483316430973142,0.3613364304338707,0.4256836738102025,0.22112662720212195,0.35318969898767544
1307,2024-2025,2024-12-22,Manchester Utd,Bournemouth,A,0.46586073929712174,0.27042066226374106,0.26371859843913725,0.46291537522907261,0.25587660285857899,0.28120802191234834,0.45359629290084014,0.26224502806789313,0.28415867903126668,0.45789473684210524,0.22543859649122808,0.31666666666666665,0.47662442927712989,0.229133008365137,0.294242562357733,0.44323545584559115,0.2611496905609324,0.29561485359347645,0.42904552449779348,0.28952955325652768,0.28142492224567878
1308,2024-2025,2024-12-22,Tottenham,Liverpool,A,0.38448446377260642,0.26402114573401081,0.35149439049338271,0.40315461543199377,0.27734918714237489,0.31949619742563123,0.39823847336201512,0.2482006510997247,0.35356087553826004,0.45789473684210524,0.22543859649122808,0.31666666666666665,0.30374828229844308,0.23020655200385653,0.46604516569770033,0.3440632812670068,0.22608503171588956,0.42985168701710363,0.33298305190536559,0.24824549043917188,0.41877145765546248
1309,2024-2025,2024-12-26,Bournemouth,Crystal Palace,D,0.61753751727442474,0.21212924719004467,0.1703332355355307,0.63546474058435254,0.19969895371763194,0.16483630569801547,0.57914688784823942,0.21605224285072083,0.20480086930103963,0.45789473684210524,0.22543859649122808,0.31666666666666665,0.49614668003436474,0.22683351234498347,0.27701980762065187,0.48143535753243349,0.25293168429693208,0.26563295817063443,0.46596812539728871,0.28386614856722164,0.25016572603548959
1310,2024-2025,2024-12-26,Chelsea,Fulham,A,0.64940122334465589,0.18336372443035981,0.16723505222498425,0.66605236849649485,0.17330080905808304,0.16064682244542225,0.62679702761741418,0.17974451376599376,0.19345845861659208,0.45789473684210524,0.22543859649122808,0.31666666666666665,0.55064988582349816,0.21826036543963095,0.23108974873687077,0.59189758297962591,0.21229513776025222,0.1958072792601219,0.57920313790792732,0.23768402790364934,0.18311283418842333
1311,2024-2025,2024-12-26,Liverpool,Leicester City,H,0.82318161094872577,0.12338393360112071,0.05343445545015367,0.83290182244998789,0.11683411438827797,0.050264063161734214,0.78914049393228292,0.13570649403702328,0.075153012030693911,0.45789473684210524,0.22543859649122808,0.31666666666666665,0.68641235279658608,0.18310883601434855,0.13047881118906546,0.88202032450628332,0.076210688407230429,0.041768987086486374,0.87804007971111853,0.084171177997560187,0.037788742291321502
1312,2024-2025,2024-12-26,Manchester City,Everton,D,0.65335332593768103,0.20800737642663952,0.13863929763567942,0.67084349586963365,0.18990299708943117,0.1392535070409352,0.67250253930561066,0.1832488351554096,0.14424862553897977,0.45789473684210524,0.22543859649122808,0.31666666666666665,0.61300096939496507,0.20459486149919265,0.18240416910584234,0.56474169205217317,0.26299100428650035,0.17226730366132642,0.54980045205926487,0.29287348427231708,0.15732606366841809
1313,2024-2025,2024-12-26,Newcastle,Aston Villa,H,0.49994489810106502,0.23770476516655584,0.26235033673237929,0.51664690356166454,0.22672375655270605,0.25662933988562936,0.48881866485727182,0.23054740641113722,0.28063392873159099,0.45789473684210524,0.22543859649122808,0.31666666666666665,0.43895900444081837,0.23239347192348747,0.32864752363569416,0.52142093987541682,0.21753748343704712,0.26104157668753608,0.50917134906124262,0.24203666506539542,0.24879198587336196
1314,2024-2025,2024-12-26,Nottingham,Tottenham,H,0.41671942276527257,0.22522267724323522,0.35805789999149212,0.43199146457190624,0.21676466207897491,0.35124387334911888,0.39595798156176454,0.25576340313365103,0.34827861530458443,0.45789473684210524,0.22543859649122808,0.31666666666666665,0.44560463469321293,0.23193244334552776,0.32246292196125936,0.32929151493433889,0.22675654076893553,0.44395194429672563,0.31664412673860692,0.25205131716039941,0.43130455610099366
1315,2024-2025,2024-12-26,Southampton,West Ham,A,0.26535405306915272,0.24493142107629584,0.48971452585455133,0.2801013360872015,0.23691161370177921,0.48298705021101934,0.30875636042732763,0.235679475618254,0.4555641639544184,0.45789473684210524,0.22543859649122808,0.31666666666666665,0.37064057529198985,0.23416777169565747,0.39519165301235276,0.18827912482068743,0.24148704121026421,0.57023383396904836,0.17363672967357985,0.27077183150447942,0.55559143882194084
1316,2024-2025,2024-12-26,Wolves,Manchester Utd,H,0.29355393858716083,0.2947993755267172,0.41164668588612197,0.30679811615441155,0.2885495316437397,0.40465235220184881,0.34291776401280366,0.23831242618033532,0.4187698098068609,0.45789473684210524,0.22543859649122808,0.31666666666666665,0.33701693537920641,0.23293346937795692,0.4300495952428367,0.29687842708109585,0.22325036341594093,0.47987120950296325,0.28438951089877135,0.24822819578058999,0.46738229332063874
1317,2024-2025,2024-12-27,Arsenal,Ipswich Town,H,0.8243680586122909,0.12229506599336312,0.05333687539434602,0.82921581933254429,0.11790093835148635,0.052883242315969407,0.77382446574392549,0.1453805572213073,0.080794977034767138,0.45789473684210524,0.22543859649122808,0.31666666666666665,0.67671102634134894,0.18629446891557774,0.13699450474307331,0.86077840357768542,0.10010706310145147,0.0391145333208631,0.85448369733651097,0.1126964755838003,0.032819827079688689
1318,2024-2025,2024-12-27,Brighton,Brentford,D,0.41419125177313226,0.28719797767213345,0.29861077055473428,0.42013373187865721,0.28212963871888963,0.29773662940245332,0.47352223815161903,0.25804971103873686,0.26842805080964416,0.45789473684210524,0.22543859649122808,0.31666666666666665,0.49332060306636116,0.22719180198710906,0.27948759494652975,0.41297652420390346,0.22053886257069288,0.36648461322540382,0.40099831921393786,0.24449527255062403,0.35450640823543822
1319,2024-2025,2024-12-29,Crystal Palace,Southampton,H,0.62775154756963014,0.17884337346866058,0.19340507896170916,0.66124654937618288,0.14943780732811726,0.18931564329570005,0.57819252868005466,0.19512075350185737,0.22668671781808791,0.45789473684210524,0.22543859649122808,0.31666666666666665,0.54361843192584103,0.2195431612167961,0.23683840685736285,0.67352267790134235,0.21975703819632147,0.10672028390233598,0.65969659082985266,0.24740921233930113,0.092894196830846168
1320,2024-2025,2024-12-29,Everton,Nottingham,A,0.33644666552582703,0.27548377821449499,0.38806955625967804,0.35622397720320786,0.26818646223076986,0.37558956056602233,0.33344860487487699,0.28767753655803707,0.378873858567086,0.45789473684210524,0.22543859649122808,0.31666666666666665,0.39555153563734508,0.23416232698154552,0.37028613738110938,0.28081444595544852,0.33838031548734748,0.38080523855720411,0.26177342320259911,0.37646236099304631,0.36176421580435469
1321,2024-2025,2024-12-29,Fulham,Bournemouth,D,0.44247207064540151,0.27592202714292791,0.28160590221167059,0.45824917204661747,0.23906871228986473,0.30268211566351783,0.46509975087907129,0.23287455915432184,0.30202568996660689,0.45789473684210524,0.22543859649122808,0.31666666666666665,0.45736015737359226,0.23099628761345811,0.31164355501294955,0.38232392151481148,0.27118486100877914,0.34649121747640943,0.36355355066219414,0.30872560271401378,0.32772084662379208
1322,2024-2025,2024-12-29,Leicester City,Manchester City,A,0.24665274782299096,0.19120854322635891,0.5621387089506501,0.25321378471279599,0.1640382205483655,0.58274799473883854,0.27925762177754976,0.18150242491817251,0.53923995330427776,0.45789473684210524,0.22543859649122808,0.31666666666666665,0.26167834223806702,0.22438144943369825,0.51394020832823473,0.13469764709223253,0.16087588349183457,0.70442646941593301,0.12478942219194121,0.18069233329241718,0.6945182445156417
1323,2024-2025,2024-12-29,Tottenham,Wolves,D,0.5951942224776462,0.23185830658302634,0.1729474709393275,0.62968814356725744,0.21683839193387827,0.1534734644988642,0.60480932796970843,0.21618497838864129,0.17900569364165031,0.45789473684210524,0.22543859649122808,0.31666666666666665,0.53901726670626871,0.22035431453238438,0.24062841876134697,0.68013656905618625,0.15212873629633916,0.16773469464747484,0.67344091492890945,0.16552004455089239,0.16103904052019818
1324,2024-2025,2024-12-29,West Ham,Liverpool,A,0.20606358146488218,0.21887454694428954,0.57506187159082822,0.23219575466670492,0.22144101586535347,0.54636322946794158,0.20930201105655485,0.23218061962327011,0.55851736932017504,0.45789473684210524,0.22543859649122808,0.31666666666666665,0.25722042183721722,0.22359427488528852,0.51918530327749424,0.13705332414107649,0.16396210307678488,0.69898457278213866,0.12682773968361441,0.18441327199170901,0.68875898832467652
1325,2024-2025,2024-12-30,Aston Villa,Brighton,D,0.52951727356542067,0.20737613837399346,0.26310658806058579,0.54080932208048216,0.20561317345397556,0.25357750446554228,0.50697430584217029,0.21949433412986216,0.27353136002796763,0.45789473684210524,0.22543859649122808,0.31666666666666665,0.49272386138017715,0.22726636049429252,0.28000977812553024,0.42411159840692603,0.24509348374695739,0.33079491784611664,0.40753398024226928,0.27824872007627088,0.31421729968145989
1326,2024-2025,2024-12-30,Ipswich Town,Chelsea,H,0.20021564516546581,0.21268007358483279,0.58710428124970149,0.20945520047843849,0.21372676443026836,0.57681803509129304,0.20957404781104608,0.22475989523770279,0.56566605695125105,0.45789473684210524,0.22543859649122808,0.31666666666666665,0.28290945101548171,0.22767245889202128,0.48941809009249704,0.10783281166881573,0.16860815106232765,0.72355903726885662,0.096247460487350889,0.1917788534252573,0.71197368608739175
1327,2024-2025,2024-12-30,Manchester Utd,Newcastle,A,0.33007307555549381,0.24556555645349043,0.42436136799101587,0.3406658547016081,0.24478467258811426,0.4145494727102777,0.33682703097121774,0.2588965881676597,0.4042763808611225,0.45789473684210524,0.22543859649122808,0.31666666666666665,0.40056919708729305,0.23407030917843985,0.36536049373426699,0.2592173407446815,0.23472718790727795,0.50605547134804041,0.24330712394033682,0.26654762151596728,0.49014525454369584
1328,2024-2025,2025-01-01,Brentford,Arsenal,A,0.22054150741168793,0.25300888702379087,0.52644960556452125,0.22740270590706038,0.25216446531117132,0.52043282878176833,0.26359731393665131,0.23486285047483993,0.50153983558850868,0.45789473684210524,0.22543859649122808,0.31666666666666665,0.25689371600647715,0.22353522838616929,0.51957105560735362,0.14350265645248877,0.18308794980917734,0.67340939373833386,0.13135570155292231,0.20738185960831021,0.66126243883876745
1329,2024-2025,2025-01-04,Aston Villa,Leicester City,H,0.66400300381343902,0.18663034453500926,0.14936665165155175,0.68345030612540747,0.16250547996217923,0.15404421391241341,0.64203266861346642,0.18247499378417001,0.17549233760236352,0.45789473684210524,0.22543859649122808,0.31666666666666665,0.57481249351793862,0.21345411693282884,0.21173338954923263,0.63820600024580731,0.18617235189172168,0.17562164786247106,0.62661751727068116,0.20934931784197394,0.16403316488734493
1330,2024-2025,2025-01-04,Bournemouth,Everton,H,0.5778430039156307,0.23396255389689852,0.1881944421874707,0.59504749489947262,0.20366748149575548,0.20128502360477193,0.57931569449920128,0.2063640754942892,0.21432023000650954,0.45789473684210524,0.22543859649122808,0.31666666666666665,0.5135642710727556,0.22443674648505804,0.26199898244218645,0.49171642933337073,0.29896396034894474,0.20931961031768431,0.47377340113131211,0.33485001675306197,0.19137658211562572
1331,2024-2025,2025-01-04,Brighton,Arsenal,D,0.23691854394168296,0.22044842333021902,0.54263303272809804,0.24213062330178128,0.19668609178376789,0.5611832849144508,0.26363745308164377,0.19999706594147165,0.53636548097688463,0.45789473684210524,0.22543859649122808,0.31666666666666665,0.28504033837955667,0.22796238405994496,0.48699727756049827,0.1363621281553942,0.19950056376033315,0.66413730808427274,0.12270352075288786,0.2268177785653458,0.6504787006817665
1332,2024-2025,2025-01-04,Crystal Palace,Chelsea,D,0.31571070905126292,0.23549271255331455,0.44879657839542253,0.32174486894609283,0.20525344402766513,0.47300168702624201,0.29545811316534515,0.24431002657849885,0.46023186025615603,0.45789473684210524,0.22543859649122808,0.31666666666666665,0.35436263827064191,0.23375349578340771,0.41188386594595033,0.26685192868044016,0.23335467011221117,0.49979340120734883,0.2512810180982305,0.26449649127663061,0.48422249062513911
1333,2024-2025,2025-01-04,Manchester City,West Ham,H,0.68190662217985565,0.19889286640218304,0.11920051141796129,0.69850371987227178,0.17363202203241004,0.1278642580953181,0.68585809345402771,0.17897127364999785,0.13517063289597442,0.45789473684210524,0.22543859649122808,0.31666666666666665,0.60008697720784443,0.20776482416089567,0.19214819863125995,0.67949745704447173,0.17739113277495897,0.14311141018056925,0.66794585840978127,0.20049433004433986,0.13155981154587879
1334,2024-2025,2025-01-04,Southampton,Brentford,A,0.2330167597208726,0.23658847175416906,0.53039476852495837,0.23733646090864563,0.20680724659940083,0.55585629249195356,0.29103019461155538,0.23227106323915864,0.47669874214928598,0.45789473684210524,0.22543859649122808,0.31666666666666665,0.36609525455148989,0.23408597759430605,0.399818767854204,0.13379330500537159,0.19818073233340219,0.66802596266122616,0.12022615533173582,0.22531503168067371,0.65445881298759034
1335,2024-2025,2025-01-04,Tottenham,Newcastle,A,0.41009859033416302,0.27412645038177352,0.31577495928406346,0.42467316713524539,0.23401073496423988,0.3413160979005147,0.44174158291534954,0.22119043068139585,0.33706798640325458,0.45789473684210524,0.22543859649122808,0.31666666666666665,0.38493942079794569,0.23425736671221337,0.38080321248984089,0.35298199935324248,0.21187590211952109,0.43514209852723645,0.34138923805052945,0.23506142472494732,0.42354933722452348
1336,2024-2025,2025-01-05,Fulham,Ipswich Town,D,0.5731191588169442,0.21791188277465048,0.20896895840840524,0.60422382706942834,0.20198532195872351,0.19379085097184814,0.56343337887992728,0.21445388076504529,0.22211274035502748,0.45789473684210524,0.22543859649122808,0.31666666666666665,0.53670732447879632,0.22075310619111149,0.24253956933009232,0.5674425390054243,0.24385926872551125,0.18869819226906451,0.54904033266873331,0.28066368139889325,0.17029598593237352
1337,2024-2025,2025-01-05,Liverpool,Manchester Utd,D,0.77436726878251061,0.14155914551520832,0.084073585702281045,0.79778094432880531,0.11769082491278135,0.08452823075841337,0.78468321501460103,0.12422968622040978,0.091087098764989161,0.45789473684210524,0.22543859649122808,0.31666666666666665,0.64096047745357898,0.19711472487207923,0.1619247976743417,0.72005121622561685,0.164634413039217,0.11531437073516615,0.70781704265583056,0.18910276017878946,0.10308019716537989
1338,2024-2025,2025-01-06,Wolves,Nottingham,A,0.30113480423223604,0.30111436856281942,0.39775082720494448,0.30454331782094052,0.29158304863543205,0.40387363354362743,0.29557261270289276,0.2566760355343079,0.44775135176279934,0.45789473684210524,0.22543859649122808,0.31666666666666665,0.33994818617737621,0.23310011939171929,0.42695169443090453,0.27361367986932245,0.23264165538392181,0.49374466474675588,0.25653178981222657,0.26680543549811359,0.47666277468965995
1339,2024-2025,2025-01-14,Brentford,Manchester City,D,0.28174999261849493,0.26865598973167065,0.44959401764983453,0.29156957537910883,0.29411189771752971,0.41431852690336141,0.32956278402631273,0.24139476500653223,0.42904245096715504,0.45789473684210524,0.22543859649122808,0.31666666666666665,0.29027960005237491,0.22864495116744737,0.48107544878017772,0.28106341684833891,0.20880756372128181,0.51012901943037903,0.26753027567428572,0.23587384606938816,0.49659587825632606
1340,2024-2025,2025-01-14,Chelsea,Bournemouth,D,0.4926357957214354,0.25540168643407157,0.25196251784449308,0.48106562741303077,0.27234759786891982,0.2465867747180496,0.50013981076681835,0.22615207563476841,0.27370811359841329,0.45789473684210524,0.22543859649122808,0.31666666666666665,0.50281384568780074,0.22595434081416188,0.27123181349803743,0.46465869204792687,0.24034207908727381,0.2949992288647994,0.44656941698991759,0.2765206292032924,0.27690995380679012
1341,2024-2025,2025-01-14,Nottingham,Liverpool,D,0.3348556284474028,0.21478179653010226,0.45036257502249499,0.33214575396870255,0.23212870927549684,0.43572553675580061,0.30166375232633802,0.25177023878634125,0.44656600888732068,0.45789473684210524,0.22543859649122808,0.31666666666666665,0.30797092093260142,0.23064027315251329,0.46138880591488529,0.25414632815159693,0.23544478436200622,0.51040888748639668,0.23629624825471485,0.27114494415577045,0.49255880758951459
1342,2024-2025,2025-01-14,West Ham,Fulham,H,0.317515966128609,0.24184995513899518,0.44063407873239591,0.31093137716100849,0.25830950974129585,0.43075911309769577,0.30664091837496582,0.2658262015056469,0.42753288011938723,0.45789473684210524,0.22543859649122808,0.31666666666666665,0.40297674545722484,0.23401553302178857,0.36300772152098648,0.24661987462414825,0.22306830135325059,0.53031182402260135,0.23017516991097337,0.25595771077960033,0.51386711930942641
1343,2024-2025,2025-01-15,Arsenal,Tottenham,H,0.72720516394994372,0.14151415862814104,0.13128067742191521,0.7267567521320959,0.14942566135556798,0.12381758651233614,0.65574386994013589,0.19687332684962414,0.14738280321024008,0.45789473684210524,0.22543859649122808,0.31666666666666665,0.62766468914911488,0.20077773775806679,0.17155757309281849,0.64619944949184005,0.18708632910986023,0.16671422139829978,0.63169696138462761,0.216091305324285,0.15221173329108739
1344,2024-2025,2025-01-15,Everton,Aston Villa,A,0.30363765622535671,0.22740428839751606,0.46895805537712737,0.29567555371350696,0.24234457645630544,0.46197986983018763,0.30327429406341144,0.27994399463702352,0.41678171129956493,0.45789473684210524,0.22543859649122808,0.31666666666666665,0.34836909831906637,0.23351505578291104,0.41811584589802248,0.28928941894952342,0.30212680612324921,0.40858377492722742,0.26603904967929731,0.34862754466370144,0.38533340565700125
1345,2024-2025,2025-01-15,Leicester City,Crystal Palace,A,0.31313564845940883,0.28402110697648431,0.40284324456410686,0.30103793729586292,0.29705561619777465,0.40190644650636231,0.31948818931552109,0.26146651004978011,0.41904530063469891,0.45789473684210524,0.22543859649122808,0.31666666666666665,0.37672430654646311,0.23423678608566587,0.389038907367871,0.2197371695374879,0.23246785400346978,0.54779497645904218,0.20056338459282599,0.27081542389279356,0.52862119151438036
1346,2024-2025,2025-01-15,Newcastle,Wolves,H,0.76154717360659208,0.14860699010986142,0.089845836283546671,0.74752546739409176,0.15979899595024724,0.09267553665566107,0.68283989242472876,0.18577584372299141,0.13138426385227978,0.45789473684210524,0.22543859649122808,0.31666666666666665,0.61191521194627796,0.204868269549699,0.1832165185040231,0.71002489313029171,0.15658592321539197,0.13338918365431643,0.6988534826537921,0.17892874416839097,0.12221777317781692
1347,2024-2025,2025-01-16,Ipswich Town,Brighton,A,0.34668111133613089,0.23052607758989813,0.4227928110739711,0.34167428825016255,0.24142646354881198,0.41689924820102542,0.34245146665742426,0.25063188262898756,0.40691665071358812,0.45789473684210524,0.22543859649122808,0.31666666666666665,0.378522696096391,0.23424838911315124,0.38722891479045785,0.28007544370633586,0.26557983921231115,0.45434471708135304,0.25942252105088143,0.30688568452321996,0.43369179442589861
1348,2024-2025,2025-01-16,Manchester Utd,Southampton,H,0.65250091788625719,0.18751063659929576,0.15998844551444696,0.64552176206385969,0.19576456284805568,0.15871367508808462,0.59178782912972894,0.21902703837866525,0.18918513249160582,0.45789473684210524,0.22543859649122808,0.31666666666666665,0.58344072560848381,0.21158819234986501,0.20497108204165124,0.70988839379848989,0.19665054687384811,0.093461059327662022,0.6955266427451442,0.22537404898053931,0.079099308274316424
1349,2024-2025,2025-01-18,Arsenal,Aston Villa,D,0.73885846661417021,0.15095477039220548,0.1101867629936242,0.74017331800651065,0.15146479573632829,0.10836188625716119,0.69437006797459333,0.18123555059978896,0.12439438142561765,0.45789473684210524,0.22543859649122808,0.31666666666666665,0.568564379306436,0.21475610312652638,0.2166795175670376,0.69571723801844176,0.18117844377022382,0.12310431821133444,0.68148357724040987,0.20964576532628768,0.1088706574333025
1350,2024-2025,2025-01-18,Brentford,Liverpool,A,0.21790153266232684,0.26263324370631708,0.51946522363135605,0.21964615078933916,0.26167189939570196,0.51868194981495885,0.23784119774383025,0.25762468838718511,0.50453411386898461,0.45789473684210524,0.22543859649122808,0.31666666666666665,0.24990391726016833,0.222226823550082,0.5278692591897497,0.19272701647392892,0.17428914590739869,0.63298383761867227,0.1822289164869888,0.19528534588127894,0.62248573763173221
1351,2024-2025,2025-01-18,Leicester City,Fulham,A,0.25325250530152704,0.26793344438778277,0.4788140503106903,0.25844246520811953,0.26712315946805565,0.47443437532382482,0.29083477221192638,0.25846169273374892,0.45070353505432464,0.45789473684210524,0.22543859649122808,0.31666666666666665,0.34412216587000599,0.23331755650840025,0.42256027762159382,0.18416137056181547,0.20296477958045292,0.61287384985773163,0.16870025033780089,0.23388702002848208,0.59741272963371705
1352,2024-2025,2025-01-18,Newcastle,Bournemouth,A,0.62783004223221206,0.19976374953734541,0.17240620823044261,0.63673207854026881,0.19078233404703412,0.17248558741269712,0.60359410781440903,0.1956363490656419,0.20076954311994899,0.45789473684210524,0.22543859649122808,0.31666666666666665,0.50386765494842978,0.22581102827175992,0.27032131677981031,0.51173075974739901,0.23970794493998701,0.24856129531261376,0.49292843333953945,0.27731259775570632,0.22975896890475409
1353,2024-2025,2025-01-18,West Ham,Crystal Palace,A,0.38813875780846552,0.26752478080355518,0.34433646138797924,0.39194931726997095,0.26378218252719132,0.34426850020283772,0.3774383336323,0.24698736756619386,0.37557429880150617,0.45789473684210524,0.22543859649122808,0.31666666666666665,0.43584467254067338,0.23259243757599049,0.33156288988333604,0.28647279386546048,0.24278982690322867,0.47073737923131082,0.26757609351541051,0.28058322760332877,0.45184067888126089
1354,2024-2025,2025-01-19,Everton,Tottenham,H,0.28426032812752861,0.2098657170276379,0.50587395484483355,0.29607527582087206,0.23155520253521039,0.47236952164391766,0.28149077426201591,0.2741889197724387,0.44432030596554545,0.45789473684210524,0.22543859649122808,0.31666666666666665,0.40108466563263606,0.23405915925189624,0.36485617511546775,0.20486244635886647,0.26111089196289139,0.53402666167824231,0.18569159430613491,0.29945259606835445,0.51485580962551081
1355,2024-2025,2025-01-19,Ipswich Town,Manchester City,A,0.22728736366022581,0.17442573942538955,0.59828689691438464,0.25561816685850941,0.19775617204190238,0.54662566109958821,0.26520613904831908,0.19717941433478439,0.53761444661689661,0.45789473684210524,0.22543859649122808,0.31666666666666665,0.25580593596199575,0.22333728425419463,0.52085677978380962,0.14453574757970078,0.20006802385993624,0.65539622856036317,0.12943373789490925,0.23027204322951936,0.64029421887557159
1356,2024-2025,2025-01-19,Manchester Utd,Brighton,A,0.39498710803962389,0.27405225665361821,0.33096063530675796,0.41610954236149117,0.29467372911370104,0.28921672852480779,0.38635135331868503,0.29286811600399604,0.32078053067731893,0.45789473684210524,0.22543859649122808,0.31666666666666665,0.43528610103914467,0.2326269652919562,0.33208693366889908,0.36641353811896815,0.26265521793462077,0.37093124394641119,0.34657454407654098,0.30233320601947516,0.35109224990398402
1357,2024-2025,2025-01-19,Nottingham,Southampton,H,0.7631593690445525,0.1356849679689725,0.10115566298647495,0.77383622524086415,0.13948176492121314,0.086682009837922611,0.69936861559209285,0.17969756770645776,0.12093381670144941,0.45789473684210524,0.22543859649122808,0.31666666666666665,0.62809647542874392,0.20066180933705233,0.17124171523420384,0.77650745831210533,0.16172749384760662,0.061765047840288169,0.76535556967131224,0.18403127112919254,0.050613159199495231
1358,2024-2025,2025-01-20,Chelsea,Wolves,H,0.66354748496188454,0.21329180935346845,0.12316070568464704,0.6557197263740745,0.21216821445713022,0.1321120591687952,0.62763873502811429,0.20224787839270125,0.17011338657918446,0.45789473684210524,0.22543859649122808,0.31666666666666665,0.61421098613739811,0.20428866887550662,0.18150034498709541,0.67643699402039137,0.16559125813173931,0.15797174784786933,0.66642854225822235,0.18560816165607741,0.1479632960857003
1359,2024-2025,2025-01-25,Bournemouth,Nottingham,H,0.4380264841623015,0.28613345561878928,0.27584006021890917,0.43567008694183551,0.27911527320906304,0.28521463984910145,0.41779848901487915,0.27524247105534089,0.30695903992978008,0.45789473684210524,0.22543859649122808,0.31666666666666665,0.44465682919100674,0.23200122113116889,0.32334194967782443,0.38744471919596718,0.27085994264911195,0.34169533815492087,0.36759609932576537,0.31055718238951568,0.32184671828471906
1360,2024-2025,2025-01-25,Brighton,Everton,A,0.54115291400288712,0.2499577865493606,0.20888929944775217,0.54339768209920369,0.24371869097905038,0.21288362692174589,0.5769855722998608,0.20841342020843204,0.21460100749170705,0.45789473684210524,0.22543859649122808,0.31666666666666665,0.53570423912320242,0.22092452375760502,0.24337123711919262,0.44115191829093919,0.30709938417561428,0.25174869753344675,0.4209898369827727,0.34742354679194681,0.23158661622528035
1361,2024-2025,2025-01-25,Liverpool,Ipswich Town,H,0.84623521746224195,0.10927773039918368,0.044487052138574318,0.84794240479825889,0.10671614409311411,0.045341451108627043,0.79877617607092144,0.12914421255492026,0.072079611374158428,0.45789473684210524,0.22543859649122808,0.31666666666666665,0.69954943133512704,0.17862095299001307,0.12182961567485989,0.83921077438888092,0.10835801846244016,0.052431207148679,0.83131263831910485,0.12415429060199226,0.044533071078902961
1362,2024-2025,2025-01-25,Manchester City,Chelsea,H,0.59965708712313703,0.18578019533378434,0.21456271754307862,0.59703326965543924,0.18574691111311686,0.21721981923144398,0.56747913495838431,0.21895990685309555,0.21356095818852017,0.45789473684210524,0.22543859649122808,0.31666666666666665,0.50957333101886082,0.22501450615754859,0.26541216282359059,0.45584399435222739,0.22041345468275744,0.3237425509650152,0.44161769998923189,0.24886604340874843,0.3095162566020197
1363,2024-2025,2025-01-25,Southampton,Newcastle,A,0.1442441080466611,0.21105139073906429,0.64470450121427458,0.14373802558315243,0.20425892623715913,0.65200304817968835,0.1701661992715208,0.21055420646817632,0.61927959426030288,0.45789473684210524,0.22543859649122808,0.31666666666666665,0.24814177171215651,0.22188319288134301,0.52997503540650048,0.056513050219241114,0.11750368075094747,0.82598326902981145,0.047896536814833135,0.13473670755976341,0.81736675562540351
1364,2024-2025,2025-01-25,Wolves,Arsenal,A,0.16403030365622823,0.19459900894573776,0.64137068739803405,0.16737069938003118,0.19245690122168974,0.64017239939827897,0.17357001857162185,0.17564826054277263,0.6507817208856056,0.45789473684210524,0.22543859649122808,0.31666666666666665,0.2018582708055264,0.21069502094592824,0.58744670824854539,0.087688520408453818,0.13768782023186005,0.77462365935968613,0.077995563387058944,0.15707373427464985,0.76493070233829119
1365,2024-2025,2025-01-26,Aston Villa,West Ham,D,0.62840673248135404,0.20040068346119813,0.17119258405744783,0.63973453692659965,0.1882768475546909,0.17198861551870948,0.62389146625331937,0.18450760836387278,0.19160092538280796,0.45789473684210524,0.22543859649122808,0.31666666666666665,0.54570201078166825,0.21916848382432427,0.23512950539400754,0.55759774496621883,0.20818572010600753,0.23421653492777378,0.54708375948402876,0.22921369107038744,0.22370254944558382
1366,2024-2025,2025-01-26,Crystal Palace,Brentford,A,0.49306183440908724,0.22329941773063236,0.28363874786028048,0.50539125684840758,0.21000425565109651,0.28460448750049594,0.47655677654794554,0.23145395290084378,0.2919892705512106,0.45789473684210524,0.22543859649122808,0.31666666666666665,0.49198370205805286,0.2273583064400326,0.28065799150191445,0.39590126477091286,0.24985136479189068,0.35424737043719634,0.38220339255471436,0.27724710922428764,0.34054949822099784
1367,2024-2025,2025-01-26,Fulham,Manchester Utd,A,0.4915710191962811,0.24279577283655782,0.26563320796716111,0.50101452563544369,0.23251310680047485,0.26647236756408144,0.53279058061910922,0.21166524392274647,0.2555441754581444,0.45789473684210524,0.22543859649122808,0.31666666666666665,0.4728557139789003,0.22952943252931754,0.29761485349178218,0.44057943519116449,0.25009627962259456,0.30932428518624089,0.4267852035843242,0.27768474283627514,0.29553005357940065
1368,2024-2025,2025-01-26,Tottenham,Leicester City,A,0.63023825427874458,0.21623773208495811,0.15352401363629734,0.64656307977588023,0.20294003154062126,0.1504968886834985,0.62323722008379012,0.20113376325416088,0.17562901666204911,0.45789473684210524,0.22543859649122808,0.31666666666666665,0.53488637694016339,0.22106350116150547,0.24405012189833108,0.76172714006983255,0.13527416045541144,0.10299869947475607,0.75530243087147253,0.1481235788521317,0.096573990276395932
1369,2024-2025,2025-02-01,Bournemouth,Liverpool,A,0.3302606646897121,0.2322643839636305,0.43747495134665737,0.32731788322150845,0.22607280725828546,0.44660930952020617,0.30639071937403145,0.24550712485547843,0.44810215577049001,0.45789473684210524,0.22543859649122808,0.31666666666666665,0.31068110652063674,0.23090488589144648,0.45841400758791684,0.28564483507189581,0.22636121487179658,0.4879939500563078,0.27449750910176524,0.24865586681205759,0.47684662408617723
1370,2024-2025,2025-02-01,Everton,Leicester City,H,0.54348562533612577,0.22065450591925342,0.23585986874462087,0.54541240316493378,0.21575865565567709,0.2388289411793891,0.51160859509718581,0.2335100396276707,0.25488136527514343,0.45789473684210524,0.22543859649122808,0.31666666666666665,0.50792861730429917,0.22524767230737394,0.26682371038832692,0.47340656048811974,0.29934025605342668,0.22725318345845341,0.45933112867049258,0.32749111968868105,0.2131777516408262
1371,2024-2025,2025-02-01,Ipswich Town,Southampton,A,0.53779685664576549,0.19994684561795389,0.26225629773628062,0.53927819479835448,0.1935762744424992,0.26714553075914627,0.50099294679222273,0.21512485489941069,0.28388219830836658,0.45789473684210524,0.22543859649122808,0.31666666666666665,0.51972643460181756,0.2235114001478766,0.25676216525030582,0.48816217759126329,0.26390664459966129,0.24793117780907545,0.4744332363907437,0.2913645270007002,0.23420223660855591
1372,2024-2025,2025-02-01,Newcastle,Fulham,A,0.61490727238690979,0.20368210775353446,0.18141061985955576,0.61389719314551616,0.19977175098411734,0.18633105587036647,0.58179699969426135,0.20547723395238754,0.21272576635335108,0.45789473684210524,0.22543859649122808,0.31666666666666665,0.52246616479448504,0.22308703922063891,0.25444679598487607,0.52318697920656099,0.22720590309883562,0.24960711769460367,0.51162734266979493,0.25032517617236777,0.23804748115783761
1373,2024-2025,2025-02-01,Nottingham,Brighton,H,0.48399279914757526,0.23509519412595783,0.28091200672646693,0.48522874517236347,0.22257212453831565,0.29219913028932099,0.43743338588345992,0.25741719787260292,0.30514941624393699,0.45789473684210524,0.22543859649122808,0.31666666666666665,0.47116851207559446,0.22970189597155366,0.29912959195285188,0.39401709664685786,0.2642795786804828,0.34170332467265918,0.3801429170895651,0.29202793779506825,0.32782914511536643
1374,2024-2025,2025-02-01,Wolves,Aston Villa,H,0.24878894070227162,0.26061695451898387,0.4905941047787446,0.24543755826970126,0.25692740844622708,0.49763503328407166,0.26161112546353898,0.24200568724256066,0.49638318729390046,0.45789473684210524,0.22543859649122808,0.31666666666666665,0.28995614903052541,0.22860404910725823,0.48143980186221641,0.26995703265899101,0.21694784086044264,0.51309512648056632,0.25962000983727679,0.23762188650387103,0.5027581036588521
1375,2024-2025,2025-02-02,Arsenal,Manchester City,H,0.64538028200328945,0.16632630310341862,0.18829341489329185,0.64002988504166258,0.1584887331502523,0.20148138180808517,0.58612686028650163,0.17370609391736883,0.24016704579612963,0.45789473684210524,0.22543859649122808,0.31666666666666665,0.48316021204719012,0.22840897681330627,0.28843081113950364,0.46901158789578568,0.24754835100690692,0.28344006109730735,0.45639094834902216,0.272789630100434,0.27081942155054389
1376,2024-2025,2025-02-02,Brentford,Tottenham,A,0.40767838321430006,0.2659905800123305,0.32633103677336944,0.404409025403347,0.25529139171327131,0.34029958288338169,0.4095752128976074,0.26436188935285909,0.32606289774953345,0.45789473684210524,0.22543859649122808,0.31666666666666665,0.47040687137762721,0.22977873300701024,0.29981439561536261,0.40797006446090917,0.20368186278531161,0.38834807275377925,0.40053482720446559,0.21855233729819876,0.38091283549733568
1377,2024-2025,2025-02-02,Manchester Utd,Crystal Palace,A,0.49239934108659522,0.25384685656960404,0.25375380234380057,0.50615329023403677,0.26410030204060686,0.22974640772535637,0.46488649093224449,0.25658579298917394,0.27852771607858146,0.45789473684210524,0.22543859649122808,0.31666666666666665,0.46406341991369449,0.23039405206650956,0.30554252801979592,0.35026519809663459,0.28137863205866265,0.36835616984470287,0.33603784557619254,0.30983333709954675,0.35412881732426088
1378,2024-2025,2025-02-03,Chelsea,West Ham,H,0.62374589518488932,0.20510814256749846,0.17114596224761233,0.62430630718318447,0.21990214051086293,0.15579155230595262,0.63089141941821891,0.18365397234947994,0.18545460823230112,0.45789473684210524,0.22543859649122808,0.31666666666666665,0.54908294649201372,0.21855075420400799,0.23236629930397826,0.67099629781810499,0.17299827557457015,0.15600542660732503,0.66339311220516872,0.18820464680044266,0.14840224099438876
1379,2024-2025,2025-02-12,Everton,Liverpool,D,0.19901011191375553,0.2012853825633022,0.5997045055229423,0.19124744280874542,0.21377841963729446,0.59497413755396011,0.19349169249191667,0.24425581795378321,0.56225248955430018,0.45789473684210524,0.22543859649122808,0.31666666666666665,0.23231977038922583,0.21854022567705642,0.54914000393371776,0.15631190040813894,0.24008814735957948,0.60359995223228136,0.14490173745951429,0.26290847325682892,0.59218978928365684
1380,2024-2025,2025-02-14,Brighton,Chelsea,H,0.33082067485765293,0.22317625527707402,0.44600306986527299,0.31398120324062784,0.2366105419236412,0.44940825483573088,0.32321178410758838,0.25790109135053257,0.4188871245418791,0.45789473684210524,0.22543859649122808,0.31666666666666665,0.38028819798487024,0.23425589871671848,0.38545590329841128,0.23703978332661693,0.21224686916752963,0.55071334750585332,0.22732516753850082,0.23167610074376185,0.54099873171773727
1381,2024-2025,2025-02-15,Aston Villa,Ipswich Town,D,0.70412510375163051,0.15968118999932532,0.13619370624904417,0.68455069421953185,0.17141584023378595,0.1440334655466822,0.63689702750379962,0.18891317819542155,0.17418979430077888,0.45789473684210524,0.22543859649122808,0.31666666666666665,0.59133786628417451,0.20981112271577276,0.1988510110000527,0.6213357299421457,0.21291881262917986,0.16574545742867455,0.61075067452341736,0.2340889234666364,0.15516040200994627
1382,2024-2025,2025-02-15,Crystal Palace,Everton,A,0.50709867400665209,0.23989229990436353,0.2530090260889844,0.46957319366830935,0.23429823279699064,0.29612857353470007,0.46602144430773168,0.21980961343938449,0.31416894225288383,0.45789473684210524,0.22543859649122808,0.31666666666666665,0.48181562998748029,0.22856170834628964,0.28962266166623019,0.37897804212493275,0.32387130228972605,0.29715065558534109,0.36502041925233042,0.35178654803493081,0.28319303271273877
1383,2024-2025,2025-02-15,Fulham,Nottingham,H,0.35749671555766949,0.29419939788032268,0.34830388656200784,0.33415092405413177,0.30655913695987946,0.35928993898598877,0.37561064543865846,0.27178910663094397,0.35260024793039757,0.45789473684210524,0.22543859649122808,0.31666666666666665,0.41954981149723325,0.2334538225742164,0.34699636592855043,0.32028402758667562,0.25129704233810363,0.42841893007522081,0.30787149396138203,0.27612210958869077,0.41600639644992732
1384,2024-2025,2025-02-15,Leicester City,Arsenal,A,0.1255941281824792,0.15819469193059407,0.71621117988692662,0.11600224666758099,0.15656865792623958,0.72742909540617939,0.15198773252654121,0.17978944846141762,0.66822281901204128,0.45789473684210524,0.22543859649122808,0.31666666666666665,0.18967813604999043,0.20698355774138538,0.60333830620862416,0.044655470926482491,0.10213757536290571,0.85320695371061184,0.03957646244258297,0.11229559233070475,0.84812794522671242
1385,2024-2025,2025-02-15,Manchester City,Newcastle,H,0.64454727927521049,0.17558978219449117,0.17986293853029836,0.62231258871190931,0.18902916920422283,0.18865824208386783,0.59773059361317993,0.20571208672757035,0.19655731965924969,0.45789473684210524,0.22543859649122808,0.31666666666666665,0.52842329997243243,0.22213686762364659,0.2494398324039209,0.45287041516663235,0.21565534881124299,0.33147423602212478,0.44384218736580267,0.2337118044129024,0.3224460082212951
1386,2024-2025,2025-02-15,Southampton,Bournemouth,A,0.17220368566229294,0.2502027131473134,0.57759360119039371,0.15805992388186726,0.25424184919441495,0.58769822692371776,0.20157023030445634,0.24724011470231783,0.55118965499322581,0.45789473684210524,0.22543859649122808,0.31666666666666665,0.27529814177411088,0.22657771680605873,0.4981241414198303,0.074521891406618371,0.14239373990023321,0.78308436869314857,0.067437655946893382,0.15656221081968319,0.77600013323342354
1387,2024-2025,2025-02-15,West Ham,Brentford,A,0.35668979156466324,0.25276993310592227,0.39054027532941449,0.33872041157363297,0.26581578680263129,0.39546380162373568,0.34609854789541356,0.26497963179162143,0.38892182031296496,0.45789473684210524,0.22543859649122808,0.31666666666666665,0.44967610721545725,0.23162559163344704,0.3186983011510956,0.27325634912854779,0.21716956850997474,0.50957408236147728,0.26347666949227566,0.23672892778251892,0.49979440272520526
1388,2024-2025,2025-02-16,Liverpool,Wolves,H,0.83481106916874059,0.11273964075764442,0.052449290073614901,0.83222740583183274,0.12636138371602487,0.041411210452142508,0.79752734040568574,0.14266822860782546,0.059804430986488862,0.45789473684210524,0.22543859649122808,0.31666666666666665,0.71385881589249411,0.17350046247550133,0.11264072163200446,0.80422936585919169,0.11723720866930738,0.078533425471500704,0.79972455736376169,0.12624682566016737,0.07402861697607073
1389,2024-2025,2025-02-16,Tottenham,Manchester Utd,H,0.49920592459384955,0.27045464201775804,0.23033943338839233,0.48798491388531534,0.27685093680905415,0.23516414930563057,0.53805401792231455,0.2209117003795979,0.24103428169808763,0.45789473684210524,0.22543859649122808,0.31666666666666665,0.42896978353828946,0.23299279932263348,0.33803741713907698,0.52362673885332112,0.22001827064016471,0.25635499050651434,0.51457238596057486,0.23812697642565725,0.24730063761376808
1390,2024-2025,2025-02-19,Aston Villa,Liverpool,D,0.26306448598821286,0.2061750023757275,0.53076051163605964,0.25254739137781562,0.20228585084759423,0.54516675777459023,0.25526071658242688,0.20900629178044944,0.53573299163712362,0.45789473684210524,0.22543859649122808,0.31666666666666665,0.29269049673605957,0.22894473689351155,0.47836476637042896,0.15337208913129954,0.18195739930327323,0.66467051156542722,0.14705969177610975,0.19458219401365281,0.65835811421023749
1391,2024-2025,2025-02-21,Leicester City,Brentford,A,0.26226230678443291,0.24440046448743316,0.49333722872813385,0.25901640431331996,0.26906395408444389,0.47191964160223621,0.29320606435067492,0.25608706137228737,0.45070687427703771,0.45789473684210524,0.22543859649122808,0.31666666666666665,0.36288847629647458,0.23401256954892913,0.40309895415459635,0.1652771725161947,0.19556628541492949,0.63915654206887584,0.15827088116884433,0.20957886810963017,0.63215025072152542
1392,2024-2025,2025-02-22,Arsenal,West Ham,A,0.83472886507324262,0.11306086701638302,0.052210267910374392,0.82178074131695156,0.12581688876785496,0.052402369915193418,0.80047885004538533,0.13340431026777488,0.066116839686839721,0.45789473684210524,0.22543859649122808,0.31666666666666665,0.67531991356439236,0.18674241843722267,0.137937667998385,0.79869621340866703,0.13444395599737782,0.066859830593955172,0.79374024540465116,0.14435589200540974,0.061903862589939233
1393,2024-2025,2025-02-22,Aston Villa,Chelsea,H,0.4086011566374676,0.25262495874667906,0.33877388461585323,0.41548687594641076,0.28158899693939632,0.30292412711419286,0.41308407021474991,0.26565797658439766,0.32125795320085254,0.45789473684210524,0.22543859649122808,0.31666666666666665,0.42516959164176171,0.2331910219342439,0.3416393864239945,0.31118111044689678,0.22831532082736958,0.46050356872573373,0.30335813217465502,0.24396127737185289,0.45268059045349207
1394,2024-2025,2025-02-22,Bournemouth,Wolves,A,0.688197784956179,0.19223240243403586,0.11956981260978508,0.67047983429432034,0.2112885035911154,0.1182316621145643,0.62849715078250912,0.22807898649608974,0.14342386272140126,0.45789473684210524,0.22543859649122808,0.31666666666666665,0.59299782335140783,0.20942915223246014,0.19757302441613184,0.64747132424761333,0.18964410562452005,0.1628845701278665,0.6407915906357059,0.20300357284833512,0.15620483651595896
1395,2024-2025,2025-02-22,Everton,Manchester Utd,D,0.53079502152802605,0.21372960074772598,0.25547537772424805,0.53543340132724149,0.22468202782843649,0.23988457084432199,0.51607781308360989,0.23616926509794595,0.24775292181844413,0.45789473684210524,0.22543859649122808,0.31666666666666665,0.45484510136773326,0.23120946440423065,0.31394543422803622,0.41725611825236647,0.3085125931838627,0.27423128856377099,0.4069742047669983,0.32907642015459881,0.26394937507840288
1396,2024-2025,2025-02-22,Fulham,Crystal Palace,A,0.5192597099114008,0.25136810387126091,0.22937218621733832,0.5019163932483558,0.27216829117768021,0.22591531557396388,0.50238251320953531,0.23323546713146229,0.26438201965900243,0.45789473684210524,0.22543859649122808,0.31666666666666665,0.48517318005007171,0.22817667100603833,0.28665014894388996,0.40154972270081302,0.26984518756089565,0.32860508973829128,0.3916233583629869,0.28969791623654784,0.3186787254004651
1397,2024-2025,2025-02-22,Ipswich Town,Tottenham,A,0.20829106480891374,0.21381566421317433,0.57789327097791188,0.20211476737454251,0.2330164355577336,0.56486879706772397,0.22538007381871672,0.23744314928632984,0.53717677689495347,0.45789473684210524,0.22543859649122808,0.31666666666666665,0.37432586982005045,0.23421507896075056,0.39145905121919905,0.14282242855060298,0.18125860458896564,0.6759189668604314,0.13636491159647826,0.1941736384972152,0.66946144990630674
1398,2024-2025,2025-02-22,Southampton,Brighton,A,0.19801977683490357,0.21818392124560304,0.58379630191949339,0.1929759207094961,0.23632946791581674,0.57069461137468713,0.21544700376786935,0.24164030346505769,0.54291269276707299,0.45789473684210524,0.22543859649122808,0.31666666666666665,0.28864882002094666,0.22843707878790953,0.48291410119114392,0.15017133569476787,0.19634190178457367,0.65348676252065863,0.14299160708851072,0.210701358997088,0.64630703391440147
1399,2024-2025,2025-02-23,Manchester City,Liverpool,A,0.51192086485007493,0.19643288247178839,0.2916462526781366,0.49122090677859043,0.16923260428003817,0.3395464889413714,0.46881915450684125,0.20552448650920035,0.32565635898395828,0.45789473684210524,0.22543859649122808,0.31666666666666665,0.39564348178015923,0.23416091105215092,0.37019560716768979,0.34363856495725259,0.21252197322282682,0.4438394618199204,0.34180052039762249,0.21619806234208705,0.4420014172602903
1400,2024-2025,2025-02-23,Newcastle,Nottingham,H,0.46724589963003332,0.25148327919211594,0.28127082117785068,0.46358944459126888,0.26575825785999307,0.27065229754873793,0.46053176579375682,0.24542814425081974,0.29404008995542352,0.45789473684210524,0.22543859649122808,0.31666666666666665,0.4653065174580559,0.23027694141602592,0.30441654112591821,0.39047424545615628,0.23328439407558751,0.37624136046825635,0.38815116682037787,0.23793055134714433,0.37391828183247794
1401,2024-2025,2025-02-25,Brighton,Bournemouth,H,0.43881933306161641,0.27014615207277448,0.29103451486560922,0.44848780561001017,0.26965405588760338,0.2818581385023865,0.46250703236685375,0.24647823484307368,0.29101473279007245,0.45789473684210524,0.22543859649122808,0.31666666666666665,0.44385523283593659,0.23205860501019507,0.32408616215386837,0.28270705514830452,0.24215070271985495,0.47514224213184064,0.28061064288420912,0.24634352724804581,0.47304582986774524
1402,2024-2025,2025-02-25,Chelsea,Southampton,H,0.77674232956199263,0.14180852449530099,0.081449145942706414,0.78501416713256078,0.13805916507774335,0.076926667789695813,0.72275378878592089,0.15765157797834514,0.1195946332357341,0.45789473684210524,0.22543859649122808,0.31666666666666665,0.65159872844375144,0.19404405576535744,0.15435721579089112,0.80753754728070615,0.12264323256652655,0.069819220152767286,0.8064930476208686,0.12473223188620187,0.068774720492929625
1403,2024-2025,2025-02-25,Crystal Palace,Aston Villa,H,0.41901518714824215,0.2096246355102086,0.37136017734154925,0.42579610503769205,0.18771459701535889,0.38648929794694903,0.40071467446960485,0.22462414479782539,0.37466118073256971,0.45789473684210524,0.22543859649122808,0.31666666666666665,0.40333295864104385,0.23400684584019882,0.36266019551875733,0.42094160364825584,0.26536260884907648,0.31369578750266763,0.41861477121183982,0.27001627372190856,0.31136895506625162
1404,2024-2025,2025-02-25,Wolves,Fulham,A,0.33169801515482117,0.28777087029549536,0.38053111454968347,0.34210094855809609,0.28765378771722877,0.3702452637246752,0.3414674130903973,0.25235460583966202,0.40617798106994063,0.45789473684210524,0.22543859649122808,0.31666666666666665,0.35889823507841612,0.23390293991785807,0.40719882500372578,0.3063536418614663,0.24449959571719915,0.44914676242133456,0.30424245215456847,0.2487219751309947,0.44703557271443672
1405,2024-2025,2025-02-26,Brentford,Everton,D,0.47919691191728664,0.28922491626779873,0.23157817181491469,0.48334160736988802,0.25820725949125511,0.25845113313885687,0.5113622895881571,0.22616694511761276,0.26247076529423014,0.45789473684210524,0.22543859649122808,0.31666666666666665,0.45284637869198097,0.23137388524791008,0.31577973606010901,0.40585530332231906,0.27057143588901472,0.32357326078866616,0.40344798580669489,0.27538607092026335,0.32116594327304188
1406,2024-2025,2025-02-26,Liverpool,Newcastle,H,0.698510006272822,0.17801559338990411,0.12347440033727389,0.7268840396920041,0.16923786060735199,0.10387809970064389,0.70720799909587329,0.1669306209706542,0.12586137993347257,0.45789473684210524,0.22543859649122808,0.31666666666666665,0.59626902041605412,0.20866783013316717,0.19506314945077871,0.61843121591617911,0.18553518068290475,0.19603360340091605,0.61702738196030027,0.1883428485946626,0.1946297694450371
1407,2024-2025,2025-02-26,Manchester Utd,Ipswich Town,H,0.60136603259428567,0.19900607260764119,0.19962789479807316,0.60924724538882558,0.19478012113306969,0.19597263347810473,0.55609393474123037,0.21696529904777062,0.22694076621099898,0.45789473684210524,0.22543859649122808,0.31666666666666665,0.53930854808925943,0.22030362689936517,0.24038782501137534,0.5844133112779748,0.23404471818303235,0.1815419705389929,0.58233369903195342,0.23820394267507514,0.17946235829297147
1408,2024-2025,2025-02-26,Nottingham,Arsenal,D,0.29664047344193589,0.22927141357538197,0.47408811298268211,0.3060590662537101,0.23147663658126855,0.46246429716502141,0.30630311675331362,0.22777707190151258,0.46591981134517391,0.45789473684210524,0.22543859649122808,0.31666666666666665,0.30698665469771719,0.2305415186833725,0.46247182661891034,0.20619940289636454,0.228542608216076,0.56525798888755974,0.20416606741254251,0.23260927918372007,0.56322465340373762
1409,2024-2025,2025-02-26,Tottenham,Manchester City,A,0.45512301328279481,0.21278349343081229,0.33209349328639293,0.4617016948917404,0.21160198449704937,0.32669632061121023,0.45378174063222559,0.17989110074669498,0.36632715862107934,0.45789473684210524,0.22543859649122808,0.31666666666666665,0.31231473736129706,0.23105923510551465,0.45662602753318832,0.3093582492649975,0.20566333118744745,0.48497841954755511,0.30792238434968489,0.20853506101807273,0.48354255463224244
1410,2024-2025,2025-02-27,West Ham,Leicester City,H,0.55087574149407048,0.23627779807242047,0.21284646043350905,0.56415936072971629,0.22745914992366623,0.20838148934661743,0.52010932994841363,0.23273651729848047,0.24715415275310595,0.45789473684210524,0.22543859649122808,0.31666666666666665,0.53970798094324668,0.22023397339538953,0.24005804566136379,0.58363362672584984,0.22228594173668981,0.19408043153746038,0.58005434359561481,0.22944450799715993,0.19050114840722532
1411,2024-2025,2025-03-08,Brentford,Aston Villa,A,0.47004463466140278,0.22173585692513764,0.30821950841345963,0.44649156580523158,0.21937016095664866,0.33413827323811979,0.46119839219549202,0.23813454700184383,0.30066706080266414,0.45789473684210524,0.22543859649122808,0.31666666666666665,0.39496368101698803,0.2341711404793585,0.37086517850365341,0.4834761364008916,0.22476367821620177,0.29176018538290655,0.48005207050950149,0.23161180999898204,0.28833611949151644
1412,2024-2025,2025-03-08,Brighton,Fulham,H,0.47081319938870253,0.25766682010373193,0.27151998050756559,0.46284357484454564,0.24818576282282639,0.28897066233262803,0.46776595240865121,0.24544175032489046,0.28679229726645822,0.45789473684210524,0.22543859649122808,0.31666666666666665,0.46416852678662129,0.23038421567344425,0.30544725753993429,0.39762506391118063,0.24863818193244069,0.35373675415637884,0.39359877794764914,0.25669075385950368,0.34971046819284735
1413,2024-2025,2025-03-08,Crystal Palace,Ipswich Town,H,0.67114737972949379,0.17814119151339219,0.15071142875711407,0.66634733360876131,0.17213965777797938,0.16151300861325937,0.59916252716125185,0.20077232016206975,0.20006515267667829,0.45789473684210524,0.22543859649122808,0.31666666666666665,0.57596053256414137,0.21321039423440652,0.21082907320145214,0.69646650722763825,0.18488285312940958,0.11865063964295215,0.69342552996816909,0.19096480764834792,0.11560966238348298
1414,2024-2025,2025-03-08,Liverpool,Southampton,H,0.89601133461287619,0.0830065830093214,0.020982082377802354,0.89646163861621486,0.080862018059929777,0.022676343323855291,0.85352589004831059,0.10434389865373433,0.042130211297955071,0.45789473684210524,0.22543859649122808,0.31666666666666665,0.77086644480662503,0.15057149522939892,0.078562059963976041,0.9338811337623153,0.0495468204175857,0.016572045820099034,0.93306905897720172,0.051170969987812717,0.015759971034985523
1415,2024-2025,2025-03-08,Nottingham,Manchester City,H,0.32416758189383033,0.23905547108959246,0.43677694701657721,0.31941302782335812,0.22385816343994053,0.45672880873670146,0.32513225874817259,0.21663302955455385,0.45823471169727359,0.45789473684210524,0.22543859649122808,0.31666666666666665,0.33884764456110145,0.23303890583711584,0.42811344960178277,0.30075544793398373,0.2264973520176686,0.47274720004834764,0.29729931440297924,0.23340961907967755,0.46929106651734315
1416,2024-2025,2025-03-08,Wolves,Everton,D,0.36267696840696617,0.26021170266370619,0.37711132892932764,0.35230428401871361,0.25062077142792455,0.39707494455336184,0.37373930667189231,0.21433068354251911,0.41193000978558869,0.45789473684210524,0.22543859649122808,0.31666666666666665,0.37301452201539448,0.23420018762101491,0.39278529036359056,0.29326268830164792,0.27303395793092539,0.43370335376742686,0.28881077355059476,0.28193778743303177,0.42925143901637364
1417,2024-2025,2025-03-09,Chelsea,Leicester City,H,0.74837149506363909,0.1721100890485501,0.079518415887810778,0.73930119166459562,0.18037914971894653,0.080319658616457887,0.70855035741491224,0.17474440484103779,0.11670523774404995,0.45789473684210524,0.22543859649122808,0.31666666666666665,0.63040616922615345,0.20003824600221418,0.16955558477163221,0.8029385930015992,0.12427785373328702,0.072783553265113612,0.80309345241321195,0.12396813491006163,0.072938412676726308
1418,2024-2025,2025-03-09,Manchester Utd,Arsenal,D,0.25877276248588182,0.20583929470484555,0.5353879428092726,0.25604260311133314,0.21576325278940608,0.5281941440992608,0.25796511193358856,0.21798358264339268,0.52405130542301881,0.45789473684210524,0.22543859649122808,0.31666666666666665,0.27684005336844164,0.22680703030166674,0.49635291632989165,0.13798738408728309,0.21554883110366271,0.64646378480905453,0.1382621973362658,0.21499920460569727,0.64673859805803724
1419,2024-2025,2025-03-09,Tottenham,Bournemouth,D,0.49920761671651021,0.21951528937474757,0.28127709390874223,0.4924066308907063,0.22928063122948203,0.27831273787981153,0.50777461106978128,0.21318679103909413,0.27903859789112462,0.45789473684210524,0.22543859649122808,0.31666666666666665,0.40886616128199671,0.23385270077782341,0.35728113794017974,0.37456956688738657,0.23430756275375747,0.39112287035885579,0.37485334337939735,0.23374000976973588,0.39140664685086657
1420,2024-2025,2025-03-10,West Ham,Newcastle,A,0.31854877468730408,0.24325076592439793,0.43820045938829794,0.30813438169063551,0.26120362487771509,0.4306619934316494,0.31873666537086986,0.25350422726694249,0.42775910736218759,0.45789473684210524,0.22543859649122808,0.31666666666666665,0.37192257857958333,0.23418615198995926,0.39389126943045738,0.23561127547242622,0.21084388980599497,0.55354483472157878,0.23570329565999262,0.21065984943086216,0.55363685490914527
1421,2024-2025,2025-03-15,Bournemouth,Brentford,A,0.49177686229044876,0.262314941708639,0.24590819600091221,0.47313822775995046,0.28944370387035501,0.23741806836969465,0.47263007289171899,0.26997220456218896,0.25739772254609194,0.45789473684210524,0.22543859649122808,0.31666666666666665,0.50012689534789778,0.22631438055634567,0.27355872409575666,0.47285600793094634,0.2365283779028122,0.29061561416624132,0.47429004965837313,0.23366029444795874,0.2920496558936681
1422,2024-2025,2025-03-15,Everton,West Ham,D,0.5110555132269905,0.23636530451663729,0.25257918225637216,0.49190833653602967,0.25930985008932167,0.24878181337464855,0.48569839384556263,0.25428203903277607,0.26001956712166147,0.45789473684210524,0.22543859649122808,0.31666666666666665,0.47116414188839467,0.22970233865667947,0.29913351945492583,0.47339809911539615,0.28172229390771747,0.2448796069768864,0.47508275826000618,0.27835297561849737,0.24656426612149643
1423,2024-2025,2025-03-15,Ipswich Town,Nottingham,A,0.16736402428829839,0.23429207771342439,0.59834389799827725,0.16182220517948392,0.25560419450003385,0.58257360032048222,0.20769092936857034,0.25026894960085766,0.54204012103057198,0.45789473684210524,0.22543859649122808,0.31666666666666665,0.29452613819713719,0.22916700942253621,0.47630685238032655,0.12144362475403082,0.17961573409490822,0.6989406411510608,0.12256051303535452,0.17738195753226083,0.70005752943238453
1424,2024-2025,2025-03-15,Manchester City,Brighton,D,0.6373434929514904,0.19874174959815311,0.16391475745035644,0.61833949121153997,0.21876363096625709,0.16289687782220291,0.58000637130737787,0.23325665406888055,0.18673697462374161,0.45789473684210524,0.22543859649122808,0.31666666666666665,0.5335040908133607,0.22129678176144493,0.24519912742519445,0.56219733009372008,0.21084414123808456,0.22695852866819538,0.56342612343313336,0.20838655455925784,0.22818732200760877
1425,2024-2025,2025-03-15,Southampton,Wolves,A,0.29346992954139633,0.23326985491807242,0.47326021554053116,0.28404283154631055,0.25228435264296928,0.46367281581072012,0.29560613466140523,0.25111091618705184,0.45328294915154305,0.45789473684210524,0.22543859649122808,0.31666666666666665,0.37695869735523047,0.23423852495625588,0.38880277768851357,0.1572199351203897,0.19929024933092196,0.64348981554868812,0.1584523004224829,0.19682551872673551,0.64472218085078137
1426,2024-2025,2025-03-16,Arsenal,Chelsea,H,0.65057124773225872,0.17749155793180027,0.17193719433594112,0.64974083557207141,0.1833836430669199,0.16687552136100875,0.59994480038901243,0.2213115419814326,0.17874365762955505,0.45789473684210524,0.22543859649122808,0.31666666666666665,0.55231939102245275,0.2179481159997409,0.22973249297780637,0.58150129071225964,0.22817174159831002,0.19032696768943044,0.58180519955393351,0.22756392391496258,0.19063087653110417
1427,2024-2025,2025-03-16,Fulham,Tottenham,H,0.45383090710417939,0.21150068189545027,0.33466841100037026,0.45384539524146211,0.2170213093117756,0.32913329544676218,0.40283582347921137,0.239318208317951,0.35784596820283754,0.45789473684210524,0.22543859649122808,0.31666666666666665,0.48148538194267709,0.22859892220372466,0.28991569585359822,0.33430779240178571,0.23056196888503069,0.43513023871318363,0.33459298394873654,0.22999158579112908,0.43541543026013446
1428,2024-2025,2025-03-16,Leicester City,Manchester Utd,A,0.23115660361539173,0.22916225053635628,0.539681145848252,0.23264845449912788,0.2486472282792232,0.51870431722164889,0.28071971813286212,0.24126639998849903,0.47801388187863886,0.45789473684210524,0.22543859649122808,0.31666666666666665,0.32553958604568339,0.23216844446196355,0.44229196949235305,0.1504493503666785,0.21608353067212288,0.63346711896119889,0.15073605832556281,0.21551011475435419,0.63375382692008309
1429,2024-2025,2025-04-01,Arsenal,Fulham,H,0.70154479718753437,0.18151689673130292,0.11693830608116265,0.66389412940006387,0.21700471408810473,0.11910115651183142,0.64727863050718526,0.2176567367656897,0.13506463272712504,0.45789473684210524,0.22543859649122808,0.31666666666666665,0.59905752495266684,0.20800983781972066,0.19293263722761234,0.5975029076996633,0.24196290483524707,0.16053418746508979,0.59881919451487364,0.2393303312048263,0.16185047428030019
1430,2024-2025,2025-04-01,Nottingham,Manchester Utd,H,0.49537511673714846,0.26674020199624371,0.23788468126660783,0.45507870254375765,0.30946855232703058,0.23545274512921183,0.4897020495451222,0.2650967161904646,0.24520123426441304,0.45789473684210524,0.22543859649122808,0.31666666666666665,0.49673451409626979,0.22675791049628263,0.27650757540744753,0.50579348819151393,0.23349341394416101,0.26071309786432512,0.50708219691941403,0.2309159964883607,0.26200180659222533
1431,2024-2025,2025-04-01,Wolves,West Ham,H,0.42133213002899245,0.26800396165398455,0.31066390831702306,0.38558413369130373,0.30714519845983901,0.30727066784885732,0.41469631852892419,0.24465118281935064,0.34065249865172526,0.45789473684210524,0.22543859649122808,0.31666666666666665,0.40290302484357154,0.23401731215425697,0.36307966300217154,0.40964926218682374,0.24905217710453381,0.34129856070864245,0.41103531303927288,0.24628007539963559,0.34268461156109148
1432,2024-2025,2025-04-02,Bournemouth,Ipswich Town,A,0.68004265519787255,0.18138094255086945,0.13857640225125814,0.64126640568160564,0.21366266471905598,0.14507092959933834,0.59511947393967179,0.22658038476900941,0.17830014129131877,0.45789473684210524,0.22543859649122808,0.31666666666666665,0.58444821912877376,0.21136516614544881,0.20418661472577748,0.72409884808353209,0.16424106608450381,0.11166008583196431,0.72690295251687487,0.15863285721781825,0.11446419026530709
1433,2024-2025,2025-04-02,Brighton,Aston Villa,A,0.54246796185986501,0.19515506234544697,0.26237697579468805,0.50957369886948367,0.22502200116918852,0.26540429996132792,0.50156186608417885,0.23771308242812642,0.26072505148769465,0.45789473684210524,0.22543859649122808,0.31666666666666665,0.44719133211375095,0.23181505801781924,0.32099360986842973,0.46151279038219167,0.23190672299949081,0.3065804866183176,0.46533710893569652,0.22425808589248111,0.31040480517182245
1434,2024-2025,2025-04-02,Liverpool,Everton,H,0.80239624655456465,0.13683095271976645,0.060772800725668916,0.76123656550321395,0.16651170119489792,0.072251733301888083,0.77357433555460764,0.14004830787865072,0.08637735656674167,0.45789473684210524,0.22543859649122808,0.31666666666666665,0.66887280503011559,0.18878967210982772,0.14233752286005669,0.62401047860880643,0.2214376280687419,0.15455189332245192,0.62783968798176126,0.21377920932283195,0.15838110269540692
1435,2024-2025,2025-04-02,Manchester City,Leicester City,H,0.83479139195362617,0.11315308099835179,0.052055527048022167,0.80644070141429958,0.13763381190952634,0.055925486676174065,0.76630021072543286,0.15245180247403242,0.081247986800534661,0.45789473684210524,0.22543859649122808,0.31666666666666665,0.6955262516870524,0.18001681464733343,0.12445693366561426,0.86366959132601384,0.094610461131370643,0.041719947542615481,0.86530925441485873,0.091331134953680809,0.043359610631460391
1436,2024-2025,2025-04-02,Newcastle,Brentford,H,0.526117303879436,0.2505711666511618,0.22331152946940216,0.47272069529702671,0.28669034257509773,0.24058896212787542,0.48397158081603692,0.24789966939246519,0.26812874979149792,0.45789473684210524,0.22543859649122808,0.31666666666666665,0.52637612375083653,0.22246763548296467,0.2511562407661988,0.45243334862651607,0.22353735591256399,0.32402929546092002,0.45592497961791234,0.2165540939297714,0.32752092645231634
1437,2024-2025,2025-04-02,Southampton,Crystal Palace,D,0.14926192582950876,0.22903885552240499,0.6216992186480863,0.13398336474997777,0.24850096019919152,0.61751567505083083,0.16379191979928995,0.23197215033096771,0.60423592986974228,0.45789473684210524,0.22543859649122808,0.31666666666666665,0.26398354254151579,0.22477509044978564,0.5112413670086986,0.088275287745975387,0.16769881410497156,0.74402589814905329,0.091173306595847034,0.16190277640522829,0.74692391699892491
1438,2024-2025,2025-04-03,Chelsea,Tottenham,H,0.55561282256844757,0.20906851409183405,0.2353186633397184,0.51891376313849513,0.24151268962949379,0.2395735472320111,0.48998794926521527,0.22779585426373258,0.28221619647105217,0.45789473684210524,0.22543859649122808,0.31666666666666665,0.5343758690831486,0.22114989201676938,0.24447423890008199,0.42803278787817028,0.22106972018989987,0.35089749193192987,0.43100445118655523,0.21512639357312993,0.35386915524031481
1439,2024-2025,2025-04-05,Aston Villa,Nottingham,H,0.47304490029583135,0.2527687124934363,0.27418638721073235,0.45792441968716224,0.28393960084219833,0.25813597947063949,0.4726663044169544,0.24488266046968052,0.28245103511336517,0.45789473684210524,0.22543859649122808,0.31666666666666665,0.45686431994436744,0.2310388681227076,0.31209681193292499,0.30626428786308318,0.23718337243847659,0.45655233969844006,0.31143810691676205,0.226835734331119,0.46172615875211881
1440,2024-2025,2025-04-05,Crystal Palace,Brighton,H,0.49354995859149892,0.21061225410613718,0.29583778730236382,0.48522987673666451,0.23531764804857033,0.27945247521476524,0.42036527941864393,0.25271621829763152,0.32691850228372449,0.45789473684210524,0.22543859649122808,0.31666666666666665,0.43112281907882516,0.23287318673760785,0.33600399418356697,0.43587043750982896,0.25385930127691525,0.31027026121325585,0.44158557304357765,0.24242903020941786,0.3159853967470046
1441,2024-2025,2025-04-05,Everton,Arsenal,D,0.19876125580647441,0.18572181760364886,0.61551692658987667,0.20106539895772604,0.20562885648708723,0.5933057445551867,0.21573427483549151,0.21892557723091718,0.56534014793359133,0.45789473684210524,0.22543859649122808,0.31666666666666665,0.26005854834453951,0.22409940248201163,0.51584204917344878,0.1657644523920295,0.28104962281483059,0.5531859247931401,0.17124275912033685,0.27009300935821595,0.55866423152144751
1442,2024-2025,2025-04-05,Ipswich Town,Wolves,A,0.34190185700362269,0.28014017924159174,0.37795796375478558,0.33406632638800576,0.30788612760841777,0.35804754600357641,0.34380696910706882,0.27354680779563262,0.38264622309729857,0.45789473684210524,0.22543859649122808,0.31666666666666665,0.40744115853270579,0.23389584070413116,0.3586630007631631,0.26880620029176544,0.22871005523532434,0.50248374447291022,0.27376297569490787,0.21879650442903967,0.50744051987605276
1443,2024-2025,2025-04-05,West Ham,Bournemouth,D,0.32380712039598192,0.21135903935985975,0.46483384024415819,0.31810762057922615,0.23754252019366962,0.44434985922710418,0.33544292095234352,0.24125219979538642,0.42330487925226995,0.45789473684210524,0.22543859649122808,0.31666666666666665,0.41371046215517315,0.23368828383210985,0.35260125401271702,0.23646058798622113,0.24358049607307419,0.51995891594070487,0.24195992358291898,0.23258182487967854,0.52545825153740278
1444,2024-2025,2025-04-06,Brentford,Chelsea,D,0.32942062677339734,0.24265766577450629,0.42792170745209646,0.3339620405320573,0.26701176180320324,0.3990261976647394,0.34202275765231654,0.27586153416047643,0.38211570818720708,0.45789473684210524,0.22543859649122808,0.31666666666666665,0.3663951766314853,0.23409217704835814,0.39951264632015665,0.34345230064465182,0.23917470721996728,0.41737299213538098,0.34739628529823191,0.23128673791280724,0.42131697678896107
1445,2024-2025,2025-04-06,Fulham,Liverpool,H,0.20596120474481333,0.19293384380286038,0.60110495145232634,0.2108598384780529,0.21400265782860811,0.57513750369333905,0.22153325023852261,0.2180144310983661,0.56045231866311129,0.45789473684210524,0.22543859649122808,0.31666666666666665,0.25590264540622532,0.223354966567402,0.52074238802637274,0.1808454529010019,0.20911075387246364,0.61004379322653457,0.18438362510299405,0.20203440946847934,0.61358196542852672
1446,2024-2025,2025-04-06,Manchester Utd,Manchester City,D,0.32209786851680694,0.16728233438459542,0.51061979709859762,0.33139978298407757,0.18501736931063362,0.48358284770528864,0.31287987708071824,0.19296207414541314,0.4941580487738686,0.45789473684210524,0.22543859649122808,0.31666666666666665,0.3196364584715865,0.2317039317223713,0.4486596098060423,0.23419072040883582,0.22988401328380412,0.53592526630736004,0.23808162681397391,0.22210220047352794,0.53981617271249804
1447,2024-2025,2025-04-06,Tottenham,Southampton,H,0.73804951028769683,0.15764616688237412,0.10430432282992903,0.73864460556524403,0.16720437534251581,0.094151019092240051,0.68954109209829684,0.17732382559027121,0.13313508231143195,0.45789473684210524,0.22543859649122808,0.31666666666666665,0.58434487981820948,0.2113880916888676,0.20426702849292291,0.78580141003604542,0.13377415931869133,0.080424430645263181,0.78803236192130688,0.12931225554816847,0.08265538253052461
1448,2024-2025,2025-04-07,Leicester City,Newcastle,A,0.14572920685315413,0.21137809811399746,0.6428926950328484,0.1455460401538276,0.23736937690368484,0.61708458294248747,0.18330587505703641,0.2257280002782443,0.59096612466471932,0.45789473684210524,0.22543859649122808,0.31666666666666665,0.24528914809592567,0.22131495591024347,0.53339589599383086,0.075069341092402153,0.13647615795716611,0.78845450095043146,0.074699737488038737,0.13721536516589297,0.78808489734606801
1449,2024-2025,2025-04-12,Arsenal,Brentford,D,0.74928280763492905,0.14897476728607045,0.10174242507900048,0.74367572534397697,0.15071504441172173,0.1056092302443012,0.7134878780246533,0.16969568363064783,0.11681643834469889,0.45789473684210524,0.22543859649122808,0.31666666666666665,0.63616203050562703,0.19845899297072575,0.16537897652364733,0.6053337214431006,0.22884935303258988,0.16581692552430949,0.6046430771142135,0.2302306416903642,0.16512628119542233
1450,2024-2025,2025-04-12,Brighton,Leicester City,D,0.72327546552909894,0.15898965474242355,0.11773487972847753,0.72167055976420869,0.15757579330979288,0.12075364692599837,0.66854787928338733,0.18108996691664894,0.1503621537999637,0.45789473684210524,0.22543859649122808,0.31666666666666665,0.62261455518181341,0.2021185995687525,0.1752668452494342,0.7543036473195549,0.15779696243555835,0.087899390244886647,0.75382386091258879,0.15875653524949068,0.087419603837920482
1451,2024-2025,2025-04-12,Manchester City,Crystal Palace,H,0.66522898171116762,0.19468710267544265,0.14008391561338979,0.66664530763445551,0.18537404046866851,0.14798065189687601,0.63497137146059546,0.19399094909104192,0.17103767944836262,0.45789473684210524,0.22543859649122808,0.31666666666666665,0.54821143702118358,0.21871114222500918,0.23307742075380727,0.47865577844399593,0.25461445305283087,0.26672976850317331,0.47788161471043455,0.25616278051995361,0.26595560476961194
1452,2024-2025,2025-04-12,Nottingham,Everton,A,0.56781795762435416,0.22019449580079786,0.211987546574848,0.56659735358703134,0.21786879429420467,0.21553385211876405,0.57178090688163985,0.20887843170787421,0.21934066141048594,0.45789473684210524,0.22543859649122808,0.31666666666666665,0.5152790135050177,0.22418330248940629,0.26053768400557592,0.44588125190777533,0.27868845240443796,0.2754302956877866,0.445052316950934,0.28034632231812073,0.27460136073094521
1453,2024-2025,2025-04-12,Southampton,Aston Villa,A,0.14503509950592341,0.19124445500259132,0.66372044549148523,0.14407726727241577,0.18699582563204833,0.66892690709553593,0.18014485300171906,0.21041420759225299,0.60944093940602795,0.45789473684210524,0.22543859649122808,0.31666666666666665,0.21961095821159299,0.21550336087054794,0.56488568091785907,0.10774080216196545,0.16434768995598661,0.72791150788204806,0.10724684071788994,0.16533561284413764,0.72741754643797263
1454,2024-2025,2025-04-13,Chelsea,Ipswich Town,D,0.78081921222514672,0.1339398965379236,0.085240891236929683,0.79066575104684977,0.12567999882710371,0.083654250126046534,0.72604413832630721,0.14942493339489363,0.12453092827879916,0.45789473684210524,0.22543859649122808,0.31666666666666665,0.62997918010884812,0.20015396054866988,0.16986685934248205,0.69993605309890605,0.17700008879829715,0.12306385810279677,0.69968324706655494,0.17750570086299927,0.12281105207044571
1455,2024-2025,2025-04-13,Liverpool,West Ham,H,0.83355232123456047,0.10928461955160355,0.057163059213835965,0.84018291468753681,0.1034671283228444,0.056349956989618727,0.81319989670053361,0.11422925012854777,0.072570853170918659,0.45789473684210524,0.22543859649122808,0.31666666666666665,0.68220272009051752,0.18450445839548704,0.13329282151399544,0.74616339306661528,0.15371841849381077,0.100118188439574,0.74594654632000756,0.1541521119870263,0.099901341692966217
1456,2024-2025,2025-04-13,Newcastle,Manchester Utd,H,0.64000789381215029,0.18556810185065309,0.17442400433719665,0.65427786781737429,0.17646307953741261,0.1692590526452131,0.62742078369533072,0.17555825137116662,0.1970209649335026,0.45789473684210524,0.22543859649122808,0.31666666666666665,0.53179501324279344,0.2215824188994911,0.24662256785771555,0.50035052440865324,0.24020475859929785,0.25944471699204896,0.50000688673306237,0.24089203395047948,0.25910107931645815
1457,2024-2025,2025-04-13,Wolves,Tottenham,H,0.34857102441352844,0.22042746685351786,0.43100150873295368,0.35685562444622759,0.21121351318765169,0.4319308623661206,0.33335251810816546,0.22185479290491256,0.44479268898692198,0.45789473684210524,0.22543859649122808,0.31666666666666665,0.4209387548311303,0.23339224995367572,0.34566899521519401,0.2847845975977073,0.2220588639052952,0.49315653849699764,0.28449017159078654,0.22264771591913654,0.49286211249007689
1458,2024-2025,2025-04-14,Bournemouth,Fulham,H,0.3983457294798472,0.2769842829602463,0.32466998755990656,0.39696940667574571,0.27154699687539807,0.33148359644885622,0.396004193338514,0.27296733929620404,0.33102846736528191,0.45789473684210524,0.22543859649122808,0.31666666666666665,0.41261644038979284,0.23372780873543922,0.35365575087476786,0.39268781200498704,0.24664576793213239,0.36066642006288047,0.39241007180732723,0.24720124832745199,0.36038867986522066
1459,2024-2025,2025-04-16,Newcastle,Crystal Palace,H,0.63480694440955865,0.20756904521460068,0.15762401037584067,0.6555469219475849,0.18363496765902571,0.16081811039338945,0.60823527291711044,0.18369191834178145,0.20807280874110815,0.45789473684210524,0.22543859649122808,0.31666666666666665,0.51566845795094807,0.22412530587053303,0.26020623617851873,0.50905087619982936,0.22304898397913447,0.26790013982103617,0.51023610742501069,0.22067852152877193,0.26908537104621744
1460,2024-2025,2025-04-19,Aston Villa,Newcastle,H,0.4872780446848986,0.2235670701287682,0.28915488518633331,0.46904547421828885,0.20137672811379737,0.32957779766791373,0.46131133975523442,0.20249136326785064,0.33619729697691503,0.45789473684210524,0.22543859649122808,0.31666666666666665,0.43615012417309929,0.23257340718577432,0.33127646864112642,0.29390648323584379,0.22015550134019693,0.4859380154239592,0.29505548045570118,0.21785750690048211,0.4870870126438166
1461,2024-2025,2025-04-19,Brentford,Brighton,H,0.40252888191658487,0.26795492775651764,0.32951619032689755,0.39853101497673993,0.26547882670370465,0.33599015831955542,0.4018998765724463,0.26596473998628922,0.33213538344126448,0.45789473684210524,0.22543859649122808,0.31666666666666665,0.41787965817983919,0.23352491358012684,0.34859542824003403,0.48653806570949881,0.23153184993026524,0.28193008436023587,0.48782614021960652,0.2289557009100498,0.28321815887034357
1462,2024-2025,2025-04-19,Crystal Palace,Bournemouth,D,0.38938660208962944,0.22389038564776298,0.38672301226260758,0.41148870373919949,0.226242077336162,0.36226921892463854,0.39969498463832748,0.2375667857437552,0.36273822961791741,0.45789473684210524,0.22543859649122808,0.31666666666666665,0.45883096794093037,0.23086838415357047,0.31030064790549922,0.3224574914910403,0.24755111036309591,0.4299913981458639,0.32387246537915487,0.24472116258686674,0.43140637203397847
1463,2024-2025,2025-04-19,Everton,Manchester City,A,0.28262488247406475,0.21336046074170809,0.50401465678422708,0.28042058650549073,0.21076361291260584,0.50881580058190345,0.28414011743889284,0.21284715767127879,0.5030127248898284,0.45789473684210524,0.22543859649122808,0.31666666666666665,0.3180602757899082,0.2315716011579676,0.45036812305212426,0.26573537874490327,0.2762686960866621,0.45799592516843474,0.26730251636654873,0.27313442084337131,0.45956306279008019
1464,2024-2025,2025-04-19,West Ham,Southampton,D,0.62410067073118214,0.19302790746113288,0.18287142180768501,0.62554877387196195,0.18935262886051399,0.18509859726752412,0.56443492007110585,0.21247043896445889,0.22309464096443526,0.45789473684210524,0.22543859649122808,0.31666666666666665,0.5827170650609137,0.21174772239738462,0.20553521254170168,0.654189049895185,0.20788339767393504,0.13792755243088009,0.65538867982373028,0.20548413781684446,0.13912718235942537
1465,2024-2025,2025-04-20,Fulham,Chelsea,A,0.3746060767869136,0.23268108502861112,0.39271283818447528,0.38599063453229887,0.22584053499865864,0.38816883046904249,0.38665056097318945,0.24495760057070923,0.36839183845610141,0.45789473684210524,0.22543859649122808,0.31666666666666665,0.41232635028828635,0.23373805529843877,0.35393559441327477,0.36311863345434398,0.26021114960831493,0.37667021693734098,0.36011886464670034,0.26621068722360208,0.37367044812969746
1466,2024-2025,2025-04-20,Ipswich Town,Arsenal,A,0.1242482912406489,0.15000456444914159,0.72574714431020959,0.12791266277362554,0.16436134986308359,0.70772598736329095,0.1631225908185632,0.17953642007603168,0.65734098910540517,0.45789473684210524,0.22543859649122808,0.31666666666666665,0.19363363061788003,0.2082275339379987,0.59813883544412128,0.08181105768040485,0.15561848011532103,0.76257046220427416,0.080017888132849879,0.159204819210431,0.76077729265671912
1467,2024-2025,2025-04-20,Leicester City,Liverpool,A,0.069807133387518469,0.13529109581372001,0.79490177079876156,0.070875358022491092,0.1294549510145748,0.79966969096293405,0.10103505063373787,0.16348288592733695,0.73548206343892519,0.45789473684210524,0.22543859649122808,0.31666666666666665,0.14879888203116867,0.19167389121331174,0.65952722675551945,0.037879616866540684,0.090554562653103937,0.87156582048035525,0.036835909676160142,0.092641977033865022,0.87052211328997464
1468,2024-2025,2025-04-20,Manchester Utd,Wolves,A,0.52013611889889755,0.22886559555039832,0.25099828555070414,0.53187467138535505,0.24055354994205638,0.22757177867258857,0.46653026564954181,0.2706477084202229,0.26282202593023529,0.45789473684210524,0.22543859649122808,0.31666666666666665,0.48681757162565775,0.22798365448748892,0.28519877388685322,0.40484110210510804,0.25105734802872981,0.34410154986616204,0.40197313589970574,0.25679328043953442,0.34123358366075973
1469,2024-2025,2025-04-21,Tottenham,Nottingham,A,0.43153150919753813,0.27206695046950802,0.29640154033295385,0.41758209640341848,0.29692622711585975,0.28549167648072182,0.4515784294047277,0.24898009604412474,0.2994414745511475,0.45789473684210524,0.22543859649122808,0.31666666666666665,0.37794718462191612,0.23424511073823692,0.38780770463984693,0.35027552952099666,0.22719551289381967,0.42252895758518377,0.34969967576330507,0.2283472204092028,0.42195310382749218
1470,2024-2025,2025-04-22,Manchester City,Aston Villa,H,0.68556488897875723,0.17759076426129872,0.13684434675994409,0.69071164585089351,0.17737871642091929,0.13190963772818712,0.64730691542572549,0.19838931710836991,0.15430376746590443,0.45789473684210524,0.22543859649122808,0.31666666666666665,0.5023951248979639,0.22601095526829043,0.2715939198337457,0.52516404849072362,0.22052487979153135,0.25431107171774475,0.52444151028529706,0.22196995620238447,0.25358853351231819
1471,2024-2025,2025-04-23,Arsenal,Crystal Palace,D,0.77493593854710285,0.14072126301497329,0.084342798437923944,0.78064832943641804,0.12721178993524354,0.092139880628338416,0.74426644534612862,0.14642465875539917,0.10930889589847217,0.45789473684210524,0.22543859649122808,0.31666666666666665,0.60924974985933522,0.20553409440433124,0.18521615573633354,0.66642231818400721,0.20941611489994091,0.12416156691605175,0.66572176903526736,0.21081721319742083,0.12346101776731179
1472,2024-2025,2025-04-26,Brighton,West Ham,H,0.49324993477216861,0.25025481823693707,0.25649524699089427,0.48926253173700501,0.248243110717382,0.26249435754561296,0.52612171176064948,0.2220477355101512,0.2518305527291993,0.45789473684210524,0.22543859649122808,0.31666666666666665,0.51278168638102783,0.22455137561425373,0.26266693800471841,0.47879503501581888,0.23424600707754129,0.28695895790663994,0.47793599453159974,0.23596408804597951,0.28609991742242086
1473,2024-2025,2025-04-26,Chelsea,Everton,H,0.62059019475553079,0.22094731496802419,0.15846249027644502,0.62396903206600107,0.21209595905368031,0.16393500888031862,0.64731257505916251,0.16676909637620746,0.18591832856463003,0.45789473684210524,0.22543859649122808,0.31666666666666665,0.53074119467156777,0.22175700274304294,0.24750180258538923,0.43097770691799231,0.29627775197351602,0.2727445411084915,0.4299228649316717,0.29838743594615719,0.27168969912217089
1474,2024-2025,2025-04-26,Newcastle,Ipswich Town,H,0.81683943046680452,0.11556658470555303,0.067593984827642423,0.82431823047896113,0.11151210957342693,0.064169659947611951,0.74949692491641029,0.14434405948788301,0.10615901559570659,0.45789473684210524,0.22543859649122808,0.31666666666666665,0.64611804659503236,0.19564163144417515,0.15824032196079255,0.79493845225627613,0.11935772787736322,0.085703819866360775,0.79456089954530518,0.12011283329930499,0.085326267155389893
1475,2024-2025,2025-04-26,Southampton,Fulham,A,0.16336639947732531,0.21033619776792251,0.62629740275475221,0.16003983561718979,0.20462682145468539,0.63533334292812482,0.20521772445514935,0.22191766097680518,0.57286461456804549,0.45789473684210524,0.22543859649122808,0.31666666666666665,0.27186978755406327,0.22605394120372962,0.50207627124220711,0.10921232902573849,0.17960900249663667,0.71117866847762501,0.10853062991504989,0.18097240071801385,0.7104969693669364
1476,2024-2025,2025-04-26,Wolves,Leicester City,H,0.72323406731484974,0.15139167783349633,0.1253742548516541,0.72388856040578387,0.1493360384987599,0.12677540109545626,0.65691910494524053,0.17239652659774066,0.17068436845701879,0.45789473684210524,0.22543859649122808,0.31666666666666665,0.56637925422209456,0.21520169492135141,0.218419050856554,0.68659670615999424,0.1934959355333658,0.11990735830664002,0.68586450417740619,0.19496033949854175,0.11917515632405205
1477,2024-2025,2025-04-27,Bournemouth,Manchester Utd,D,0.52161736309528517,0.22839279457898104,0.24998984232573376,0.53015185286298949,0.21830427999003443,0.25154386714697602,0.5277824909210832,0.22029285815886052,0.25192465092005628,0.45789473684210524,0.22543859649122808,0.31666666666666665,0.48047603116443777,0.2287119287489178,0.29081204008664441,0.48745791481399675,0.26532131560201366,0.24722076958398928,0.48739464778524405,0.26544784965951912,0.24715750255523658
1478,2024-2025,2025-04-27,Liverpool,Tottenham,H,0.78827226604983469,0.13068037241196237,0.081047361538202869,0.79423062702265712,0.12546104626959043,0.080308326707752481,0.74239332316600459,0.15135813348590554,0.10624854334808986,0.45789473684210524,0.22543859649122808,0.31666666666666665,0.69234954132250781,0.18110556077661497,0.1265448979008772,0.66840267568610512,0.17240817427339497,0.1591891500404998,0.66836640711657413,0.17248071141245699,0.15915288147096876
1479,2024-2025,2025-05-01,Nottingham,Brentford,A,0.4976429309705635,0.26315560145392769,0.23920146757550881,0.48580980034270382,0.28049419573095918,0.23369600392633694,0.48787732941587347,0.26499587431066784,0.24712679627345857,0.45789473684210524,0.22543859649122808,0.31666666666666665,0.49670100688299945,0.22676222984370256,0.27653676327329801,0.43418390732890211,0.24444404118118418,0.3213720514899136,0.43293384395758161,0.24694416792382523,0.3201219881185931
1480,2024-2025,2025-05-02,Manchester City,Wolves,H,0.79298609989654323,0.13963336673684773,0.067380533366608972,0.78768773382543811,0.13939579526589965,0.072916470908662365,0.73393601422306376,0.17022433480773577,0.095839650969200454,0.45789473684210524,0.22543859649122808,0.31666666666666665,0.62027967134763917,0.20272919343988791,0.17699113521247287,0.63583414259844628,0.19160145026707343,0.17256440713448004,0.63506271266365499,0.19314431013665609,0.17179297719968875
1481,2024-2025,2025-05-03,Arsenal,Bournemouth,A,0.72571321365574992,0.15789153953160903,0.11639524681264102,0.71305760872869128,0.16058203165179677,0.12636035961951206,0.68805366794082368,0.17681137184835094,0.13513496021082549,0.45789473684210524,0.22543859649122808,0.31666666666666665,0.61046821590200218,0.2052306721338566,0.18430111196414128,0.57996159984407369,0.24187901397283468,0.17815938618309138,0.58016761096969338,0.24146699172159536,0.17836539730871104
1482,2024-2025,2025-05-03,Aston Villa,Fulham,H,0.59343840867846587,0.17951033090769822,0.22705126041383586,0.58226927194237044,0.1712288221813191,0.24650190587631043,0.55685084372808058,0.19152173505122427,0.25162742122069515,0.45789473684210524,0.22543859649122808,0.31666666666666665,0.51538150145510508,0.22416805546761301,0.26045044307728182,0.46432639114015695,0.24150662177568624,0.29416698708415678,0.46453163266954545,0.24109613871690924,0.29437222861354528
1483,2024-2025,2025-05-03,Everton,Ipswich Town,D,0.62749731749073001,0.19336701141466539,0.17913567109460446,0.62489827373977813,0.19040300840125798,0.18469871785896394,0.5562392569269583,0.22034237235268145,0.22341837072036019,0.45789473684210524,0.22543859649122808,0.31666666666666665,0.55715539161880179,0.21702702176577898,0.22581758661541923,0.58498326916400856,0.24979554843263527,0.16522118240335637,0.58518928505714718,0.24938351664635805,0.16542719829649496
1484,2024-2025,2025-05-03,Leicester City,Southampton,H,0.48518245809816235,0.21721404282564477,0.29760349907619282,0.48303496706128124,0.21229126742890614,0.30467376550981273,0.45329499613919849,0.22490164660457249,0.32180335725622905,0.45789473684210524,0.22543859649122808,0.31666666666666665,0.47859845857169814,0.22891920557215409,0.29248233585614786,0.35477143427586527,0.29831421244643797,0.3469143532776966,0.35501697676891175,0.29782312746034517,0.34715989577074308
1485,2024-2025,2025-05-04,Brentford,Manchester Utd,H,0.49194802927420622,0.24806729270480044,0.25998467802099351,0.49568643658372091,0.24272463469246894,0.26158892872381018,0.5321630969304243,0.22053906677162943,0.2472978362979463,0.45789473684210524,0.22543859649122808,0.31666666666666665,0.48410233234999367,0.22830079664461941,0.28759687100538689,0.5262142388783051,0.2468392863309431,0.22694647479075164,0.52794102846733737,0.24338570715287855,0.22867326437978391
1486,2024-2025,2025-05-04,Brighton,Newcastle,D,0.31964746697059943,0.28744311118993365,0.39290942183946692,0.31460693282141977,0.30712587699321525,0.37826719018536487,0.35914055490126168,0.26505734702053507,0.37580209807820331,0.45789473684210524,0.22543859649122808,0.31666666666666665,0.37889218775294981,0.23425027849799107,0.38685753374905907,0.24579474057386491,0.18845974821727737,0.56574551120885774,0.24676852564618681,0.18651217807263359,0.56671929628117967
1487,2024-2025,2025-05-04,Chelsea,Liverpool,H,0.35205844123967051,0.20535225147058514,0.44258930728974433,0.35673811842316411,0.19839064569709366,0.4448712358797422,0.35191615026634532,0.19320092597196395,0.45488292376169071,0.45789473684210524,0.22543859649122808,0.31666666666666665,0.31304757932925265,0.23112722268374739,0.45582519798699994,0.25301946490497301,0.23267422994106529,0.51430630515396158,0.25461680843334789,0.22947954288431544,0.51590364868233651
1488,2024-2025,2025-05-04,West Ham,Tottenham,D,0.32515550473141219,0.22118396398538381,0.45366053128320388,0.31468308904228109,0.20990134938038965,0.47541556157732934,0.29703443764608889,0.24274982502293443,0.46021573733097676,0.45789473684210524,0.22543859649122808,0.31666666666666665,0.44190842756327425,0.23219497474801368,0.32589659768871204,0.31520313962613622,0.22496849419241755,0.45982836618144635,0.31663697779302624,0.22210081785863747,0.46126220434833637
1489,2024-2025,2025-05-05,Crystal Palace,Nottingham,D,0.37858169896814114,0.26269389786633024,0.35872440316552862,0.34831388825542381,0.25521657204492765,0.39646953969964854,0.35410095386109036,0.25411680522185259,0.39178224091705693,0.45789473684210524,0.22543859649122808,0.31666666666666665,0.43604463544528926,0.23257999130759274,0.33137537324711791,0.33382817869515496,0.2547449144498975,0.41142690685494759,0.33203825802872872,0.25832475578275021,0.40963698618852123
1490,2024-2025,2025-05-10,Bournemouth,Aston Villa,A,0.45982347536306711,0.23624071581262185,0.30393580882431093,0.45627148208805546,0.26262284074516357,0.28110567716678092,0.43428219221663,0.26529369298054539,0.30042411480282466,0.45789473684210524,0.22543859649122808,0.31666666666666665,0.38126470851805516,0.23425840535886819,0.38447688612307673,0.38661145272619257,0.25858042604087161,0.3548081212329357,0.38346400646929646,0.26487531855466395,0.35166067497603948
1491,2024-2025,2025-05-10,Fulham,Everton,A,0.49137756806700583,0.23481408089641204,0.27380835103658219,0.48824187018846638,0.2320311389255808,0.27972699088595271,0.52108844396809961,0.20326565215232201,0.27564590387957827,0.45789473684210524,0.22543859649122808,0.31666666666666665,0.4818256069693288,0.22856058225810122,0.28961381077256998,0.39437010208481826,0.30586018198946807,0.29976971592571372,0.39092771941841731,0.31274494732227009,0.29632733325931276
1492,2024-2025,2025-05-10,Ipswich Town,Brentford,A,0.19335723030600713,0.23664712947322067,0.5699956402207722,0.18902801605733807,0.23049356220018377,0.5804784217424781,0.22653156809366537,0.23267782558528322,0.54079060632105147,0.45789473684210524,0.22543859649122808,0.31666666666666665,0.31062554756007832,0.23089956858483784,0.45847488385508378,0.14566268224092296,0.16991874969670653,0.68441856806237056,0.1437878804601003,0.17366835325835189,0.68254376628154778
1493,2024-2025,2025-05-10,Southampton,Manchester City,D,0.081013719867689307,0.12541183438506662,0.79357444574724412,0.085726595038354031,0.14440860217670515,0.76986480278494074,0.11847964293605492,0.1569797586242522,0.72454059843969276,0.45789473684210524,0.22543859649122808,0.31666666666666665,0.15309248095847389,0.19351350042986465,0.65339401861166146,0.043352553161162995,0.10186452716824222,0.85478291967059483,0.042110019010354896,0.10434959546985842,0.85354038551978673
1494,2024-2025,2025-05-10,Wolves,Brighton,A,0.45198199085473206,0.20533040324808774,0.34268760589718011,0.44418598537460052,0.20315124167515433,0.35266277295024517,0.41061304704796808,0.21492300979542744,0.37446394315660453,0.45789473684210524,0.22543859649122808,0.31666666666666665,0.40080509742288611,0.23406524562268766,0.36512965695442617,0.42696177708311278,0.22869193759433659,0.34434628532255046,0.42440719655122677,0.23380109865810864,0.3417917047906644
1495,2024-2025,2025-05-11,Liverpool,Arsenal,D,0.63846889868425527,0.15979059796632311,0.20174050334942165,0.65112522957238494,0.17065231150491406,0.17822245892270097,0.62275648527855876,0.16624900685011548,0.21099450787132562,0.45789473684210524,0.22543859649122808,0.31666666666666665,0.50211979194017076,0.22604808040835339,0.27183212765147585,0.39043601904662556,0.25018241241858563,0.35938156853478886,0.38895520837922187,0.25314403375339289,0.35790075786738523
1496,2024-2025,2025-05-11,Manchester Utd,West Ham,A,0.47833839485321594,0.22880889129673254,0.29285271385005146,0.49175126508909422,0.24419333493314307,0.26405539997776256,0.48645074073932321,0.24029093601061288,0.27325832325006383,0.45789473684210524,0.22543859649122808,0.31666666666666665,0.48259242187034079,0.22847371076056291,0.28893386736909615,0.4500527132660585,0.25853976486902303,0.29140752186491842,0.44850250175592443,0.26164018788929105,0.2898573103547844
1497,2024-2025,2025-05-11,Newcastle,Chelsea,H,0.52954586486717026,0.2161868075771696,0.25426732755566028,0.52800846583924521,0.22570426461841045,0.24628726954234428,0.48944370608328019,0.23500233678833549,0.27555395712838443,0.45789473684210524,0.22543859649122808,0.31666666666666665,0.44784026487325407,0.23176623998937296,0.32039349513737286,0.42855952064524949,0.23346920218220604,0.33797127717254455,0.42724322457439895,0.23610179432390707,0.33665498110169401
1498,2024-2025,2025-05-11,Nottingham,Leicester City,D,0.6893690212145196,0.19233120307063956,0.11829977571484084,0.69790701224655549,0.19975887650593613,0.10233411124750855,0.64058397327600858,0.21727708603039703,0.14213894069359434,0.45789473684210524,0.22543859649122808,0.31666666666666665,0.62389045469290683,0.20178244638966117,0.17432709891743189,0.74899685074157607,0.16798753456990942,0.083015614688514455,0.74800783076883715,0.16996557451538724,0.082026594715775558
1499,2024-2025,2025-05-11,Tottenham,Crystal Palace,A,0.47420701899096573,0.24326026597570458,0.28253271503332966,0.48581471062387882,0.26023749977983707,0.25394778959628411,0.51458313831825431,0.21320080407681447,0.27221605760493117,0.45789473684210524,0.22543859649122808,0.31666666666666665,0.38367538843652305,0.2342595869739599,0.38206502458951713,0.408581422587173,0.2275784881540758,0.36384008925875122,0.40734721470805724,0.23004690391230745,0.36260588137963545
1500,2024-2025,2025-05-16,Aston Villa,Tottenham,H,0.66008572981984159,0.16697745076592965,0.17293681941422873,0.6595674898593199,0.16788429700794497,0.17254821313273519,0.60479999991830125,0.19019741892069938,0.20500258116099931,0.45789473684210524,0.22543859649122808,0.31666666666666665,0.60793879828636377,0.20585876757187324,0.18620243414176291,0.56513682483581607,0.20756302801196549,0.22730014715221833,0.56409691567360354,0.2096428463363906,0.2262602379900058
1501,2024-2025,2025-05-16,Chelsea,Manchester Utd,H,0.68314477642872928,0.15883648629911815,0.15801873727215252,0.68520421110468166,0.15944746723191536,0.15534832166340298,0.68183826262701486,0.14673041962294867,0.1714313177500365,0.45789473684210524,0.22543859649122808,0.31666666666666665,0.57287876130966631,0.21386148349928455,0.21325975519104912,0.5658530691784206,0.23410740177958247,0.20003952904199671,0.56457379424178267,0.23666595165285845,0.19876025410535872
1502,2024-2025,2025-05-18,Arsenal,Newcastle,H,0.60874539184545351,0.19247721202746593,0.19877739612708048,0.59961021607048393,0.18823011268462014,0.21215967124489593,0.58859847897236406,0.20275501099982873,0.20864651002780715,0.45789473684210524,0.22543859649122808,0.31666666666666665,0.50746922343824818,0.22531228407711931,0.26721849248463253,0.48260295895328476,0.23612674253962321,0.28127029850709201,0.48208961368531111,0.23715343307557041,0.28075695323911842
1503,2024-2025,2025-05-18,Brentford,Fulham,A,0.5266469751894729,0.22918155021367589,0.24417147459685126,0.53641265701941288,0.24396038056268771,0.21962696241789942,0.53176025553584427,0.23895582792090925,0.22928391654324645,0.45789473684210524,0.22543859649122808,0.31666666666666665,0.48509555709749241,0.22818571016966338,0.28671873273284421,0.50817143161051048,0.23157386095332597,0.26025470743616363,0.50766812875996492,0.23258046665441723,0.25975140458561802
1504,2024-2025,2025-05-18,Everton,Southampton,H,0.71507421328994025,0.1718669545929436,0.11305883211711622,0.71339956930678816,0.17590760492590043,0.11069282576731146,0.64318889515592337,0.20423100049955872,0.15258010434451791,0.45789473684210524,0.22543859649122808,0.31666666666666665,0.62176117359146077,0.20234245076526475,0.17589637564327448,0.69348925857692256,0.2103895904684894,0.096121150954587967,0.69306659029708262,0.21123492702816929,0.095698482674748023
1505,2024-2025,2025-05-18,Leicester City,Ipswich Town,H,0.46988710325879079,0.20825953167035338,0.32185336507085588,0.47053381847500919,0.2216658223503972,0.30780035917459359,0.43995606133427911,0.22691529523887868,0.33312864342684223,0.45789473684210524,0.22543859649122808,0.31666666666666665,0.4384181584108619,0.23242880953486972,0.32915303205426838,0.31958557731190385,0.26222113975577882,0.41819328293231722,0.31900035822420064,0.26339157793118523,0.41760806384461407
1506,2024-2025,2025-05-18,West Ham,Nottingham,A,0.29902208805738151,0.27062869876657947,0.43034921317603914,0.30559313826891343,0.26195769180235945,0.43244916992872701,0.31831116525478725,0.25870686788382419,0.4229819668613885,0.45789473684210524,0.22543859649122808,0.31666666666666665,0.37595189431713644,0.23423057430445976,0.3898175313784038,0.28477143446905412,0.25237847131274671,0.46285009421819906,0.28420908204194217,0.2535031761669706,0.46228774179108717
1507,2024-2025,2025-05-19,Brighton,Liverpool,H,0.25281177153921847,0.21921573310879552,0.52797249535198609,0.24411918020086795,0.24321814629948857,0.51266267349964345,0.27003356066751194,0.23696169848959531,0.49300474084289259,0.45789473684210524,0.22543859649122808,0.31666666666666665,0.28474236537869391,0.22792227328696557,0.48733536133434052,0.20554068895942082,0.18525994084269673,0.60919937019788239,0.20602507018275723,0.18429117839602391,0.60968375142121878
1508,2024-2025,2025-05-20,Crystal Palace,Wolves,H,0.53900275099065931,0.24702646522378405,0.21397078378555667,0.52276412839467568,0.26767091096533541,0.20956496063998892,0.48361166477875006,0.26868430492691914,0.24770403029433069,0.45789473684210524,0.22543859649122808,0.31666666666666665,0.51951709012822456,0.22354349829909817,0.25693941157267736,0.4577065185701531,0.25024382369994103,0.29204965772990593,0.45850484265775421,0.24864717552473875,0.29284798181750704
1509,2024-2025,2025-05-20,Manchester City,Bournemouth,H,0.74042207152864115,0.14693454050046048,0.11264338797089843,0.72421225718132254,0.1627067933859869,0.11308094943269065,0.69682666072083943,0.17549203759144413,0.12768130168771646,0.45789473684210524,0.22543859649122808,0.31666666666666665,0.58563228378720134,0.21110167538522029,0.20326604082757835,0.51359591899370249,0.25100002819397993,0.23540405281231752,0.51439913984987484,0.24939358648163509,0.23620727366848998
1510,2024-2025,2025-05-25,Bournemouth,Leicester City,H,0.69755471210695885,0.17369698855388183,0.12874829933915946,0.69804004302062905,0.16803880679496586,0.13392115018440504,0.62235556398348157,0.201616378270882,0.1760280577456364,0.45789473684210524,0.22543859649122808,0.31666666666666665,0.58370822005412171,0.21152908285724512,0.20476269708863309,0.68517893723265477,0.19781216344170702,0.11700889932563804,0.68573135147352615,0.19670733495996426,0.11756131356650942
1511,2024-2025,2025-05-25,Fulham,Manchester City,A,0.29195664464297882,0.22546560776904723,0.48257774758797389,0.29093783589929789,0.24536288003462561,0.46369928406607647,0.3067458473008341,0.20180306606852541,0.49145108663064063,0.45789473684210524,0.22543859649122808,0.31666666666666665,0.30873833965028125,0.23071628752313295,0.46054537282658586,0.23621642576133398,0.23167260376944693,0.53211097046921918,0.2368631140711997,0.23037922714971554,0.53275765877908499
1512,2024-2025,2025-05-25,Ipswich Town,West Ham,A,0.27828041681187532,0.23441671671237813,0.48730286647574667,0.26952234221488952,0.22178670218930518,0.50869095559580535,0.30318481808005032,0.22259646378227316,0.47421871813767646,0.45789473684210524,0.22543859649122808,0.31666666666666665,0.3691620781661259,0.23414401744959659,0.39669390438427748,0.24900918515325751,0.24435993463391104,0.50663088021283142,0.24969843754930082,0.24298142984182444,0.50732013260887476
1513,2024-2025,2025-05-25,Liverpool,Crystal Palace,D,0.73755048864655892,0.16437677757531255,0.098072733778128571,0.7438717223546808,0.15907788350459717,0.097050394140722071,0.72204060069400455,0.15488793474389689,0.12307146456209853,0.45789473684210524,0.22543859649122808,0.31666666666666665,0.59876298036858944,0.20807973234564239,0.19315728728576817,0.60168431721776949,0.19500581809314163,0.20330986468908885,0.60217629927718996,0.19402185397430083,0.20380184674850926
1514,2024-2025,2025-05-25,Manchester Utd,Aston Villa,H,0.28035030288885759,0.22847589548783126,0.4911738016233112,0.29155083511767138,0.24729540000628911,0.4611537648760396,0.29261051738341576,0.26703429016189606,0.44035519245468829,0.45789473684210524,0.22543859649122808,0.31666666666666665,0.29889239782937743,0.22967511785581171,0.47143248431481094,0.22711438898490949,0.24990705653398729,0.5229785544811032,0.22781906632808091,0.24849770184764444,0.52368323182427456
1515,2024-2025,2025-05-25,Newcastle,Everton,A,0.62262754252828389,0.20950110276044176,0.16787135471127429,0.6304683169059434,0.22100118575346084,0.14853049734059573,0.62570916240247398,0.18814346756655279,0.18614737003097312,0.45789473684210524,0.22543859649122808,0.31666666666666665,0.5433048553469999,0.21959915279687323,0.23709599185612695,0.51457372906709231,0.25558589808971965,0.22984037284318817,0.5152916409185474,0.25415007438680942,0.23055828469464326
1516,2024-2025,2025-05-25,Nottingham,Chelsea,A,0.39215779299370174,0.26887682366004556,0.33896538334625259,0.40138741257498334,0.26014468119365608,0.33846790623136053,0.38705055107197534,0.27932733914221436,0.33362210978581025,0.45789473684210524,0.22543859649122808,0.31666666666666665,0.39939985627190772,0.23409443314167935,0.36650571058641296,0.34687108274852591,0.26283841235078492,0.39029050490068906,0.34761359766629835,0.26135338251523993,0.3910330198184615
1517,2024-2025,2025-05-25,Southampton,Arsenal,A,0.065663137405736455,0.10587125897419405,0.82846560362006949,0.062765986060663359,0.098739234488114974,0.83849477945122153,0.099278353146854195,0.13533870172277981,0.76538294513036598,0.45789473684210524,0.22543859649122808,0.31666666666666665,0.14959202585355602,0.19201824905946843,0.65838972508697557,0.040726278679447829,0.11934897855117969,0.83992474276937257,0.041043311879674853,0.11871491215072565,0.84024177596959959
1518,2024-2025,2025-05-25,Tottenham,Brighton,A,0.38981819800120354,0.26188550583832354,0.34829629616047292,0.39571437231160134,0.28043133010453541,0.32385429758386325,0.40154892537354625,0.25033974553774518,0.34811132908870845,0.45789473684210524,0.22543859649122808,0.31666666666666665,0.34051433817226923,0.23313097653326972,0.42635468529446091,0.35074325797306966,0.21360064166523826,0.435656100361692,0.35123466456356017,0.21261782848425739,0.43614750695218257
1519,2024-2025,2025-05-25,Wolves,Brentford,D,0.3645310315213352,0.25891413371947342,0.37655483475919144,0.36502269333211501,0.27927301603870425,0.3557042906291808,0.36326997841064457,0.24323475356473612,0.39349526802461926,0.45789473684210524,0.22543859649122808,0.31666666666666665,0.38341756414740835,0.23425980026641977,0.38232263558617186,0.29164876125112432,0.2238405165130532,0.48451072223582248,0.29223177602027089,0.22267448697476006,0.48509373700496905
1520,2025-2026,2025-08-15,Liverpool,Bournemouth,H,0.60802664303949572,0.20538055149157547,0.18659280546892876,0.61376511980918602,0.21093516604941848,0.17529971414139545,0.55658691113098535,0.24106510032464823,0.20234798854436642,0.44539473684210529,0.23026315789473684,0.32434210526315788,0.57249184519595664,0.2182638815509283,0.20924427325311512,0.55508329678757118,0.21821335024308275,0.22670335296934618,0.55641632971504074,0.21554728438814347,0.22803638589681582
1521,2025-2026,2025-08-16,Aston Villa,Newcastle,D,0.48145708279816335,0.23095524848519769,0.28758766871663899,0.48477480502433551,0.23246797470087466,0.28275722027478983,0.46478540473603769,0.23880661729500305,0.29640797796895924,0.44539473684210529,0.23026315789473684,0.32434210526315788,0.45996521591197892,0.23587574715071416,0.30415903693730684,0.35278041151376699,0.24709870553593435,0.40012088295029868,0.35435998823049814,0.24393955210247217,0.40170045966702977
1522,2025-2026,2025-08-16,Brighton,Fulham,D,0.50240220761807908,0.23269792932883593,0.26489986305308488,0.49060503835213237,0.24654164405074089,0.26285331759712677,0.47593257270668621,0.25084277963950308,0.27322464765381077,0.44539473684210529,0.23026315789473684,0.32434210526315788,0.48655756940659434,0.23296341934494277,0.28047901124846292,0.47836637742368787,0.22217420266342694,0.29945941991288516,0.47967913655396882,0.21954868440286504,0.30077217904316611
1523,2025-2026,2025-08-16,Sunderland,West Ham,H,0.43470487515934342,0.24440229288848281,0.32089283195217366,0.42415152421552776,0.25811119552965839,0.31773728025481374,0.42339603255805802,0.27578436915901622,0.30081959828292576,0.44539473684210529,0.23026315789473684,0.32434210526315788,0.46761974375803556,0.23511833264344437,0.29726192359852005,0.48310583856427802,0.26592916907130848,0.25096499236441361,0.48481983019522173,0.26250118580942117,0.25267898399535726
1524,2025-2026,2025-08-16,Tottenham,Burnley,H,0.46311893606856569,0.24313688932018918,0.29374417461124513,0.45230069649739246,0.25738011025333923,0.29031919324926819,0.42952101833087475,0.26687536129240924,0.3036036203767159,0.44539473684210529,0.23026315789473684,0.32434210526315788,0.40431214129643267,0.23936088125043556,0.35632697745313174,0.51448474852115111,0.21663924570202006,0.26887600577682874,0.51576502212525643,0.21407869849380956,0.27015627938093401
1525,2025-2026,2025-08-16,Wolves,Manchester City,A,0.36492029913252527,0.24231713079241773,0.39276257007505694,0.36590078450872199,0.2532060452031657,0.38089317028811231,0.35527197834387042,0.24942921311729105,0.39529880853883853,0.44539473684210529,0.23026315789473684,0.32434210526315788,0.29286598930443369,0.2345971567064018,0.47253685398916434,0.17804813901057923,0.21135225762007176,0.61059960336934904,0.17941355477894586,0.2086214260833385,0.61196501913771573
1526,2025-2026,2025-08-17,Chelsea,Crystal Palace,D,0.52493689322376225,0.23008325884100386,0.244979847935234,0.51931007167293464,0.24274786906701701,0.23794205926004836,0.48881613664644263,0.25497436388586464,0.25620949946769267,0.44539473684210529,0.23026315789473684,0.32434210526315788,0.49103767348492289,0.23239556297698344,0.27656676353809373,0.46462934320638266,0.25950746987944584,0.2758631869141715,0.46016269655792424,0.26844076317636267,0.27139654026571303
1527,2025-2026,2025-08-17,Manchester Utd,Arsenal,A,0.38233353575249279,0.25049129400668241,0.36717517024082469,0.37843366232073317,0.26609017448651678,0.35547616319275005,0.36623721581896512,0.28980730166699881,0.34395548251403607,0.44539473684210529,0.23026315789473684,0.32434210526315788,0.29967814393575709,0.23539199381778797,0.46492986224645483,0.16988873904180604,0.23706311145733477,0.59304814950085916,0.16587020221052162,0.24510018511990356,0.58902961266957476
1528,2025-2026,2025-08-17,Nottingham,Brentford,H,0.48790627527088504,0.23261150391771918,0.27948222081139584,0.4826696818721915,0.24549871289208547,0.27183160523572308,0.50178798633602117,0.21877714179385788,0.27943487187012095,0.44539473684210529,0.23026315789473684,0.32434210526315788,0.45358397285322138,0.23645670485686751,0.30995932228991108,0.38294033079077461,0.242403071248281,0.37465659796094442,0.37890194105943192,0.2504798507109664,0.37061820822960179
1529,2025-2026,2025-08-18,Leeds United,Everton,H,0.41830467735198418,0.24494362529463204,0.33675169735338384,0.43022228986239719,0.25437473988235659,0.31540297025524622,0.41634693898292818,0.26960218917409484,0.31405087184297698,0.44539473684210529,0.23026315789473684,0.32434210526315788,0.42257057026038575,0.23861632600936461,0.3388131037302497,0.19883376547246298,0.23817956387570782,0.56298667065182906,0.19373473262886517,0.24837762956290346,0.55788763780823125
1530,2025-2026,2025-08-22,West Ham,Chelsea,A,0.19572139560351737,0.29438433119437685,0.50989427320210579,0.2051941492271071,0.30711613730369008,0.48768971346920265,0.20928489300092668,0.30000425289217392,0.4907108541068993,0.44539473684210529,0.23026315789473684,0.32434210526315788,0.3330775007565715,0.23828133221000269,0.42864116703342581,0.23148236630479502,0.26496902179378079,0.50354861190142408,0.22637997614897887,0.27517380210541315,0.49844622174560788
1531,2025-2026,2025-08-23,Arsenal,Leeds United,H,0.54811786577583366,0.22559847754041221,0.22628365668375416,0.55187284654933033,0.22976765916230954,0.21835949428836018,0.53147389438261472,0.23045583628983551,0.23807026932754982,0.44539473684210529,0.23026315789473684,0.32434210526315788,0.58292281268429136,0.21593645616019982,0.20114073115550887,0.15105868130126787,0.42455072555396328,0.42439059314476874,0.14723845575913291,0.43219117663823309,0.42057036760263383
1532,2025-2026,2025-08-23,Bournemouth,Wolves,H,0.58704929502979408,0.27219175154161002,0.1407589534285959,0.57940778158075457,0.27671479785801045,0.14387742056123501,0.55443813933976371,0.24943643733524512,0.19612542332499122,0.44539473684210529,0.23026315789473684,0.32434210526315788,0.49431941694827514,0.23196558776577178,0.27371499528595306,0.53222170963480342,0.22551706167357058,0.24226122869162603,0.52758615271101861,0.2347881755211402,0.23762567176784122
1533,2025-2026,2025-08-23,Brentford,Aston Villa,H,0.26719619320974447,0.31618305488036469,0.41662075190989095,0.26462032522072049,0.32650662121646951,0.40887305356281006,0.26937392682057965,0.28678733336906415,0.44383873981035615,0.44539473684210529,0.23026315789473684,0.32434210526315788,0.38325678403917091,0.23971796235219928,0.37702525360862987,0.33563321081073505,0.25223620224053839,0.41213058694872656,0.33032949213701246,0.26284363958798351,0.40682686827500397
1534,2025-2026,2025-08-23,Burnley,Sunderland,H,0.093810175132187659,0.19981224704989897,0.70637757781791333,0.093009165730923382,0.20762314396338538,0.69936769030569124,0.12511605126356012,0.21666542203042088,0.65821852670601899,0.44539473684210529,0.23026315789473684,0.32434210526315788,0.42756859060342145,0.23834366000843302,0.33408774938814545,0.018607054556114676,0.059169949962293814,0.92222299548159148,0.017357197743927077,0.061669663586669012,0.920973138669404
1535,2025-2026,2025-08-23,Manchester City,Tottenham,A,0.54956234647363345,0.2507779668841737,0.19965968664219291,0.55751713337354214,0.24450313448308297,0.19797973214337491,0.56857737939078856,0.23452911501914522,0.19689350559006616,0.44539473684210529,0.23026315789473684,0.32434210526315788,0.61792462956816763,0.20726374468217837,0.17481162574965398,0.74231462802892156,0.1505617314128215,0.10712364055825671,0.73931224057274258,0.15656650632517952,0.1041212531020777
1536,2025-2026,2025-08-24,Crystal Palace,Nottingham,D,0.29451561246878938,0.2117366860307989,0.49374770150041186,0.29790580841032455,0.21844241636934666,0.48365177522032887,0.31210378791203636,0.25627989965088932,0.43161631243707438,0.44539473684210529,0.23026315789473684,0.32434210526315788,0.45163187591954035,0.23662521308916382,0.31174291099129581,0.39476470908395123,0.26044675497831432,0.34478853593773445,0.39778018266416781,0.25441580781788109,0.34780400951795104
1537,2025-2026,2025-08-24,Everton,Brighton,H,0.30885166316229495,0.2441233154027638,0.44702502143494122,0.31578355965745364,0.25044027981531153,0.43377616052723478,0.31159787224995128,0.26938763580007574,0.41901449194997298,0.44539473684210529,0.23026315789473684,0.32434210526315788,0.40864203271402116,0.23922036590865772,0.35213760137732103,0.35872922033523458,0.27938666487423575,0.36188411479052934,0.36193215686499891,0.27298079181470719,0.36508705132029362
1538,2025-2026,2025-08-24,Fulham,Manchester Utd,D,0.50669361594131002,0.25543083458675342,0.23787554947193659,0.50419791507966416,0.25926238476009578,0.23653970016024004,0.48466580829962846,0.27743117252149369,0.23790301917887788,0.44539473684210529,0.23026315789473684,0.32434210526315788,0.48553959864859625,0.23308936325772264,0.28137103809368114,0.45380773612957537,0.26652968181098424,0.27966258205944022,0.45688299783738739,0.26037915839536024,0.28273784376725225
1539,2025-2026,2025-08-25,Newcastle,Liverpool,A,0.32170831799328831,0.18077848123724327,0.49751320076946848,0.33758834115771946,0.18028016548398115,0.48213149335829947,0.31057275292345921,0.2338099220368659,0.45561732503967495,0.44539473684210529,0.23026315789473684,0.32434210526315788,0.36417062398202027,0.23956162559529842,0.39626775042268125,0.39225839380177241,0.22020928083805638,0.38753232536017101,0.39140829354426188,0.22190948135307753,0.38668222510266048
1540,2025-2026,2025-08-30,Chelsea,Fulham,H,0.62849424124522735,0.22531408349666113,0.14619167525811158,0.64221891108299434,0.20421313550787309,0.15356795340913248,0.61586052057730212,0.2035978517443206,0.18054162767837731,0.44539473684210529,0.23026315789473684,0.32434210526315788,0.52680479112721768,0.22707485839137326,0.24612035048140918,0.57357876502110539,0.23535655248339027,0.19106468249550437,0.57244269149817317,0.23762869952925481,0.18992860897257208
1541,2025-2026,2025-08-30,Leeds United,Newcastle,D,0.34111017867841587,0.2598936741776281,0.39899614714395604,0.34981965204319687,0.24737119884285627,0.40280914911394683,0.3832202199637611,0.25278459201752851,0.36399518801871034,0.44539473684210529,0.23026315789473684,0.32434210526315788,0.38840115927246222,0.23968124550547712,0.37191759522206053,0.071891172446241186,0.12589775495457731,0.80221107259918167,0.071297672556664735,0.12708475473373021,0.80161757270960521
1542,2025-2026,2025-08-30,Manchester Utd,Burnley,H,0.40220543765732097,0.2542962205657614,0.34349834177691768,0.40701442603011057,0.24261009901177655,0.35037547495811283,0.40359289097408552,0.26031987312226207,0.33608723590365247,0.44539473684210529,0.23026315789473684,0.32434210526315788,0.42999504224932977,0.23820074020210741,0.33180421754856287,0.46693229542694525,0.27613249743823676,0.25693520713481793,0.46562958332982529,0.27873792163247674,0.25563249503769786
1543,2025-2026,2025-08-30,Sunderland,Brentford,H,0.41068298488939076,0.26595494770913186,0.32336206740147733,0.41333265919765227,0.25454748874561267,0.33211985205673505,0.51868486660119173,0.23013692761190074,0.25117820578690764,0.44539473684210529,0.23026315789473684,0.32434210526315788,0.41619419148135645,0.23892146892717989,0.34488433959146375,0.33093751789073023,0.25888407117970524,0.41017841092956442,0.32968711569609099,0.2613848755689836,0.40892800873492524
1544,2025-2026,2025-08-30,Tottenham,Bournemouth,A,0.60332709961656483,0.24131645496759854,0.15535644541583654,0.60404670152104267,0.25052700390927807,0.1454262945696794,0.61850000676961436,0.25281980003111876,0.12868019319926682,0.44539473684210529,0.23026315789473684,0.32434210526315788,0.4075235882551464,0.23925882552769517,0.35321758621715837,0.39909992462983057,0.23942259311223882,0.36147748225793069,0.39799029027815314,0.24164186181559352,0.36036784790625337
1545,2025-2026,2025-08-30,Wolves,Everton,A,0.16812284649467102,0.22056961467707828,0.61130753882825073,0.16675060534222882,0.20992933737570252,0.62332005728206863,0.17442294082401061,0.2346994385762958,0.59087762059969362,0.44539473684210529,0.23026315789473684,0.32434210526315788,0.38357843903243372,0.23971663593157735,0.37670492503598896,0.25981342872604407,0.29794607203444823,0.44224049923950759,0.2584793243112346,0.30061428086406716,0.44090639482469812
1546,2025-2026,2025-08-31,Aston Villa,Crystal Palace,A,0.4157647020474784,0.23048914747862492,0.35374615047389668,0.41825356629667509,0.21137899279848385,0.37036744090484103,0.39816228652554725,0.24553625957674052,0.35630145389771228,0.44539473684210529,0.23026315789473684,0.32434210526315788,0.4716282192404338,0.23469549844634269,0.29367628231322357,0.40809764265207993,0.29034589422084767,0.30155646312707246,0.40785433553298339,0.29083250845904085,0.30131315600797587
1547,2025-2026,2025-08-31,Brighton,Manchester City,H,0.32073428101585721,0.24521161838702032,0.43405410059712246,0.32338432822484475,0.2510548622049017,0.42556080957025355,0.27281332356725885,0.23018422479149442,0.49700245164124673,0.44539473684210529,0.23026315789473684,0.32434210526315788,0.36116210133263071,0.23949417237539153,0.3993437262919779,0.23998908055993659,0.21928443002732403,0.54072648941273938,0.23980747896321561,0.219647633220766,0.54054488781601839
1548,2025-2026,2025-08-31,Liverpool,Arsenal,H,0.40642730240885466,0.2931536321858309,0.30041906540531454,0.40809521602723636,0.28043034575955306,0.31147443821321058,0.42423170465323834,0.26841131611129082,0.30735697923547095,0.44539473684210529,0.23026315789473684,0.32434210526315788,0.45922786725620224,0.23594522749973171,0.30482690524406603,0.33360600856479722,0.2302440422794611,0.43614994915574173,0.33342019283383068,0.23061567374139413,0.43596413342477525
1549,2025-2026,2025-08-31,Nottingham,West Ham,A,0.76644446985255521,0.15948207547273796,0.074073454674706843,0.7738698190353015,0.15894014165532314,0.067190039309375296,0.75519960791136076,0.17099098352966516,0.07380940855897429,0.44539473684210529,0.23026315789473684,0.32434210526315788,0.5307951202677027,0.22639508468660055,0.2428097950456968,0.65573697853513568,0.18972446807092072,0.15453855339394348,0.65557660540625251,0.19004521432868701,0.15437818026506034
1550,2025-2026,2025-09-13,Arsenal,Nottingham,H,0.67415813117800882,0.191990369308913,0.13385149951307829,0.67420243089063769,0.18458256984990717,0.14121499925945516,0.68410047625694803,0.19775466952029114,0.11814485422276083,0.44539473684210529,0.23026315789473684,0.32434210526315788,0.56101753193443293,0.22068843690189266,0.21829403116367449,0.65194020765091454,0.21198402452264919,0.13607576782643616,0.65416337268927005,0.20753769444593806,0.13829893286479175
1551,2025-2026,2025-09-13,Bournemouth,Brighton,H,0.47382005802884786,0.2747443740845727,0.25143556788657945,0.45209034018998862,0.27790480899983661,0.27000485081017467,0.50899778341953417,0.24657338286497313,0.24442883371549276,0.44539473684210529,0.23026315789473684,0.32434210526315788,0.42957779081432584,0.2382258058447714,0.33219640334090289,0.4341563922427053,0.24536705175040649,0.32047655600688807,0.43671145053894755,0.24025693515792187,0.32303161430313043
1552,2025-2026,2025-09-13,Brentford,Chelsea,D,0.2710671028118406,0.29113389387046074,0.43779900331769855,0.26474246842128857,0.28104224969477187,0.45421528188393961,0.21813673492728747,0.25549218858323952,0.52637107648947301,0.44539473684210529,0.23026315789473684,0.32434210526315788,0.36363236862891918,0.23955042539874177,0.39681720597233916,0.25718812038982874,0.24412660222963808,0.49868527738053309,0.25976660663810991,0.23896962973307581,0.5012637636288142
1553,2025-2026,2025-09-13,Crystal Palace,Sunderland,D,0.47595471257097888,0.238781509956564,0.28526377747245718,0.45847581675476845,0.23901155970162882,0.30251262354360264,0.46205725627933719,0.25282874214166151,0.28511400157900141,0.44539473684210529,0.23026315789473684,0.32434210526315788,0.49759233545001047,0.23152499482353497,0.27088266972645458,0.39530772726718377,0.29489328511598212,0.30979898761683416,0.39829083500291274,0.28892706964452419,0.31278209535256313
1554,2025-2026,2025-09-13,Everton,Aston Villa,D,0.56158609816975635,0.26042510336532076,0.17798879846492288,0.54034077736067443,0.26597894876271094,0.19368027387661463,0.55816605134084951,0.26055367350497305,0.18128027515417744,0.44539473684210529,0.23026315789473684,0.32434210526315788,0.425195217825724,0.23847679294922175,0.33632798922505425,0.41221105892901222,0.30537940827717563,0.2824095327938122,0.41517989103209058,0.29944174407101892,0.2853783648968905
1555,2025-2026,2025-09-13,Fulham,Leeds United,H,0.48508698302502729,0.27324495001045362,0.24166806696451906,0.4662566760254977,0.2734421055910739,0.26030121838342846,0.49694742518097984,0.26469016636719545,0.23836240845182471,0.44539473684210529,0.23026315789473684,0.32434210526315788,0.45115518760559065,0.23666570391363517,0.31217910848077418,0.62780389665156144,0.2623129430867801,0.10988316026165844,0.62994389982739951,0.25803293673510408,0.11202316343749648
1556,2025-2026,2025-09-13,Newcastle,Wolves,H,0.6161774240679545,0.18293019344903447,0.20089238248301095,0.59799644108498085,0.18229893314133294,0.2197046257736863,0.54962838241336931,0.22697004427143841,0.22340157331519234,0.44539473684210529,0.23026315789473684,0.32434210526315788,0.55830362510804787,0.22124113179323213,0.22045524309872011,0.6542692649941233,0.18875618934677585,0.15697454565910082,0.65619740355351019,0.18489991222800201,0.15890268421848777
1557,2025-2026,2025-09-13,West Ham,Tottenham,A,0.19525646863938773,0.27462780114914903,0.53011573021146319,0.19034618931883618,0.26340812914998735,0.54624568153117647,0.17705878922854987,0.24090079295388184,0.58204041781756821,0.44539473684210529,0.23026315789473684,0.32434210526315788,0.44930144042908154,0.23682070701250962,0.31387785255840883,0.34627749832352517,0.23017490240835248,0.42354759926812241,0.3485280541413659,0.22567379077267113,0.42579815508596308
1558,2025-2026,2025-09-14,Burnley,Liverpool,A,0.20326238634548294,0.26647774953622433,0.53025986411829262,0.18355956435828763,0.2519672418603941,0.56447319378131833,0.22795674437409258,0.25175498970412835,0.52028826592177901,0.44539473684210529,0.23026315789473684,0.32434210526315788,0.26924520774587984,0.23126405748037265,0.49949073477374756,0.1227717896537119,0.12900205821035116,0.74822615213593702,0.12355713198668826,0.12743137354439849,0.74901149446891335
1559,2025-2026,2025-09-14,Manchester City,Manchester Utd,H,0.52971476908909099,0.23022088204134555,0.24006434886956349,0.52002518280654253,0.24677758249983395,0.2331972346936235,0.44291407107716729,0.27434849472202893,0.28273743420080377,0.44539473684210529,0.23026315789473684,0.32434210526315788,0.56889389479147634,0.21903942375378621,0.21206668145473739,0.61775857559384284,0.21662269655483352,0.16561872785132362,0.61985528875892648,0.21242927022466623,0.16771544101640726
1560,2025-2026,2025-09-20,Brighton,Tottenham,D,0.29060015155044716,0.27039809966015088,0.43900174878940196,0.28505464861039453,0.28381845029110864,0.43112690109849677,0.30100259215851455,0.25016733433665239,0.44883007350483306,0.44539473684210529,0.23026315789473684,0.32434210526315788,0.50399800688049357,0.23062873589078828,0.26537325722871824,0.42488833638442053,0.22171333165697257,0.35339833195860693,0.42793676599131902,0.21561647244317561,0.35644676156550542
1561,2025-2026,2025-09-20,Burnley,Nottingham,D,0.40866798761297007,0.26534065575609422,0.32599135663093565,0.40312039544547312,0.28112419060134342,0.31575541395318352,0.43394163177887007,0.27083295484473036,0.29522541337639957,0.44539473684210529,0.23026315789473684,0.32434210526315788,0.40477805937091005,0.23934684699331671,0.35587509363577319,0.33499128220300417,0.25544794398789644,0.4095607738090995,0.33900398999626691,0.24742252840137091,0.41357348160236224
1562,2025-2026,2025-09-20,Fulham,Brentford,H,0.4599951320501503,0.26299552903190709,0.27700933891794255,0.46137543453626007,0.27285021624112793,0.26577434922261212,0.53538957206984195,0.23945270108589506,0.22515772684426308,0.44539473684210529,0.23026315789473684,0.32434210526315788,0.44445526206823838,0.23720740578119934,0.31833733215056226,0.35521068823274754,0.2430521542710195,0.40173715749623312,0.35893142717558907,0.23561067638533628,0.40545789643907465
1563,2025-2026,2025-09-20,Liverpool,Everton,H,0.65405838647129044,0.22473542239133951,0.12120619113737013,0.65981734004716275,0.22463016987785467,0.11555249007498254,0.65628734479843098,0.21622579503439374,0.12748686016717534,0.44539473684210529,0.23026315789473684,0.32434210526315788,0.592514162976021,0.21369248100052077,0.19379335602345824,0.5775085494793839,0.23386471486426774,0.18862673565634844,0.58119086161268319,0.22650009059766896,0.19230904778964783
1564,2025-2026,2025-09-20,Manchester Utd,Chelsea,H,0.24546944084795538,0.27228061460429254,0.48224994454775216,0.25154330402619346,0.286664485047046,0.46179221092676059,0.23802241384462958,0.28213897353009632,0.47983861262527416,0.44539473684210529,0.23026315789473684,0.32434210526315788,0.33256603372407767,0.2382492323075186,0.42918473396840362,0.20043260382057237,0.24028264651413395,0.55928474966529351,0.20421332499830261,0.23272120415867353,0.56306547084302372
1565,2025-2026,2025-09-20,West Ham,Crystal Palace,A,0.18297671017369391,0.25282367472237133,0.56419961510393468,0.178671707815407,0.26630102139662948,0.55502727078796343,0.16316835210862055,0.27091106281009253,0.56592058508128684,0.44539473684210529,0.23026315789473684,0.32434210526315788,0.35409980663037866,0.23928908792900322,0.40661110544061818,0.20731191774431756,0.22981683703120809,0.56287124522447418,0.21092806745807643,0.22258453760369035,0.56648739493823308
1566,2025-2026,2025-09-20,Wolves,Leeds United,A,0.32344484037516985,0.27142959445863696,0.40512556516619325,0.31626901489008347,0.28605935739614752,0.39767162771376902,0.32561415518163983,0.27649976981737728,0.39788607500098283,0.44539473684210529,0.23026315789473684,0.32434210526315788,0.39552183218054071,0.23957623843647965,0.36490192938297955,0.60215026202942623,0.29013372349181776,0.10771601447875585,0.60520373552320372,0.28402677650426283,0.11076948797253333
1567,2025-2026,2025-09-21,Arsenal,Manchester City,D,0.58800763669220291,0.2295882665902286,0.18240409671756846,0.58006582884139402,0.24257099714485339,0.17736317401375243,0.60080782487231588,0.21272179765423344,0.18647037747345072,0.44539473684210529,0.23026315789473684,0.32434210526315788,0.47631738944792884,0.23417811509502237,0.28950449545704887,0.50610173176587869,0.26688627021176808,0.2270119980223532,0.50805709345622707,0.26297554683107138,0.22896735971270155
1568,2025-2026,2025-09-21,Bournemouth,Newcastle,D,0.46080761866292624,0.27052719759547633,0.26866518374159754,0.45503304184403098,0.28472770527231911,0.26023925288365002,0.49813023353278557,0.24810285941495136,0.25376690705226312,0.44539473684210529,0.23026315789473684,0.32434210526315788,0.42369353295521089,0.23855761732075531,0.33774884972403374,0.35339170426453365,0.27824670657453193,0.36836158916093459,0.35545979544112388,0.27411052422135146,0.37042968033752482
1569,2025-2026,2025-09-21,Sunderland,Aston Villa,D,0.46879229095449043,0.24918047143490685,0.28202723761060278,0.46443270105875256,0.26139506767270648,0.2741722312685409,0.52165845539668054,0.25029254210459362,0.22804900249872584,0.44539473684210529,0.23026315789473684,0.32434210526315788,0.40050085881676278,0.23946580854875635,0.3600333326344809,0.42913237939046478,0.35162991277841793,0.21923770783111721,0.43102790911827205,0.34783885332280334,0.22113323755892447
1570,2025-2026,2025-09-27,Brentford,Manchester Utd,H,0.40557225825950788,0.28465487569424064,0.30977286604625148,0.42104080802512167,0.2665097658352481,0.31244942613963012,0.3852187813531085,0.26763536909228974,0.3471458495546017,0.44539473684210529,0.23026315789473684,0.32434210526315788,0.4583372173508094,0.23602833552793615,0.30563444712125443,0.4761149558731031,0.22790673162256542,0.29597831250433165,0.47243823600698026,0.23526017135481114,0.29230159263820882
1571,2025-2026,2025-09-27,Chelsea,Brighton,A,0.59799495518252355,0.22388293040893475,0.17812211440854162,0.59753291121473862,0.22067033134775155,0.18179675743750981,0.60172282344827444,0.21172406412709177,0.18655311242463371,0.44539473684210529,0.23026315789473684,0.32434210526315788,0.49628926148816926,0.23170181901496265,0.27200891949686817,0.55928988777982125,0.21470641565549664,0.22600369656468189,0.55577735919212901,0.2217314728308811,0.22249116797698967
1572,2025-2026,2025-09-27,Crystal Palace,Liverpool,H,0.33723036772448217,0.24961778413606187,0.41315184813945594,0.33451930174897421,0.24376716901404213,0.42171352923698363,0.31294180557575685,0.25218745771925005,0.43487073670499299,0.44539473684210529,0.23026315789473684,0.32434210526315788,0.32669496083175997,0.23785436810090407,0.43545067106733587,0.30023127749970535,0.23932748718757058,0.46044123531272418,0.29621794612532598,0.2473541499363292,0.4564279039383447
1573,2025-2026,2025-09-27,Leeds United,Bournemouth,D,0.33892515631386128,0.30132479269173379,0.35975005099440499,0.33591804128064351,0.29707979554051511,0.36700216317884138,0.36890724568977701,0.2832877729838294,0.34780498132639354,0.44539473684210529,0.23026315789473684,0.32434210526315788,0.40814803548466577,0.23923753827706293,0.35261442623827127,0.25914160560604133,0.30039005159237814,0.44046834280158065,0.25439139447797277,0.30989047384851526,0.43571813167351209
1574,2025-2026,2025-09-27,Manchester City,Burnley,H,0.65100773363015429,0.21282035911363353,0.13617190725621206,0.65468751369394595,0.20892976132254859,0.13638272498350554,0.63134746814096665,0.2169481510736497,0.15170438078538367,0.44539473684210529,0.23026315789473684,0.32434210526315788,0.58763134728078792,0.21484731106108343,0.19752134165812874,0.70956238235832492,0.1839191153521848,0.10651850228949032,0.70641317856948327,0.19021752292986785,0.10336929850064878
1575,2025-2026,2025-09-27,Nottingham,Sunderland,A,0.37877015798362224,0.25921494300742248,0.36201489900895528,0.38670399793507493,0.25247712953794937,0.36081887252697575,0.38567793782959603,0.25073854077469299,0.36358352139571104,0.44539473684210529,0.23026315789473684,0.32434210526315788,0.45955376641251017,0.23591459363656569,0.30453163995092419,0.28572376963773877,0.31244783493571432,0.40182839542654697,0.28089510748644547,0.32210515923830091,0.39699973327525367
1576,2025-2026,2025-09-27,Tottenham,Wolves,D,0.68023584936561876,0.19366810699390247,0.12609604364047891,0.69184534349078575,0.18357365419399804,0.12458100231521631,0.65904256232869818,0.20823079689988902,0.13272664077141277,0.44539473684210529,0.23026315789473684,0.32434210526315788,0.50473946420052973,0.23052209805706425,0.26473843774240607,0.63373027344282751,0.18835717541312988,0.17791255114404284,0.63076251079201573,0.19429270071475327,0.17494478849323111
1577,2025-2026,2025-09-28,Aston Villa,Fulham,H,0.35712444163807483,0.23794777639172796,0.40492778197019719,0.35754772523064338,0.25226864260143766,0.39018363216791896,0.35365787648864794,0.24358559764195817,0.40275652586939392,0.44539473684210529,0.23026315789473684,0.32434210526315788,0.47910066666735246,0.23385945673755881,0.28703987659508867,0.40627413696323755,0.28966938130465619,0.3040564817321062,0.40030853444007508,0.30160058635098119,0.29809087920894373
1578,2025-2026,2025-09-28,Newcastle,Arsenal,A,0.30896062728585205,0.22571340600759271,0.46532596670655524,0.30858623233760207,0.24356451179024363,0.44784925587215429,0.30283915976554066,0.27195150284241648,0.42520933739204286,0.44539473684210529,0.23026315789473684,0.32434210526315788,0.36835068594771736,0.23963579712335226,0.39201351692893038,0.24069240755085597,0.29528718118208686,0.46402041126705706,0.23489788831255054,0.30687621965869777,0.45822589202875164
1579,2025-2026,2025-09-29,Everton,West Ham,D,0.61846081117887552,0.23027681476556852,0.15126237405555598,0.62592680833251946,0.23227934352155613,0.14179384814592444,0.55961478588747982,0.2604031957071003,0.17998201840541991,0.44539473684210529,0.23026315789473684,0.32434210526315788,0.52282558524979605,0.22773557813268711,0.24943883661751681,0.58807850296333852,0.23911024711544515,0.17281124992121613,0.58310727714455723,0.24905269875300767,0.16784002410243487
1580,2025-2026,2025-10-03,Bournemouth,Fulham,H,0.54243858571900883,0.24479861254087074,0.21276280174012055,0.55954921245764311,0.23749356125254839,0.20295722628980847,0.5621805321096115,0.22203855145845613,0.21578091643193242,0.44539473684210529,0.23026315789473684,0.32434210526315788,0.47414081317967333,0.23442131395308868,0.29143787286723805,0.47810071350123545,0.2638725179477831,0.25802676855098133,0.4706725075158375,0.27872892991857906,0.25059856256558338
1581,2025-2026,2025-10-04,Arsenal,West Ham,H,0.7571117315437591,0.17212593989547842,0.070762328560762477,0.75767763113734932,0.17043550125261353,0.071886867610037139,0.739059339900488,0.17812571751151662,0.082814942587995322,0.44539473684210529,0.23026315789473684,0.32434210526315788,0.64072881461432185,0.20089029296153751,0.15838089242414052,0.81820348903826834,0.12391588004914625,0.057880630912585128,0.8147463971547082,0.13083006381626644,0.054423539029025046
1582,2025-2026,2025-10-04,Chelsea,Liverpool,H,0.38705216354752364,0.25205746943861207,0.36089036701386423,0.3948395952142536,0.24371885926161974,0.36144154552412666,0.38084840393162378,0.23990464045145049,0.37924695561692573,0.44539473684210529,0.23026315789473684,0.32434210526315788,0.34694199272619641,0.23901347785640514,0.41404452941739861,0.31839607102517442,0.23036445235480121,0.45123947662002445,0.31238699591349878,0.24238260257815258,0.44523040150834875
1583,2025-2026,2025-10-04,Leeds United,Tottenham,A,0.28884941782478146,0.28463527625976126,0.42651530591545722,0.29966715977467817,0.2653245104236075,0.43500832980171439,0.31016283179372711,0.24733024897816472,0.4425069192281082,0.44539473684210529,0.23026315789473684,0.32434210526315788,0.46582746725459595,0.2353015755791843,0.2988709571662197,0.34466890373231285,0.24949974979031064,0.40583134647737651,0.33779760144082083,0.26324235437329457,0.39896004418588438
1584,2025-2026,2025-10-04,Manchester Utd,Sunderland,H,0.31537944463735806,0.26729660503880887,0.41732395032383302,0.31473020503282662,0.26361624705547715,0.42165354791169612,0.33556863371138879,0.27229544493058061,0.39213592135803066,0.44539473684210529,0.23026315789473684,0.32434210526315788,0.41155228736231231,0.23911325616049045,0.34933445647719741,0.20871283172541885,0.33093506729013861,0.46035210098444251,0.20157568745536009,0.34520935583025619,0.45321495671438372
1585,2025-2026,2025-10-05,Aston Villa,Burnley,H,0.58665430716605127,0.23288348344461404,0.18046220938933477,0.59197433494162566,0.24419676755175501,0.16382889750661925,0.57894400928467848,0.23388600023937725,0.18716999047594424,0.44539473684210529,0.23026315789473684,0.32434210526315788,0.53801772782354396,0.22512091007324131,0.23686136210321479,0.64745257960961844,0.20424499207234953,0.14830242831803223,0.64201304804155168,0.21512405520848321,0.14286289674996538
1586,2025-2026,2025-10-05,Brentford,Manchester City,A,0.29900431913384479,0.27277136844514899,0.42822431242100623,0.29152456170411789,0.26336111347198898,0.44511432482389302,0.2882089010488153,0.23457472269467083,0.47721637625651381,0.44539473684210529,0.23026315789473684,0.32434210526315788,0.33699933707165047,0.23851533074512685,0.42448533218322265,0.21967648682116173,0.20319905864216012,0.57712445453667816,0.21476817454288014,0.21301568319872335,0.57221614225839645
1587,2025-2026,2025-10-05,Everton,Crystal Palace,H,0.35378831632867874,0.27816198247382978,0.36804970119749147,0.35527551070063307,0.29545908128621695,0.34926540801314998,0.32438274494733804,0.30115545021086199,0.37446180484180008,0.44539473684210529,0.23026315789473684,0.32434210526315788,0.39216049058307184,0.2396336062983534,0.36820590311857487,0.31618720523155636,0.32151784533727773,0.36229494943116586,0.3086599253790599,0.33657240504227059,0.35476766957866945
1588,2025-2026,2025-10-05,Newcastle,Nottingham,H,0.52433294330661551,0.22020359074971427,0.25546346594367031,0.53405227457683868,0.2331911643345092,0.23275656108865206,0.50889535382841233,0.2620418681403765,0.22906277803121119,0.44539473684210529,0.23026315789473684,0.32434210526315788,0.4953578137429186,0.23182707348648821,0.27281511277059317,0.56649192197403886,0.2432582422864355,0.1902498357395257,0.56007375188575192,0.25609458246300931,0.18383166565123882
1589,2025-2026,2025-10-05,Wolves,Brighton,D,0.19818596989717427,0.23070008947303003,0.5711139406297957,0.19720074233256862,0.24434558630890885,0.55845367135852253,0.20262751364581205,0.24342347717583784,0.5539490091783501,0.44539473684210529,0.23026315789473684,0.32434210526315788,0.32961164094028395,0.23805661960772009,0.43233173945199588,0.25114997080850443,0.21188281160384112,0.53696721758765442,0.24604810557031315,0.22208654208022371,0.53186535234946319
1590,2025-2026,2025-10-18,Brighton,Newcastle,H,0.41264844063963424,0.24597807784657444,0.34137348151379138,0.39226182627804657,0.25107866059945938,0.35665951312249417,0.42054961251138906,0.25109375144150015,0.32835663604711085,0.44539473684210529,0.23026315789473684,0.32434210526315788,0.43242320022991637,0.23805084939889121,0.32952595037119242,0.34747015449314456,0.25144420506877785,0.40108564043807743,0.34124315411847056,0.26389820581812584,0.39485864006340338
1591,2025-2026,2025-10-18,Burnley,Leeds United,H,0.36086312487685512,0.29603657079335122,0.3431003043297936,0.34352610566652947,0.29847564992209552,0.35799824441137496,0.37167148365112268,0.27490297899433597,0.35342553735454146,0.44539473684210529,0.23026315789473684,0.32434210526315788,0.4233079951762882,0.23857794050853484,0.3381140643151771,0.34414552624570638,0.24456093160573988,0.41129354214855379,0.33817341607992801,0.25650515193729662,0.40532143198277537
1592,2025-2026,2025-10-18,Crystal Palace,Bournemouth,D,0.47141827981068435,0.24346189717887015,0.28511982301044547,0.456406494435112,0.26912010154655974,0.27447340401832815,0.43199733483744396,0.28165288706016789,0.2863497781023881,0.44539473684210529,0.23026315789473684,0.32434210526315788,0.46135078834239096,0.23574352708137178,0.30290568457623723,0.42982249668424172,0.27231268904428746,0.29786481427147088,0.4230592749032871,0.28583913260619681,0.2911015924905162
1593,2025-2026,2025-10-18,Fulham,Arsenal,A,0.22976210345162182,0.25163992666983737,0.5185979698785409,0.20995110541635431,0.24281782517395339,0.54723106940969224,0.24259563771668688,0.27285968567781577,0.48454467660549733,0.44539473684210529,0.23026315789473684,0.32434210526315788,0.29719236841860353,0.23511032096130635,0.46769731062009018,0.14106176505659285,0.22064476055051918,0.63829347439288786,0.13564545270050027,0.23147738526270434,0.63287716203679523
1594,2025-2026,2025-10-18,Manchester City,Everton,H,0.58170315985116072,0.2451874645613861,0.17310937558745323,0.56196268677555927,0.25417473474335456,0.18386257848108609,0.56942362031676208,0.25926144027323955,0.17131493940999834,0.44539473684210529,0.23026315789473684,0.32434210526315788,0.55059749837220007,0.22276722801049703,0.22663527361730293,0.57188257862218328,0.25833806579455215,0.16977935558326437,0.56582330319237206,0.27045661665417486,0.16372008015345313
1595,2025-2026,2025-10-18,Nottingham,Chelsea,A,0.29686657631489494,0.25875188200421106,0.44438154168089394,0.29238269277736878,0.24738891945831831,0.46022838776431291,0.26222334163877503,0.24175811629509669,0.49601854206612822,0.44539473684210529,0.23026315789473684,0.32434210526315788,0.36285948058269213,0.23953368224333282,0.39760683717397499,0.25531972067558839,0.25375531779743826,0.49092496152697351,0.2489737457783088,0.26644726759199744,0.48457898662969395
1596,2025-2026,2025-10-18,Sunderland,Wolves,H,0.55183773466596653,0.21911432916522855,0.22904793616880487,0.53004192068251088,0.22433060772333735,0.24562747159415185,0.55391471828124028,0.22862821544803749,0.21745706627072223,0.44539473684210529,0.23026315789473684,0.32434210526315788,0.52428504577808333,0.2274952357992111,0.24821971842270563,0.47531838249252834,0.31003929169552147,0.21464232581195003,0.46873892615984508,0.32319820436088792,0.20806286947926675
1597,2025-2026,2025-10-19,Liverpool,Manchester Utd,A,0.65134272825949069,0.21373423686840154,0.13492303487210788,0.62435737154802029,0.23706821711847503,0.13857441133350476,0.61986624629756182,0.22679611800643218,0.15333763569600589,0.44539473684210529,0.23026315789473684,0.32434210526315788,0.60609443261158402,0.21034440928062886,0.18356115810778717,0.68678833072467782,0.17182251349521024,0.1413891557801121,0.6826996268652965,0.17999992121397304,0.13730045192073073
1598,2025-2026,2025-10-19,Tottenham,Aston Villa,A,0.46497662702103032,0.26807700265274875,0.26694637032622087,0.43415822089125217,0.2696631722397923,0.29617860686895559,0.43723086346710771,0.27593545990353691,0.28683367662935538,0.44539473684210529,0.23026315789473684,0.32434210526315788,0.37302606666309085,0.23969204284218226,0.38728189049472683,0.40922969097666706,0.26135887196939939,0.3294114370539335,0.40254171067715872,0.27473483256841585,0.3227234567544251
1599,2025-2026,2025-10-20,West Ham,Brentford,A,0.28709218344258303,0.24648630115415643,0.46642151540326054,0.27750242279042037,0.26305004382609332,0.45944753338348626,0.31463176962728068,0.2495379893125988,0.43583024106012047,0.44539473684210529,0.23026315789473684,0.32434210526315788,0.38942793422761773,0.23966997172030341,0.37090209405207886,0.27849111066784077,0.2204195254883044,0.50108936384385461,0.27360932895704065,0.23018308890990469,0.49620758213305438
1600,2025-2026,2025-10-24,Leeds United,West Ham,H,0.47444263029764733,0.25392368463674048,0.2716336850656122,0.48136903418240268,0.26737644677686484,0.25125451904073248,0.47042848664927284,0.26823667981609678,0.26133483353463044,0.44539473684210529,0.23026315789473684,0.32434210526315788,0.48826536683165311,0.23274956257473844,0.27898507059360833,0.39985509283212595,0.26950898026127956,0.33063592690659449,0.39317281135328036,0.28287354321897074,0.32395364542774885
1601,2025-2026,2025-10-25,Brentford,Liverpool,H,0.35220133956649091,0.26668942892062886,0.38110923151288029,0.35751856932465192,0.28590429809966594,0.35657713257568202,0.34667743111776633,0.26799595070013932,0.3853266181820944,0.44539473684210529,0.23026315789473684,0.32434210526315788,0.32292055115575635,0.23757464425182012,0.43950480459242353,0.32124931871175827,0.21630350064294535,0.4624471806452965,0.31666500771608475,0.22547212263429237,0.45786286964962297
1602,2025-2026,2025-10-25,Chelsea,Sunderland,A,0.51682076167192481,0.26171038846610739,0.22146884986196771,0.50290589627312288,0.2803580860698302,0.21673601765704695,0.51170024940234171,0.25073742920945691,0.23756232138820144,0.44539473684210529,0.23026315789473684,0.32434210526315788,0.52276975974793127,0.22774472559623482,0.24948551465583396,0.4198487931881244,0.32756396652295844,0.25258724028891733,0.41310056946725127,0.34106041396470466,0.24583901656804413
1603,2025-2026,2025-10-25,Manchester Utd,Brighton,H,0.39055932488512146,0.27943283254832518,0.33000784256655336,0.39396668553272024,0.294853993252569,0.31117932121471065,0.41484562795578028,0.28336894762101977,0.30178542442319989,0.44539473684210529,0.23026315789473684,0.32434210526315788,0.40105170344366675,0.23945173354766672,0.35949656300866645,0.38461366352167475,0.23548563628670449,0.37990070019162048,0.37910598583370819,0.24650099166263764,0.37439302250365392
1604,2025-2026,2025-10-25,Newcastle,Fulham,H,0.54836830733536213,0.21992404599181326,0.23170764667282454,0.53689023065930908,0.23564164908769736,0.22746812025299351,0.52239182308666798,0.24431999323992262,0.23328818367340942,0.44539473684210529,0.23026315789473684,0.32434210526315788,0.50334532121015985,0.23072210968161061,0.2659325691082296,0.54509995563721436,0.24905294814680709,0.20584709621597863,0.53896676041665537,0.26131933858792505,0.19971390099541966
1605,2025-2026,2025-10-26,Arsenal,Crystal Palace,H,0.64106908647247451,0.21377762871404726,0.1451532848134782,0.63204060494667158,0.22661512060688521,0.14134427444644329,0.62392805024907649,0.22654492085283995,0.14952702889808345,0.44539473684210529,0.23026315789473684,0.32434210526315788,0.5522580847021491,0.22244378168498324,0.22529813361286771,0.62838728258812004,0.23044135335369947,0.14117136405818048,0.62314037883955531,0.240935160850829,0.13592446030961572
1606,2025-2026,2025-10-26,Aston Villa,Manchester City,H,0.35840414089415412,0.23290198960114006,0.40869386950470576,0.35731527922157552,0.24821343194210485,0.3944712888363196,0.34420577879032133,0.22617622608139998,0.42961799512827864,0.44539473684210529,0.23026315789473684,0.32434210526315788,0.38485477684754704,0.23971009543697022,0.37543512771548271,0.23634389301031411,0.26682920432891988,0.49682690266076601,0.23013606342633827,0.27924486349687155,0.4906190730767902
1607,2025-2026,2025-10-26,Bournemouth,Nottingham,H,0.62097192388463884,0.23321717593899105,0.14581090017637013,0.61212262068947321,0.24731313136235755,0.14056424794816916,0.62712147967544096,0.22716329101437155,0.14571522931018757,0.44539473684210529,0.23026315789473684,0.32434210526315788,0.51069027330375028,0.22964452694472237,0.25966519975152746,0.6011748000890681,0.22027489473933065,0.17855030517160109,0.59595875620924843,0.23070698249897009,0.17333426129178139
1608,2025-2026,2025-10-26,Everton,Tottenham,A,0.37286745849076924,0.29434426338652769,0.33278827812270312,0.36558900276211553,0.31037293041869407,0.32403806681919045,0.35825484711722488,0.2718420131106325,0.36990313977214268,0.44539473684210529,0.23026315789473684,0.32434210526315788,0.48686383274002804,0.2329253045473737,0.28021086271259815,0.42122132080499142,0.28054719525154082,0.29823148394346793,0.41469787891414672,0.2935940790332302,0.2917080420526233
1609,2025-2026,2025-10-26,Wolves,Burnley,A,0.31764167286321043,0.24471318382154333,0.43764514331524629,0.31621724216780217,0.25888113904319504,0.42490161878900284,0.32694165974451855,0.25995346566412186,0.41310487459135964,0.44539473684210529,0.23026315789473684,0.32434210526315788,0.39798451920940076,0.23952540438163383,0.36249007640896541,0.39513548896220463,0.25039438351431192,0.3544701275234835,0.38927538694956293,0.26211458753959532,0.3486100255108418
1610,2025-2026,2025-11-01,Brighton,Leeds United,H,0.5453840747949833,0.23641646526115151,0.21819945994386525,0.5474286678804372,0.2311262373552406,0.22144509476432217,0.53312594998136387,0.23574725229379148,0.23112679772484471,0.44539473684210529,0.23026315789473684,0.32434210526315788,0.50882837203536757,0.2299232510778792,0.26124837688675323,0.6296581415892436,0.19548741039350137,0.17485444801725494,0.62860105147840584,0.19760159061517701,0.17379735790641712
1611,2025-2026,2025-11-01,Burnley,Arsenal,A,0.20469860464523429,0.26400441688615206,0.53129697846861368,0.20337182487802755,0.26261042527205952,0.5340177498499129,0.24086739572100263,0.26007104179421109,0.49906156248478628,0.44539473684210529,0.23026315789473684,0.32434210526315788,0.2666985029740388,0.23084909827302025,0.50245239875294101,0.1129067705514642,0.19137049473908563,0.69572273470945023,0.11183098144940222,0.19352207294320956,0.69464694560738827
1612,2025-2026,2025-11-01,Crystal Palace,Brentford,H,0.46951226672146013,0.23970750523036824,0.29078022804817172,0.47192105140040441,0.23533222734273895,0.29274672125685663,0.50514220626114403,0.21798941273736008,0.2768683810014958,0.44539473684210529,0.23026315789473684,0.32434210526315788,0.47312383086942811,0.23453313870218107,0.29234303042839083,0.46433430335853276,0.23411560938645906,0.30155008725500809,0.4630641500840737,0.23665591593537713,0.30027993398054903
1613,2025-2026,2025-11-01,Fulham,Wolves,H,0.54054633052106837,0.2464455425182312,0.21300812696070043,0.5387776706190418,0.24277608424451039,0.21844624513644784,0.53777717469393016,0.25187418871391171,0.21034863659215813,0.44539473684210529,0.23026315789473684,0.32434210526315788,0.52190317954726306,0.22788628876701292,0.25021053168572399,0.54991998049735424,0.23021429369010468,0.21986572581254121,0.54862448052702062,0.23280529363077182,0.21857022584220764
1614,2025-2026,2025-11-01,Liverpool,Aston Villa,H,0.50888902245185241,0.26553289552217119,0.22557808202597637,0.51606089885975559,0.25649524685895075,0.2274438542812936,0.50539522979994644,0.24712968795547624,0.24747508224457734,0.44539473684210529,0.23026315789473684,0.32434210526315788,0.48517831910785819,0.23313378597903778,0.28168789491310403,0.46108965659524387,0.2450387843546479,0.2938715590501082,0.45971787270893433,0.24778235212726687,0.29249977516379877
1615,2025-2026,2025-11-01,Nottingham,Manchester Utd,D,0.30912842467636498,0.25909749336716026,0.43177408195647471,0.30996591373147048,0.25341823660221402,0.4366158496663155,0.2854054696087423,0.24373384717150706,0.47086068321975066,0.44539473684210529,0.23026315789473684,0.32434210526315788,0.40390107959463101,0.23937304515654437,0.35672587524882449,0.26923829504063057,0.25087201747049986,0.47988968748886951,0.26781868241638845,0.25371124271898426,0.47847007486462739
1616,2025-2026,2025-11-01,Tottenham,Chelsea,A,0.42931235551034508,0.27458546758689184,0.29610217690276319,0.44192414890904286,0.26503473411574535,0.29304111697521185,0.39158363752069147,0.27777487816063512,0.33064148431867346,0.44539473684210529,0.23026315789473684,0.32434210526315788,0.36738351110317935,0.23962064825011545,0.39299584064670517,0.36655637568689747,0.24223544587194043,0.39120817844116201,0.36522942498073985,0.24488934728425563,0.38988122773500444
1617,2025-2026,2025-11-02,Manchester City,Bournemouth,H,0.55708878995896238,0.2276477039818833,0.21526350605915442,0.55197274323540302,0.24264679083281007,0.20538046593178699,0.53619873912024796,0.26658905322382026,0.19721220765593173,0.44539473684210529,0.23026315789473684,0.32434210526315788,0.51866034505879632,0.22840881004847069,0.25293084489273293,0.59670666778114889,0.22713863295790132,0.17615469926094979,0.59763209480412405,0.22528777891195095,0.17708012628392497
1618,2025-2026,2025-11-02,West Ham,Newcastle,H,0.18632483332995914,0.22752448243996462,0.58615068423007632,0.19088997727011808,0.2461365004354103,0.56297352229447162,0.19844483802436752,0.25318014826333418,0.54837501371229835,0.44539473684210529,0.23026315789473684,0.32434210526315788,0.31682605109646511,0.2370796210174507,0.44609432788608422,0.18652860996960896,0.2315075951018313,0.58196379492855965,0.18747217547202849,0.2296204640969923,0.58290736043097924
1619,2025-2026,2025-11-03,Sunderland,Everton,D,0.49504306907035212,0.26219348624513544,0.24276344468451241,0.50044434592574949,0.27136063091855273,0.22819502315569776,0.52588424871595063,0.25996736077737537,0.214148390506674,0.44539473684210529,0.23026315789473684,0.32434210526315788,0.46873233832378963,0.23500277127859456,0.29626489039761583,0.50434883749197923,0.32791554356265284,0.16773561894536815,0.50514542176782962,0.32632237501095196,0.16853220322121859
1620,2025-2026,2025-11-08,Chelsea,Wolves,H,0.71555614445528348,0.18447046193791822,0.099973393606798328,0.72501760724424125,0.17543061719229958,0.09955177556345933,0.70747611622288986,0.17601126173830475,0.11651262203880526,0.44539473684210529,0.23026315789473684,0.32434210526315788,0.62283625402960752,0.20593960386669272,0.17122414210369993,0.76474666183121409,0.15107495052946796,0.084178387639318134,0.76407932474177442,0.15240962470834729,0.083511050549878466
1621,2025-2026,2025-11-08,Everton,Fulham,H,0.40961040038654972,0.26626068715379492,0.32412891245965531,0.41544464478879739,0.26431007545211321,0.32024527975908945,0.42111930823532501,0.26237414644650531,0.3165065453181698,0.44539473684210529,0.23026315789473684,0.32434210526315788,0.46361102225719847,0.23552320397321694,0.30086577376958462,0.3996586726965537,0.28932155831889322,0.31101976898455314,0.39842144417192188,0.29179601536815686,0.30978254045992137
1622,2025-2026,2025-11-08,Sunderland,Arsenal,D,0.27181214388306002,0.24037132074993189,0.48781653536700809,0.28419715688174019,0.23578567804437411,0.48001716507388575,0.3088431185181032,0.25292216672119422,0.43823471476070258,0.44539473684210529,0.23026315789473684,0.32434210526315788,0.29879337426502606,0.23529283205000825,0.46591379368496572,0.20123752655959259,0.36644970070503097,0.43231277273537638,0.20018477179703931,0.36855521023013754,0.4312600179728231
1623,2025-2026,2025-11-08,Tottenham,Manchester Utd,D,0.470746136569827,0.25245470862465563,0.27679915480551737,0.48409484770287348,0.23430997074583432,0.28159518155129226,0.42958796078093836,0.26354014610701887,0.30687189311204272,0.44539473684210529,0.23026315789473684,0.32434210526315788,0.41076034987203602,0.23914340785850174,0.35009624226946229,0.46118068156774589,0.23292962869406314,0.30588968973819125,0.46020098867857645,0.23488901447240201,0.30490999684902181
1624,2025-2026,2025-11-08,West Ham,Burnley,H,0.37217994850973507,0.28198096477943924,0.34583908671082569,0.3619405233709645,0.27416022179571875,0.36389925483331675,0.35848589301173939,0.27208134515706456,0.36943276183119605,0.44539473684210529,0.23026315789473684,0.32434210526315788,0.40976131242679587,0.23918037321228666,0.3510583143609175,0.42475309866337535,0.22781945475014209,0.3474274465864825,0.42383659150119507,0.22965246907450274,0.34651093942430211
1625,2025-2026,2025-11-09,Aston Villa,Bournemouth,H,0.49542529990497486,0.21767973396555529,0.28689496612946974,0.49724791544516489,0.21316117435856041,0.28959091019627475,0.47727267070993618,0.23797767408753556,0.28474965520252821,0.44539473684210529,0.23026315789473684,0.32434210526315788,0.47801459335276653,0.23398482476493768,0.28800058188229571,0.43812536593515161,0.27449984574991743,0.28737478831493113,0.43735864959812665,0.27603327842396741,0.28660807197790616
1626,2025-2026,2025-11-09,Brentford,Newcastle,H,0.45433347305493066,0.24346890615062255,0.30219762079444679,0.44636141254417,0.26086094791865849,0.29277763953717145,0.43565871434636949,0.24940846192963717,0.31493282372399328,0.44539473684210529,0.23026315789473684,0.32434210526315788,0.41929538182041315,0.238779066185032,0.34192555199455482,0.43594217074921354,0.24811781237713104,0.31594001687365536,0.4352488200311172,0.24950451381332367,0.31524666615555907
1627,2025-2026,2025-11-09,Crystal Palace,Brighton,D,0.46620888189933074,0.25904146932697603,0.27474964877369329,0.46926876931886269,0.27462211991570068,0.25610911076543669,0.46409188372352744,0.26328116577514488,0.27262695050132774,0.44539473684210529,0.23026315789473684,0.32434210526315788,0.45535578763850426,0.23630001609696563,0.30834419626453002,0.52772575846546643,0.22132365454094649,0.25095058699358691,0.52713264118622583,0.22250988909942776,0.2503574697143463
1628,2025-2026,2025-11-09,Manchester City,Liverpool,H,0.53280874707764259,0.22202106087812645,0.24517019204423096,0.54035136766392888,0.2381607739775792,0.22148785835849188,0.55306354582874295,0.24735104071664982,0.19958541345460731,0.44539473684210529,0.23026315789473684,0.32434210526315788,0.44749967949706132,0.23696761061928109,0.31553270988365772,0.57281900393715823,0.21496547445026423,0.21221552161257742,0.57223119519623789,0.21614109193210504,0.21162771287165702
1629,2025-2026,2025-11-09,Nottingham,Leeds United,H,0.4237632096026055,0.26590156668458964,0.31033522371280475,0.42844518971605494,0.2825159616817311,0.28903884860221402,0.42228988780294757,0.26004847120588931,0.31766164099116312,0.44539473684210529,0.23026315789473684,0.32434210526315788,0.44834735042229429,0.23689895842218642,0.31475369115551932,0.51315945609978741,0.26534357568940609,0.22149696821080656,0.51242750281829752,0.26680748225238587,0.22076501492931666
1630,2025-2026,2025-11-22,Bournemouth,West Ham,D,0.5919129693342573,0.23981896871368852,0.16826806195205427,0.57464201238946844,0.24648419835927426,0.17887378925125738,0.56694272336462781,0.2403908168398399,0.19266645979553229,0.44539473684210529,0.23026315789473684,0.32434210526315788,0.53858954316795393,0.22501762685376953,0.23639282997827663,0.62313020002127528,0.19381074374113519,0.1830590562375897,0.62067220402929113,0.1987267357251036,0.18060106024560546
1631,2025-2026,2025-11-22,Brighton,Brentford,H,0.48563392569931169,0.24186969993880997,0.27249637436187835,0.46423737192500697,0.24849952679238851,0.28726310128260446,0.53782455604183699,0.21775201464321575,0.24442342931494712,0.44539473684210529,0.23026315789473684,0.32434210526315788,0.4736725961976293,0.23447294096929761,0.29185446283307309,0.47380246767545176,0.21787436399466475,0.30832316832988355,0.47120799416416786,0.22306331101723254,0.3057286948185996
1632,2025-2026,2025-11-22,Burnley,Chelsea,A,0.2674041733645387,0.25251456793122562,0.48008125870423557,0.25833943832421108,0.23939081980890831,0.50226974186688056,0.25175800509412194,0.24132481953487331,0.50691717537100478,0.44539473684210529,0.23026315789473684,0.32434210526315788,0.32285240868788334,0.23756940646650906,0.43957818484560757,0.20588938255974157,0.21357771753885199,0.58053289990140633,0.20306718364358992,0.21922211537115543,0.57771070098525479
1633,2025-2026,2025-11-22,Fulham,Sunderland,H,0.36164852301004902,0.27340608101851649,0.36494539597143449,0.33965826923288905,0.27550560161267412,0.38483612915443682,0.36721215740000573,0.27628297351820646,0.3565048690817878,0.44539473684210529,0.23026315789473684,0.32434210526315788,0.40175973188765512,0.23943310047784513,0.3588071676344996,0.29098629740319432,0.28935172902814704,0.41966197356865881,0.28719537473881496,0.29693357435690571,0.41587105090427945
1634,2025-2026,2025-11-22,Liverpool,Nottingham,A,0.63105057341674087,0.22329920948658391,0.14565021709667525,0.61205902127926493,0.23239108309939116,0.15554989562134386,0.62373224077251788,0.22455597032238683,0.15171178890509518,0.44539473684210529,0.23026315789473684,0.32434210526315788,0.58379949737840486,0.21573548589829231,0.20046501672330277,0.71820433823745189,0.16080951268044524,0.12098614908210283,0.71614340574076218,0.16493137767382465,0.11892521658541311
1635,2025-2026,2025-11-22,Newcastle,Manchester City,H,0.30006774290158372,0.22782676946440886,0.47210548763400734,0.2907289872934114,0.22760326702785996,0.48166774567872878,0.28838839115424963,0.23342501337770116,0.47818659546804931,0.44539473684210529,0.23026315789473684,0.32434210526315788,0.338298637976366,0.23858814136863846,0.42311322065499563,0.20818924552159829,0.25084453406015522,0.54096622041824627,0.20480520373966327,0.25761261762402532,0.53758217863631119
1636,2025-2026,2025-11-22,Wolves,Crystal Palace,A,0.15266027890513353,0.22083447306132012,0.62650524803354635,0.13931414600547898,0.21740789411475689,0.64327795987976422,0.1623834904371915,0.24371888889794113,0.5938976206648674,0.44539473684210529,0.23026315789473684,0.32434210526315788,0.29207918607217309,0.23450067652596834,0.47342013740185862,0.17751176708785682,0.2391320286643866,0.58335620424775669,0.17429618036943165,0.24556320210123694,0.58014061752933144
1637,2025-2026,2025-11-23,Arsenal,Tottenham,H,0.64525353339169766,0.20883866332668094,0.14590780328162126,0.61773956940414487,0.23121924111739814,0.15104118947845702,0.62361232635274033,0.20253630903703426,0.17385136461022543,0.44539473684210529,0.23026315789473684,0.32434210526315788,0.63176792900103174,0.20346346986565447,0.16476860113331379,0.69441341539029111,0.19615690914322303,0.10942967546648591,0.69386510272566204,0.19725353447248128,0.10888136280185678
1638,2025-2026,2025-11-23,Leeds United,Aston Villa,A,0.25551740083953889,0.25333394158991474,0.49114865757054627,0.24155944908515245,0.25187668816097114,0.50656386275387644,0.27938610827167915,0.25402531465791461,0.46658857707040624,0.44539473684210529,0.23026315789473684,0.32434210526315788,0.32630790612951827,0.23782662018158152,0.43586547368890022,0.15046254672857876,0.23342029094569014,0.61611716232573122,0.14981710739058246,0.23471116962168262,0.61547172298773489
1639,2025-2026,2025-11-24,Manchester Utd,Everton,A,0.46259913555885424,0.27274836612282333,0.26465249831832249,0.44892288289136123,0.2919646038556718,0.25911251325296702,0.46548087337842875,0.28775762045016584,0.24676150617140538,0.44539473684210529,0.23026315789473684,0.32434210526315788,0.44969979507233016,0.23678772821666827,0.31351247671100169,0.47834209918937992,0.26275381633350214,0.25890408447711799,0.47802690579037471,0.26338420313151251,0.25858889107811278
1640,2025-2026,2025-11-29,Brentford,Burnley,H,0.62048715711167735,0.21562987010935711,0.16388297277896555,0.60747563871655086,0.23159103053457278,0.16093333074887647,0.58466798027290512,0.22141797722617473,0.1939140425009202,0.44539473684210529,0.23026315789473684,0.32434210526315788,0.51058924771067637,0.2296597471773707,0.25975100511195298,0.69872358953897695,0.16361332059108138,0.1376630898699418,0.69997755239560899,0.16110539487781736,0.13891705272657381
1641,2025-2026,2025-11-29,Everton,Newcastle,A,0.43067587596377427,0.26513368553362349,0.3041904385026023,0.43656124053491258,0.2806724862922696,0.28276627317281794,0.43970823274370346,0.2683829342066501,0.29190883304964643,0.44539473684210529,0.23026315789473684,0.32434210526315788,0.43123978259679818,0.23812475928805216,0.33063545811514972,0.38963594280566816,0.30238548892965877,0.3079785682646729,0.3920587269261348,0.29753992068872548,0.31040135238513955
1642,2025-2026,2025-11-29,Manchester City,Leeds United,H,0.73935734169232148,0.17166596949753168,0.088976688810146864,0.72541873805022195,0.18692949227685596,0.087651769672922195,0.70977785312332464,0.19011476302214955,0.10010738385452579,0.44539473684210529,0.23026315789473684,0.32434210526315788,0.6169226656751593,0.20753060915457694,0.17554672517026373,0.86251483778086779,0.099159296071768058,0.038325866147364093,0.86336044551196567,0.097468080609572419,0.039171473878461913
1643,2025-2026,2025-11-29,Sunderland,Bournemouth,H,0.4384656460756795,0.23961023589483732,0.32192411802948323,0.42859332426154256,0.25729825300213643,0.314108422736321,0.46409192348274109,0.2582941878821593,0.2776138886350995,0.44539473684210529,0.23026315789473684,0.32434210526315788,0.42910675719001778,0.23825385835079152,0.33263938445919072,0.51477609707082606,0.26145128996492784,0.22377261296424603,0.51698120086915123,0.25704108236827738,0.22597771676257125
1644,2025-2026,2025-11-29,Tottenham,Fulham,A,0.44179525193558788,0.26462204434254283,0.2935827037218694,0.44503088347856701,0.27774048959740144,0.27722862692403144,0.44122466331352667,0.27033339384485977,0.28844194284161356,0.44539473684210529,0.23026315789473684,0.32434210526315788,0.43120350444550398,0.23812699928936526,0.3306694962651307,0.49275005962840113,0.23671488638332303,0.27053505398827599,0.49473987456501778,0.23273525651008964,0.27252486892489269
1645,2025-2026,2025-11-30,Aston Villa,Wolves,H,0.73113530370673085,0.16848894264803457,0.1003757536452345,0.72611877080917775,0.17788381957447549,0.09599740961634691,0.71630841602468587,0.17690663204380899,0.1067849519315052,0.44539473684210529,0.23026315789473684,0.32434210526315788,0.64469202315666829,0.19972365229069469,0.15558432455263707,0.74840322916076996,0.1694297523195091,0.082167018519721038,0.74923115571296006,0.167773899215129,0.082994945071911103
1646,2025-2026,2025-11-30,Chelsea,Arsenal,D,0.40854013798160516,0.24841038634534846,0.34304947567304633,0.39925195107322092,0.26604875136800504,0.33469929755877403,0.39640843740566001,0.25180290756501611,0.35178865502932399,0.44539473684210529,0.23026315789473684,0.32434210526315788,0.36598477065848439,0.23959659889300261,0.39441863044851305,0.28395250296711499,0.30122583702693961,0.41482166000594534,0.28535398947040824,0.29842286402035323,0.41622314650923853
1647,2025-2026,2025-11-30,Crystal Palace,Manchester Utd,A,0.52629626800472284,0.25445161339873934,0.21925211859653784,0.52981183397697895,0.25741262532207571,0.21277554070094537,0.49698774122644246,0.2589397449028395,0.24407251387071807,0.44539473684210529,0.23026315789473684,0.32434210526315788,0.50537355901521164,0.23043042532058519,0.26419601566420309,0.53383584063554823,0.24851553768615708,0.21764862167829471,0.53507541523595803,0.24603638848533763,0.21888819627870451
1648,2025-2026,2025-11-30,Nottingham,Brighton,A,0.36676120926848027,0.24608693930860617,0.38715185142291353,0.36068578277486701,0.26090449320789105,0.37840972401724182,0.3612478253858426,0.24262977182252582,0.39612240279163163,0.44539473684210529,0.23026315789473684,0.32434210526315788,0.38635086282538561,0.23969983636776818,0.37394930080684607,0.35724197148836662,0.2453118110583328,0.39744621745330055,0.35844092041508901,0.24291391320488806,0.39864516638002295
1649,2025-2026,2025-11-30,West Ham,Liverpool,A,0.27109087514829328,0.23589598489177288,0.4930131399599339,0.26843405196202075,0.25300821948327551,0.47855772855470374,0.27925203545758781,0.26681910176796431,0.45392886277444777,0.44539473684210529,0.23026315789473684,0.32434210526315788,0.29528723342775298,0.23488795253464478,0.46982481403760218,0.27938331129432076,0.21099567779507633,0.50962101091060286,0.28029164036784882,0.20917901964802019,0.51052933998413086
1650,2025-2026,2025-12-02,Bournemouth,Everton,A,0.47587041692760712,0.29522061308675729,0.22890896998563562,0.50372286307635417,0.28903636615535072,0.2072407707682952,0.50046566082032851,0.2619547998784893,0.23757953930118214,0.44539473684210529,0.23026315789473684,0.32434210526315788,0.45413463527929948,0.23640838866731559,0.30945697605338501,0.45188171043341274,0.25595390989624783,0.29216437967033948,0.45165266975248908,0.25641199125809516,0.29193533898941582
1651,2025-2026,2025-12-02,Fulham,Manchester City,A,0.31449367277292889,0.24622582114200453,0.43928050608506669,0.34296974215424753,0.24998059932718111,0.40704965851857133,0.35606752172081652,0.24732643092801296,0.39660604735117061,0.44539473684210529,0.23026315789473684,0.32434210526315788,0.31955022253037535,0.23730755270186743,0.44314222476775716,0.22484137797945952,0.24644460889070957,0.52871401312983091,0.22462088129287963,0.24688560226386935,0.52849351644325093
1652,2025-2026,2025-12-02,Newcastle,Tottenham,D,0.48743468774515297,0.25781317495106371,0.25475213730378327,0.51753930275702287,0.25130818565017032,0.23115251159280678,0.50135392567792481,0.23704980736161607,0.26159626696045912,0.44539473684210529,0.23026315789473684,0.32434210526315788,0.53916427050353632,0.22491346203903834,0.23592226745742523,0.56382271852241717,0.21108006067559354,0.22509722080198935,0.56364567392718445,0.21143414986605891,0.22492017620675664
1653,2025-2026,2025-12-03,Arsenal,Brentford,H,0.69200542952439714,0.18399550782623769,0.12399906264936512,0.71074033182338947,0.17653820939999862,0.11272145877661188,0.73744122345600249,0.15382539109780241,0.10873338544619526,0.44539473684210529,0.23026315789473684,0.32434210526315788,0.59750377399419619,0.21248566237346336,0.19001056363234048,0.67086796039414731,0.2001221826303845,0.1290098569754683,0.67316656445703726,0.19552497450460465,0.13130846103835822
1654,2025-2026,2025-12-03,Brighton,Aston Villa,A,0.45192065320665847,0.25818831673699871,0.28989103005634281,0.47270613547066137,0.25557266885270125,0.27172119567663727,0.48051366960712721,0.2515952342405231,0.26789109615234979,0.44539473684210529,0.23026315789473684,0.32434210526315788,0.41836382439883291,0.23882303949334122,0.34281313610782588,0.38633421743652246,0.27643859681781996,0.33722718574565763,0.38949447503248352,0.27011808162589784,0.34038744334161869
1655,2025-2026,2025-12-03,Burnley,Crystal Palace,A,0.25312590017450742,0.26820556196807582,0.4786685378574167,0.2681687447955482,0.26864778116809573,0.46318347403635601,0.27931439492590932,0.26667841736245063,0.45400718771163995,0.44539473684210529,0.23026315789473684,0.32434210526315788,0.3431593747719402,0.23883990105029226,0.41800072417776757,0.206642279792283,0.23070563622786083,0.56265208397985622,0.2092959535863311,0.22539828863976466,0.56530575777390435
1656,2025-2026,2025-12-03,Leeds United,Chelsea,H,0.21398367841121013,0.24793844602117196,0.53807787556761788,0.22728503088944002,0.24884312811938758,0.52387184099117245,0.2292043346520875,0.24145677457370585,0.52933889077420671,0.44539473684210529,0.23026315789473684,0.32434210526315788,0.30167044969783974,0.23561087445425707,0.46271867584790322,0.12916982392698459,0.19591447517141275,0.67491570090160269,0.1314257255911368,0.19140267184310833,0.67717160256575482
1657,2025-2026,2025-12-03,Liverpool,Sunderland,D,0.51766003823596729,0.24810143511924215,0.23423852664479061,0.54075943640429414,0.24230740778370985,0.21693315581199599,0.52803595338815135,0.23398101512549718,0.23798303148635147,0.44539473684210529,0.23026315789473684,0.32434210526315788,0.5354759321173721,0.22557574579933357,0.23894832208329425,0.43032054142245307,0.25371749668419336,0.31596196189335363,0.43323169545724372,0.24789518861461182,0.31887311592814432
1658,2025-2026,2025-12-03,Wolves,Nottingham,A,0.25968442859205926,0.24759451151439457,0.4927210598935462,0.27869031943645067,0.24843901806864122,0.47287066249490811,0.27679980724912684,0.2642426980271399,0.45895749472373337,0.44539473684210529,0.23026315789473684,0.32434210526315788,0.34273614667600705,0.23881926790670024,0.41844458541729274,0.2538226639390429,0.26593255157767759,0.48024478448327945,0.25685656244117361,0.25986475457341612,0.48327868298541021
1659,2025-2026,2025-12-04,Manchester Utd,West Ham,D,0.569486177602609,0.26001047112051023,0.17050335127688082,0.5961826916521723,0.24588493982926488,0.15793236851856277,0.56276866847081941,0.26193737788671445,0.17529395364246617,0.44539473684210529,0.23026315789473684,0.32434210526315788,0.52566351148143997,0.22726611335507105,0.24707037516348904,0.62158033539963164,0.19663707128237271,0.18178259331799548,0.62401980340794649,0.19175813526574326,0.18422206132631028
1660,2025-2026,2025-12-06,Aston Villa,Arsenal,H,0.36930377005048931,0.24775167507707385,0.38294455487243678,0.39270985905310341,0.22165194229718729,0.38563819864970927,0.3853718004670304,0.23779849197414799,0.37682970755882167,0.44539473684210529,0.23026315789473684,0.32434210526315788,0.3750445475476285,0.23970767118368116,0.38524778126869036,0.22574153179965065,0.29261409688982742,0.48164437131052207,0.22720637016654299,0.28968442015604251,0.48310920967741439
1661,2025-2026,2025-12-06,Bournemouth,Chelsea,D,0.35830192976993208,0.30872746495216047,0.33297060527790751,0.36527047486502817,0.28821709721985939,0.34651242791511239,0.34804743582772218,0.26274688123058026,0.3892056829416975,0.44539473684210529,0.23026315789473684,0.32434210526315788,0.37303211870226655,0.23969209747767486,0.38727578382005873,0.28830815117535008,0.24199001885709309,0.46970182996755666,0.28961341446245553,0.23937949228288219,0.47100709325466211
1662,2025-2026,2025-12-06,Everton,Nottingham,H,0.5182462104804012,0.24349406574574617,0.23825972377385263,0.52860180857875605,0.22595839570145237,0.24543979571979163,0.48423693035735899,0.25473729186995775,0.26102577777268321,0.44539473684210529,0.23026315789473684,0.32434210526315788,0.47818678118936758,0.23396503601463328,0.28784818279599922,0.43578567900003606,0.30070466387296763,0.26350965712699614,0.43730214671760237,0.29767172843783501,0.26502612484456245
1663,2025-2026,2025-12-06,Leeds United,Liverpool,D,0.27962126637507778,0.27027231766009779,0.45010641596482448,0.29700912226302867,0.25012408462458485,0.45286679311238653,0.33454414878399485,0.25054054232398953,0.41491530889201561,0.44539473684210529,0.23026315789473684,0.32434210526315788,0.3024566980477712,0.23569557978090366,0.46184772217132514,0.24896240483390308,0.21184405481045018,0.53919354035564704,0.2500146843819942,0.20973949571426773,0.5402458199037381
1664,2025-2026,2025-12-06,Manchester City,Sunderland,H,0.62784062253879724,0.21806771952737758,0.15409165793382526,0.63861463695650877,0.20406866266455656,0.15731670037893467,0.63149422155753476,0.21053456173879484,0.15797121670367031,0.44539473684210529,0.23026315789473684,0.32434210526315788,0.55939977602479274,0.22101885334456972,0.21958137063063765,0.5435603343792812,0.2376588949558851,0.21878077066483384,0.54486169071023693,0.23505618229397371,0.22008212699578955
1665,2025-2026,2025-12-06,Newcastle,Burnley,H,0.64031616511918787,0.20657172099286847,0.15311211388794363,0.65283910254881083,0.19139796094952533,0.15576293650166392,0.62354599701350499,0.20629894047001163,0.17015506251648338,0.44539473684210529,0.23026315789473684,0.32434210526315788,0.56307112436364337,0.22026493945614292,0.21666393618021362,0.7069166163284315,0.16924677216168951,0.12383661150987883,0.70781427840349553,0.16745144801156142,0.12473427358494289
1666,2025-2026,2025-12-06,Tottenham,Brentford,H,0.39754728838708414,0.27396078154539211,0.32849193006752375,0.40575866653843801,0.25483118150489992,0.33941015195666197,0.45354067878220095,0.23712507573922292,0.30933424547857613,0.44539473684210529,0.23026315789473684,0.32434210526315788,0.39670544528328583,0.2395527335028845,0.3637418212138297,0.39632244462822325,0.22748844582239031,0.3761891095493865,0.39744675717670969,0.22523982072541737,0.37731342209787294
1667,2025-2026,2025-12-07,Brighton,West Ham,D,0.64090190568458383,0.20280135889316972,0.1562967354222464,0.64721099968067974,0.20186013049350693,0.15092886982581338,0.61010891788549815,0.22310034480892851,0.16679073730557331,0.44539473684210529,0.23026315789473684,0.32434210526315788,0.55932301873121781,0.22103446043021549,0.21964252083856672,0.67082772055775297,0.17399221429586628,0.15518006514638072,0.6702058998191317,0.1752358557731088,0.15455824440775945
1668,2025-2026,2025-12-07,Fulham,Crystal Palace,A,0.37445080335157171,0.2559582129446073,0.36959098370382099,0.37992707702341888,0.2570584387245009,0.36301448425208016,0.37276129392052959,0.28314577623492398,0.34409292984454648,0.44539473684210529,0.23026315789473684,0.32434210526315788,0.38241592854246631,0.23972081677278939,0.3778632546847443,0.34520518949562512,0.27099407352669558,0.3838007369776793,0.34412808260115696,0.27314828731563212,0.38272363008321114
1669,2025-2026,2025-12-08,Wolves,Manchester Utd,A,0.1806710951780805,0.22826405790640447,0.59106484691551497,0.18867950686171381,0.20385512547493964,0.60746536766334658,0.19181001706862466,0.22239760510770804,0.58579237782366722,0.44539473684210529,0.23026315789473684,0.32434210526315788,0.30714164397198657,0.23618081234706439,0.45667754368094893,0.19128849012976884,0.23646555448146631,0.57224595538876477,0.18887082877564584,0.24130087718971213,0.56982829403464175
1670,2025-2026,2025-12-13,Arsenal,Wolves,H,0.81881871214075863,0.13376794735687877,0.04741334050236258,0.83369569855216319,0.11765891323975579,0.048645388208081002,0.81491856721716049,0.12828817113890845,0.056793261643931107,0.44539473684210529,0.23026315789473684,0.32434210526315788,0.72341761933750215,0.17279631944463461,0.10378606121786317,0.87360307102812751,0.097184578952254158,0.029212350019618125,0.87284753246013069,0.098695656088247971,0.028456811451621222
1671,2025-2026,2025-12-13,Burnley,Fulham,A,0.31818534956806832,0.27029190247452767,0.4115227479574039,0.32923698341436419,0.24052116726964104,0.43024184931599474,0.3547022763647833,0.24663541957525831,0.39866230405995839,0.44539473684210529,0.23026315789473684,0.32434210526315788,0.39124276782771972,0.23964684938647463,0.3691103827858056,0.29146210751593238,0.23145995855072593,0.47707793393334169,0.28962074705830121,0.23514267946598838,0.47523657347571052
1672,2025-2026,2025-12-13,Chelsea,Everton,H,0.55296696099179066,0.23891011592712766,0.20812292308108174,0.5607745804708999,0.21567893409818684,0.2235464854309131,0.53784236038752042,0.22391192079394384,0.23824571881853582,0.44539473684210529,0.23026315789473684,0.32434210526315788,0.49317450272347313,0.23211693873686706,0.27470855853965992,0.48070003725044835,0.29355460801989436,0.22574535472965715,0.47846992348254075,0.29801483555570996,0.22351524096174938
1673,2025-2026,2025-12-13,Liverpool,Brighton,H,0.5180775483712533,0.23855034398831315,0.24337210764043354,0.5216738142485795,0.2170805869575437,0.26124559879387688,0.51521836125354115,0.21991176018539252,0.26486987856106631,0.44539473684210529,0.23026315789473684,0.32434210526315788,0.5008456899208793,0.23107540483748532,0.26807890524163536,0.4939923149291478,0.20879058597925942,0.29721709909159288,0.49256117414557404,0.21165286754640686,0.29578595830801918
1674,2025-2026,2025-12-14,Brentford,Leeds United,D,0.55039168962470464,0.23190827492173255,0.21770003545356284,0.55402638541886284,0.22655370474218819,0.21941990983894899,0.54742221539924429,0.22280888721056272,0.22976889739019299,0.44539473684210529,0.23026315789473684,0.32434210526315788,0.49018056218849881,0.23250591211894842,0.27731352569255269,0.59473885950009064,0.19531678950517681,0.20994435099473258,0.59369513062698542,0.19740424725138742,0.20890062212162727
1675,2025-2026,2025-12-14,Crystal Palace,Manchester City,A,0.36973473158686432,0.23644478124622698,0.39382048716690876,0.38507809292508033,0.23418617053261356,0.38073573654230608,0.36867548832245872,0.22832401813568057,0.40300049354186068,0.44539473684210529,0.23026315789473684,0.32434210526315788,0.36791323584767283,0.23962909504790053,0.39245766910442664,0.31186780904625988,0.26470165740234802,0.42343053355139215,0.31026075656029806,0.26791576237427145,0.42182348106543033
1676,2025-2026,2025-12-14,Nottingham,Tottenham,H,0.35388146444118923,0.22514328749346282,0.42097524806534792,0.36820620143821997,0.22079476235490006,0.41099903620687989,0.36087969977804657,0.20628465637467408,0.43283564384727929,0.44539473684210529,0.23026315789473684,0.32434210526315788,0.4576905127769571,0.23608811938833507,0.30622136783470777,0.3259149045447956,0.25102305185409568,0.42306204360110866,0.32440298154362501,0.25404689785643686,0.42155012059993807
1677,2025-2026,2025-12-14,Sunderland,Newcastle,H,0.38100746364298804,0.24923727904357584,0.36975525731343611,0.38237437098282351,0.2422705795565939,0.37535504946058257,0.40798938746640456,0.24825700638409787,0.3437536061494974,0.44539473684210529,0.23026315789473684,0.32434210526315788,0.41146043513326819,0.23911679175075232,0.34942277311597963,0.39373052143801873,0.27289259643763802,0.33337688212434302,0.39207997461043387,0.27619369009280775,0.33172633529675821
1678,2025-2026,2025-12-14,West Ham,Aston Villa,A,0.22590741504103351,0.23833477440174267,0.53575781055722382,0.23053611428743906,0.21141607076391464,0.5580478149486463,0.22777422719913726,0.24103587882821376,0.53118989397264893,0.44539473684210529,0.23026315789473684,0.32434210526315788,0.28063000800109439,0.23298483013005428,0.48638516186885128,0.21828751405559191,0.24052584360429949,0.54118664234010871,0.216826615549809,0.24344764061586535,0.53972574383432581
1679,2025-2026,2025-12-15,Manchester Utd,Bournemouth,D,0.46698671888359949,0.2812696414783033,0.25174363963809726,0.49010028833906966,0.2695639273096439,0.24033578435128652,0.49547668567256514,0.27881261298416304,0.22571070134327184,0.44539473684210529,0.23026315789473684,0.32434210526315788,0.46132152473855109,0.2357463419512453,0.30293213331020358,0.51465066130341819,0.22600457116464107,0.2593447675319408,0.51349075564838198,0.22832438247471321,0.25818486187690476
1680,2025-2026,2025-12-20,Bournemouth,Burnley,D,0.59762981516904978,0.24578475950428474,0.1565854253266655,0.60147572020805506,0.24322677985613014,0.15529749993581485,0.59142885185591609,0.22615491637048829,0.18241623177359562,0.44539473684210529,0.23026315789473684,0.32434210526315788,0.54196847127738634,0.22440011014289471,0.23363141857971895,0.64120512943861607,0.18409706176753488,0.17469780879384908,0.64011771618390079,0.18627188827696553,0.17361039553913374
1681,2025-2026,2025-12-20,Brighton,Sunderland,D,0.45627879848560421,0.23734840223220924,0.30637279928218664,0.45163819234969343,0.23580299176777839,0.31255881588252815,0.465418434084308,0.24059028513362743,0.29399128078206443,0.44539473684210529,0.23026315789473684,0.32434210526315788,0.45938948981762323,0.23593005027858066,0.30468045990379616,0.40015113826254606,0.2726602492314994,0.32718861250595466,0.39836838461201335,0.27622575653256487,0.32540585885542189
1682,2025-2026,2025-12-20,Everton,Arsenal,A,0.2721186528771492,0.23219278543409114,0.49568856168875952,0.27798196084628701,0.22736471857150353,0.49465332058220951,0.26789897965226234,0.25206993718309145,0.48003108316464616,0.44539473684210529,0.23026315789473684,0.32434210526315788,0.30547422383880735,0.23601192467628201,0.45851385148491047,0.19791909725631424,0.2976016013193456,0.50447930142434005,0.19622778382887685,0.30098422817422038,0.50278798799690261
1683,2025-2026,2025-12-20,Leeds United,Crystal Palace,H,0.29251235728082342,0.27491519092117778,0.43257245179799875,0.29930501923440966,0.26835782282874415,0.43233715793684613,0.31266635756840677,0.26770778109501792,0.41962586133657526,0.44539473684210529,0.23026315789473684,0.32434210526315788,0.35481908666120449,0.23931299431950237,0.40586791901929309,0.3013729291307668,0.25714316111744862,0.44148390975178459,0.29968527990100385,0.26051845957697439,0.4397962605220217
1684,2025-2026,2025-12-20,Manchester City,West Ham,H,0.76202451089059642,0.16709745424297975,0.070878034866423911,0.76116607325400298,0.16677247617701638,0.072061450568980515,0.73365013015197966,0.18723273524770456,0.079117134600315761,0.44539473684210529,0.23026315789473684,0.32434210526315788,0.65402710830784228,0.19690598751157246,0.14906690418058524,0.82198270511610805,0.11287035059733534,0.065146944286556693,0.82128143510857143,0.11427289061240882,0.064445674279019941
1685,2025-2026,2025-12-20,Newcastle,Chelsea,D,0.4150882262682643,0.22723314484943635,0.35767862888229929,0.42896822760996711,0.21376324241847836,0.3572685299715545,0.38702761476162512,0.24739941651821129,0.36557296872016365,0.44539473684210529,0.23026315789473684,0.32434210526315788,0.40297201727407206,0.23939978386357436,0.35762819886235359,0.34158850720512163,0.27547180570000074,0.38293968709487769,0.33979092050812731,0.27906697909398942,0.38114210039788338
1686,2025-2026,2025-12-20,Tottenham,Liverpool,A,0.35076627273572902,0.25285960803000235,0.39637411923426868,0.36090928675702033,0.24609815547131328,0.39299255777166636,0.34165454103438464,0.26148362982630208,0.39686182913931339,0.44539473684210529,0.23026315789473684,0.32434210526315788,0.30482044856132495,0.23594455903084247,0.45923499240783255,0.34153799601734763,0.22576443431703744,0.43269756966561501,0.34020209349487956,0.22843623936197352,0.431361667143147
1687,2025-2026,2025-12-20,Wolves,Brentford,A,0.18211642926795246,0.20966638827277076,0.6082171824592767,0.17867316422001547,0.20572787162070655,0.61559896415927795,0.24634456276422789,0.21063702160144593,0.54301841563432618,0.44539473684210529,0.23026315789473684,0.32434210526315788,0.30712254868086808,0.23617890197693731,0.45669854934219462,0.19524687774428892,0.233508829875714,0.57124429237999697,0.19371384454153495,0.23657489628122191,0.56971125917724308
1688,2025-2026,2025-12-21,Aston Villa,Manchester Utd,H,0.60817948719781223,0.21061850233750196,0.18120201046468581,0.59945306270729948,0.20875545043588706,0.19179148685681335,0.55979485407390295,0.21692398811679381,0.22328115780930327,0.44539473684210529,0.23026315789473684,0.32434210526315788,0.55391374844412133,0.22211833485698079,0.22396791669889787,0.57546837806313211,0.2068725567967791,0.21765906514008868,0.57128467078332346,0.21523997135639655,0.21347535786027996
1689,2025-2026,2025-12-22,Fulham,Nottingham,H,0.5030910617815626,0.24899621419492154,0.24791272402351583,0.50598047490139364,0.25859602333055243,0.23542350176805391,0.50037432224345835,0.27030503258407279,0.22932064517246883,0.44539473684210529,0.23026315789473684,0.32434210526315788,0.44343653897580682,0.23728527689568082,0.31927818412851244,0.49387192666295043,0.23490161356184083,0.27122645977520882,0.48883575512069749,0.24497395664634675,0.26619028823295587
1690,2025-2026,2025-12-26,Manchester Utd,Newcastle,H,0.43497088892656111,0.25687191279072058,0.3081571982827182,0.45497519909362905,0.25147982442674294,0.29354497647962807,0.45531547720715693,0.2553647758913497,0.28931974690149342,0.44539473684210529,0.23026315789473684,0.32434210526315788,0.41525142915875685,0.23896249742172587,0.34578607341951739,0.42125504274520414,0.22347673931398465,0.35526821794081126,0.41812714201421247,0.229732540775968,0.35214031720981959
1691,2025-2026,2025-12-27,Arsenal,Brighton,H,0.66863599228862214,0.20219755651053145,0.12916645120084644,0.66521749695007215,0.20173903537282903,0.13304346767709885,0.67259023082835911,0.19144827857690855,0.13596149059473228,0.44539473684210529,0.23026315789473684,0.32434210526315788,0.58389227832724522,0.21571416822477696,0.20039355344797782,0.67082748199556264,0.20414607434826573,0.12502644365617152,0.66985943246954927,0.20608217340029267,0.12405839413015805
1692,2025-2026,2025-12-27,Brentford,Bournemouth,H,0.47739480320258137,0.2636327148798871,0.25897248191753153,0.47393695775358802,0.26194670773369455,0.26411633451271738,0.46647773501960821,0.26327952589142756,0.27024273908896407,0.44539473684210529,0.23026315789473684,0.32434210526315788,0.45167417348904287,0.23662160777358085,0.31170421873737625,0.50521933152764875,0.22679082631645328,0.26798984215589799,0.50418228914475693,0.22886491108223694,0.26695279977300612
1693,2025-2026,2025-12-27,Burnley,Everton,D,0.27847312312999528,0.28095088136569896,0.44057599550430587,0.27454705063055068,0.27532906620310088,0.45012388316634844,0.30318441425485831,0.26914354093164033,0.42767204481350146,0.44539473684210529,0.23026315789473684,0.32434210526315788,0.34828026716229293,0.23907024270194366,0.41264949013576346,0.28338725500026979,0.27949356741448561,0.43711917758524477,0.28207450613767571,0.28211906513967372,0.43580642872265068
1694,2025-2026,2025-12-27,Chelsea,Aston Villa,A,0.47274497413104832,0.25399724020857023,0.27325778566038145,0.47660031540855252,0.24617512682708453,0.27722455776436289,0.46388677629833197,0.23551749443973921,0.30059572926192885,0.44539473684210529,0.23026315789473684,0.32434210526315788,0.40197238557925885,0.23942738519715645,0.35860022922358487,0.43785042646438782,0.26776531103986939,0.29438426249574268,0.43657049211544091,0.27032517973776321,0.29310432814679577
1695,2025-2026,2025-12-27,Liverpool,Wolves,H,0.78535404028018385,0.14568656803922209,0.068959391680594007,0.78483413220058262,0.14418389843687568,0.070981969362541697,0.76914309831173178,0.14871684947672367,0.08214005221154469,0.44539473684210529,0.23026315789473684,0.32434210526315788,0.69699349988162473,0.18264997467683017,0.12035652544154515,0.8120615252812029,0.12437544248392915,0.063563032234868033,0.811467483570252,0.12556352590583097,0.062968990523917134
1696,2025-2026,2025-12-27,Nottingham,Manchester City,A,0.24171056124636828,0.21148635335608668,0.54680308539754496,0.25220478510714167,0.20010695257453245,0.54768826231832579,0.23762394159193115,0.19145655788370336,0.57091950052436546,0.44539473684210529,0.23026315789473684,0.32434210526315788,0.27843796879692745,0.23267032431191823,0.48889170689115424,0.15448131941843993,0.20590366656490033,0.63961501401665988,0.15349490359540524,0.20787649821096971,0.63862859819362516
1697,2025-2026,2025-12-27,West Ham,Fulham,A,0.27120634439464325,0.25426125935009786,0.47453239625525884,0.26507919270789415,0.25054075708090923,0.48438005021119651,0.27165416328312858,0.25661653025677122,0.47172930646010014,0.44539473684210529,0.23026315789473684,0.32434210526315788,0.37978136942180823,0.2397240042929529,0.38049462628523889,0.33763125899530888,0.23570579410618808,0.42666294689850293,0.33655803242319599,0.23785224725041385,0.42558972032639009
1698,2025-2026,2025-12-28,Crystal Palace,Tottenham,A,0.45638660246641544,0.25311505361321229,0.29049834392037233,0.45856248909365516,0.24515729795453511,0.29628021295180984,0.45283193365391972,0.22890784645738302,0.31826021988869718,0.44539473684210529,0.23026315789473684,0.32434210526315788,0.53343431826724974,0.22593602492136011,0.24062965681139017,0.48060432681774151,0.24737396634524794,0.27202170683701055,0.4790507755660891,0.25048106884855276,0.27046815558535808
1699,2025-2026,2025-12-28,Sunderland,Leeds United,D,0.52972903469959232,0.22026640971846254,0.25000455558194518,0.53255472766492651,0.21434873705251759,0.25309653528255588,0.53628897454440361,0.2243020385166889,0.2394089869389075,0.44539473684210529,0.23026315789473684,0.32434210526315788,0.50359036373573618,0.23068710822066432,0.26572252804359953,0.5125827975490963,0.25219425921780292,0.23522294323310072,0.51099629947461123,0.25536725536677302,0.2336364451586157
1700,2025-2026,2025-12-30,Arsenal,Aston Villa,H,0.62023715106309996,0.21955321473717412,0.16020963419972606,0.64233519923707894,0.21289984844867388,0.14476495231424724,0.62251991715058608,0.20853765602658283,0.16894242682283114,0.44539473684210529,0.23026315789473684,0.32434210526315788,0.48730376482974885,0.23287037351272979,0.27982586165752132,0.542241550112466,0.25781729329538361,0.19994115659215028,0.54165535727570546,0.25898967896890451,0.1993549637553898
1701,2025-2026,2025-12-30,Burnley,Newcastle,A,0.27140551969800841,0.24609205869789488,0.48250242160409679,0.29798574411193712,0.24865549763031819,0.45335875825774474,0.32371266881051308,0.24678776479305553,0.42949956639643139,0.44539473684210529,0.23026315789473684,0.32434210526315788,0.33327959693795972,0.23829391486595813,0.42842648819608214,0.23691366040891379,0.23662968527371309,0.52645665431737299,0.23636427593824433,0.23772845421505201,0.52590726984670355
1702,2025-2026,2025-12-30,Chelsea,Bournemouth,D,0.59790003374463385,0.22296009874658049,0.17913986750878574,0.62378074236406,0.21573835219493281,0.16048090544100715,0.59808366081154085,0.22102348402230348,0.18089285516615572,0.44539473684210529,0.23026315789473684,0.32434210526315788,0.52809602224622332,0.2268567751847074,0.2450472025690692,0.63006712255188491,0.19941239386568274,0.17052048358243244,0.62961347780328025,0.20031968336289199,0.17006683883382781
1703,2025-2026,2025-12-30,Manchester Utd,Wolves,D,0.65979426807720409,0.22048287268423356,0.11972285923856243,0.6806195163358737,0.21150605041899498,0.1078744332451313,0.66609976172935015,0.21267523614566378,0.12122500212498601,0.44539473684210529,0.23026315789473684,0.32434210526315788,0.61831997650918891,0.20715814393580329,0.17452187955500789,0.74756795467856463,0.15604608422395522,0.096385961097480169,0.74720684380524116,0.15676830597060221,0.096024850224156674
1704,2025-2026,2025-12-30,Nottingham,Everton,A,0.40453274758785546,0.24599616880619632,0.3494710836059482,0.43395265088876517,0.24418987798406658,0.32185747112716823,0.41223873952216111,0.24248660152735763,0.34527465895048115,0.44539473684210529,0.23026315789473684,0.32434210526315788,0.4078975211135758,0.23924613458172364,0.35285634430470048,0.34748779180039341,0.32188136798245204,0.33063084021715466,0.34682703210675331,0.32320288736973224,0.32997008052351456
1705,2025-2026,2025-12-30,West Ham,Brighton,D,0.22675747869177645,0.23297773778839778,0.54026478351982588,0.25050551291468848,0.23872163383689904,0.51077285324841248,0.26047026155569136,0.25369238201316591,0.48583735643114273,0.44539473684210529,0.23026315789473684,0.32434210526315788,0.3364970897301206,0.23848655886061151,0.42501635140926786,0.27878363323590705,0.23786908636465737,0.48334728039943564,0.27823977072811917,0.23895681138023306,0.48280341789164771
1706,2025-2026,2026-01-01,Brentford,Tottenham,D,0.44983215060895226,0.27942038699591781,0.27074746239512998,0.4731001108143354,0.26867519944138252,0.25822468974428209,0.46087045147919609,0.23605924278997253,0.30307030573083138,0.44539473684210529,0.23026315789473684,0.32434210526315788,0.49294571217635447,0.232147010932648,0.27490727689099753,0.51155725157745024,0.22785017643516195,0.26059257198738778,0.50950842766501236,0.23194782426003768,0.2585437480749499
1707,2025-2026,2026-01-01,Crystal Palace,Fulham,D,0.45229852143101423,0.23762058555791846,0.31008089301106728,0.48174210538424556,0.22709300088497347,0.29116489373078108,0.44697286103397477,0.23499965885708873,0.31802748010893656,0.44539473684210529,0.23026315789473684,0.32434210526315788,0.46376968135444319,0.23550752248085988,0.30072279616469694,0.41428541440906291,0.26670519899945466,0.31900938659148237,0.41179667879254839,0.27168267023248371,0.31652065097496784
1708,2025-2026,2026-01-01,Liverpool,Leeds United,D,0.7043509305670802,0.17691933034343427,0.11872973908948548,0.72273831422863211,0.16690546058520572,0.1103562251861622,0.67868258412347293,0.18145869251366414,0.13985872336286301,0.44539473684210529,0.23026315789473684,0.32434210526315788,0.58899937608426645,0.21452636646503992,0.19647425745069372,0.59053777634447036,0.19012574130822843,0.21933648234730124,0.58908242021899593,0.19303645355917712,0.2178811262218269
1709,2025-2026,2026-01-01,Sunderland,Manchester City,D,0.25246917525128332,0.23176637703727102,0.51576444771144558,0.27404890062946513,0.22781600112367018,0.49813509824686475,0.29031751670871581,0.22963134579167746,0.48005113749960676,0.44539473684210529,0.23026315789473684,0.32434210526315788,0.30984285733489597,0.23644553669822965,0.45371160596687438,0.22558006496957012,0.27609363617321275,0.49832629885721713,0.22311340080264999,0.28102696450705295,0.49585963469029698
1710,2025-2026,2026-01-03,Aston Villa,Nottingham,H,0.67958425356638852,0.18508526026030089,0.13533048617331056,0.70499151548085792,0.16030373583249391,0.13470474868664814,0.66628550349415994,0.18736257038530787,0.14635192612053213,0.44539473684210529,0.23026315789473684,0.32434210526315788,0.61299112127033473,0.20856709784273039,0.17844178088693488,0.63556237776609714,0.20723917218619423,0.15719845004770869,0.62639415355349848,0.22557562061139144,0.14803022583511008
1711,2025-2026,2026-01-03,Bournemouth,Arsenal,A,0.24599307533567211,0.26724533642398879,0.48676158824033905,0.25891021523606295,0.24718972041316092,0.49390006435077621,0.26955258202126636,0.2409360862322088,0.48951133174652484,0.44539473684210529,0.23026315789473684,0.32434210526315788,0.26229683395824216,0.23010539837644642,0.50759776766531151,0.14496553113495222,0.19268500626707225,0.66234946259797545,0.1365052038339232,0.20960566086913029,0.65388913529694637
1712,2025-2026,2026-01-03,Brighton,Burnley,H,0.61030144394974273,0.22781235304184644,0.16188620300841081,0.62339167456176436,0.21017694305955531,0.16643138237868041,0.60219536864158363,0.21533493196816822,0.18246969939024812,0.44539473684210529,0.23026315789473684,0.32434210526315788,0.56935188497621658,0.21894147937421157,0.21170663564957184,0.66686589685835596,0.18319754839605981,0.14993655474558426,0.65909086816396034,0.19874760578485121,0.14216152605118854
1713,2025-2026,2026-01-03,Wolves,West Ham,H,0.26872553453336323,0.23488148141421589,0.49639298405242099,0.2749447746252085,0.21533998450796157,0.50971524086682984,0.2883035941407438,0.24538164962094691,0.4663147562383092,0.44539473684210529,0.23026315789473684,0.32434210526315788,0.37423272063018576,0.23970201051546886,0.38606526885434533,0.30030076251281151,0.26794177323183915,0.43175746425534944,0.28846574937354685,0.29161179951036842,0.41992245111608473
1714,2025-2026,2026-01-04,Everton,Brentford,A,0.44197260325126214,0.25265405731586638,0.30537333943287154,0.44364259711172777,0.25561237085449906,0.30074503203377317,0.4804045551911067,0.23149292258471052,0.28810252222418276,0.44539473684210529,0.23026315789473684,0.32434210526315788,0.45940950749492437,0.23592816846118644,0.30466232404388921,0.38281124113372134,0.30322606150561549,0.31396269736066323,0.37099535748680346,0.32685782879945124,0.30214681371374535
1715,2025-2026,2026-01-04,Fulham,Liverpool,D,0.43381695315232316,0.23387887789518585,0.33230416895249099,0.45375549446147712,0.240085228544581,0.30615927699394191,0.43049662179368109,0.2590258115883734,0.3104775666179454,0.44539473684210529,0.23026315789473684,0.32434210526315788,0.34375270000020475,0.23886841500039033,0.41737888499940484,0.36914425622480507,0.24043135216518347,0.39042439161001125,0.35950073752866185,0.25971838955747023,0.38078087291386792
1716,2025-2026,2026-01-04,Leeds United,Manchester Utd,D,0.36925596225811969,0.25340334087407435,0.37734069686780602,0.39055414254680126,0.22012764560747297,0.38931821184572579,0.38613353224882085,0.23889847594388669,0.37496799180729251,0.44539473684210529,0.23026315789473684,0.32434210526315788,0.41449313252303094,0.23899473099748192,0.34651213647948725,0.43222102292738118,0.22376437494953896,0.34401460212307983,0.42392619019059308,0.24035404042311501,0.33571976938629178
1717,2025-2026,2026-01-04,Manchester City,Chelsea,D,0.64672141506923508,0.20203933036310376,0.1512392545676611,0.66642974468907235,0.19564921465766119,0.13792104065326649,0.61569721946609735,0.22475709677380226,0.15954568376010039,0.44539473684210529,0.23026315789473684,0.32434210526315788,0.54008905314826583,0.224745104146168,0.23516584270556617,0.61138004406374302,0.21345888874465294,0.17516106719160396,0.60250832946798161,0.23120231793617571,0.16628935259584257
1718,2025-2026,2026-01-04,Newcastle,Crystal Palace,H,0.46518855937858833,0.26318455200743857,0.27162688861397305,0.46693284174264327,0.26582341171636026,0.26724374654099653,0.45424225532851148,0.27545351970031196,0.27030422497117662,0.44539473684210529,0.23026315789473684,0.32434210526315788,0.46376335547448105,0.23550814825722408,0.30072849626829495,0.50081129231954402,0.25542102434645059,0.24376768333400539,0.49017722891316073,0.27668915115921716,0.2331336199276221
1719,2025-2026,2026-01-04,Tottenham,Sunderland,D,0.4107214973111234,0.24385798960616134,0.34542051308271537,0.4210083787421755,0.24785483726801719,0.33113678398980723,0.42271965266652517,0.25124555299984686,0.32603479433362798,0.44539473684210529,0.23026315789473684,0.32434210526315788,0.39165090028719235,0.23964108831473616,0.36870801139807141,0.33803990834014935,0.3247782708516091,0.33718182080824166,0.32625010250043712,0.34835788253103345,0.32539201496852949
1720,2025-2026,2026-01-06,West Ham,Nottingham,A,0.31519340878517438,0.26056282718766871,0.42424376402715697,0.34854668583372678,0.24042831121243069,0.41102500295384253,0.34426378307542777,0.27088081406403108,0.3848554028605411,0.44539473684210529,0.23026315789473684,0.32434210526315788,0.39882607231119682,0.23950633290799039,0.36166759478081278,0.36709742816628982,0.26317161350716023,0.36973095832654995,0.35275259850127044,0.29186127283719904,0.35538612866153058
1721,2025-2026,2026-01-07,Bournemouth,Tottenham,H,0.40299639590088526,0.28841753829909061,0.30858606580002418,0.42854493459253445,0.26283640564787969,0.30861865975958591,0.43930550459880324,0.22371884486009713,0.33697565054109957,0.44539473684210529,0.23026315789473684,0.32434210526315788,0.46347267847249457,0.23553685446739689,0.30099046706010857,0.41953951022161151,0.230222565623833,0.3502379241545554,0.40798993199461342,0.25332172207782921,0.33868834592755731
1722,2025-2026,2026-01-07,Brentford,Sunderland,H,0.51836713484430486,0.23752101362953443,0.24411185152616072,0.54799364140988793,0.21602582440975271,0.23598053418035939,0.53652684963353492,0.21727307782490149,0.24620007254156356,0.44539473684210529,0.23026315789473684,0.32434210526315788,0.44445521762383605,0.23720740920446909,0.31833737317169492,0.4083059333489214,0.30296347646219479,0.28873059018888392,0.39302118765815536,0.33353296784372688,0.27344584449811787
1723,2025-2026,2026-01-07,Burnley,Manchester Utd,D,0.24707648447451996,0.24007619382923384,0.51284732169624614,0.26496535013091255,0.22006726264935875,0.51496738721972868,0.27656815864649076,0.23455672363205798,0.48887511772145126,0.44539473684210529,0.23026315789473684,0.32434210526315788,0.33386435781166868,0.23833000063078347,0.42780564155754786,0.23619198393038002,0.22742531081469441,0.53638270525492571,0.22406730996898663,0.25167465873748118,0.52425803129353232
1724,2025-2026,2026-01-07,Crystal Palace,Aston Villa,D,0.30145414681479538,0.25800875659225458,0.44053709659294998,0.32530062770770873,0.23526905575694004,0.4394303165353512,0.31825564629415376,0.24394460332886286,0.43779975037698332,0.44539473684210529,0.23026315789473684,0.32434210526315788,0.32467599196882979,0.23770727756586024,0.43761673046530997,0.28593172893829116,0.26226048818316877,0.45180778287854007,0.2716685713255903,0.29078680340857049,0.4375446252658392
1725,2025-2026,2026-01-07,Everton,Wolves,D,0.5980183412909571,0.22021895724317067,0.18176270146587217,0.63152791819774368,0.19411283906085972,0.17435924274139653,0.57505643886984403,0.2226611360609938,0.20228242506916222,0.44539473684210529,0.23026315789473684,0.32434210526315788,0.59529089886664155,0.21302421972935581,0.19168488140400264,0.58200929048080829,0.25564395095683629,0.16234675856235548,0.5690279154378699,0.28160670104271318,0.14936538351941708
1726,2025-2026,2026-01-07,Fulham,Chelsea,H,0.4065453492148538,0.23473832845112361,0.35871632233402262,0.43425605360266134,0.21538056573312439,0.35036338066421424,0.40638654689109632,0.24828824393455867,0.34532520917434506,0.44539473684210529,0.23026315789473684,0.32434210526315788,0.38477965921542329,0.23971053682379598,0.37550980396078082,0.3202277347505329,0.25442919729351027,0.42534306795595672,0.30643036732486384,0.2820239321448485,0.41154570053028761
1727,2025-2026,2026-01-07,Manchester City,Brighton,D,0.66468437792661639,0.19118643304189603,0.14412918903148741,0.69355792982512776,0.16977357411097641,0.13666849606389581,0.66428092333506139,0.19587056691701035,0.13984850974792823,0.44539473684210529,0.23026315789473684,0.32434210526315788,0.5683557126282166,0.21915422853570629,0.21249005883607716,0.69014797546402074,0.17675186319746441,0.13310016133851496,0.6807965329938086,0.19545474813788868,0.12374871886830278
1728,2025-2026,2026-01-07,Newcastle,Leeds United,H,0.59757408431352355,0.21914575561518471,0.18328016007129175,0.6268010814650139,0.1966761335827007,0.17652278495228543,0.59292507140516715,0.21441258394654747,0.19266234464828538,0.44539473684210529,0.23026315789473684,0.32434210526315788,0.51565565037921035,0.22888277651161143,0.25546157310917822,0.55014752022321234,0.22164687911734079,0.22820560065944698,0.53843283157921618,0.24507625640533312,0.21649091201545081
1729,2025-2026,2026-01-08,Arsenal,Liverpool,D,0.71419017486042125,0.17551098936373002,0.11029883577584876,0.74068557420171033,0.1527035721333507,0.10661085366493896,0.69897836714327066,0.17172465197267783,0.12929698088405156,0.44539473684210529,0.23026315789473684,0.32434210526315788,0.53039080082816736,0.226464746627034,0.24314445254479872,0.64701406806531581,0.20234548238188796,0.15064044955279643,0.63326321577375555,0.2298471869650083,0.13688959726123623
1730,2025-2026,2026-01-17,Chelsea,Brentford,H,0.49319408589142644,0.24184425994265651,0.26496165416591716,0.48170225554072682,0.23306675426850951,0.2852309901907637,0.52755087239612031,0.20073864070620104,0.27171048689767868,0.44539473684210529,0.23026315789473684,0.32434210526315788,0.4751853149899895,0.23430526462882065,0.29050942038118988,0.45409571689472522,0.24742458290051114,0.29847970020476372,0.43576478023956261,0.28408645621083639,0.28014876354960111
1731,2025-2026,2026-01-17,Leeds United,Fulham,H,0.37455554303987615,0.24421160898428387,0.38123284797584001,0.36323866310258401,0.23379133957879739,0.4029699973186186,0.38719658876873264,0.24036924022825304,0.37243417100301435,0.44539473684210529,0.23026315789473684,0.32434210526315788,0.39620890673768605,0.23956280314973613,0.36422829011257779,0.42793775605683348,0.22383857693618925,0.34822366700697727,0.41309384187543358,0.25352640529898901,0.33337975282557736
1732,2025-2026,2026-01-17,Liverpool,Burnley,D,0.75630422135094144,0.15285088301364327,0.09084489563541516,0.75456557866776119,0.14947832970284738,0.095956091629391421,0.71250699576528675,0.1663495139820213,0.12114349025269189,0.44539473684210529,0.23026315789473684,0.32434210526315788,0.65277020833652832,0.19729108864304959,0.14993870302042203,0.71882017778893537,0.1694494644702276,0.11173035774083716,0.70625564253378281,0.19457853498053276,0.099165822485684577
1733,2025-2026,2026-01-17,Manchester Utd,Manchester City,H,0.27197335579429655,0.26207076605858309,0.46595587814712042,0.27145960818287967,0.24037114036295482,0.48816925145416534,0.29226843459202001,0.23894614284238233,0.46878542256559758,0.44539473684210529,0.23026315789473684,0.32434210526315788,0.30886099045523846,0.23635057680930874,0.45478843273545277,0.21706555994342011,0.21474990927448454,0.56818453078209541,0.20163435795958476,0.24561231324215527,0.55275332879826
1734,2025-2026,2026-01-17,Nottingham,Arsenal,D,0.20022383123230705,0.24309076612914438,0.5566854026385486,0.19300914814815079,0.22707243674602717,0.57991841510582209,0.20391436180356454,0.22372454804953756,0.57236109014689796,0.44539473684210529,0.23026315789473684,0.32434210526315788,0.23691564115113475,0.22513284751782509,0.53795151133104013,0.13766100417338534,0.22271718943768243,0.63962180638893229,0.12146962900879468,0.25509993976686374,0.62343043122434161
1735,2025-2026,2026-01-17,Sunderland,Crystal Palace,H,0.37557145314673313,0.26035885601389558,0.36406969083937135,0.3661395287334947,0.24999924752864081,0.38386122373786447,0.40018038533454198,0.2590278553185314,0.34079175934692651,0.44539473684210529,0.23026315789473684,0.32434210526315788,0.44906490871399596,0.23684020333141115,0.31409488795459301,0.38575716507576457,0.35418469576370781,0.26005813916052767,0.36600423318796521,0.39369055953930665,0.24030520727272825
1736,2025-2026,2026-01-17,Tottenham,West Ham,A,0.55375232250918727,0.22850152289508399,0.21774615459572882,0.54839907907997321,0.21955237745809145,0.23204854346193532,0.51510178966652054,0.25038878144606463,0.23450942888741497,0.44539473684210529,0.23026315789473684,0.32434210526315788,0.51232095132233568,0.22939731718451908,0.25828173149314515,0.61013468293635731,0.20923745926416715,0.18062785779947574,0.5947131410240224,0.24008054308883689,0.16520631588714088
1737,2025-2026,2026-01-18,Aston Villa,Everton,A,0.59712938984598352,0.22818728380224329,0.17468332635177317,0.5846183879534711,0.22057566041780641,0.19480595162872261,0.57075908051523061,0.223538234357434,0.20570268512733536,0.44539473684210529,0.23026315789473684,0.32434210526315788,0.5761074228022246,0.21747046261158359,0.20642211458619175,0.56164384244483534,0.24787755135010389,0.19047860620506091,0.54306473619707796,0.28503576384561846,0.17189949995730364
1738,2025-2026,2026-01-18,Wolves,Newcastle,D,0.18414490176888165,0.19176166818797219,0.62409343004314621,0.16983591186285224,0.17384421664883778,0.65631987148831006,0.19834584188477411,0.20082055912147975,0.60083359899374622,0.44539473684210529,0.23026315789473684,0.32434210526315788,0.26470856876899418,0.23051706335322183,0.50477436787778407,0.19353979251969339,0.22000555252955917,0.58645465495074733,0.17688606576215149,0.25331300604464319,0.56980092819320549
1739,2025-2026,2026-01-19,Brighton,Bournemouth,D,0.52705313349792227,0.23181767902551639,0.24112918747656129,0.5274114007678895,0.23523553564952382,0.23735306358258673,0.52170495566581843,0.24781537799524733,0.23047966633893413,0.44539473684210529,0.23026315789473684,0.32434210526315788,0.49039882220112868,0.23247788884986068,0.27712328894901062,0.56424874176124329,0.19919251153664785,0.23655874670210875,0.55152200789068551,0.22464597927776334,0.22383201283155102
1740,2025-2026,2026-01-24,Bournemouth,Liverpool,H,0.39139803668023609,0.26380799859107407,0.34479396472868989,0.39350052061388702,0.2821945951087203,0.32430488427739262,0.39752694423295865,0.25104263588945713,0.35143041987758417,0.44539473684210529,0.23026315789473684,0.32434210526315788,0.33749717493005466,0.23854350490159174,0.42395932016835347,0.35278843379122549,0.22503331824979947,0.42217824795897513,0.33691167362547364,0.25678683858130286,0.40630148779322334
1741,2025-2026,2026-01-24,Burnley,Tottenham,D,0.28318872086927838,0.25570764452908978,0.46110363460163178,0.27284636909414528,0.27219071223096131,0.45496291867489341,0.30454749179569351,0.2401337435733765,0.45531876463092996,0.44539473684210529,0.23026315789473684,0.32434210526315788,0.40594918956296983,0.23931041249127405,0.35474039794575613,0.3226497058860695,0.25035481005528859,0.42699548405864207,0.3030390588415936,0.28957610414424029,0.40738483701416628
1742,2025-2026,2026-01-24,Fulham,Brighton,H,0.4457779356366447,0.23031589404151021,0.32390617032184515,0.42841275371613841,0.25172723729767704,0.31986000898618455,0.4426304500131048,0.25658506472211978,0.30078448526477541,0.44539473684210529,0.23026315789473684,0.32434210526315788,0.42114802291852371,0.23868856530617383,0.3401634117753024,0.41432296004867569,0.24757318829573932,0.3381038516555851,0.39506895162124617,0.28608120515059832,0.31884984322815563
1743,2025-2026,2026-01-24,Manchester City,Wolves,H,0.78480422586712062,0.15462297498130803,0.060572799151571287,0.76964819640974835,0.16914543235335347,0.061206371236898316,0.74656224243547686,0.17857999154163928,0.074857766022883757,0.44539473684210529,0.23026315789473684,0.32434210526315788,0.69700210537322382,0.18264690309296513,0.12035099153381106,0.81154008123017918,0.1303403735637895,0.058119545206031381,0.80130182999258037,0.15081687603898716,0.047881293968432548
1744,2025-2026,2026-01-24,West Ham,Sunderland,H,0.24692415175694887,0.24477690952189812,0.50829893872115306,0.24871797602554144,0.25171572496408534,0.4995662990103733,0.27557471753727464,0.26094626377716457,0.4634790186855608,0.44539473684210529,0.23026315789473684,0.32434210526315788,0.33335112068072364,0.2382983542902192,0.42835052502905702,0.27812995679682573,0.29062204162799554,0.43124800157517879,0.25620911497754889,0.33446372526654911,0.40932715975590195
1745,2025-2026,2026-01-25,Arsenal,Manchester Utd,A,0.69642973910172312,0.1852270143113888,0.11834324658688819,0.68481756786130676,0.19853316523901235,0.11664926689968097,0.65690303602857603,0.19965824696735018,0.14343871700407365,0.44539473684210529,0.23026315789473684,0.32434210526315788,0.60579300932094537,0.21042090197932264,0.18378608869973201,0.67107073214636226,0.19972089905195464,0.12920836880168307,0.65558094803649014,0.23070046727169888,0.11371858469181097
1746,2025-2026,2026-01-25,Brentford,Nottingham,A,0.60263131940247416,0.20959718597025651,0.18777149462726941,0.59224423299731654,0.22479469562550308,0.18296107137718037,0.56051403862102089,0.23437296344756514,0.20511299793141399,0.44539473684210529,0.23026315789473684,0.32434210526315788,0.5000229835769765,0.23119019112805564,0.26878682529496789,0.59951649932090623,0.218818907775685,0.18166459290340878,0.58253906929645127,0.25277376782459482,0.16468716287895385
1747,2025-2026,2026-01-25,Crystal Palace,Chelsea,A,0.31396535426638617,0.24779651225486177,0.43823813347875201,0.30773704462212004,0.26337023107733215,0.42889272430054792,0.29908087480680595,0.25843940307021701,0.44247972212297704,0.44539473684210529,0.23026315789473684,0.32434210526315788,0.38225168259527847,0.23972127071412452,0.37802704669059711,0.27761662044662955,0.28850848333873014,0.43387489621464037,0.25610276470875526,0.33153619481447866,0.41236104047676608
1748,2025-2026,2026-01-25,Newcastle,Aston Villa,A,0.44771409936107437,0.2297166028248209,0.32256929781410476,0.43914470366181829,0.24855678540481999,0.31229851093336164,0.44513161230939291,0.252845087272424,0.30202330041818304,0.44539473684210529,0.23026315789473684,0.32434210526315788,0.37886688580365718,0.23972306482809264,0.38141004936825013,0.42065086733273571,0.24677528897039863,0.3325738436968656,0.401785666747282,0.28450569014130606,0.31370864311141189
1749,2025-2026,2026-01-26,Everton,Leeds United,D,0.51233587473408115,0.22657432373583222,0.2610898015300866,0.52077100972030421,0.23484436713687751,0.24438462314281828,0.49318470101503648,0.24291467711472056,0.2639006218702431,0.44539473684210529,0.23026315789473684,0.32434210526315788,0.48565032986517209,0.23307571896264309,0.28127395117218479,0.44007436734074973,0.26863452811814681,0.29129110454110341,0.41920530585452348,0.31037265109059925,0.27042204305487721
1750,2025-2026,2026-01-31,Brighton,Everton,D,0.47398414406509998,0.25235156193745861,0.27366429399744141,0.46515968055685258,0.25211064745917577,0.28272967198397148,0.47211834899954747,0.25240562797312205,0.27547602302733049,0.44539473684210529,0.23026315789473684,0.32434210526315788,0.45563186515129867,0.23627528116746538,0.3080928536812359,0.43730128302483401,0.28568856774261103,0.27701014923255485,0.41462784427257615,0.33103544524712653,0.25433671048029699
1751,2025-2026,2026-01-31,Chelsea,West Ham,H,0.68412455550047191,0.19287627569616236,0.12299916880336567,0.69348407218076691,0.18481891300617398,0.12169701481305903,0.66119108726986586,0.19520688547987983,0.14360202725025425,0.44539473684210529,0.23026315789473684,0.32434210526315788,0.60040173730498658,0.21177231871513508,0.18782594397987831,0.71015666793315679,0.17135523426994445,0.11848809779689877,0.69627131452960045,0.19912594107705703,0.10460274439334251
1752,2025-2026,2026-01-31,Leeds United,Arsenal,A,0.21774610665604205,0.23257417866818619,0.54967971467577181,0.21656784313949548,0.23394034460672614,0.54949181225377841,0.26269034711122197,0.24337764200285592,0.49393201088592215,0.44539473684210529,0.23026315789473684,0.32434210526315788,0.2690219741768835,0.23122812931631756,0.49974989650679902,0.21211261212794699,0.23160106070469777,0.55628632716735538,0.19311007087996521,0.26960614320066134,0.53728378591937354
1753,2025-2026,2026-01-31,Liverpool,Newcastle,H,0.55872484168499725,0.22499627661397734,0.21627888170102547,0.56178010104525,0.2191498165833555,0.21907008237139455,0.55143542689543568,0.2135387095764609,0.23502586352810345,0.44539473684210529,0.23026315789473684,0.32434210526315788,0.50398374096939924,0.23063078175713961,0.26538547727346112,0.45596038596765093,0.24068134059827831,0.3033582734340709,0.43663152133950706,0.27933906985456608,0.28402940880592703
1754,2025-2026,2026-01-31,Wolves,Bournemouth,A,0.25877608112625911,0.19840245922114891,0.54282145965259199,0.25460036746901882,0.19413831486011951,0.55126131767086173,0.2655145987014057,0.23330118734673871,0.50118421395185553,0.44539473684210529,0.23026315789473684,0.32434210526315788,0.30306127862928883,0.23576007123258103,0.4611786501381302,0.25540036039085606,0.2344808019664717,0.51011883764267196,0.23643822271507287,0.27240507731803792,0.49115669996688899
1755,2025-2026,2026-02-01,Aston Villa,Brentford,A,0.56871195904464233,0.23751692401861951,0.19377111693673829,0.566423525592057,0.25482998565557469,0.17874648875236834,0.61483467450776175,0.20303209681308915,0.18213322867914908,0.44539473684210529,0.23026315789473684,0.32434210526315788,0.56524356569585343,0.2198119830931278,0.21494445121101874,0.52951147005389454,0.23195022490406769,0.23853830504203766,0.50943973416654453,0.27209369667876759,0.21846656915468771
1756,2025-2026,2026-02-01,Manchester Utd,Fulham,H,0.47787893806121184,0.2615663216259918,0.26055474031279641,0.46956413628411847,0.27979100825908654,0.25064485545679499,0.4838625107820152,0.26182697541914707,0.25431051379883779,0.44539473684210529,0.23026315789473684,0.32434210526315788,0.46748247915993668,0.23513249384593751,0.29738502699412594,0.50283407905688859,0.22429937888667914,0.27286654205643246,0.48435901332838349,0.26124951034368893,0.25439147632792752
1757,2025-2026,2026-02-01,Nottingham,Crystal Palace,D,0.42006994325660135,0.24880946779788271,0.33112058894551599,0.41278076575090128,0.2669033202022949,0.32031591404680376,0.40756433059357666,0.25433715548624802,0.33809851392017531,0.44539473684210529,0.23026315789473684,0.32434210526315788,0.43849386642165383,0.23764617197431803,0.32385996160402813,0.42404165121285758,0.2907296545901657,0.28522869419697694,0.39965566204562647,0.33950163292462787,0.26084270502974582
1758,2025-2026,2026-02-01,Tottenham,Manchester City,D,0.20818948390661232,0.2286007322091331,0.56320978388425458,0.20415051601910203,0.24501194147454824,0.55083754250634975,0.22388712345989017,0.23128041365167862,0.54483246288843123,0.44539473684210529,0.23026315789473684,0.32434210526315788,0.26168354296712792,0.22999908713612369,0.50831736989674836,0.19517070351697094,0.21929282133947228,0.58553647514355667,0.17610571538562159,0.25742279760217107,0.56647148701220729
1759,2025-2026,2026-02-02,Sunderland,Burnley,H,0.58124599006858546,0.21510755301741727,0.20364645691399724,0.58597818882653885,0.22132241819533263,0.19269939297812849,0.57134216005017879,0.2224276600612573,0.2062301798885639,0.44539473684210529,0.23026315789473684,0.32434210526315788,0.55377688196992303,0.2221453501576138,0.22407776787246306,0.51336129907051165,0.27178329404647444,0.21485540688301413,0.4927021944053887,0.3131015033767201,0.1941963022178913
1760,2025-2026,2026-02-06,Leeds United,Nottingham,H,0.41922100670048418,0.24894189575643638,0.33183709754307944,0.43214752787598321,0.24381589861522071,0.32403657350879611,0.43557158257549478,0.24583293185518634,0.31859548556931899,0.44539473684210529,0.23026315789473684,0.32434210526315788,0.43917973895315465,0.23759777238653096,0.32322248866031433,0.43116606076243236,0.25319855864242935,0.31563538059513824,0.41097266139413091,0.29358535737903224,0.29544198122683674
1761,2025-2026,2026-02-07,Arsenal,Sunderland,H,0.68903737197077652,0.19709962615394919,0.1138630018752743,0.68120412348338444,0.20042561365836326,0.11837026285825231,0.67622059454386574,0.19189732013662755,0.13188208531950674,0.44539473684210529,0.23026315789473684,0.32434210526315788,0.60138788010596145,0.21152749179341399,0.18708462810062465,0.6303010821127244,0.24191289283139034,0.12778602505588532,0.61282554456047234,0.27686396793589441,0.11031048750363324
1762,2025-2026,2026-02-07,Bournemouth,Aston Villa,D,0.40583729867023971,0.26144743155477168,0.33271526977498855,0.3957555345223317,0.26222618184904162,0.34201828362862674,0.42299249813643763,0.23677033976185957,0.34023716210170279,0.44539473684210529,0.23026315789473684,0.32434210526315788,0.35346945913442235,0.23926757119410888,0.40726296967146874,0.33053885168538943,0.23386622910469146,0.43559491920991911,0.31278564532189213,0.26937264183168613,0.41784171284642174
1763,2025-2026,2026-02-07,Burnley,West Ham,A,0.39974675420622352,0.23864979965404642,0.36160344613973006,0.40101042732196929,0.23532941669688578,0.36366015598114493,0.40135198645852133,0.24981063294867342,0.34883738059280517,0.44539473684210529,0.23026315789473684,0.32434210526315788,0.42760918157693817,0.23834132573263833,0.33404949269042339,0.37027981415484695,0.23879919291528073,0.39092099292987231,0.35194167322397435,0.27547547477702594,0.37258285199899976
1764,2025-2026,2026-02-07,Fulham,Everton,A,0.45238560566809388,0.25828925304820466,0.2893251412837014,0.45019089894811432,0.25666836506046714,0.29314073599141838,0.45642401812933409,0.26778661805723092,0.27578936381343494,0.44539473684210529,0.23026315789473684,0.32434210526315788,0.43915750744444082,0.23759934968989418,0.32324314286566497,0.42056615465657898,0.28349294046861789,0.29594090487480312,0.39833562630486197,0.32795399717205198,0.27371037652308611
1765,2025-2026,2026-02-07,Manchester Utd,Tottenham,H,0.50518827478353423,0.26082031310149945,0.23399141211496646,0.51707179198048026,0.24747375148624182,0.23545445653327784,0.53228152137027385,0.22879569857810694,0.23892278005161915,0.44539473684210529,0.23026315789473684,0.32434210526315788,0.54492400464531054,0.22384987199327336,0.2312261233614161,0.56559343688503072,0.20478295600884056,0.22962360710612867,0.55081566371389801,0.23433850235110584,0.21484583393499604
1766,2025-2026,2026-02-07,Newcastle,Brentford,A,0.46942821453060485,0.22363367246333984,0.30693811300605528,0.47303737949839136,0.21828210772575429,0.30868051277585429,0.50966964640735379,0.21050665516760375,0.27982369842504246,0.44539473684210529,0.23026315789473684,0.32434210526315788,0.4528444561596609,0.23652105026525588,0.3106344935750831,0.39745906611341159,0.24388051043552192,0.35866042345106641,0.37839229383786011,0.28201405498662524,0.33959365117551488
1767,2025-2026,2026-02-07,Wolves,Chelsea,A,0.14937848493702646,0.17693365375984244,0.67368786130313107,0.14534748434420616,0.17186742051768183,0.68278509513811203,0.15363667376887483,0.19662332001696517,0.64974000621415995,0.44539473684210529,0.23026315789473684,0.32434210526315788,0.23166369651577173,0.22395083429814805,0.54438546918608022,0.14263740575420403,0.22803923051100838,0.6293233637347877,0.12487902174702868,0.2635559985253591,0.61156497972761237
1768,2025-2026,2026-02-08,Brighton,Crystal Palace,A,0.47378898528075486,0.24944919512162222,0.27676181959762275,0.46047721287810756,0.2445350492930814,0.29498773782881105,0.4720768968769497,0.25165945489174685,0.27626364823130339,0.44539473684210529,0.23026315789473684,0.32434210526315788,0.47518320977859924,0.23430549974911832,0.29051129047228241,0.50452783470678719,0.2598924047709763,0.23557976052223628,0.4823764210110742,0.30419523216240257,0.21342834682652315
1769,2025-2026,2026-02-08,Liverpool,Manchester City,A,0.42186767845393913,0.24760557520852144,0.33052674633753942,0.40828794813398117,0.26729430985486252,0.32441774201115625,0.44049375188264644,0.22527026108911075,0.33423598702824281,0.44539473684210529,0.23026315789473684,0.32434210526315788,0.41256439735599165,0.23907363002631415,0.34836197261769419,0.31500961842300307,0.24281586398977589,0.44217451758722109,0.29459130570408265,0.28365248942761673,0.42175620486830062
1770,2025-2026,2026-02-10,Chelsea,Leeds United,D,0.68835772711631593,0.17316056001364921,0.1384817128700348,0.711420331267128,0.16580955581504508,0.122770112917827,0.66845697732917786,0.17893850756067148,0.15260451511015066,0.44539473684210529,0.23026315789473684,0.32434210526315788,0.55256687088917611,0.22238330904436412,0.22504982006645968,0.6289233076154509,0.19245075442949344,0.17862593795505574,0.6150560233044281,0.22018532305153907,0.16475865364403294
1771,2025-2026,2026-02-10,Everton,Bournemouth,A,0.51279240401405601,0.23376084421814067,0.25344675176780335,0.53830077103242679,0.22956282302901279,0.23213640593856052,0.47094535260533205,0.25959757982127946,0.26945706757338855,0.44539473684210529,0.23026315789473684,0.32434210526315788,0.45830284030447999,0.23603152536047972,0.30566563433504035,0.44279769819709436,0.25853801259735981,0.29866428920554566,0.42286328269368123,0.29840684360418607,0.27872987370213259
1772,2025-2026,2026-02-10,Tottenham,Newcastle,A,0.35711097149030058,0.24958728514799111,0.39330174336170831,0.38423234838208498,0.25073411510228139,0.36503353651563364,0.3786480953988221,0.25323767551147847,0.36811422908969949,0.44539473684210529,0.23026315789473684,0.32434210526315788,0.37227611751483641,0.23968490990433269,0.38803897258083087,0.39422204883473955,0.23713855077710869,0.36863940038815168,0.37686379463502395,0.27185505917654001,0.35128114618843603
1773,2025-2026,2026-02-10,West Ham,Manchester Utd,D,0.27591096539595827,0.23591979642355809,0.48816923818048363,0.29920873483921639,0.23878758410804152,0.46200368105274203,0.2728463779598177,0.25193263566522212,0.47522098637496013,0.44539473684210529,0.23026315789473684,0.32434210526315788,0.32304170539284255,0.23758394030283186,0.43937435430432553,0.27132800542982694,0.21369713276556007,0.51497486180461283,0.25670127800690867,0.24295058761139673,0.50034813438169456
1774,2025-2026,2026-02-11,Aston Villa,Brighton,H,0.54582451817962474,0.23359303679999524,0.22058244502037996,0.56029721226768125,0.23043568732418848,0.20926710040813018,0.54823327640397601,0.22258804860194864,0.22917867499407535,0.44539473684210529,0.23026315789473684,0.32434210526315788,0.54893871979354347,0.22308735437598934,0.22797392583046719,0.52069806191040147,0.25109718840848522,0.22820474968111318,0.50034584518925473,0.2918016218507784,0.20785253295996653
1775,2025-2026,2026-02-11,Crystal Palace,Burnley,A,0.61355618691408775,0.21263710058793278,0.17380671249797933,0.63316149909482178,0.20567707783639702,0.16116142306878115,0.58436430002693285,0.21886505313280236,0.19677064684026485,0.44539473684210529,0.23026315789473684,0.32434210526315788,0.56814131001163026,0.21919987776913405,0.21265881221923566,0.57427894597458173,0.24717940082580034,0.17854165319961796,0.55470027132713384,0.28633675012069637,0.15896297855217001
1776,2025-2026,2026-02-11,Manchester City,Fulham,H,0.67801142210878551,0.20509340004494961,0.11689517784626478,0.6923073144939963,0.19961761864710825,0.10807506685889551,0.67719031147068476,0.20296297269640109,0.1198467158329142,0.44539473684210529,0.23026315789473684,0.32434210526315788,0.59493934482861299,0.21310928918046251,0.19195136599092461,0.67061279271309004,0.18548517769187536,0.14390202959503462,0.65588279910553859,0.21494516490697815,0.12917203598748322
1777,2025-2026,2026-02-11,Nottingham,Wolves,D,0.6306015558221516,0.18341515083430077,0.1859832933435476,0.64553249813779778,0.17724802542991064,0.17721947643229161,0.60335886505846192,0.18994571480324809,0.20669542013828993,0.44539473684210529,0.23026315789473684,0.32434210526315788,0.57171188402299478,0.2184331890792163,0.20985492689778884,0.55648032319682184,0.26217950648276861,0.18134017032040958,0.53636311294806971,0.30241392698027286,0.16122296007165746
1778,2025-2026,2026-02-11,Sunderland,Liverpool,A,0.37440993473494277,0.22760382706280852,0.39798623820224871,0.38966466733668048,0.22847434706391739,0.38186098559940201,0.41665536435899586,0.23500010263518975,0.34834453300581436,0.44539473684210529,0.23026315789473684,0.32434210526315788,0.36878831009784813,0.23964225468999839,0.39156943521215354,0.31965918818463512,0.27563300656413586,0.40470780525122907,0.29744281594938193,0.32006575103464224,0.38249143301597588
1779,2025-2026,2026-02-12,Brentford,Arsenal,D,0.2935696035994601,0.24745625844232305,0.45897413795821679,0.31289976924795043,0.24471841351329515,0.44238181723875442,0.2985835935013193,0.24569972249965408,0.45571668399902654,0.44539473684210529,0.23026315789473684,0.32434210526315788,0.3061228729151329,0.23607812301183009,0.45779900407303709,0.21947245558716724,0.24049195336024129,0.54003559105259147,0.20150500572618293,0.27642685308220993,0.52206814119160727
1780,2025-2026,2026-02-18,Wolves,Arsenal,D,0.077999264998607543,0.15184143333997058,0.77015930166142199,0.080496566674963091,0.14941452662362939,0.77008890670140751,0.10339912237522376,0.17992619076173164,0.71667468686304459,0.44539473684210529,0.23026315789473684,0.32434210526315788,0.16332692174862104,0.20289362348234286,0.63377945476903608,0.072964922885250971,0.1804930817357405,0.74654199537900856,0.060123656275751426,0.2061756149547396,0.73370072876950887
1781,2025-2026,2026-02-21,Aston Villa,Leeds United,D,0.6537053260819855,0.20268723983973633,0.14360743407827814,0.64367036322883953,0.21444614900868461,0.14188348776247586,0.61788480355873932,0.21237608223564347,0.16973911420561721,0.44539473684210529,0.23026315789473684,0.32434210526315788,0.57371131799786657,0.21799785241006475,0.2082908295920686,0.57774221725885744,0.21923075677511808,0.20302702596602448,0.56080567130311154,0.25310384868660979,0.18609048001027861
1782,2025-2026,2026-02-21,Brentford,Brighton,A,0.51045179510332739,0.23200004298204732,0.25754816191462537,0.50226449795475703,0.2270663473553132,0.27066915468992986,0.48388762791755019,0.22966411536995956,0.28644825671249013,0.44539473684210529,0.23026315789473684,0.32434210526315788,0.48478042410658079,0.23318254414847422,0.28203703174494504,0.50351963306185354,0.24284006565430813,0.25364030128383841,0.48457178160694897,0.28073576856411725,0.23469244982893384
1783,2025-2026,2026-02-21,Chelsea,Burnley,D,0.77049867985930731,0.13877959807239798,0.090721722068294611,0.76352449683711898,0.13682470000707006,0.09965080315581093,0.71415687883031687,0.15774313531287679,0.12809998585680635,0.44539473684210529,0.23026315789473684,0.32434210526315788,0.62540889470468841,0.20523543005672878,0.16935567523858264,0.75706130314754627,0.14792365633239415,0.095015040520059657,0.74578583261806164,0.17047459739136339,0.083739569990575038
1784,2025-2026,2026-02-21,Manchester City,Newcastle,H,0.66800540223564375,0.19648039980229773,0.13551419796205855,0.67146763516210839,0.18770380447570273,0.14082856036218894,0.66452232819930734,0.19718934137521782,0.13828833042547478,0.44539473684210529,0.23026315789473684,0.32434210526315788,0.5712057558936614,0.21854270390119454,0.21025154020514411,0.6744849247896505,0.18238176201150177,0.14313331319884789,0.6606362879695814,0.21007903565163993,0.1292846763787788
1785,2025-2026,2026-02-21,West Ham,Bournemouth,D,0.34877077366802822,0.21846525151893889,0.43276397481303297,0.34389462180746166,0.2035779448666174,0.45252743332592088,0.32493339275575361,0.24950444332811969,0.42556216391612661,0.44539473684210529,0.23026315789473684,0.32434210526315788,0.34585664710584746,0.23896566190723267,0.41517769098691981,0.33626616741801102,0.21702186260770184,0.44671196997428714,0.32185042219318044,0.24585335305736297,0.43229622474945661
1786,2025-2026,2026-02-22,Crystal Palace,Wolves,H,0.59439904629186557,0.19854189234293967,0.20705906136519478,0.58105316317009126,0.19812551889024904,0.22082131793965962,0.55991889524557126,0.21121328820246701,0.22886781655196181,0.44539473684210529,0.23026315789473684,0.32434210526315788,0.57816968991913908,0.2170115856678875,0.20481872441297347,0.52475302789939149,0.27292333064955376,0.20232364145105472,0.50062427089786921,0.32118084465259827,0.17819488444953249
1787,2025-2026,2026-02-22,Nottingham,Liverpool,A,0.33136347703024238,0.21208836621638499,0.45654815675337262,0.31037907538822024,0.1975149131498439,0.49210601146193589,0.31031389061751785,0.2076330182000983,0.48205309118238387,0.44539473684210529,0.23026315789473684,0.32434210526315788,0.31576888554079591,0.23698824779656136,0.44724286666264268,0.2658933528042976,0.2585437952352504,0.47556285196045206,0.24166268719732995,0.30700512644918554,0.45133218635348449
1788,2025-2026,2026-02-22,Sunderland,Fulham,A,0.44053145525664061,0.2277710275934626,0.33169751714989676,0.42626059006323708,0.23833073013594647,0.3354086798008164,0.46603880119639962,0.23703362314931514,0.29692757565428518,0.44539473684210529,0.23026315789473684,0.32434210526315788,0.45675223949661642,0.23617401683197028,0.30707374367141332,0.38945981626416071,0.28277654300272176,0.32776364073311787,0.36339627716149348,0.33490362120805617,0.30170010163045063
1789,2025-2026,2026-02-22,Tottenham,Arsenal,A,0.17968521614033275,0.2131945351679374,0.60712024869172987,0.15770606034187909,0.20034494192671695,0.6419489977314039,0.17835254196432929,0.22510359646523911,0.5965438615704316,0.44539473684210529,0.23026315789473684,0.32434210526315788,0.22399886193838089,0.22212594765286542,0.55387519040875377,0.15799984555631855,0.20812157943643447,0.63387857500724687,0.13849617559456315,0.24712891935994527,0.61437490504549153
1790,2025-2026,2026-02-23,Everton,Manchester Utd,A,0.42139642284445966,0.23423817808657149,0.34436539906896896,0.41695666391929465,0.23507184856991545,0.34797148751079005,0.35735917609480455,0.25307811167936806,0.38956271222582733,0.44539473684210529,0.23026315789473684,0.32434210526315788,0.41071863528632369,0.23914497525964673,0.35013638945402964,0.34338282152506089,0.27125694513978693,0.38536023333515235,0.32053078923155509,0.31696100972679853,0.36250820104164649
1791,2025-2026,2026-02-27,Wolves,Aston Villa,H,0.13195484598920398,0.19288511247268661,0.67516004153810938,0.14490972049068337,0.21706481539270978,0.63802546411660699,0.16993394038399856,0.2231590225961804,0.60690703701982096,0.44539473684210529,0.23026315789473684,0.32434210526315788,0.20947474990601575,0.21832788119066027,0.57219736890332396,0.15213645982448895,0.25289812391635713,0.594965416259154,0.13367595136864777,0.2898191408280395,0.57650490780331276
1792,2025-2026,2026-02-28,Bournemouth,Sunderland,D,0.56114141101850346,0.2107997044697924,0.22805888451170422,0.5590608590540157,0.21914839927397675,0.22179074167200749,0.55286620777161932,0.21579918053204905,0.23133461169633163,0.44539473684210529,0.23026315789473684,0.32434210526315788,0.48955657955496196,0.2325857385267131,0.27785768191832494,0.49631261110412234,0.25115315282258777,0.25253423607329006,0.47659825207451745,0.2905818708817976,0.23281987704368515
1793,2025-2026,2026-02-28,Burnley,Brentford,A,0.26604304678624896,0.21898773265794685,0.51496922055580419,0.2557863306583032,0.23525484862109577,0.50895882072060106,0.31429917450309575,0.21761311082715598,0.46808771466974819,0.44539473684210529,0.23026315789473684,0.32434210526315788,0.33010259960093902,0.23808947971222627,0.43180792068683482,0.22439973220869888,0.22288304373574933,0.5527172240555519,0.20729823079662479,0.25708604655989753,0.53561572264347779
1794,2025-2026,2026-02-28,Leeds United,Manchester City,A,0.22208094163864014,0.21963337647090725,0.55828568189045269,0.22035045810177104,0.234373247336782,0.54527629456144699,0.25123297165937913,0.2238844100583455,0.52488261828227534,0.44539473684210529,0.23026315789473684,0.32434210526315788,0.28644014810488033,0.23378044370038972,0.47977940819472992,0.20230070005910814,0.20542168414816164,0.59227761579273042,0.18702971456739814,0.23596365513158168,0.5770066303010204
1795,2025-2026,2026-02-28,Liverpool,West Ham,H,0.71732004977928154,0.17460347542722776,0.1080764747934906,0.70292966378280075,0.1896011895569869,0.10746914666021234,0.67826159482606996,0.19414335495755608,0.12759505021637402,0.44539473684210529,0.23026315789473684,0.32434210526315788,0.62012477455455872,0.20667388313197729,0.17320134231346407,0.63114655841347167,0.20217979067264658,0.16667365091388184,0.61550049051378819,0.23347192647201337,0.15102758301419836
1796,2025-2026,2026-02-28,Newcastle,Everton,A,0.45601734347232925,0.26604228065154345,0.27794037587612741,0.43544486495544582,0.28908983359981016,0.27546530144474396,0.43820312474101236,0.27800742612159562,0.28378944913739196,0.44539473684210529,0.23026315789473684,0.32434210526315788,0.46390862488964341,0.23549376640412756,0.30059760870622904,0.43587081841180814,0.27346957421568646,0.2906596073725054,0.41461327342200743,0.31598466419528781,0.2694020623827047
1797,2025-2026,2026-03-01,Arsenal,Chelsea,H,0.66139753050856542,0.21268267742970107,0.12591979206173357,0.65477397217176059,0.22721445365027629,0.1180115741779631,0.62308312248914688,0.21978709715367348,0.15712978035717962,0.44539473684210529,0.23026315789473684,0.32434210526315788,0.54568760524880489,0.22370617928478925,0.23060621546640592,0.58707152066874813,0.2239603764182872,0.18896810291296459,0.57004362311571177,0.25801617152435996,0.17194020535992827
1798,2025-2026,2026-03-01,Brighton,Nottingham,H,0.53153499027392126,0.24979939352210351,0.21866561620397518,0.51638597867065594,0.26780320400678137,0.2158108173225628,0.53526537611416514,0.25315529791222063,0.21157932597361429,0.44539473684210529,0.23026315789473684,0.32434210526315788,0.50417990586670258,0.23060263038012901,0.2652174637531684,0.50183656216409411,0.27515786468030129,0.22300557315560465,0.48180043683220691,0.31523011534407558,0.20296944782371751
1799,2025-2026,2026-03-01,Fulham,Tottenham,H,0.48101198636809056,0.26414495130019472,0.25484306233171472,0.47011140852867483,0.28288895509874917,0.24699963637257602,0.50097914541548871,0.24658898764690923,0.25243186693760211,0.44539473684210529,0.23026315789473684,0.32434210526315788,0.52643249973302664,0.22713740168708893,0.2464300985798844,0.51904877973356822,0.21968001289145611,0.26127120737497561,0.50348789866952959,0.25080177501953321,0.24571032631093709
1800,2025-2026,2026-03-01,Manchester Utd,Crystal Palace,H,0.54312243288251139,0.24363378409624969,0.213243783021239,0.5346906165399844,0.26254462188144972,0.20276476157856579,0.51595237239858305,0.26744109409441597,0.21660653350700107,0.44539473684210529,0.23026315789473684,0.32434210526315788,0.51440492598658061,0.22907717840250466,0.25651789561091476,0.55828271440067379,0.23669451087000157,0.20502277472932484,0.54026855568601262,0.27272282829932382,0.18700861601466368
1801,2025-2026,2026-03-03,Bournemouth,Brentford,D,0.4835382433923236,0.23007988589484288,0.2863818707128335,0.50896742258736294,0.2280636568949713,0.26296892051766568,0.53554474977054822,0.19308813369321146,0.27136711653624029,0.44539473684210529,0.23026315789473684,0.32434210526315788,0.43949785916535228,0.23757513968583094,0.32292700114881684,0.39471058951885907,0.22595967618359225,0.37932973429754852,0.37939273766571135,0.25659537988988773,0.3640118824444008
1802,2025-2026,2026-03-03,Everton,Burnley,H,0.62580726855212576,0.20642946060574779,0.16776327084212631,0.64909440351458725,0.1996532327384295,0.15125236374698312,0.58512861187556942,0.21868924852477351,0.19618213959965702,0.44539473684210529,0.23026315789473684,0.32434210526315788,0.56623665688608271,0.21960322744256536,0.21416011567135193,0.57629148516733353,0.23351466276703964,0.19019385206562689,0.55858267201802847,0.26893228906564981,0.17248503891632186
1803,2025-2026,2026-03-03,Leeds United,Sunderland,A,0.40499546672217335,0.23592690134102173,0.35907763193680486,0.43299631568430269,0.23640259314810322,0.33060109116759417,0.44698492114309657,0.23517330668279507,0.31784177217410836,0.44539473684210529,0.23026315789473684,0.32434210526315788,0.4409016522609156,0.23747387476166279,0.32162447297742158,0.46061862627457223,0.2688819427766419,0.27049943094878581,0.44038130936156844,0.30935657660264948,0.25026211403578202
1804,2025-2026,2026-03-03,Wolves,Liverpool,H,0.16633834345985385,0.20069540988913848,0.63296624665100765,0.18735449786385841,0.20957668720762779,0.60306881492851383,0.1963992872650451,0.22007209769640398,0.58352861503855091,0.44539473684210529,0.23026315789473684,0.32434210526315788,0.21941621078805978,0.22097666050202228,0.55960712870991791,0.17475817020628429,0.22866716723349331,0.5965746625602224,0.15744491873307545,0.26329367017991107,0.57926141108701368
1805,2025-2026,2026-03-04,Aston Villa,Chelsea,A,0.47689322724669514,0.24412003695196208,0.2789867358013427,0.48631770645571204,0.24174541564032587,0.2719368779039622,0.44358178589096831,0.24014160966050385,0.3162766044485279,0.44539473684210529,0.23026315789473684,0.32434210526315788,0.46991426838672123,0.23487849183719603,0.29520723977608276,0.38876128106282876,0.2689878696709998,0.34225084926617172,0.36846955095688816,0.309571329882881,0.32195911916023112
1806,2025-2026,2026-03-04,Brighton,Arsenal,A,0.27193793734942895,0.22517509724956095,0.50288696540101008,0.28091037465417307,0.20646550743983147,0.51262411790599549,0.29991212176189808,0.22750251454813308,0.47258536368996901,0.44539473684210529,0.23026315789473684,0.32434210526315788,0.28970220560730942,0.23420325753673979,0.47609453685595082,0.21237740668022823,0.24234044024441168,0.54528215307535999,0.19408962985066505,0.278915993903538,0.52699437624579681
1807,2025-2026,2026-03-04,Fulham,West Ham,A,0.57975630874863027,0.23767368841663697,0.18257000283473268,0.59704485409840113,0.23204397744386351,0.17091116845773527,0.57558121803981166,0.24578476926465379,0.17863401269553456,0.44539473684210529,0.23026315789473684,0.32434210526315788,0.53225682597513224,0.22614176691232035,0.24160140711254738,0.57256966220698091,0.20595035959459268,0.2214799781984263,0.55828831516591559,0.23451305367672337,0.20719863115736095
1808,2025-2026,2026-03-04,Manchester City,Nottingham,D,0.76735481061830091,0.15690546410368064,0.07573972527801838,0.77534729363857624,0.15401829134183728,0.070634415019586491,0.74968027266996284,0.17299127544765835,0.077328451882378788,0.44539473684210529,0.23026315789473684,0.32434210526315788,0.65318218507512038,0.19716505998902795,0.14965275493585167,0.70929631607437493,0.19130496698542851,0.099398716940196835,0.69529970758705983,0.21929818396005865,0.08540210845288175
1809,2025-2026,2026-03-04,Newcastle,Manchester Utd,H,0.39095949993663781,0.25348386434206144,0.35555663572130075,0.40360012293274483,0.25151730259327587,0.34488257447397941,0.37095429884831876,0.25942013563464317,0.36962556551703812,0.44539473684210529,0.23026315789473684,0.32434210526315788,0.38311472069874924,0.23971850688655161,0.3771667724146992,0.35633425812610969,0.22545412182968425,0.4182116200442062,0.34110991931650236,0.25590279944889899,0.40298728123459882
1810,2025-2026,2026-03-05,Tottenham,Crystal Palace,A,0.34516011678826175,0.27459035290360673,0.38024953030813147,0.3674152345560297,0.2675907857139494,0.3649939797300209,0.33975238447458178,0.28028648215347463,0.37996113337194365,0.44539473684210529,0.23026315789473684,0.32434210526315788,0.37521590535706784,0.23970875868186969,0.38507533596106258,0.39874761144591242,0.26499504179501582,0.33625734675907198,0.38282726455150129,0.29683573558383802,0.32033699986466085
1811,2025-2026,2026-03-14,Arsenal,Everton,H,0.70451210440591672,0.20154673809593787,0.093941157498145536,0.70746867526966772,0.19222117490640742,0.10031014982392482,0.69045358630244502,0.19056976250488744,0.11897665119266758,0.44539473684210529,0.23026315789473684,0.32434210526315788,0.61148863195038061,0.20895873013082505,0.17955263791879444,0.62806333343112375,0.2344298375203418,0.13750682904853426,0.61469715522256896,0.26116219393745133,0.12414065083997951
1812,2025-2026,2026-03-14,Burnley,Bournemouth,D,0.27764797903424432,0.21929033208784066,0.50306168887791491,0.26267155741337311,0.20561456580810591,0.531713876778521,0.29677145198996352,0.22955773712963934,0.4736708108803972,0.44539473684210529,0.23026315789473684,0.32434210526315788,0.31472297001430827,0.23689623278029601,0.44838079720539575,0.25405228756065512,0.21931550883742867,0.52663220360191632,0.2416447481681262,0.24413058762248646,0.51422466420938739
1813,2025-2026,2026-03-14,Chelsea,Newcastle,A,0.58125108749422427,0.21406315311412205,0.20468575939165362,0.58124372021202986,0.2046689665433068,0.21408731324466337,0.58164758316538623,0.19623914601677561,0.22211327081783813,0.44539473684210529,0.23026315789473684,0.32434210526315788,0.51404191201289628,0.22913328392443469,0.25682480406266905,0.57196870094193764,0.20543624970822469,0.2225950493498377,0.56063325754894155,0.22810713649421685,0.21125960595684162
1814,2025-2026,2026-03-14,Sunderland,Brighton,A,0.38769942804906332,0.25477935564418458,0.35752121630675193,0.37019564451346204,0.24443828648991514,0.38536606899662279,0.41794207431575231,0.24011669387422971,0.34194123181001795,0.44539473684210529,0.23026315789473684,0.32434210526315788,0.43596033108296578,0.23782024679003957,0.32621942212699456,0.31460292604066092,0.30937494252458914,0.37602213143474983,0.29747943605283905,0.34362192250023282,0.35889864144692801
1815,2025-2026,2026-03-14,West Ham,Manchester City,D,0.18255496479011921,0.20862552696187436,0.60881950824800646,0.17762171876867261,0.19517968112006071,0.6271986001112666,0.18808911881656321,0.20234943053856372,0.6095614506448731,0.44539473684210529,0.23026315789473684,0.32434210526315788,0.24091691701807885,0.22599703360078358,0.53308604938113768,0.14855367051813981,0.19307079488671497,0.65837553459514542,0.13703160447450854,0.21611492697397749,0.64685346855151415
1816,2025-2026,2026-03-15,Crystal Palace,Leeds United,D,0.54680883811779024,0.20671590426045888,0.24647525762175077,0.54737523883912964,0.21602806525423834,0.23659669590663204,0.52099128203353351,0.22713952590476563,0.25186919206170083,0.44539473684210529,0.23026315789473684,0.32434210526315788,0.47475140167686214,0.23435362196406198,0.29089497635907591,0.40968802488548467,0.25954554024025844,0.33076643487425672,0.39565200848727161,0.28761757303668456,0.31673041847604372
1817,2025-2026,2026-03-15,Liverpool,Tottenham,D,0.67176664564400068,0.18087142381956106,0.14736193053643837,0.6537752994879843,0.17703496954338444,0.16918973096863119,0.65781543090121941,0.16673260147370383,0.17545196762507678,0.44539473684210529,0.23026315789473684,0.32434210526315788,0.63151515558836058,0.2035347605719193,0.1649500838397201,0.64577573520399245,0.18340773262184557,0.17081653217416221,0.63677924729214463,0.201400708445541,0.16182004426231444
1818,2025-2026,2026-03-15,Manchester Utd,Aston Villa,H,0.46363799735281974,0.24340760868815647,0.29295439395902384,0.45758260477320878,0.25801500980457076,0.28440238542222052,0.46632366641427364,0.25784960501491827,0.27582672857080809,0.44539473684210529,0.23026315789473684,0.32434210526315788,0.42516584588604528,0.23847839920075758,0.33635575491319719,0.45733722400276583,0.24558868763777603,0.29707408835945809,0.44419632950415994,0.27187047663498787,0.2839331938608522
1819,2025-2026,2026-03-15,Nottingham,Fulham,D,0.39415171608732258,0.23969632756370227,0.36615195634897502,0.3848807750642893,0.22767924164818479,0.38743998328752594,0.38608269325542988,0.21981491079260126,0.39410239595196878,0.44539473684210529,0.23026315789473684,0.32434210526315788,0.40751794564888244,0.2392590157443,0.35322303860681759,0.36141532890908684,0.26521702988031393,0.37336764121059929,0.3470603436161383,0.29392700046621112,0.35901265591765069
1820,2025-2026,2026-03-16,Brentford,Wolves,D,0.6835766658623601,0.17700868961998881,0.13941464451765107,0.68253476882565856,0.17845914942504532,0.13900608174929613,0.62134755291101174,0.19920357073768913,0.17944887635129922,0.44539473684210529,0.23026315789473684,0.32434210526315788,0.59593190952862374,0.21286876161064855,0.19119932886072771,0.61037570178562817,0.22280815122838102,0.16681614698599073,0.59502042941842948,0.25351869596277848,0.15146087461879201
1821,2025-2026,2026-03-20,Bournemouth,Manchester Utd,D,0.41724904252939221,0.2434702187899361,0.33928073868067177,0.41923015928420787,0.2613761357201243,0.31939370499566794,0.40663607651633343,0.24027298583471066,0.35309093764895588,0.44539473684210529,0.23026315789473684,0.32434210526315788,0.39999110494278622,0.23947850468333187,0.36053039037388201,0.33016603456931304,0.23675293212789514,0.43308103330279185,0.3145686950085505,0.26794761124942018,0.41748369374202932
1822,2025-2026,2026-03-21,Brighton,Liverpool,H,0.44794022967421354,0.22113329186817143,0.33092647845761514,0.44307107254966371,0.2292647263248255,0.32766420112551092,0.43906419086380599,0.23475759622100714,0.32617821291518695,0.44539473684210529,0.23026315789473684,0.32434210526315788,0.3814473403308335,0.23972300419451148,0.37882965547465508,0.38192555232897057,0.2556985338232422,0.36237591384778717,0.36433326851385173,0.29088310145348001,0.34478363003266826
1823,2025-2026,2026-03-21,Everton,Chelsea,H,0.35164596403411269,0.23820172834468992,0.41015230762119742,0.34796251945862161,0.2533371902024053,0.39870029033897314,0.31323353617831667,0.25638700975531381,0.43037945406636963,0.44539473684210529,0.23026315789473684,0.32434210526315788,0.39410427869800374,0.2396021267404749,0.36629359456152144,0.30358889004974032,0.27611920286783476,0.42029190708242486,0.2847051265631671,0.31388672984098115,0.40140814359585164
1824,2025-2026,2026-03-21,Fulham,Burnley,H,0.64646773613415975,0.19459536256570692,0.15893690130013333,0.63233166238171001,0.21143958207212621,0.15622875554616378,0.6005967394498728,0.21800165250867168,0.1814016080414555,0.44539473684210529,0.23026315789473684,0.32434210526315788,0.55028400397749466,0.22282795637490554,0.22688803964759971,0.5922148868388617,0.21370288553681918,0.19408222762431909,0.5776952605630068,0.24274213808852904,0.17956260134846416
1825,2025-2026,2026-03-21,Leeds United,Brentford,D,0.31447892649623121,0.24218768761378062,0.44333338588998822,0.31169625336455187,0.26071591216855061,0.42758783446689741,0.37266292973281562,0.22795268937228608,0.39938438089489836,0.44539473684210529,0.23026315789473684,0.32434210526315788,0.3910192506498007,0.23964991724190352,0.36933083210829587,0.35109738974777444,0.24204197781461956,0.40686063243760601,0.33489408706190721,0.2744485831863539,0.39065732975173878
1826,2025-2026,2026-03-22,Aston Villa,West Ham,H,0.6163055367667255,0.21421871697124914,0.1694757462620253,0.60594403532669094,0.22813782688563713,0.16591813778767209,0.57916423138242001,0.22839344692805014,0.19244232168952988,0.44539473684210529,0.23026315789473684,0.32434210526315788,0.57191361357422943,0.21838946224875114,0.20969692417701935,0.53811117655946472,0.23229592237458532,0.22959290106595007,0.5211984242329728,0.26612142702756897,0.21268014873945823
1827,2025-2026,2026-03-22,Newcastle,Sunderland,A,0.54349487394349483,0.22045922548275548,0.23604590057374966,0.54646581660982019,0.22461862593899434,0.22891555745118541,0.54014449155069821,0.22726736027278935,0.23258814817651247,0.44539473684210529,0.23026315789473684,0.32434210526315788,0.48966676819778177,0.23257167319777236,0.27776155860444579,0.49586164487611223,0.26540274616606074,0.23873560895782683,0.47667041304869767,0.30378520982088986,0.2195443771304123
1828,2025-2026,2026-03-22,Tottenham,Nottingham,A,0.37226688360490856,0.26363044675789765,0.36410266963719373,0.36426641782681585,0.28260755172087898,0.35312603045230512,0.37922692858188189,0.28046600577038366,0.34030706564773444,0.44539473684210529,0.23026315789473684,0.32434210526315788,0.4032678916956946,0.23939138195865153,0.357340726345654,0.40058733490350384,0.26950462510632062,0.32990803999017554,0.38084572230354341,0.30898785030624132,0.31016642739021522
1829,2025-2026,2026-04-10,West Ham,Wolves,H,0.4787429017676948,0.22762625993301763,0.2936308382992876,0.46268511831903891,0.22969881671598644,0.30761606496497468,0.43727867758386535,0.25160532988655443,0.31111599252958017,0.44539473684210529,0.23026315789473684,0.32434210526315788,0.49688449868130885,0.23162127755691764,0.27149422376177362,0.442870535373243,0.26542083806359629,0.2917086265631606,0.42349565188447597,0.30417060504113064,0.27233374307439351
1830,2025-2026,2026-04-11,Arsenal,Bournemouth,A,0.76296020334016779,0.15540299157554435,0.081636805084287778,0.72488878410830793,0.16730964593819964,0.10780156995349237,0.70909920514102553,0.17849205047104991,0.1124087443879245,0.44539473684210529,0.23026315789473684,0.32434210526315788,0.61667144204189028,0.20759734750937997,0.17573121044872975,0.71195571663995305,0.17811014979100581,0.10993413356904114,0.69892703169147929,0.20416751968795321,0.096905448620567408
1831,2025-2026,2026-04-11,Brentford,Everton,D,0.46466290412384603,0.25520102304237152,0.28013607283378239,0.41503039115464829,0.26956411633235172,0.31540549251299993,0.40182992728665035,0.26020433155844191,0.33796574115490768,0.44539473684210529,0.23026315789473684,0.32434210526315788,0.44802856601746105,0.23692487272033069,0.31504656126220809,0.39768832802685133,0.27847886601086497,0.32383280596228375,0.37754785399986013,0.31875981406484738,0.3036923319352926
1832,2025-2026,2026-04-11,Burnley,Brighton,A,0.23461234971229228,0.21494741704316869,0.55044023324453906,0.19784512075858743,0.21324635076948636,0.58890852847192621,0.23733372926153196,0.22269891543121548,0.53996735530725259,0.44539473684210529,0.23026315789473684,0.32434210526315788,0.29914515273191505,0.23533240272800363,0.46552244454008135,0.20443795326462347,0.23178171075005993,0.56378033598531652,0.18749326653669002,0.26567108420592689,0.54683564925738304
1833,2025-2026,2026-04-11,Liverpool,Fulham,H,0.61924009196940821,0.19258623127203758,0.18817367675855423,0.58203648960895427,0.20492260677405627,0.21304090361698938,0.57785209207287946,0.20208580542684482,0.22006210250027572,0.44539473684210529,0.23026315789473684,0.32434210526315788,0.52452084079597638,0.22745618886756447,0.24802297033645915,0.51699004661039172,0.22441117145017736,0.25859878193943098,0.50135226656016751,0.25568673155062577,0.24296100188920675
1834,2025-2026,2026-04-12,Chelsea,Manchester City,A,0.37435321397315313,0.25499842314058502,0.3706483628862618,0.33795092177385461,0.25210043583428404,0.4099486423918613,0.35391135922472716,0.22115627157323739,0.42493236920203542,0.44539473684210529,0.23026315789473684,0.32434210526315788,0.35149325081688521,0.23919667726308777,0.40931007192002694,0.29445724564642134,0.2435046696355386,0.4620380847180402,0.27677757024836525,0.27886402043165076,0.44435840931998416
1835,2025-2026,2026-04-12,Crystal Palace,Newcastle,H,0.44303220872964638,0.20684462630870973,0.35012316496164392,0.37681198131447474,0.21195314523769571,0.41123487344782961,0.39238650872572589,0.2217649935638891,0.38584849771038499,0.44539473684210529,0.23026315789473684,0.32434210526315788,0.4244580025443771,0.23851680257336166,0.33702519488226124,0.36468150157889756,0.26246817205914647,0.37285032636195603,0.34535236628943,0.30112644263808164,0.35352119107248842
1836,2025-2026,2026-04-12,Nottingham,Aston Villa,D,0.32459700641675038,0.22843808636277244,0.44696490722047727,0.28659393174947484,0.23478661319424751,0.47861945505627768,0.31742026592027162,0.22638558219826113,0.45619415188146722,0.44539473684210529,0.23026315789473684,0.32434210526315788,0.33814306050394338,0.23857954616303428,0.42327739333302233,0.33911687443862543,0.28757983772014151,0.37330328784123307,0.31846485977092825,0.32888386705553585,0.3526512731735359
1837,2025-2026,2026-04-12,Sunderland,Tottenham,H,0.48401144535354368,0.23906011084505188,0.27692844380140458,0.44192223462079305,0.25214297438026073,0.30593479099894622,0.47528767156001306,0.22855560065181524,0.29615672778817176,0.44539473684210529,0.23026315789473684,0.32434210526315788,0.54990136743933626,0.22290193498909136,0.22719669757157229,0.47935567378967292,0.26828922926623378,0.25235509694409314,0.45985522687229963,0.30729012310098047,0.23285465002671982
1838,2025-2026,2026-04-13,Manchester Utd,Leeds United,A,0.61683106115149888,0.20801495347080926,0.17515398537769181,0.58577099659297571,0.21819810369785633,0.19603089970916787,0.57340383188423305,0.22640523789017358,0.20019093022559339,0.44539473684210529,0.23026315789473684,0.32434210526315788,0.54255529184695772,0.22429161015034066,0.23315309800270173,0.55640526873842511,0.22282366313989191,0.22077106812168268,0.54019670741329728,0.25524078579014792,0.20456250679655474
1839,2025-2026,2026-04-18,Brentford,Fulham,D,0.52723228124405652,0.22497666999119417,0.24779104876474928,0.5241258746180818,0.23148082060564648,0.24439330477627169,0.49020326257541452,0.22719634873816807,0.28260038868641735,0.44539473684210529,0.23026315789473684,0.32434210526315788,0.4794702263531479,0.23381649923583706,0.28671327441101507,0.48026320291749264,0.23669780345559266,0.28303899362691465,0.46314796190248325,0.2709282854856111,0.26592375261190532
1840,2025-2026,2026-04-18,Chelsea,Manchester Utd,A,0.46464600476472606,0.24444298215729632,0.29091101307797762,0.45714316442564989,0.26162004080474655,0.28123679476960362,0.45195014541211292,0.23745653474820641,0.31059331983968069,0.44539473684210529,0.23026315789473684,0.32434210526315788,0.44172228278129577,0.23741362713651432,0.32086409008218986,0.41803195997005643,0.2293230682049813,0.35264497182496235,0.4024416410832829,0.26050370597852845,0.33705465293818876
1841,2025-2026,2026-04-18,Leeds United,Wolves,H,0.56597845134465319,0.22696210055651761,0.20705944809882926,0.55599112717837385,0.2431920145053276,0.20081685831629859,0.56056082200443214,0.22638349438907721,0.21305568360649066,0.44539473684210529,0.23026315789473684,0.32434210526315788,0.55453417812666084,0.22199561851553373,0.22347020335780535,0.56521584946940207,0.24629166983945269,0.18849248069114533,0.54721988883934325,0.28228359109957019,0.17049652006108656
1842,2025-2026,2026-04-18,Newcastle,Bournemouth,A,0.47047910857625502,0.22240537723216355,0.30711551419158128,0.45720801036649966,0.24147368657194304,0.30131830306155727,0.44419176778677755,0.25934513650206786,0.29646309571115453,0.44539473684210529,0.23026315789473684,0.32434210526315788,0.41587544140292348,0.23893545895805732,0.34518909963901923,0.40656998930820487,0.23564233309088556,0.35778767760090957,0.39005896512102989,0.26866438146523575,0.34127665341373453
1843,2025-2026,2026-04-18,Tottenham,Brighton,D,0.25961141908663637,0.23634929013914394,0.50403929077421972,0.25970165694395919,0.25035953170874303,0.48993881134729783,0.26179319760021552,0.24919013234249032,0.48901667005729416,0.44539473684210529,0.23026315789473684,0.32434210526315788,0.29903441390861646,0.23531996659887441,0.46564561949250916,0.23052132895980365,0.24399873578426304,0.52547993525593328,0.21242137717293136,0.28019863935800765,0.50737998346906099
1844,2025-2026,2026-04-19,Aston Villa,Sunderland,H,0.55007668370269558,0.23247848980253599,0.21744482649476846,0.5377416103245537,0.24973520527466564,0.21252318440078072,0.52205293069298309,0.23480576959166627,0.24314129971535062,0.44539473684210529,0.23026315789473684,0.32434210526315788,0.51200757954832277,0.22944504869941415,0.25854737175226311,0.43675682353392659,0.30104028677311107,0.26220288969296224,0.41677055058868717,0.34101283266358989,0.24221661674772282
1845,2025-2026,2026-04-19,Everton,Liverpool,A,0.41473540703745432,0.20890626243633215,0.37635833052621342,0.40525238982659262,0.22535402190112441,0.36939358827228297,0.37662150569515063,0.24044628102328433,0.38293221328156496,0.44539473684210529,0.23026315789473684,0.32434210526315788,0.38967132217234518,0.23966710761610058,0.37066157021155416,0.36952513086896999,0.26523849373787745,0.3652363753931524,0.35036004621674,0.30356866304233748,0.34607129074092241
1846,2025-2026,2026-04-19,Manchester City,Arsenal,H,0.5391554325216894,0.22716571082373432,0.23367885665457636,0.5268943185310172,0.24658332905188224,0.2265223524171005,0.50616468931351422,0.25550313918918538,0.2383321714973004,0.44539473684210529,0.23026315789473684,0.32434210526315788,0.43213976839957202,0.23806869933260252,0.32979153226782532,0.39956695450544372,0.26809293965704661,0.33234010583750995,0.38021506117742332,0.30679672631308746,0.31298821250948955
1847,2025-2026,2026-04-19,Nottingham,Burnley,H,0.62478711783788798,0.1832700304931128,0.19194285166899924,0.61774540176868609,0.19596871403819754,0.18628588419311645,0.57587505842683617,0.20175062105697061,0.22237432051619305,0.44539473684210529,0.23026315789473684,0.32434210526315788,0.5382187322012707,0.22508464421029514,0.23669662358843424,0.57805028149541127,0.23770550916044844,0.18424420934414043,0.5609851347746363,0.27183580260199847,0.16717906262336549
1848,2025-2026,2026-04-20,Crystal Palace,West Ham,D,0.56556349924782578,0.19448002141184206,0.2399564793403321,0.57567438949975525,0.20031112942462356,0.22401448107562116,0.53755362464277334,0.22309997102845328,0.23934640432877338,0.44539473684210529,0.23026315789473684,0.32434210526315788,0.50704561882872268,0.23018658804835004,0.26276779312292736,0.4413339463462837,0.26337688626410399,0.29528916738961225,0.42340634496417029,0.29923208902833082,0.27736156600749889
1849,2025-2026,2026-04-21,Brighton,Chelsea,H,0.47708340421724621,0.21293314841419383,0.30998344736855998,0.50324052073781433,0.21204676445505619,0.28471271480712951,0.47057994802631475,0.22572498438506067,0.30369506758862452,0.44539473684210529,0.23026315789473684,0.32434210526315788,0.45366347614702307,0.23644975032624824,0.30988677352672866,0.44254086767593148,0.25992300848358935,0.29753612384047917,0.42354923978120063,0.29790626427305111,0.27854449594574832
1850,2025-2026,2026-04-22,Bournemouth,Leeds United,D,0.58027944281389698,0.21166331374594327,0.2080572434401598,0.59494424601635909,0.20786275174237218,0.19719300224126873,0.56349147807709454,0.20903347305428355,0.22747504886862197,0.44539473684210529,0.23026315789473684,0.32434210526315788,0.5029575201151375,0.23077736851378261,0.26626511137107983,0.43358999217451416,0.25509038200870515,0.31131962581678085,0.41509921004839134,0.29207194626095073,0.29282884369065798
1851,2025-2026,2026-04-22,Burnley,Manchester City,A,0.10204459029137697,0.17165536721739891,0.72630004249122404,0.10805055753263493,0.17482244375350042,0.71712699871386454,0.13883906975512969,0.18090766596195157,0.68025326428291877,0.44539473684210529,0.23026315789473684,0.32434210526315788,0.17771895886381664,0.20831046607753495,0.61397057505864838,0.07110313661300971,0.12871452126178234,0.80018234212520789,0.061874350045737103,0.14717209439632756,0.79095355555793534
1852,2025-2026,2026-04-24,Sunderland,Nottingham,A,0.49862280654254204,0.20909702677562234,0.29228016668183571,0.51455817983009844,0.20470561548968405,0.28073620468021737,0.49945399635865251,0.22072991735636094,0.2798160862849865,0.44539473684210529,0.23026315789473684,0.32434210526315788,0.47493816814943146,0.23433283350998374,0.2907289983405848,0.37067363676035064,0.29523319204490434,0.33409317119474502,0.35103850621672761,0.3345034531321503,0.31445804065112204
1853,2025-2026,2026-04-25,Arsenal,Newcastle,H,0.74083435414092058,0.16064554062851907,0.098520105230560331,0.74603521364251679,0.15643297650009949,0.097531809857383703,0.72190844575997293,0.16073666501182055,0.1173548892282066,0.44539473684210529,0.23026315789473684,0.32434210526315788,0.61546014428725226,0.20791816017031692,0.17662169554243082,0.69607750866156592,0.17681962640860499,0.12710286492982906,0.6844085307985881,0.20015758213456081,0.11543388706685115
1854,2025-2026,2026-04-25,Fulham,Aston Villa,H,0.36957841265154451,0.24162888553449974,0.38879270181395575,0.37241628333941884,0.22936329941508998,0.39822041724549123,0.39440623774135547,0.24815032705239018,0.35744343520625427,0.44539473684210529,0.23026315789473684,0.32434210526315788,0.36199730580794426,0.23951408441430486,0.39848860977775091,0.36568768119568534,0.25750501602067954,0.37680730278363511,0.34846239506568394,0.29195558828068241,0.35958201665363371
1855,2025-2026,2026-04-25,Liverpool,Crystal Palace,H,0.61047518186791738,0.2334230321544897,0.15610178597759292,0.60034868810710396,0.23566318042808276,0.16398813146481322,0.5900322584436013,0.22718154957054687,0.18278619198585183,0.44539473684210529,0.23026315789473684,0.32434210526315788,0.54235588524692346,0.22432852103645634,0.23331559371662025,0.53269633102398195,0.25197369527997671,0.21532997369604137,0.51591294425080347,0.28554046882633366,0.19854658692286289
1856,2025-2026,2026-04-25,West Ham,Everton,H,0.33314470851563116,0.24232632217313352,0.42452896931123529,0.31938290391378565,0.23864989448463217,0.44196720160158232,0.32493866627690582,0.25642030714869812,0.41864102657439606,0.44539473684210529,0.23026315789473684,0.32434210526315788,0.37733066151329664,0.23971910575308369,0.38295023273361972,0.32508020509103563,0.27272034048065996,0.40219945442830435,0.30686282486191896,0.30915510093889326,0.38398207419918773
1857,2025-2026,2026-04-25,Wolves,Tottenham,A,0.29407978412244079,0.20359090921975628,0.50232930665780295,0.27735481779113946,0.1952185705852805,0.52742661162358007,0.30697803957695685,0.19864247121524267,0.4943794892078005,0.44539473684210529,0.23026315789473684,0.32434210526315788,0.42443164659201854,0.23851822113332993,0.33705013227465158,0.32500626938541977,0.26128674847256145,0.41370698214201873,0.3074759394532306,0.29634740833693984,0.39617665220982951
1858,2025-2026,2026-04-27,Manchester Utd,Brentford,H,0.47905703752850409,0.26325467438168981,0.25768828808980609,0.4889278784173266,0.27578532976296199,0.23528679181971135,0.54899200441589724,0.22932777257350437,0.22168022301059837,0.44539473684210529,0.23026315789473684,0.32434210526315788,0.48903025555050095,0.23265273815924867,0.27831700629025041,0.48634346351917246,0.2348893409353586,0.2787671955454688,0.47445765596072248,0.25866095605225897,0.26688138798701871
1859,2025-2026,2026-05-01,Leeds United,Burnley,H,0.64286230572152303,0.17997111055184156,0.17716658372663543,0.6520984500595568,0.17102702401934924,0.17687452592109396,0.61972937056420352,0.18790691011249183,0.19236371932330459,0.44539473684210529,0.23026315789473684,0.32434210526315788,0.57872895097498367,0.21688635185953106,0.2043846971654853,0.67077081935789551,0.19103371233061472,0.13819546831148977,0.66087499599284993,0.21082535906070579,0.12829964494644422
1860,2025-2026,2026-05-02,Arsenal,Fulham,H,0.7228507682420775,0.1771382177829208,0.10001101397500181,0.7254527296670652,0.17327024772162186,0.10127702261131284,0.71582303173408657,0.16712834697196247,0.11704862129395095,0.44539473684210529,0.23026315789473684,0.32434210526315788,0.6080646585873315,0.20984197810308788,0.18209336330958059,0.63667421406668612,0.22189840155739793,0.14142738437591609,0.62531602379127227,0.24461478210822546,0.13006919410050233
1861,2025-2026,2026-05-02,Brentford,West Ham,H,0.55648453123559705,0.22205991934929384,0.22145554941510917,0.5554137313358718,0.22031810995892304,0.22426815870520533,0.50775885746898797,0.2357778589984223,0.25646328353258979,0.44539473684210529,0.23026315789473684,0.32434210526315788,0.50315036996388662,0.23074990934743075,0.26609972068868265,0.49426434268044389,0.24067293624748776,0.26506272107206835,0.48181009796546775,0.26558142567743992,0.25260847635709233
1862,2025-2026,2026-05-02,Newcastle,Brighton,H,0.39924782212637877,0.23691544329012393,0.3638367345834973,0.39464960362935581,0.22825900805559149,0.37709138831505284,0.38466354383947332,0.24211914551659605,0.3732173106439306,0.44539473684210529,0.23026315789473684,0.32434210526315788,0.38590010813259223,0.23970322140641548,0.3743966704609924,0.3100996094362623,0.25452991532746394,0.43537047523627365,0.29683503387024845,0.28105906645949152,0.42210589967025985
1863,2025-2026,2026-05-02,Wolves,Sunderland,D,0.26167657071916345,0.20459796215648454,0.53372546712435198,0.25609397187462157,0.19923855597291246,0.54466747215246591,0.28534872689708157,0.22080951953035224,0.49384175357256616,0.44539473684210529,0.23026315789473684,0.32434210526315788,0.32135769748656101,0.23745283241135418,0.44118947010208481,0.28746098425552424,0.29090770935980775,0.42163130638466811,0.27290805144631475,0.32001357497822669,0.40707837357545867
1864,2025-2026,2026-05-03,Aston Villa,Tottenham,A,0.60184029395515293,0.20838341811434166,0.18977628793050552,0.61071087015838954,0.21584523537755632,0.17344389446405403,0.59269938539978806,0.19623656544521453,0.21106404915499749,0.44539473684210529,0.23026315789473684,0.32434210526315788,0.60543220463685354,0.2105123335998676,0.18405546176327897,0.58055314899560162,0.21780681414254496,0.20164003686185344,0.56856420475384284,0.24178470262606236,0.18965109262009475
1865,2025-2026,2026-05-03,Bournemouth,Crystal Palace,H,0.53580051209068913,0.24515006469796224,0.2190494232113486,0.5098455790924491,0.2399516245767252,0.25020279633082559,0.49023843950159779,0.23524049536889427,0.27452106512950786,0.44539473684210529,0.23026315789473684,0.32434210526315788,0.4989970889840209,0.23133228932900293,0.26967062168697631,0.49406963223599243,0.25952790189658115,0.2464024658674264,0.47963282142180264,0.28840152352496085,0.23196565505323655
1866,2025-2026,2026-05-03,Manchester Utd,Liverpool,H,0.45724991622056416,0.243137213433919,0.29961287034551698,0.44681988082198859,0.24069629544544502,0.31248382373256633,0.44390698009306923,0.24735069582363023,0.3087423240833006,0.44539473684210529,0.23026315789473684,0.32434210526315788,0.41632439391086168,0.23891571958554758,0.3447598865035908,0.42490114403267565,0.23095898404487775,0.34413987192244661,0.4129328982951832,0.25489547551986269,0.33217162618495411
1867,2025-2026,2026-05-04,Chelsea,Nottingham,A,0.50635871028218482,0.25062135221175424,0.24301993750606102,0.48261219604772515,0.26168656370356713,0.25570124024870766,0.48149458435575926,0.24275802620035994,0.27574738944388077,0.44539473684210529,0.23026315789473684,0.32434210526315788,0.48549962612725539,0.23309428534502596,0.28140608852771865,0.37914823150058963,0.25851511816617878,0.36233665033323159,0.36502596163301992,0.28675965790131835,0.34821438046566178
1868,2025-2026,2026-05-04,Everton,Manchester City,D,0.24017825040201163,0.23786147505213462,0.52196027454585381,0.2438402989221691,0.24545357894854525,0.51070612212928557,0.23568827771696671,0.22527461403104829,0.53903710825198492,0.44539473684210529,0.23026315789473684,0.32434210526315788,0.28072540536364771,0.23299833783022841,0.48627625680612396,0.21219234902783959,0.26237945169048205,0.52542819928167828,0.19818478180151383,0.29039458614313363,0.51142063205535249
1869,2025-2026,2026-05-09,Brighton,Wolves,H,0.7180377847613062,0.15432843513803673,0.12763378010065712,0.70526357999563916,0.15505971577595415,0.13967670422840667,0.69206520849733366,0.16849269773538181,0.13944209376728445,0.44539473684210529,0.23026315789473684,0.32434210526315788,0.61894305594009813,0.20699136502415394,0.1740655790357479,0.67564521801929145,0.2082950691226173,0.11605971285809133,0.66501375859869538,0.22955798796380938,0.10542825343749529
1870,2025-2026,2026-05-09,Fulham,Bournemouth,A,0.45644561532624361,0.22605879468136353,0.31749558999239286,0.44846471440040864,0.24776675954789315,0.30376852605169813,0.43776297195402747,0.26842887810889199,0.29380814993708049,0.44539473684210529,0.23026315789473684,0.32434210526315788,0.39532143720569252,0.23958004795401547,0.36509851484029204,0.34949097169845789,0.26178460330920084,0.38872442499234122,0.33566173827170093,0.28944307016271464,0.37489519156558437
1871,2025-2026,2026-05-09,Liverpool,Chelsea,D,0.61419580149046116,0.18922636857957872,0.19657782992996009,0.62077439517684929,0.19791612861985183,0.18130947620329887,0.59012156886799416,0.20363966854154464,0.2062387625904612,0.44539473684210529,0.23026315789473684,0.32434210526315788,0.52859685781204679,0.22677170078240685,0.24463144140554618,0.5737875174384961,0.20743556307953318,0.21877691948197073,0.56359450328024618,0.22782159139603292,0.20858390532372084
1872,2025-2026,2026-05-09,Manchester City,Brentford,H,0.69968539664929286,0.16571992965377885,0.13459467369692815,0.70041127909229095,0.16273017881950508,0.13685854208820381,0.71474936522055577,0.15814252788532115,0.12710810689412302,0.44539473684210529,0.23026315789473684,0.32434210526315788,0.59605135832713541,0.2128397434972803,0.19110889817558416,0.61508300778554426,0.21219033770410733,0.17272665451034852,0.60391354595699387,0.234529261361208,0.16155719268179822
1873,2025-2026,2026-05-09,Sunderland,Manchester Utd,D,0.31598359763478462,0.21831285370818021,0.46570354865703512,0.29444735996263366,0.21182897356703262,0.49372366647033372,0.32281461564727176,0.22557016370860758,0.45161522064412069,0.44539473684210529,0.23026315789473684,0.32434210526315788,0.34990968505620179,0.23913609599981706,0.41095421894398121,0.24818742769059296,0.23967856145601291,0.51213401085339394,0.2355905475847789,0.26487232166764108,0.49953713074757988
1874,2025-2026,2026-05-10,Burnley,Aston Villa,D,0.18878844834859412,0.20663266137461331,0.60457889027679257,0.1793808928031404,0.21902350180562333,0.60159560539123624,0.22165980013599626,0.21967823355582869,0.55866196630817511,0.44539473684210529,0.23026315789473684,0.32434210526315788,0.26088723218866772,0.22986006082713398,0.50925270698419822,0.22185704257462885,0.22753125310332653,0.55061170432204454,0.20870393551063585,0.25383746723131256,0.53745859725805156
1875,2025-2026,2026-05-10,Crystal Palace,Everton,D,0.40695854126707132,0.22556530318170762,0.36747615555122098,0.39958534179800659,0.24500523876382346,0.35540941943817,0.39864674249764492,0.24623081103269684,0.35512244646965829,0.44539473684210529,0.23026315789473684,0.32434210526315788,0.423976497757244,0.23854258997264896,0.33748091227010701,0.3159563170957842,0.28672700173900473,0.39731668116521096,0.29963342895576583,0.31937277801904151,0.3809937930251926
1876,2025-2026,2026-05-10,Nottingham,Newcastle,D,0.50429160194705291,0.18379685052388439,0.31191154752906269,0.50281064070916237,0.19937973946902299,0.2978096198218147,0.49321460980250492,0.19684036139191566,0.30994502880557956,0.44539473684210529,0.23026315789473684,0.32434210526315788,0.44712803224682279,0.23699745138592959,0.31587451636724762,0.51748276584720188,0.23245580697059157,0.25006142718220642,0.5041371355407126,0.25914706758357015,0.23671579687571714
1877,2025-2026,2026-05-10,West Ham,Arsenal,A,0.15117842122778816,0.1822754147701349,0.666546164002077,0.14722097414803123,0.19676479661563445,0.65601422923633423,0.1646483197388906,0.22192880334444207,0.6134228769166673,0.44539473684210529,0.23026315789473684,0.32434210526315788,0.23458815063950683,0.22461576582353696,0.5407960835369563,0.14429677456375789,0.20859431331337744,0.64710891212286492,0.13211781710944634,0.23295222822200048,0.63492995466855329
1878,2025-2026,2026-05-11,Tottenham,Leeds United,D,0.39985413175710938,0.22248122224162284,0.37766464600126792,0.40806888720454809,0.23089230361950189,0.36103880917595005,0.39729844895750532,0.23494697644279408,0.36775457459970068,0.44539473684210529,0.23026315789473684,0.32434210526315788,0.36790109572495916,0.23962890552675931,0.39246999874828153,0.31981704538848277,0.24586821408153087,0.43431474052998653,0.30561191900372703,0.27427846685104235,0.42010961414523074
1879,2025-2026,2026-05-13,Manchester City,Crystal Palace,H,0.75032045480218246,0.1658894984155718,0.083790046782245678,0.75765803389473063,0.16327736203639556,0.079064604068873806,0.71554712123271313,0.1890214764337802,0.09543140233350661,0.44539473684210529,0.23026315789473684,0.32434210526315788,0.63463188950473581,0.20265078079850707,0.16271732969675703,0.73990675119635807,0.16881878815416845,0.091274460649473643,0.72934660096492443,0.18993908861703573,0.080714310418039989
1880,2025-2026,2026-05-15,Aston Villa,Liverpool,H,0.45670598026451242,0.22907999150568834,0.31421402822979921,0.46937399660202656,0.22549065124698112,0.3051353521509923,0.44744922024091205,0.22479399439068798,0.32775678536840003,0.44539473684210529,0.23026315789473684,0.32434210526315788,0.40622589584749075,0.23930156226143726,0.35447254189107202,0.34996854884304485,0.23597840663617964,0.41405304452077568,0.33596582366722932,0.26398385698781046,0.40005031934496027
1881,2025-2026,2026-05-17,Brentford,Crystal Palace,D,0.51580744996698025,0.23614877419459998,0.24804377583841974,0.49152846079122781,0.21694054758630757,0.2915309916224646,0.46068818158572461,0.23199629880545974,0.30731551960881559,0.44539473684210529,0.23026315789473684,0.32434210526315788,0.48378877800155706,0.23330329971399491,0.282907922284448,0.54977796579538385,0.24589588641678903,0.20432614778782687,0.5349726332514273,0.27550655150470238,0.18952081524387027
1882,2025-2026,2026-05-17,Everton,Sunderland,A,0.48047051524250362,0.24402524535483186,0.27550423940266455,0.48179158627880753,0.26216509128736598,0.25604332243382655,0.46423142288546226,0.25466236410139642,0.28110621301314126,0.44539473684210529,0.23026315789473684,0.32434210526315788,0.47043295083136383,0.23482345976921323,0.29474358939942291,0.53609624737668693,0.25556729463435174,0.20833645798896142,0.52086821323111043,0.28602336292550468,0.19310842384338497
1883,2025-2026,2026-05-17,Leeds United,Brighton,H,0.39489106034999533,0.20268430279047306,0.40242463685953161,0.39185619149298828,0.2193016712308081,0.38884213727620365,0.4121468056009906,0.22167121107874263,0.36618198332026691,0.44539473684210529,0.23026315789473684,0.32434210526315788,0.4045451299716521,0.23935389603382565,0.35610097399452223,0.37170863954415473,0.26626214748875415,0.36202921296709095,0.35558929373873172,0.29850083909960023,0.34590986716166794
1884,2025-2026,2026-05-17,Manchester Utd,Nottingham,H,0.57489169083151492,0.23125615887669118,0.19385215029179395,0.58398278526938718,0.2172358787753754,0.19878133595523734,0.55133607001862472,0.23888615826620524,0.20977777171517006,0.44539473684210529,0.23026315789473684,0.32434210526315788,0.52992861514711487,0.22654416209859476,0.24352722275429034,0.45152785790669747,0.25070046627641285,0.29777167581688957,0.43641974725474364,0.28091668758032062,0.28266356516493568
1885,2025-2026,2026-05-17,Newcastle,West Ham,H,0.57224456147764124,0.21999971055062628,0.20775572797173247,0.57000981183284494,0.23100867406364645,0.19898151410350859,0.543529841963033,0.24448792407054173,0.21198223396642527,0.44539473684210529,0.23026315789473684,0.32434210526315788,0.50498227993790634,0.23048704539343629,0.26453067466865743,0.54076132683434819,0.22891659037488543,0.23032208279076655,0.52709118874657446,0.25625686655043278,0.21665194470299287
1886,2025-2026,2026-05-17,Wolves,Fulham,D,0.2145340713245393,0.20607545861901735,0.5793904700564434,0.20925506156075283,0.22033982633072932,0.57040511210851785,0.24746144583983457,0.22505504971655246,0.52748350444361303,0.44539473684210529,0.23026315789473684,0.32434210526315788,0.31503466434153909,0.23692382249283556,0.44804151316562529,0.23774071515695905,0.29023410694060625,0.4720251779024347,0.22137932169766433,0.32295689385919563,0.45566378444313999
1887,2025-2026,2026-05-18,Arsenal,Burnley,H,0.85568562114793711,0.10885670642734331,0.035457672424719609,0.85302650078385267,0.1137520211124546,0.033221478103692671,0.82231298138926689,0.12465994901541394,0.053027069595319221,0.44539473684210529,0.23026315789473684,0.32434210526315788,0.73540376701632149,0.16804224288473196,0.096553990098946468,0.85903026000356619,0.10094655634011555,0.040023183656318406,0.85312454319387288,0.11275798995950213,0.034117466846625109
1888,2025-2026,2026-05-19,Bournemouth,Manchester City,D,0.35673572771789952,0.21762583948548656,0.42563843279661384,0.34601774362040144,0.20865827534376843,0.44532398103583015,0.34639242055344288,0.19051304431693722,0.46309453512961996,0.44539473684210529,0.23026315789473684,0.32434210526315788,0.32865119336430282,0.2379913511476778,0.43335745548801941,0.24307119716820025,0.23852150257556956,0.51840730025623016,0.22971695559679778,0.26522998571837453,0.50505305868482764
1889,2025-2026,2026-05-19,Chelsea,Tottenham,H,0.53338412213763209,0.24767323414107795,0.21894264372128988,0.53098025679384742,0.25420601046008756,0.21481373274606505,0.53041512652343803,0.21018302986074427,0.25940184361581758,0.44539473684210529,0.23026315789473684,0.32434210526315788,0.53794093400667164,0.22513475394911761,0.23692431204421077,0.52638106067118862,0.23169056333379742,0.24192837599501429,0.51353731477955145,0.25737805511707168,0.22908463010337718
1890,2025-2026,2026-05-24,Brighton,Manchester Utd,A,0.4603869687524888,0.21923452454038447,0.32037850670712686,0.4485561223852087,0.23617931178986559,0.31526456582492568,0.43375017781351155,0.2392285530739176,0.3270212691125709,0.44539473684210529,0.23026315789473684,0.32434210526315788,0.39118169264878921,0.23964769379815312,0.36917061355305769,0.42474408373153022,0.25248272207740557,0.32277319419106421,0.40971158452510265,0.28254772049026067,0.30774069498463669
1891,2025-2026,2026-05-24,Burnley,Wolves,D,0.39973350238978939,0.22114639011687032,0.37912010749334035,0.40881538297217362,0.24039865177910974,0.35078596524871669,0.43421121936810081,0.23240239518129249,0.33338638545060673,0.44539473684210529,0.23026315789473684,0.32434210526315788,0.44621048195655955,0.23707044878749736,0.31671906925594306,0.45517990213030024,0.2738137952140538,0.27100630265564596,0.43902634525546219,0.30612090896373018,0.2548527457808078
1892,2025-2026,2026-05-24,Crystal Palace,Arsenal,A,0.19478360897973432,0.22279539308301646,0.58242099793724922,0.19905439511898473,0.22540930991497285,0.57553629496604242,0.20805388320676405,0.23029031438295358,0.56165580241028235,0.44539473684210529,0.23026315789473684,0.32434210526315788,0.25325147679055043,0.22846950403966768,0.51827901916978192,0.14477081533538519,0.24281346019937566,0.6124157244652394,0.13115934855791686,0.27003639375431232,0.5988042576877709
1893,2025-2026,2026-05-24,Fulham,Newcastle,H,0.42861385114516493,0.2266679182020056,0.34471823065282947,0.41438341542249629,0.22285002296316975,0.3627665616143339,0.43461992880080663,0.23403017085220443,0.33134990034698897,0.44539473684210529,0.23026315789473684,0.32434210526315788,0.42563635214223589,0.23845254709806871,0.33591110075969527,0.36076859126123056,0.2635034460038998,0.3757279627348698,0.34498585149913641,0.29506892552808811,0.35994522297277565
1894,2025-2026,2026-05-24,Liverpool,Brentford,D,0.61053875366291732,0.19002359771309182,0.19943764862399083,0.59114166539997337,0.20710708529738386,0.20175124930264279,0.64257798046533532,0.17161517954387037,0.1858068399907942,0.44539473684210529,0.23026315789473684,0.32434210526315788,0.51142587540090667,0.22953336831568652,0.25904075628340667,0.50910868784235341,0.21994620182227065,0.27094511033537622,0.49696347693117227,0.24423662364463283,0.25879989942419512
1895,2025-2026,2026-05-24,Manchester City,Aston Villa,A,0.7013360360358537,0.17246251600746679,0.12620144795667959,0.70663492064773137,0.16993595179157256,0.12342912756069609,0.67378425469034298,0.19177475766037569,0.13444098764928133,0.44539473684210529,0.23026315789473684,0.32434210526315788,0.5696699383480972,0.21887332829763206,0.21145673335427076,0.70276488909663626,0.17401354743856051,0.12322156346480342,0.69251445099392206,0.19451442364398866,0.11297112536208934
1896,2025-2026,2026-05-24,Nottingham,Bournemouth,D,0.49391012602320761,0.19580631339625054,0.3102835605805418,0.49175414577576715,0.2150847203353152,0.29316113388891774,0.44496386255728521,0.22713435435879148,0.32790178308392326,0.44539473684210529,0.23026315789473684,0.32434210526315788,0.371989364399955,0.23968199223056241,0.3883286433694827,0.43198610147881772,0.2534836209147634,0.31453027760641894,0.41686359815531598,0.28372862756176681,0.29940777428291721
1897,2025-2026,2026-05-24,Sunderland,Chelsea,H,0.35263036703743261,0.23871914324615154,0.40865048971641577,0.34102161743119747,0.26007945356327056,0.39889892900553192,0.36166723686249214,0.24228996056452856,0.3960428025729793,0.44539473684210529,0.23026315789473684,0.32434210526315788,0.42449937412223782,0.23851457418030261,0.33698605169745954,0.37537665417011273,0.2694470593351127,0.35517628649477451,0.3592557016389325,0.30168896439747322,0.33905533396359422
1898,2025-2026,2026-05-24,Tottenham,Everton,H,0.33518200324607716,0.21780721768220629,0.44701077907171649,0.34171585331603804,0.21752909682138744,0.44075504986257447,0.35051336025829305,0.24098475141589781,0.40850188832580919,0.44539473684210529,0.23026315789473684,0.32434210526315788,0.367699768596501,0.23962573481266489,0.39267449659083414,0.35960138685862436,0.24946751908866591,0.39093109405270982,0.34487066541142214,0.27892896198307038,0.37620037260550759
1899,2025-2026,2026-05-24,West Ham,Leeds United,H,0.35986496252939632,0.22297974501293275,0.41715529245767097,0.35732557369415063,0.21891073869185645,0.42376368761399286,0.34635619945011448,0.2386803509723899,0.41496344957749554,0.44539473684210529,0.23026315789473684,0.32434210526315788,0.37094118452911934,0.23967043018165585,0.38938838528922476,0.3045974626483694,0.26173247273876354,0.43367006461286717,0.2889198528409555,0.29308769235359122,0.41799245480545333
