season,date,home_team,away_team,result,ll_market,ll_dc,ll_e1a,gap_dc,gap_e1a,gap_rps_dc,favourite_p,favourite_bin,matchweek,matchweek_bucket,promoted_detail,market_pick,favourite_correct
2024-2025,2025-03-08,Wolves,Everton,D,1.1451323043030028,1.2660688443220207,1.3208047664160902,0.12093654001901788,0.1756724621130874,0.017615222143797321,0.34090909090909088,0.00-0.40,28,MW 20-31,neither promoted,H,favourite did not
2023-2024,2023-11-04,Newcastle,Arsenal,H,1.0886866488681399,0.73140817257240121,0.87951113620623733,-0.35727847629573872,-0.2091755126619026,-0.096552246035760347,0.34912718204488774,0.00-0.40,11,MW 7-19,neither promoted,A,favourite did not
2022-2023,2023-02-18,Everton,Leeds United,H,1.0451236037171237,1.0500224222072336,1.022335458605478,0.0048988184901099796,-0.022788145111645619,0.0012835309246280735,0.35164835164835162,0.00-0.40,24,MW 20-31,neither promoted,H,favourite delivered
2023-2024,2023-12-02,Nottingham,Everton,A,1.0421313357307058,1.2554851181371698,0.88422874864384138,0.21335378240646397,-0.15790258708686444,0.10199107184453599,0.35270215359609908,0.00-0.40,14,MW 7-19,neither promoted,A,favourite delivered
2025-2026,2025-09-13,Everton,Aston Villa,D,1.180281674211523,1.2058353909605701,1.348978688182076,0.025553716749047162,0.16869701397055303,0.0068722460203176905,0.35270215359609908,0.00-0.40,4,MW 1-6,neither promoted,H,favourite did not
2024-2025,2024-12-14,Nottingham,Aston Villa,H,1.038709470682541,0.91363512508415667,0.94193630123545669,-0.12507434559838437,-0.096773169447084362,-0.037616079172692662,0.35391112004826059,0.00-0.40,16,MW 7-19,neither promoted,H,favourite delivered
2025-2026,2025-12-14,Nottingham,Tottenham,H,1.0360919316867756,1.1257687658348265,0.82490083260455449,0.089676834148050943,-0.21119109908222111,0.045996117554366445,0.35483870967741937,0.00-0.40,16,MW 7-19,neither promoted,H,favourite delivered
2022-2023,2022-11-12,Bournemouth,Everton,H,1.0524539857468409,1.050668678559441,0.91842721836525609,-0.0017853071873998871,-0.13402676738158481,-0.0048424654650913723,0.35554450522128295,0.00-0.40,16,MW 7-19,home promoted,A,favourite did not
2025-2026,2026-03-15,Crystal Palace,Leeds United,D,1.219508070410007,1.2461235526490511,1.2317339976152495,0.026615482239044086,0.012225927205242515,0.0042949432772519669,0.35554450522128295,0.00-0.40,30,MW 20-31,away promoted,H,favourite did not
2024-2025,2024-11-02,Southampton,Everton,H,1.032910698265231,1.5446769661243898,1.1113724434429224,0.5117662678591588,0.078461745177691444,0.15139578186521985,0.35596933187294633,0.00-0.40,10,MW 7-19,home promoted,H,favourite delivered
2022-2023,2023-04-15,Southampton,Crystal Palace,A,1.0326390470548783,0.79785561784976411,1.2332148332652519,-0.23478342920511419,0.20057578621037364,-0.077495617626648361,0.35606604450825552,0.00-0.40,31,MW 20-31,neither promoted,A,favourite delivered
2022-2023,2023-01-21,Bournemouth,Nottingham,D,1.1957329351358374,1.2099884197586941,1.2004744049616001,0.01425548462285664,0.0047414698257626231,0.0014383405466216609,0.35653792266995676,0.00-0.40,21,MW 20-31,both promoted,A,favourite did not
2024-2025,2025-02-22,Everton,Manchester Utd,D,1.157620256108838,1.1114652750844485,1.225755007937759,-0.04615498102438953,0.068134751828921036,-0.00016245746422026419,0.35844078259570872,0.00-0.40,26,MW 20-31,neither promoted,H,favourite did not
2023-2024,2023-10-01,Nottingham,Brentford,D,1.157620256108838,1.485900066164298,1.4396843385405798,0.32827981005546003,0.28206408243174175,0.040529087332991987,0.35844078259570872,0.00-0.40,7,MW 7-19,neither promoted,H,favourite did not
2025-2026,2026-04-24,Sunderland,Nottingham,A,1.0878427008551819,1.1569046277960211,1.0002552739952772,0.069061926940839236,-0.087587426859904616,0.012434552590306291,0.35872215563912879,0.00-0.40,34,MW 32-38,home promoted,H,favourite did not
2022-2023,2023-04-15,Wolves,Brentford,H,1.0878427008551816,1.1943779756418345,0.79257560025454787,0.10653527478665281,-0.29526710060063377,0.054089362251729389,0.35872215563912885,0.00-0.40,31,MW 20-31,neither promoted,A,favourite did not
2025-2026,2026-04-20,Crystal Palace,West Ham,D,1.2353101643558602,1.2065357892063842,1.2362247979232261,-0.028774375149476006,0.00091463356736598556,0.0023186779312031058,0.3592851147460438,0.00-0.40,33,MW 32-38,neither promoted,H,favourite did not
2024-2025,2025-04-05,Ipswich Town,Wolves,A,1.0218171428614993,0.6783757771495853,0.86063485585064181,-0.34344136571191397,-0.16118228701085746,-0.10530617043235538,0.3599402826349265,0.00-0.40,31,MW 20-31,home promoted,A,favourite delivered
2024-2025,2025-02-22,Aston Villa,Chelsea,H,1.021181036758257,1.192841217059122,1.0236998258796033,0.17166018030086505,0.0025187891213462876,0.07703346265850719,0.36016931568245014,0.00-0.40,26,MW 20-31,neither promoted,H,favourite delivered
2023-2024,2024-03-16,Luton Town,Nottingham,D,1.2769122504556929,1.4975822716495446,1.3571914709799753,0.22067002119385171,0.08027922052428238,0.02333212418620198,0.36055143160127251,0.00-0.40,29,MW 20-31,home promoted,H,favourite did not
2024-2025,2025-02-01,Nottingham,Brighton,H,1.0192240618743702,0.96720799936456292,1.1136773347773892,-0.052016062509807282,0.09445327290301897,-0.020175849239507382,0.36087484811664639,0.00-0.40,24,MW 20-31,neither promoted,H,favourite delivered
2022-2023,2023-05-08,Fulham,Leicester City,H,1.0192240618743702,0.64109344811219515,0.87919215611107826,-0.37813061376217505,-0.14003190576329194,-0.12273841449045308,0.36087484811664639,0.00-0.40,35,MW 32-38,home promoted,H,favourite delivered
2023-2024,2023-11-26,Everton,Manchester Utd,A,1.0454919886949805,1.0322150153478822,1.0802557536768631,-0.01327697334709832,0.034763764981882606,0.00042935597704391038,0.36087484811664639,0.00-0.40,13,MW 7-19,neither promoted,H,favourite did not
2025-2026,2025-11-29,Everton,Newcastle,A,1.0454919886949805,1.169889133771677,0.95165428131772534,0.12439714507669652,-0.093837707377255164,0.039248930444630792,0.36087484811664639,0.00-0.40,13,MW 7-19,neither promoted,H,favourite did not
2022-2023,2023-04-22,Brentford,Aston Villa,D,1.2289267369209977,1.4282244157395896,1.4963991874938853,0.19929767881859184,0.2674724505728876,0.019338258581491963,0.36158592090624053,0.00-0.40,32,MW 32-38,neither promoted,H,favourite did not
2023-2024,2023-11-11,Crystal Palace,Everton,A,1.1255953759714605,1.3150437171942664,1.0560570402465868,0.18944834122280585,-0.069538335724873779,0.070051768742005749,0.36189683860232946,0.00-0.40,12,MW 7-19,neither promoted,H,favourite did not
2024-2025,2024-09-28,Everton,Crystal Palace,H,1.0540439691882333,1.460236461619677,1.0561306478243386,0.40619249243144373,0.0020866786361053435,0.13314289620739367,0.36193029490616618,0.00-0.40,6,MW 1-6,neither promoted,A,favourite did not
2025-2026,2025-12-20,Leeds United,Crystal Palace,H,1.1066099857533873,1.2050224219785219,1.0216150262923764,0.098412436225134625,-0.084994959461010877,0.052372491351328654,0.36211134274844459,0.00-0.40,17,MW 7-19,home promoted,A,favourite did not
2024-2025,2024-12-29,Everton,Nottingham,A,1.1066099857533873,1.0167626169258568,1.1187253484716384,-0.089847368827530527,0.012115362718251088,-0.051623116965397259,0.36211134274844459,0.00-0.40,19,MW 7-19,neither promoted,H,favourite did not
2023-2024,2023-08-19,Fulham,Brentford,A,1.0156511399775028,1.035636635835663,0.93290731581591368,0.019985495858160229,-0.082743824161589097,0.022299630593404673,0.36216653193209375,0.00-0.40,2,MW 1-6,neither promoted,A,favourite delivered
2022-2023,2023-02-24,Fulham,Wolves,D,1.2118181035935103,1.4008939316348159,1.3075993295052304,0.18907582804130563,0.095781225911720114,0.077483291426682394,0.3621665319320938,0.00-0.40,25,MW 20-31,home promoted,H,favourite did not
2022-2023,2023-01-14,Nottingham,Leicester City,H,1.0156511399775026,1.6187117948864265,1.243653475452752,0.60306065490892391,0.2280023354752494,0.20465180517472992,0.3621665319320938,0.00-0.40,20,MW 20-31,home promoted,H,favourite delivered
2022-2023,2022-11-06,Chelsea,Arsenal,A,1.0141693538838206,1.0142660222223645,0.79786204521469173,9.6668338543937082e-05,-0.21630730866912884,0.0044493284392766452,0.36270358306188921,0.00-0.40,15,MW 7-19,neither promoted,A,favourite delivered
2022-2023,2023-03-11,Everton,Brentford,H,1.0135203950177392,1.5599101036407075,0.7789239029510201,0.54638970862296832,-0.23459649206671906,0.20723538508817402,0.36293903916027453,0.00-0.40,27,MW 20-31,neither promoted,H,favourite delivered
2022-2023,2022-11-05,Nottingham,Brentford,D,1.2131994640830233,1.2323757443943062,1.3012330474791429,0.019176280311282934,0.088033583396119663,0.02032736287194313,0.36304700162074549,0.00-0.40,15,MW 7-19,home promoted,H,favourite did not
2025-2026,2025-12-22,Fulham,Nottingham,H,1.012812298864777,0.71572872502606155,0.79319610515153482,-0.29708357383871542,-0.21961619371324215,-0.097011676021891646,0.36319612590799033,0.00-0.40,17,MW 7-19,neither promoted,H,favourite delivered
2024-2025,2024-10-26,Everton,Fulham,D,1.2810638295391978,1.2201823138108132,1.2565052317213099,-0.060881515728384628,-0.024558597817887939,-0.0043059267253779121,0.36320064987814782,0.00-0.40,9,MW 7-19,neither promoted,H,favourite did not
2025-2026,2026-01-03,Wolves,West Ham,H,1.0127998429445186,1.2431789197574687,0.9323769064337003,0.23037907681295011,-0.080422936510818333,0.074090013631699592,0.36320064987814782,0.00-0.40,20,MW 20-31,neither promoted,H,favourite delivered
2023-2024,2024-04-20,Sheffield United,Burnley,A,1.0242722441067553,0.93698917458139241,1.0093004655398685,-0.087283069525362911,-0.014971778566886806,-0.024663381045844035,0.36320064987814782,0.00-0.40,34,MW 32-38,both promoted,H,favourite did not
2024-2025,2024-11-10,Nottingham,Newcastle,A,1.0119069560573033,1.1235035743054147,1.3825923047743378,0.1115966182481114,0.37068534871703451,0.034146646502749123,0.36352509179926557,0.00-0.40,11,MW 7-19,neither promoted,A,favourite delivered
2022-2023,2023-04-04,Leicester City,Aston Villa,A,1.0107290720417386,1.0020686424191225,1.0488215039393922,-0.0086604296226160393,0.038092431897653656,0.016802730013835476,0.36395353447250534,0.00-0.40,7,MW 7-19,neither promoted,A,favourite delivered
2022-2023,2022-09-04,Manchester Utd,Arsenal,H,1.0090001299784224,1.2730699527213942,1.3150068612044179,0.26406982274297186,0.30600673122599553,0.095333306796073936,0.36458333333333337,0.00-0.40,6,MW 1-6,neither promoted,H,favourite delivered
2023-2024,2023-10-03,Luton Town,Burnley,A,1.008500639961339,1.1440294321089923,0.91655825912800948,0.13552879214765334,-0.091942380833329507,0.068833171491644973,0.36476548455630003,0.00-0.40,2,MW 1-6,both promoted,A,favourite delivered
2025-2026,2026-01-04,Leeds United,Manchester Utd,D,1.2159882410703473,1.4256422742025816,1.3548790477537471,0.2096540331322343,0.13889080668339981,0.022283544824375306,0.3648208469055374,0.00-0.40,20,MW 20-31,home promoted,A,favourite did not
2025-2026,2025-10-05,Everton,Crystal Palace,H,1.0083488762921027,1.1755151732672082,1.2225396498387147,0.16716629697510554,0.21419077354661198,0.042799401664348313,0.3648208469055374,0.00-0.40,7,MW 7-19,neither promoted,H,favourite delivered
2022-2023,2022-08-20,Fulham,Brentford,H,1.0083077152965403,0.70123730493157277,0.62446840233248169,-0.30707041036496752,-0.3838393129640586,-0.11239116425206983,0.36483586360384701,0.00-0.40,3,MW 1-6,home promoted,H,favourite delivered
2022-2023,2023-02-05,Nottingham,Leeds United,H,1.0616113322531413,1.0779053400864931,0.90318655866600273,0.016294007833351776,-0.15842477358713858,0.0080916162888958754,0.3658536585365853,0.00-0.40,22,MW 20-31,home promoted,A,favourite did not
2023-2024,2024-01-21,Sheffield United,West Ham,D,1.2439328890470958,1.5811110780635544,1.4266661880592673,0.33717818901645868,0.1827332990121715,0.087592782907837036,0.3658536585365853,0.00-0.40,21,MW 20-31,home promoted,A,favourite did not
2022-2023,2022-09-16,Nottingham,Fulham,A,1.0055218656020979,0.25788927529612843,0.49756675842693904,-0.74763259030596951,-0.5079551071751589,-0.23265163610763961,0.3658536585365853,0.00-0.40,8,MW 7-19,both promoted,A,favourite delivered
2024-2025,2024-11-09,Brentford,Bournemouth,H,1.0048327130998378,0.96492710815236771,0.93948282467718114,-0.039905604947470086,-0.065349888422656655,-0.0063688320838464207,0.36610587439844089,0.00-0.40,11,MW 7-19,neither promoted,H,favourite delivered
2024-2025,2024-11-03,Manchester Utd,Chelsea,D,1.3020842365677694,1.417263763489629,1.4788688012082805,0.11517952692185962,0.17678456464051107,0.024964021273527232,0.36610587439844089,0.00-0.40,10,MW 7-19,neither promoted,A,favourite did not
2023-2024,2023-08-12,Bournemouth,West Ham,D,1.3020842365677694,1.4163078676787788,1.4908634832750882,0.11422363111100942,0.18877924670731883,0.013965440145593061,0.36610587439844089,0.00-0.40,1,MW 1-6,neither promoted,A,favourite did not
2024-2025,2024-11-30,Wolves,Bournemouth,A,1.0048327130998378,0.98171607052723575,1.0150625437295409,-0.023116642572602042,0.010229830629703063,-0.0010273477287356392,0.36610587439844089,0.00-0.40,13,MW 7-19,neither promoted,A,favourite delivered
2022-2023,2023-05-21,West Ham,Leeds United,H,1.0048327130998378,0.53699153069277705,0.78353412697404101,-0.46784118240706074,-0.22129858612579678,-0.15423335195206345,0.36610587439844089,0.00-0.40,37,MW 32-38,neither promoted,H,favourite delivered
2024-2025,2024-09-15,Tottenham,Arsenal,A,1.0034473415994987,0.42289840663851402,0.7915059982092344,-0.5805489349609847,-0.21194134339026427,-0.1946971735532354,0.36661341853035145,0.00-0.40,4,MW 1-6,neither promoted,A,favourite delivered
2023-2024,2024-04-02,Nottingham,Fulham,H,1.0411876695823457,1.2150121430719467,0.97616528262080382,0.17382447348960106,-0.065022386961541834,0.065617724548020784,0.36661341853035145,0.00-0.40,31,MW 20-31,neither promoted,A,favourite did not
2022-2023,2022-10-19,Bournemouth,Southampton,A,1.0776631710696836,1.305713327868143,0.78102199251297133,0.22805015679845941,-0.29664117855671224,0.073425304655749202,0.36708728751694653,0.00-0.40,12,MW 7-19,home promoted,H,favourite did not
2025-2026,2026-03-04,Newcastle,Manchester Utd,H,1.0014485402144619,1.0755505096036337,1.1824542855326134,0.074101969389171796,0.1810057453181515,0.030670608977751534,0.36734693877551022,0.00-0.40,29,MW 20-31,neither promoted,H,favourite delivered
2025-2026,2026-03-04,Aston Villa,Chelsea,A,1.0004780997524549,1.1333307006274382,1.0912331341419921,0.1328526008749833,0.090755034389537137,0.034302462760476826,0.36770360013981135,0.00-0.40,29,MW 20-31,neither promoted,A,favourite delivered
2024-2025,2025-04-19,Brentford,Brighton,H,1.0161233920103867,0.71779620665002875,1.1829989611215612,-0.29832718536035796,0.16687556911117452,-0.1003725546540899,0.36909349016426696,0.00-0.40,33,MW 32-38,neither promoted,A,favourite did not
2022-2023,2023-01-21,Southampton,Aston Villa,A,1.1057979483289839,0.75635559963822507,1.0519867819860127,-0.34944234869075885,-0.053811166342971228,-0.11733138261701043,0.36913285600636431,0.00-0.40,21,MW 20-31,neither promoted,H,favourite did not
2024-2025,2024-09-28,Nottingham,Fulham,A,1.1225692723526457,1.004860466324176,1.3219279543851801,-0.11770880602846967,0.19935868203253437,-0.036570311245992471,0.37011115685467272,0.00-0.40,6,MW 1-6,neither promoted,H,favourite did not
2025-2026,2026-01-24,Fulham,Brighton,H,0.99325177301028345,0.92869496824857933,1.0501000047628135,-0.064556804761704112,0.056848231752530065,-0.023386911469242905,0.37037037037037035,0.00-0.40,23,MW 20-31,neither promoted,H,favourite delivered
2025-2026,2026-05-10,Crystal Palace,Everton,D,1.2510808823123833,1.1413962753273008,1.1935080468810511,-0.10968460698508253,-0.057572835431332292,-0.010092448713475283,0.37037037037037035,0.00-0.40,36,MW 32-38,neither promoted,A,favourite did not
2022-2023,2023-03-04,Southampton,Leicester City,H,1.0687593255184287,1.4873359822485737,0.88337327991973047,0.41857665673014499,-0.1853860455986982,0.16424007668441726,0.37037037037037035,0.00-0.40,26,MW 20-31,neither promoted,A,favourite did not
2024-2025,2025-01-18,West Ham,Crystal Palace,A,0.99325177301028345,0.7944256416368991,0.73461025793337142,-0.19882613137338434,-0.25864151507691202,-0.07115250580369914,0.37037037037037035,0.00-0.40,22,MW 20-31,neither promoted,A,favourite delivered
2022-2023,2023-05-13,Southampton,Fulham,A,0.99256753068131298,0.64197399479989548,1.3762951116394044,-0.35059353588141751,0.38372758095809145,-0.1183015104017042,0.37062388017635339,0.00-0.40,36,MW 32-38,away promoted,A,favourite delivered
2024-2025,2025-05-10,Bournemouth,Aston Villa,A,1.0234580177006516,1.0450885598680542,1.0556715839784556,0.021630542167402567,0.032213566277804029,0.0097971168717528867,0.37062388017635339,0.00-0.40,36,MW 32-38,neither promoted,H,favourite did not
2023-2024,2024-02-10,Fulham,Bournemouth,H,0.99256753068131298,0.69986155636890157,0.77770765378936824,-0.29270597431241141,-0.21485987689194475,-0.10151137079340697,0.37062388017635339,0.00-0.40,24,MW 20-31,neither promoted,H,favourite delivered
2025-2026,2025-10-20,West Ham,Brentford,A,0.99152052353260456,0.70076092744405361,0.96123643590205066,-0.29075959608855095,-0.030284087630553902,-0.090561928317173801,0.37101212924268673,0.00-0.40,8,MW 7-19,neither promoted,A,favourite delivered
2025-2026,2026-05-15,Aston Villa,Liverpool,H,1.0483504538872215,1.0907458394683855,1.0497933558007218,0.042395385581164069,0.0014429019135002719,0.020705510737591859,0.37113402061855671,0.00-0.40,37,MW 32-38,neither promoted,A,favourite did not
2024-2025,2024-08-25,Bournemouth,Newcastle,D,1.3340480049494532,1.5063022402921524,1.4992028002100826,0.17225423534269924,0.16515479526062937,0.024829173870432902,0.3718712753277712,0.00-0.40,2,MW 1-6,neither promoted,H,favourite did not
2024-2025,2024-12-05,Fulham,Brighton,H,0.98920751865772372,1.0321903225069029,0.79420593188657407,0.042982803849179185,-0.19500158677114965,0.0066812888530992098,0.3718712753277712,0.00-0.40,14,MW 7-19,neither promoted,H,favourite delivered
2025-2026,2025-11-30,Chelsea,Arsenal,D,1.2137289792713009,1.2092437915357286,1.2468605939547839,-0.0044851877355722714,0.033131614683483024,0.0033565487618200107,0.37281553398058254,0.00-0.40,13,MW 7-19,neither promoted,A,favourite did not
2022-2023,2022-12-31,Bournemouth,Crystal Palace,A,0.98667152863595453,1.0507612503318593,1.1627568468766809,0.064089721695904767,0.17608531824072637,0.026805605667531596,0.37281553398058254,0.00-0.40,18,MW 7-19,home promoted,A,favourite delivered
2024-2025,2024-08-18,Brentford,Crystal Palace,H,1.1083684636134745,1.1143866962988842,0.99935992487988634,0.0060182326854096857,-0.10900853873358818,0.022644817095143266,0.37281553398058254,0.00-0.40,1,MW 1-6,neither promoted,A,favourite did not
2025-2026,2026-04-12,Sunderland,Tottenham,H,1.1130097795832983,0.77684356322570114,1.0043343778846729,-0.33616621635759714,-0.10867540169862533,-0.12223447574669408,0.37366619689953695,0.00-0.40,32,MW 32-38,home promoted,A,favourite did not
2025-2026,2025-12-28,Sunderland,Leeds United,D,1.2114498523965509,1.3650525528170898,1.3115725005692354,0.15360270042053892,0.10012264817268446,0.034059743110591512,0.37366619689953695,0.00-0.40,18,MW 7-19,both promoted,A,favourite did not
2024-2025,2025-04-20,Manchester Utd,Wolves,A,1.0403657892566425,1.0751880401287379,1.1488050713152604,0.03482225087209545,0.10843928205861797,0.018704917058706194,0.37410926365795727,0.00-0.40,33,MW 32-38,neither promoted,H,favourite did not
2024-2025,2024-12-30,Manchester Utd,Newcastle,A,0.98320737541669356,0.71305349396220408,1.2246812658084774,-0.27015388145448949,0.2414738903917838,-0.098713922588824887,0.37410926365795727,0.00-0.40,19,MW 7-19,neither promoted,A,favourite delivered
2023-2024,2024-01-14,Everton,Aston Villa,D,1.2998769847417271,1.4290953039136873,1.4516555086867948,0.12921831917196025,0.15177852394506774,0.019687094843651942,0.37410926365795727,0.00-0.40,21,MW 20-31,neither promoted,H,favourite did not
2022-2023,2023-03-05,Nottingham,Everton,D,1.1455634688852008,1.1543042910522845,1.2953052168971555,0.0087408221670837172,0.14974174801195472,0.0070440631857342645,0.37417018708509359,0.00-0.40,26,MW 20-31,home promoted,A,favourite did not
2024-2025,2025-04-19,Aston Villa,Newcastle,H,0.98206289924161605,1.2205918709837789,0.84653604499979584,0.23852897174216281,-0.1355268542418202,0.10403119370183694,0.37453766789955228,0.00-0.40,33,MW 32-38,neither promoted,H,favourite delivered
2022-2023,2023-04-27,Southampton,Bournemouth,A,1.0924394295610287,1.1148379092046918,1.4719806002851985,0.022398479643663149,0.37954117072416982,0.016821242753341903,0.37564499484004132,0.00-0.40,33,MW 32-38,away promoted,H,favourite did not
2023-2024,2024-03-02,Fulham,Brighton,H,0.97859461521030988,0.96581885794414002,1.2517340996982029,-0.012775757266169863,0.27313948448789305,0.0095265237738588193,0.37583892617449666,0.00-0.40,27,MW 20-31,neither promoted,H,favourite delivered
2023-2024,2023-09-02,Brighton,Newcastle,H,0.9775343571148738,1.1074054727551836,0.67537862184330544,0.12987111564030984,-0.30215573527156836,0.068737003865420643,0.37623762376237618,0.00-0.40,4,MW 1-6,neither promoted,H,favourite delivered
2022-2023,2022-10-08,Brighton,Tottenham,A,1.088051670617487,1.0016355128935168,1.0048920104089745,-0.086416157723970155,-0.083159660208512509,-0.029783653386203479,0.37729685585953449,0.00-0.40,10,MW 7-19,neither promoted,H,favourite did not
2024-2025,2025-01-19,Everton,Tottenham,H,0.97472298531048363,1.6836680765583845,1.3135336936213922,0.70894509124790084,0.33881070831090854,0.21346630216526047,0.37729685585953449,0.00-0.40,22,MW 20-31,neither promoted,H,favourite delivered
2025-2026,2025-09-20,Manchester Utd,Chelsea,H,0.99325177301028345,1.5885901207365742,1.0082461932934481,0.5953383477262908,0.014994420283164667,0.20558481833783626,0.37777777777777771,0.00-0.40,5,MW 1-6,neither promoted,A,favourite did not
2023-2024,2023-11-26,Tottenham,Aston Villa,A,0.9734491457141039,0.86911002778426827,1.0143917267821012,-0.10433911792983563,0.040942581067997308,-0.021055100392769505,0.37777777777777771,0.00-0.40,13,MW 7-19,neither promoted,A,favourite delivered
2023-2024,2023-08-13,Brentford,Tottenham,D,1.3373197692983367,1.6357618930655966,1.5580037557005637,0.29844212376725987,0.22068398640222697,0.054854495100765038,0.37806972008145995,0.00-0.40,1,MW 1-6,neither promoted,H,favourite did not
2023-2024,2023-11-25,Newcastle,Chelsea,H,1.0233697700259454,0.46427726596946461,0.60258219968834537,-0.55909250405648081,-0.42078757033760006,-0.19083574592201624,0.37806972008145995,0.00-0.40,13,MW 7-19,neither promoted,A,favourite did not
2025-2026,2026-01-26,Everton,Leeds United,D,1.2188953894038146,1.1699816031547376,1.174423476760641,-0.04891378624907694,-0.044471912643173628,-0.00031030409356763711,0.37831227068895229,0.00-0.40,23,MW 20-31,away promoted,H,favourite did not
2025-2026,2025-09-21,Bournemouth,Newcastle,D,1.2188953894038146,1.2942238808564872,1.4223518293308695,0.075328491452672619,0.20345643992705487,0.0070440181181563033,0.37831227068895229,0.00-0.40,5,MW 1-6,neither promoted,H,favourite did not
2022-2023,2023-04-08,Fulham,West Ham,A,0.97203531147228872,1.6081925204229324,1.1942490643574879,0.63615720895064365,0.22221375288519918,0.23549931390091389,0.37831227068895229,0.00-0.40,30,MW 20-31,home promoted,A,favourite delivered
2022-2023,2023-04-09,Liverpool,Arsenal,D,1.3073313173130894,1.5170791541948558,1.5206101858336434,0.20974783688176646,0.213278868520554,0.019346521524957139,0.37875751503006011,0.00-0.40,30,MW 20-31,neither promoted,A,favourite did not
2022-2023,2023-04-08,Tottenham,Brighton,H,1.0478201218280048,0.7348822051684859,1.0916577958508795,-0.31293791665951887,0.043837674022874751,-0.098415627017799295,0.37875751503006011,0.00-0.40,30,MW 20-31,neither promoted,A,favourite did not
2024-2025,2025-04-19,Crystal Palace,Bournemouth,D,1.3073313173130894,1.4076358284689054,1.4806423176747734,0.10030451115581607,0.17331100036168401,0.01227805127036069,0.37875751503006011,0.00-0.40,33,MW 32-38,neither promoted,H,favourite did not
2024-2025,2025-04-05,Crystal Palace,Brighton,H,0.97085908069187632,0.8173834542911943,0.93326713922112592,-0.15347562640068202,-0.037591941470750401,-0.048630127935508999,0.37875751503006011,0.00-0.40,31,MW 20-31,neither promoted,H,favourite delivered
2025-2026,2025-10-18,Sunderland,Wolves,H,0.97069745408131924,0.75770932616890263,1.2999898066230071,-0.21298812791241661,0.32929235254168787,-0.076833651366726291,0.37881873727087578,0.00-0.40,8,MW 7-19,home promoted,H,favourite delivered
2025-2026,2026-02-22,Sunderland,Fulham,A,0.96975048122132546,1.1983217959578789,1.0738368645380996,0.22857131473655345,0.10408638331677411,0.062960640854702876,0.3791776382418473,0.00-0.40,27,MW 20-31,home promoted,A,favourite delivered
2025-2026,2025-12-26,Manchester Utd,Newcastle,H,0.96972310893357527,0.8719697252088201,0.68883967891128628,-0.097753383724755172,-0.28088343002228899,-0.027882334367789696,0.37918801734331892,0.00-0.40,18,MW 7-19,neither promoted,H,favourite delivered
2025-2026,2026-05-24,Fulham,Newcastle,H,0.96972310893357527,1.064251872939147,1.0631387342016716,0.094528764005571753,0.093415625268096325,0.020130301838236164,0.37918801734331892,0.00-0.40,38,MW 32-38,neither promoted,H,favourite delivered
2023-2024,2023-12-30,Wolves,Everton,H,1.1158979249551353,0.87501507503074427,1.021184824567497,-0.24088284992439102,-0.094713100387638249,-0.070164086824125005,0.38004032258064518,0.00-0.40,20,MW 20-31,neither promoted,A,favourite did not
2022-2023,2023-04-01,Bournemouth,Fulham,H,0.96747791983686193,1.2999825361633444,0.99850433713205278,0.33250461632648243,0.031026417295190845,0.13327772773791449,0.38004032258064518,0.00-0.40,29,MW 20-31,both promoted,H,favourite delivered
2022-2023,2022-09-18,Everton,West Ham,H,1.1158979249551353,1.1642048969910908,1.0952061420762196,0.048306972035955464,-0.02069178287891571,-0.0010282032574803202,0.38004032258064518,0.00-0.40,8,MW 7-19,neither promoted,A,favourite did not
2022-2023,2022-10-09,Arsenal,Liverpool,H,0.96630115244881643,1.0945642476400752,1.0202832640224153,0.12826309519125878,0.05398211157359889,0.048240909363141182,0.38048780487804879,0.00-0.40,10,MW 7-19,neither promoted,H,favourite delivered
2022-2023,2022-08-21,West Ham,Brighton,A,1.0796093415424943,1.1019574781139527,0.89325676554321831,0.022348136571458399,-0.18635257599927602,-0.0056574031861264529,0.38049560351718625,0.00-0.40,3,MW 1-6,neither promoted,H,favourite did not
2024-2025,2024-11-10,Chelsea,Arsenal,D,1.2737653559834516,1.3717041598817143,1.3069558526734619,0.097938803898262705,0.033190496690010285,0.011385563777320001,0.38049560351718625,0.00-0.40,11,MW 7-19,neither promoted,A,favourite did not
2025-2026,2025-11-09,Brentford,Newcastle,H,1.0796093415424943,0.83183741135160372,0.7627946454876825,-0.24777193019089061,-0.31681469605481183,-0.081205687680418637,0.38049560351718625,0.00-0.40,11,MW 7-19,neither promoted,A,favourite did not
2025-2026,2025-10-04,Leeds United,Tottenham,A,0.96628065623549109,0.91889400699160817,1.320384920697891,-0.047386649243882917,0.35410426446239995,-0.011922355476408769,0.38049560351718625,0.00-0.40,7,MW 7-19,home promoted,A,favourite delivered
2025-2026,2025-12-06,Tottenham,Brentford,H,0.96532136736854057,0.92269429806861258,1.1607063259265715,-0.042627069299927989,0.19538495855803095,0.0064002995761574533,0.38086078384226973,0.00-0.40,15,MW 7-19,neither promoted,H,favourite delivered
2025-2026,2026-03-03,Bournemouth,Brentford,D,1.3279587841069271,1.3602548320683545,1.3410532776366424,0.032296047961427377,0.013094493529715256,0.002972215084667662,0.38162544169611307,0.00-0.40,29,MW 20-31,neither promoted,H,favourite did not
2024-2025,2024-12-21,Brentford,Nottingham,A,1.0402767116551463,1.2184051436237791,0.96096100168031617,0.17812843196863271,-0.079315709974830173,0.06920490873354268,0.38162544169611307,0.00-0.40,17,MW 7-19,neither promoted,H,favourite did not
2023-2024,2024-04-06,Wolves,West Ham,A,0.96331567051901801,1.1805602165562361,1.3999260821142718,0.2172445460372181,0.43661041159525382,0.077747109132426995,0.38162544169611307,0.00-0.40,32,MW 32-38,neither promoted,A,favourite delivered
2023-2024,2023-12-28,Brighton,Tottenham,H,0.96211918454925882,0.86950879464384589,0.63350307433960285,-0.092610389905412926,-0.32861611020965598,-0.013356153309969504,0.38208232445520585,0.00-0.40,19,MW 7-19,neither promoted,H,favourite delivered
2022-2023,2023-05-28,Chelsea,Newcastle,D,1.3675842926574233,1.4145852573512443,1.4584561833258534,0.047000964693820979,0.090871890668430044,0.027892348191966759,0.38208232445520585,0.00-0.40,38,MW 32-38,neither promoted,A,favourite did not
2022-2023,2023-02-11,Southampton,Wolves,A,0.96110474766394771,0.94895934579239727,1.3244742736581132,-0.012145401871550443,0.3633695259941655,-0.006480491892053325,0.38247011952191234,0.00-0.40,23,MW 20-31,neither promoted,A,favourite delivered
2022-2023,2023-02-25,Everton,Aston Villa,A,1.1434263044579025,0.90739243012891624,0.90845011694832023,-0.23603387432898626,-0.23497618750958227,-0.078881106328207051,0.38247011952191234,0.00-0.40,25,MW 20-31,neither promoted,H,favourite did not
2022-2023,2022-08-28,Wolves,Newcastle,D,1.2375681866875965,1.1384432412921976,1.3088128963980059,-0.099124945395398845,0.071244709710409415,-0.010036220896083983,0.38481167704399299,0.00-0.40,4,MW 1-6,neither promoted,H,favourite did not
2025-2026,2025-08-16,Aston Villa,Newcastle,D,1.2815005782627249,1.4108348216658355,1.4152746201083628,0.12933424340311062,0.1337740418456379,0.012429243768710713,0.38526912181303113,0.00-0.40,1,MW 1-6,neither promoted,H,favourite did not
2024-2025,2024-10-19,Fulham,Aston Villa,A,1.0873445638217674,1.1171636234612825,1.4234356310750715,0.029819059639515144,0.33609106725330418,0.014787742625781586,0.38526912181303113,0.00-0.40,8,MW 7-19,neither promoted,H,favourite did not
2022-2023,2023-02-18,Newcastle,Liverpool,A,1.0873445638217674,1.6034890987943491,1.2078005292666958,0.51614453497258173,0.12045596544492843,0.15827264753428888,0.38526912181303113,0.00-0.40,24,MW 20-31,neither promoted,H,favourite did not
2023-2024,2023-11-04,Everton,Brighton,D,1.2815005782627249,1.6001692512180552,1.5891575132415581,0.3186686729553303,0.30765693497883317,0.045289452391712504,0.38526912181303113,0.00-0.40,11,MW 7-19,neither promoted,A,favourite did not
2025-2026,2025-08-24,Everton,Brighton,H,1.1145635471282711,1.0162984966953259,1.2703682904162938,-0.0982650504329452,0.15580474328802274,-0.029900747658236193,0.38563603164942173,0.00-0.40,2,MW 1-6,neither promoted,A,favourite did not
2025-2026,2026-03-05,Tottenham,Crystal Palace,A,1.1145635471282709,1.1383817127579643,1.2074451308019623,0.023818165629693411,0.09288158367369137,0.0041389427178918359,0.38563603164942178,0.00-0.40,29,MW 20-31,neither promoted,H,favourite did not
2024-2025,2024-09-21,Crystal Palace,Manchester Utd,D,1.3086837584149666,1.364073431339025,1.3438057474361338,0.055389672924058386,0.035121989021167144,0.0069056538183299154,0.38596491228070173,0.00-0.40,5,MW 1-6,neither promoted,A,favourite did not
2023-2024,2023-12-06,Manchester Utd,Chelsea,H,1.0675217015980785,0.80235520795163484,0.80017097001196813,-0.26516649364644362,-0.26735073158611034,-0.089478536932254632,0.38596491228070173,0.00-0.40,15,MW 7-19,neither promoted,A,favourite did not
2024-2025,2024-09-01,Newcastle,Tottenham,H,0.95126762271188425,0.7352121880253365,1.0491450409264971,-0.21605543468654775,0.097877418214612821,-0.076337254668986443,0.38625109233906202,0.00-0.40,3,MW 1-6,neither promoted,H,favourite delivered
2023-2024,2024-05-03,Luton Town,Everton,D,1.3357168863763629,1.30983645503931,1.3765863622802024,-0.025880431337052867,0.040869475903839492,-0.0026962061965873363,0.38640429338103754,0.00-0.40,36,MW 32-38,home promoted,A,favourite did not
2025-2026,2026-05-02,Newcastle,Brighton,H,1.0480348139245821,1.2145787360085349,0.99484502177633072,0.16654392208395286,-0.053189792148251369,0.050809821824966128,0.38640429338103754,0.00-0.40,35,MW 32-38,neither promoted,A,favourite did not
2025-2026,2026-05-09,Fulham,Bournemouth,A,0.95087106547093425,0.98110878123454159,0.94805492470280028,0.030237715763607342,-0.0028161407681339679,0.0019932291073817276,0.38640429338103754,0.00-0.40,36,MW 32-38,neither promoted,A,favourite delivered
2023-2024,2023-09-30,Aston Villa,Brighton,H,0.95087106547093403,0.84128030575849766,1.1883767049463174,-0.10959075971243637,0.23750563947538339,-0.018933923649284423,0.3864042933810376,0.00-0.40,7,MW 7-19,neither promoted,H,favourite delivered
2023-2024,2023-10-08,Arsenal,Manchester City,H,1.119218954787325,1.1058999615681551,1.0802355584597907,-0.013318993219169961,-0.038983396327534336,0.026623576520418413,0.3865105008077544,0.00-0.40,8,MW 7-19,neither promoted,A,favourite did not
2023-2024,2023-12-23,Liverpool,Arsenal,D,1.3753516469642608,1.4900919248640465,1.4648122744220566,0.11474027789978569,0.089460627457795816,0.019987242536984612,0.38686331810069224,0.00-0.40,18,MW 7-19,neither promoted,H,favourite did not
2022-2023,2022-08-20,Crystal Palace,Aston Villa,H,0.94867724757330862,0.83667663021362515,0.85693905644732993,-0.11200061735968347,-0.091738191125978696,-0.041656443838572338,0.3872529245663574,0.00-0.40,3,MW 1-6,neither promoted,H,favourite delivered
2022-2023,2022-10-22,Everton,Crystal Palace,H,0.94867724757330862,1.2582460310729338,1.3526031720898437,0.30956878349962513,0.40392592451653508,0.083712494332802645,0.3872529245663574,0.00-0.40,13,MW 7-19,neither promoted,H,favourite delivered
2025-2026,2025-09-27,Leeds United,Bournemouth,D,1.2157400328223538,1.1715363540977666,1.1876863318833097,-0.044203678724587192,-0.028053700939044024,0.0022911178241452473,0.3872529245663574,0.00-0.40,6,MW 1-6,home promoted,A,favourite did not
2025-2026,2025-09-20,Wolves,Leeds United,A,0.94803943018873538,2.2003039219020639,1.3198723000356603,1.2522644917133285,0.37183286984692487,0.34402857625593519,0.38750000000000001,0.00-0.40,5,MW 1-6,away promoted,A,favourite delivered
2022-2023,2023-04-29,Crystal Palace,West Ham,H,0.94685338228432192,0.92782498944362868,0.8344742209601812,-0.019028392840693242,-0.11237916132414072,-0.0066062749687126887,0.38795986622073575,0.00-0.40,34,MW 32-38,neither promoted,H,favourite delivered
2023-2024,2024-04-03,Brentford,Brighton,D,1.3852656642715111,1.3685068356852208,1.4545334121717539,-0.016758828586290297,0.069267747900242815,-0.0012458300001082778,0.38815418972715793,0.00-0.40,31,MW 20-31,neither promoted,H,favourite did not
2025-2026,2026-01-31,Wolves,Bournemouth,A,0.9458495341156995,0.71099205756798556,0.8951169424433737,-0.23485747654771394,-0.0507325916723258,-0.087379889027411589,0.38834951456310679,0.00-0.40,24,MW 20-31,neither promoted,A,favourite delivered
2023-2024,2024-04-13,Newcastle,Tottenham,H,0.98518836073043281,0.77391339772894785,0.92227931251014861,-0.21127496300148496,-0.062909048220284203,-0.07195435665672581,0.38860843889894275,0.00-0.40,33,MW 32-38,neither promoted,A,favourite did not
2025-2026,2026-04-25,Fulham,Aston Villa,H,0.94447563792313938,1.0542249597237234,1.0484219176841085,0.10974932180058405,0.10394627976096915,0.030151317917798848,0.38888343317293522,0.00-0.40,34,MW 32-38,neither promoted,H,favourite delivered
2024-2025,2024-12-21,West Ham,Brighton,D,1.329321458828568,1.3649411125615896,1.3698562715780269,0.035619653733021561,0.040534812749458915,0.003014027790100321,0.38888343317293522,0.00-0.40,17,MW 7-19,neither promoted,A,favourite did not
2025-2026,2026-02-21,West Ham,Bournemouth,D,1.329321458828568,1.4030200465864722,1.3785701113782611,0.073698587757904166,0.049248652549693128,0.0096015061720248485,0.38888343317293522,0.00-0.40,27,MW 20-31,neither promoted,A,favourite did not
2024-2025,2024-10-25,Leicester City,Nottingham,A,0.94440487157409725,1.0972021749726848,0.61491264445852523,0.15279730339858755,-0.32949222711557202,0.053836763310536634,0.38891095400746684,0.00-0.40,9,MW 7-19,home promoted,A,favourite delivered
2024-2025,2024-09-21,Southampton,Ipswich Town,D,1.2720922786395772,0.88988801720870525,1.1465414907090421,-0.38220426143087194,-0.12555078793053509,-0.02830785294013187,0.38891095400746684,0.00-0.40,5,MW 1-6,both promoted,H,favourite did not
2022-2023,2023-01-04,Leeds United,West Ham,D,1.2720922786395772,1.2579798464740606,1.3065789287350456,-0.014112432165516609,0.034486650095468363,0.0046936557386642874,0.38891095400746684,0.00-0.40,19,MW 7-19,neither promoted,A,favourite did not
2022-2023,2023-04-23,Bournemouth,West Ham,A,0.94410542005703224,1.0831290364290869,1.1607034746698752,0.13902361637205463,0.21659805461284298,0.061545492787088846,0.38902743142144636,0.00-0.40,32,MW 32-38,home promoted,A,favourite delivered
2022-2023,2022-11-05,Everton,Leicester City,A,1.1107432915651481,1.201029843367909,1.0060586452985407,0.090286551802760906,-0.10468464626660734,0.025563430211103744,0.38980035580154171,0.00-0.40,15,MW 7-19,neither promoted,H,favourite did not
2022-2023,2022-10-01,Fulham,Newcastle,A,0.94212057912935565,1.6385560088214304,1.1072633240727427,0.69643542969207473,0.1651427449433871,0.24275076375793272,0.38980035580154171,0.00-0.40,9,MW 7-19,home promoted,A,favourite delivered
2022-2023,2022-10-16,Southampton,West Ham,D,1.2698079861948355,1.157154959413689,1.1928842191033646,-0.11265302678114653,-0.076923767091470863,-0.0064196700097583492,0.38980035580154171,0.00-0.40,11,MW 7-19,neither promoted,A,favourite did not
2022-2023,2023-04-30,Bournemouth,Leeds United,H,0.94212057912935565,0.74972211879647532,0.83836112709655453,-0.19239846033288033,-0.10375945203280112,-0.056959499197559382,0.38980035580154171,0.00-0.40,34,MW 32-38,home promoted,H,favourite delivered
2023-2024,2023-12-23,Nottingham,Bournemouth,A,0.94212057912935565,0.92070856843068172,0.88103082514611464,-0.021412010698673933,-0.061089753983241013,0.0087516751211339783,0.38980035580154171,0.00-0.40,18,MW 7-19,neither promoted,A,favourite delivered
2025-2026,2026-04-25,West Ham,Everton,H,0.94118828349588213,1.1813544558047873,1.2168500398254707,0.24016617230890513,0.27566175632958856,0.072070223503572117,0.39016393442622954,0.00-0.40,34,MW 32-38,neither promoted,H,favourite delivered
2025-2026,2025-11-30,Nottingham,Brighton,A,0.93965208178732884,0.91968356507886284,0.77273262838768697,-0.019968516708466,-0.16691945339964187,0.0085493886755506898,0.39076376554174069,0.00-0.40,13,MW 7-19,neither promoted,A,favourite delivered
2022-2023,2023-02-26,Tottenham,Chelsea,H,1.1421763458988028,0.68119091686912836,0.70919800527214438,-0.46098542902967443,-0.43297834062665841,-0.15923203893953272,0.39076376554174069,0.00-0.40,25,MW 20-31,neither promoted,A,favourite did not
2025-2026,2026-01-04,Everton,Brentford,A,1.1737371148846658,1.1968422416091387,1.0325717083368962,0.023105126724472846,-0.14116540654776966,-0.0028136953182080204,0.39124433050680335,0.00-0.40,20,MW 20-31,neither promoted,H,favourite did not
2023-2024,2024-02-03,Burnley,Fulham,D,1.2564507415745527,1.3290001538544776,1.4216606704098691,0.072549412279924841,0.16520992883531638,0.0077772319518529809,0.39141104294478529,0.00-0.40,23,MW 20-31,home promoted,A,favourite did not
2023-2024,2023-08-26,Everton,Wolves,A,1.1272390100945464,1.2157979208120533,1.2983323916569049,0.088558910717506878,0.17109338156235854,0.037312158498256365,0.39141104294478529,0.00-0.40,3,MW 1-6,neither promoted,H,favourite did not
2022-2023,2022-10-20,Fulham,Aston Villa,H,1.1272390100945464,0.72404426012788992,1.383605942975747,-0.4031947499666565,0.2563669328812006,-0.1378906396281552,0.39141104294478529,0.00-0.40,12,MW 7-19,home promoted,A,favourite did not
2022-2023,2023-01-14,Wolves,West Ham,H,0.93609335917033476,1.2253453657582618,1.0525290229120787,0.28925200658792705,0.11643566374174397,0.081315057113051314,0.39215686274509803,0.00-0.40,20,MW 20-31,neither promoted,H,favourite delivered
2023-2024,2023-12-10,Everton,Chelsea,H,0.93328830824272613,0.92985798992238311,0.69192528583600132,-0.0034303183203430176,-0.2413630224067248,0.014435409595506821,0.39325842696629215,0.00-0.40,16,MW 7-19,neither promoted,H,favourite delivered
2022-2023,2022-08-13,Southampton,Leeds United,D,1.3105825393841943,1.4713746430201011,1.5687014357638478,0.16079210363590679,0.25811889637965346,0.014840684302309559,0.39325842696629215,0.00-0.40,2,MW 1-6,neither promoted,H,favourite did not
2023-2024,2024-04-27,Everton,Brentford,H,1.0874389880699844,1.0891861475560238,0.81267253429441633,0.0017471594860394291,-0.27476645377556808,-0.0054183078924665562,0.39325842696629215,0.00-0.40,35,MW 32-38,neither promoted,A,favourite did not
2024-2025,2024-08-17,West Ham,Aston Villa,A,1.0874389880699844,0.78453698071188238,0.81131614168196509,-0.30290200735810202,-0.27612284638801932,-0.093927767326988043,0.39325842696629215,0.00-0.40,1,MW 1-6,neither promoted,H,favourite did not
2023-2024,2024-02-01,Wolves,Manchester Utd,A,0.93328830824272613,1.241664295531544,1.0647707784116636,0.30837598728881788,0.13148247016893744,0.10425214102575431,0.39325842696629215,0.00-0.40,22,MW 20-31,neither promoted,A,favourite delivered
2023-2024,2024-03-09,Wolves,Fulham,H,0.93185524841526668,1.0162121349417588,0.86542201304512034,0.084356886526492092,-0.066433235370146337,0.0389227210806454,0.39382239382239381,0.00-0.40,28,MW 20-31,neither promoted,H,favourite delivered
2022-2023,2022-12-26,Everton,Wolves,A,1.1547017553191534,1.6381822680521911,1.0011682638647523,0.48348051273303772,-0.15353349145440109,0.11963722534018945,0.39393939393939398,0.00-0.40,17,MW 7-19,neither promoted,H,favourite did not
2024-2025,2024-09-21,Fulham,Newcastle,H,1.1188313357214161,1.2421508426877934,0.8681903738104646,0.12331950696637728,-0.25064096191095153,0.057718754010360696,0.39471577261809443,0.00-0.40,5,MW 1-6,neither promoted,A,favourite did not
2025-2026,2026-01-07,Crystal Palace,Aston Villa,D,1.2778960303511036,1.2351649146531414,1.2996073651198934,-0.042731115697962174,0.021711334768789836,0.0013704733431212091,0.39471577261809443,0.00-0.40,21,MW 20-31,neither promoted,A,favourite did not
2024-2025,2025-05-18,West Ham,Nottingham,A,0.92958933608288774,0.77156776404124128,0.9220235587801584,-0.15802157204164646,-0.0075657773027293374,-0.051583672439713818,0.39471577261809443,0.00-0.40,37,MW 32-38,neither promoted,A,favourite delivered
2025-2026,2025-12-07,Fulham,Crystal Palace,A,1.1188313357214159,0.96044214274668371,1.0704436414583001,-0.1583891929747322,-0.048387694263115844,-0.054865626419985047,0.39471577261809454,0.00-0.40,15,MW 7-19,neither promoted,H,favourite did not
2023-2024,2024-04-24,Wolves,Bournemouth,A,0.92778003192191083,1.1760661596505424,0.97370960155584196,0.24828612772863157,0.045929569633931133,0.087390889502862001,0.39543057996485059,0.00-0.40,29,MW 20-31,neither promoted,A,favourite delivered
2025-2026,2026-04-12,Crystal Palace,Newcastle,H,1.1502842992124307,1.0631900316118481,1.2252932093889288,-0.087094267600582587,0.075008910176498134,-0.035066483016015171,0.39568345323741011,0.00-0.40,32,MW 32-38,neither promoted,A,favourite did not
2024-2025,2025-01-25,Manchester City,Chelsea,H,0.92613203687322065,0.81731070332513844,0.6558537086434032,-0.10882133354808221,-0.27027832822981745,-0.039511692440411333,0.39608278487035126,0.00-0.40,23,MW 20-31,neither promoted,H,favourite delivered
2025-2026,2026-01-17,Sunderland,Crystal Palace,H,0.92592162493511621,1.0051103795603209,1.1827079050563845,0.079188754625204694,0.25678628012126825,0.00050565706430927282,0.39616613418530355,0.00-0.40,22,MW 20-31,home promoted,H,favourite delivered
2025-2026,2026-02-07,Bournemouth,Aston Villa,D,1.3312345839368633,1.311659572383562,1.3645716463315605,-0.019575011553301325,0.033337062394697137,4.3823134753318005e-05,0.39622641509433965,0.00-0.40,25,MW 20-31,neither promoted,A,favourite did not
2022-2023,2023-03-05,Liverpool,Manchester Utd,H,0.92576947582869873,0.70094242625267567,0.67133702198146994,-0.22482704957602306,-0.25443245384722879,-0.074620990843112162,0.39622641509433965,0.00-0.40,26,MW 20-31,neither promoted,H,favourite delivered
2023-2024,2024-03-10,Aston Villa,Tottenham,A,1.0055218656020979,1.2934756791662414,1.0910803615315376,0.28795381356414351,0.08555849592943976,0.12128494877807838,0.39634146341463417,0.00-0.40,28,MW 20-31,neither promoted,H,favourite did not
2023-2024,2024-05-02,Chelsea,Tottenham,H,0.92547915792856128,0.76203881621799519,0.8393199420432419,-0.16344034171056609,-0.086159215885319385,-0.050824674421028365,0.39634146341463417,0.00-0.40,26,MW 20-31,neither promoted,H,favourite delivered
2024-2025,2025-02-25,Wolves,Fulham,A,1.1355324190408835,0.80511710651833235,1.0435063859642544,-0.33041531252255119,-0.092026033076629155,-0.10976483972666493,0.39643744821872406,0.00-0.40,27,MW 20-31,neither promoted,H,favourite did not
2024-2025,2024-12-22,Leicester City,Wolves,A,0.92453253676925884,1.0407499754916896,0.79899616529379414,0.11621743872243073,-0.1255363714754647,0.064808161467802661,0.39671682626538984,0.00-0.40,17,MW 7-19,home promoted,A,favourite delivered
2024-2025,2024-10-19,Ipswich Town,Everton,A,1.1221427860783038,0.97128205690062119,1.1106207688087464,-0.15086072917768256,-0.011522017269557372,-0.070348034166720058,0.3967168262653899,0.00-0.40,8,MW 7-19,home promoted,H,favourite did not
2022-2023,2022-10-02,Leeds United,Aston Villa,D,1.2397186458143303,1.2889650574437692,1.3287953248443534,0.04924641162943888,0.089076679030023032,0.0032759384631614596,0.39694656488549618,0.00-0.40,9,MW 7-19,neither promoted,H,favourite did not
2025-2026,2026-01-01,Brentford,Tottenham,D,1.3011751322822986,1.4612428280394687,1.3708415681270325,0.16006769575717006,0.069666435844733865,0.029708537274722557,0.39697542533081293,0.00-0.40,19,MW 7-19,neither promoted,H,favourite did not
2022-2023,2023-04-22,Leicester City,Wolves,H,0.92209205343824152,0.81627439369173072,0.84567495051826358,-0.10581765974651081,-0.076417102919977942,-0.029963666207833528,0.39768618944323936,0.00-0.40,32,MW 32-38,neither promoted,H,favourite delivered
2023-2024,2023-11-27,Fulham,Wolves,H,0.92209205343824152,0.85844749489220529,0.79869787845300566,-0.063644558546036234,-0.12339417498523586,-0.013511598978286465,0.39768618944323936,0.00-0.40,13,MW 7-19,neither promoted,H,favourite delivered
2022-2023,2023-01-14,Everton,Southampton,A,1.1851785969748367,1.3933285125026822,0.88940789956034394,0.20814991552784545,-0.2957706974144928,0.061164297606067564,0.39816970378100669,0.00-0.40,20,MW 20-31,neither promoted,H,favourite did not
2023-2024,2024-04-20,Luton Town,Brentford,A,0.92072532894202075,0.98791777079797982,0.97163798435596993,0.067192441855959073,0.050912655413949182,0.035587860379750536,0.39823008849557523,0.00-0.40,34,MW 32-38,home promoted,A,favourite delivered
2023-2024,2024-02-01,West Ham,Bournemouth,D,1.3345586867207018,1.5593464538296817,1.4574060061987288,0.22478776710897996,0.12284731947802707,0.048526643769013084,0.39823008849557523,0.00-0.40,22,MW 20-31,neither promoted,H,favourite did not
2023-2024,2024-04-14,West Ham,Fulham,A,1.0832442584397957,1.0768736799119181,0.78431878729588356,-0.0063705785278775906,-0.2989254711439121,0.0033431253077319534,0.39823008849557523,0.00-0.40,33,MW 32-38,neither promoted,H,favourite did not
2023-2024,2024-05-19,Brighton,Manchester Utd,A,0.92043597462564408,1.0434273062053034,1.479843454085656,0.12299133157965936,0.5594074794600119,0.035352939763018065,0.39834533476329093,0.00-0.40,38,MW 32-38,neither promoted,A,favourite delivered
2022-2023,2022-08-13,Brighton,Newcastle,D,1.2505906287562187,1.2687549464246317,1.31971649457824,0.018164317668412977,0.069125865822021293,0.0097566168017554356,0.39869517941283078,0.00-0.40,2,MW 1-6,neither promoted,H,favourite did not
2022-2023,2022-08-06,Leeds United,Wolves,H,0.91955811543082411,1.1957454044989848,1.0444622226454001,0.2761872890681607,0.12490410721457601,0.10593136784180279,0.39869517941283078,0.00-0.40,1,MW 1-6,neither promoted,H,favourite delivered
2024-2025,2025-05-10,Wolves,Brighton,A,0.91689906607115756,1.0735537777857145,0.97895348047838693,0.15665471171455692,0.062054414407229364,0.074065005629196351,0.3997567403202919,0.00-0.40,36,MW 32-38,neither promoted,A,favourite delivered
2025-2026,2025-11-08,Tottenham,Manchester Utd,D,1.2862591695372056,1.4486421552375983,1.4403704809869611,0.16238298570039267,0.15411131144975543,0.020005979205083485,0.3997567403202919,0.00-0.40,11,MW 7-19,neither promoted,A,favourite did not
2025-2026,2026-05-24,Burnley,Wolves,D,1.2862591695372056,1.1837751277395521,1.2026821369290284,-0.10248404179765358,-0.083577032608177282,-0.003524521944328618,0.3997567403202919,0.00-0.40,38,MW 32-38,home promoted,H,favourite did not
2024-2025,2025-04-05,West Ham,Bournemouth,D,1.3022290367121609,1.4585131809029508,1.553879592717637,0.15628414419078984,0.25165055600547603,0.033516804220220769,0.39988968560397137,0.00-0.40,31,MW 20-31,neither promoted,A,favourite did not
2025-2026,2025-12-03,Wolves,Nottingham,A,0.91631058279374966,0.72716180831384358,0.99700904751116293,-0.18914877447990608,0.080698464717413265,-0.060668999929914369,0.39999205971097346,0.00-0.40,14,MW 7-19,neither promoted,A,favourite delivered
2023-2024,2023-12-26,Sheffield United,Luton Town,A,1.1806122066014668,0.63963136321914149,0.87647680261262229,-0.54098084338232533,-0.30413540398884453,-0.17794624742086945,0.39999205971097346,0.00-0.40,19,MW 7-19,both promoted,H,favourite did not
2024-2025,2025-01-14,West Ham,Fulham,H,1.1586678556692112,1.4689146516267975,1.1888877851550115,0.31024679595758631,0.030219929485800323,0.11268932430558987,0.40072859744990891,0.40-0.50,21,MW 20-31,neither promoted,A,favourite did not
2025-2026,2025-12-27,West Ham,Fulham,A,0.91447089515716917,0.85427949461484409,0.90589635410795399,-0.06019140054232508,-0.0085745410492151786,-0.0072217496197694575,0.40072859744990891,0.40-0.50,18,MW 7-19,neither promoted,A,favourite delivered
2025-2026,2026-02-01,Aston Villa,Brentford,A,1.1451323043030028,1.5211222777328046,1.269827022976618,0.37598997342980178,0.12469471867361515,0.12229527718756272,0.40106951871657753,0.40-0.50,24,MW 20-31,neither promoted,H,favourite did not
2025-2026,2025-08-31,Liverpool,Arsenal,H,0.91362050331827616,1.0983517441112987,0.86225842567939803,0.1847312407930225,-0.051362077638878123,0.087217987061311508,0.40106951871657753,0.40-0.50,3,MW 1-6,neither promoted,H,favourite delivered
2025-2026,2025-11-09,Crystal Palace,Brighton,D,1.2702954472570085,1.5027837329728226,1.3796336655965362,0.23248828571581415,0.10933821833952773,0.03922562789035075,0.40106951871657753,0.40-0.50,11,MW 7-19,neither promoted,H,favourite did not
2022-2023,2023-04-15,Chelsea,Brighton,A,0.91362050331827616,0.91578270343395396,0.82076501536850377,0.0021622001156778037,-0.092855487949772386,0.0037064270556280421,0.40106951871657753,0.40-0.50,31,MW 20-31,neither promoted,A,favourite delivered
2025-2026,2025-11-29,Tottenham,Fulham,A,1.1451323043030028,1.3000254069332733,0.9881994794629505,0.15489310263027045,-0.15693282484005233,0.074127408957977925,0.40106951871657753,0.40-0.50,13,MW 7-19,neither promoted,H,favourite did not
2024-2025,2024-08-31,Ipswich Town,Fulham,D,1.2702954472570085,1.3584342606367446,1.0337134955834724,0.088138813379736058,-0.23658195167353613,0.037068873078715481,0.40106951871657753,0.40-0.50,3,MW 1-6,home promoted,A,favourite did not
2022-2023,2023-04-01,Nottingham,Wolves,D,1.1761641884836358,1.2700961862944211,1.3106961672058981,0.093931997810785317,0.1345319787222623,0.00666988159036494,0.40177519440735215,0.40-0.50,29,MW 20-31,home promoted,A,favourite did not
2022-2023,2023-04-01,Crystal Palace,Leicester City,H,0.91186256467591842,1.0085370621853598,0.96647572952418614,0.096674497509441348,0.054613164848267726,0.038581317772009904,0.40177519440735215,0.40-0.50,29,MW 20-31,neither promoted,H,favourite delivered
2023-2024,2023-09-23,Luton Town,Wolves,D,1.2386845454649695,1.3919782142567765,1.3564030341633808,0.15329366879180695,0.11771848869841128,0.04432858457254929,0.40177519440735215,0.40-0.50,6,MW 1-6,home promoted,A,favourite did not
2022-2023,2023-05-20,Fulham,Crystal Palace,D,1.2073285121729085,1.3638802628558464,1.4271760005671525,0.15655175068293792,0.21984748839424406,0.023996811309947463,0.40201005025125625,0.40-0.50,37,MW 32-38,home promoted,H,favourite did not
2023-2024,2024-04-06,Fulham,Newcastle,A,1.1019679965150819,0.94993691150179682,1.1515673304592844,-0.15203108501328511,0.049599333944202462,-0.040186679776347434,0.40201005025125636,0.40-0.50,32,MW 32-38,neither promoted,H,favourite did not
2025-2026,2025-10-18,Brighton,Newcastle,H,1.1146132732976619,1.075159993875491,0.71604538351806513,-0.039453279422170917,-0.39856788977959678,-0.011639220478302958,0.40202608383520122,0.40-0.50,8,MW 7-19,neither promoted,A,favourite did not
2022-2023,2022-10-29,Brighton,Chelsea,H,1.1468231504668907,1.0449915161045351,0.70737910064895859,-0.10183163436235554,-0.43944404981793206,-0.051010483893621006,0.40208136234626296,0.40-0.50,14,MW 7-19,neither promoted,A,favourite did not
2023-2024,2024-03-17,West Ham,Aston Villa,D,1.364793864687893,1.5183636330484878,1.5176989343454119,0.15356976836059477,0.15290506965751893,0.02071930019547169,0.40246847330292457,0.40-0.50,29,MW 20-31,neither promoted,H,favourite did not
2025-2026,2026-01-06,West Ham,Nottingham,A,0.90897338487672252,1.0345503942384491,0.78659130198339189,0.12557700936172655,-0.12238208289333063,0.038431856415912291,0.40293767368003175,0.40-0.50,21,MW 20-31,neither promoted,A,favourite delivered
2025-2026,2025-09-13,Bournemouth,Brighton,H,0.90897338487672252,0.82848259822767212,1.0013683528136095,-0.080490786649050405,0.092394967936886951,-0.020727156123159979,0.40293767368003175,0.40-0.50,4,MW 1-6,neither promoted,H,favourite delivered
2024-2025,2025-04-06,Brentford,Chelsea,D,1.307321025216023,1.464097048557595,1.5694536083937884,0.15677602334157204,0.26213258317776544,0.014609550284996886,0.40293767368003175,0.40-0.50,31,MW 20-31,neither promoted,A,favourite did not
2025-2026,2025-08-24,Crystal Palace,Nottingham,D,1.2329583802206991,1.36878531179773,1.4785457674324154,0.13582693157703085,0.24558738721171625,0.011703148616950598,0.40304030403040308,0.40-0.50,2,MW 1-6,neither promoted,H,favourite did not
2025-2026,2025-08-18,Leeds United,Everton,H,0.90871871203512056,1.6412654131884008,1.0773761675754887,0.73254670115328024,0.16865745554036815,0.25579625016295071,0.40304030403040308,0.40-0.50,1,MW 1-6,home promoted,H,favourite delivered
2025-2026,2026-01-17,Leeds United,Fulham,H,0.90604231738278695,0.88408049179429782,0.87291463725573792,-0.021961825588489137,-0.033127680127049031,0.00015878835940708047,0.40412044374009509,0.40-0.50,22,MW 20-31,home promoted,H,favourite delivered
2025-2026,2026-03-22,Tottenham,Nottingham,A,1.1502392778948292,1.1706462630130043,1.1003717385736838,0.02040698511817518,-0.049867539321145404,-0.004744179088661038,0.40412044374009509,0.40-0.50,31,MW 20-31,neither promoted,H,favourite did not
2024-2025,2024-08-31,Everton,Bournemouth,A,0.90604231738278695,0.87389580485911544,1.0469786742341489,-0.032146512523671511,0.14093635685136197,-0.020171516571356518,0.40412044374009509,0.40-0.50,3,MW 1-6,neither promoted,A,favourite delivered
2024-2025,2024-11-02,Wolves,Crystal Palace,D,1.275402420848835,1.2867698542996289,1.3354837280566165,0.011367433450793829,0.060081307207781487,0.0036645005087980465,0.40412044374009509,0.40-0.50,10,MW 7-19,neither promoted,H,favourite did not
2025-2026,2026-03-21,Leeds United,Brentford,D,1.2912292493231641,1.2929913463739349,1.1869538520980267,0.0017620970507707945,-0.10427539722513735,-0.00079256175401276607,0.40431266846361191,0.40-0.50,31,MW 20-31,home promoted,H,favourite did not
2023-2024,2024-05-15,Manchester Utd,Newcastle,H,1.0442419360487001,1.0686738646650864,0.79654984824956543,0.024431928616386323,-0.24769208779913465,0.01576593784975111,0.40437788018433179,0.40-0.50,34,MW 32-38,neither promoted,A,favourite did not
2024-2025,2025-05-20,Crystal Palace,Wolves,H,0.90429334143656781,0.77978442538337012,0.84896122690279074,-0.12450891605319769,-0.055332114533777066,-0.034715862226899263,0.40482785912148789,0.40-0.50,37,MW 32-38,neither promoted,H,favourite delivered
2024-2025,2025-05-03,Leicester City,Southampton,H,0.90371194966729507,1.0355896687658928,0.82537378266202077,0.13187771909859769,-0.078338167005274295,0.036664837606232348,0.40506329113924044,0.40-0.50,35,MW 32-38,both promoted,H,favourite delivered
2024-2025,2024-11-23,Bournemouth,Brighton,A,1.1070869156590821,1.0844343507320813,1.0358488470429685,-0.022652564927000851,-0.071238068616113592,-0.012675289540404033,0.40506329113924044,0.40-0.50,12,MW 7-19,neither promoted,H,favourite did not
2024-2025,2025-02-15,West Ham,Brentford,A,1.1070869156590821,0.69355845967319585,0.95388867030713576,-0.41352845598588628,-0.15319824535194637,-0.14632680900952105,0.40506329113924044,0.40-0.50,25,MW 20-31,neither promoted,H,favourite did not
2025-2026,2025-08-23,Burnley,Sunderland,H,0.90371194966729484,4.0537480030602868,1.0893329008440436,3.1500360533929919,0.18562095117674871,0.68567064476932527,0.40506329113924056,0.40-0.50,2,MW 1-6,both promoted,H,favourite delivered
2023-2024,2023-09-02,Sheffield United,Everton,D,1.2599784802860763,1.2599128214655462,1.8082698273968858,-6.5658820530112294e-05,0.54829134711080951,0.0020152285624545629,0.40522875816993464,0.40-0.50,4,MW 1-6,home promoted,A,favourite did not
2024-2025,2025-03-09,Tottenham,Bournemouth,D,1.369918606143671,1.4535458506796772,1.5516173372529403,0.083627244536006229,0.18169873110926926,0.0067138127656428126,0.40552283479772139,0.40-0.50,28,MW 20-31,neither promoted,A,favourite did not
2025-2026,2026-05-03,Manchester Utd,Liverpool,H,0.90257809431741909,0.88447017308295384,0.66885821332262674,-0.018107921234465252,-0.23371988099479235,-0.0071275629842862953,0.40552283479772139,0.40-0.50,35,MW 32-38,neither promoted,H,favourite delivered
2022-2023,2023-01-03,Everton,Brighton,A,0.90217644072835856,0.78398680347220095,0.61875316500925504,-0.11818963725615761,-0.28342327571910353,-0.042385525569347993,0.4056857472147522,0.40-0.50,19,MW 7-19,neither promoted,A,favourite delivered
2025-2026,2025-11-03,Sunderland,Everton,D,1.1673416208202905,1.1198695058338626,1.218096231038569,-0.047472114986427894,0.05075461021827854,0.01939144241887969,0.40590405904059046,0.40-0.50,10,MW 7-19,home promoted,A,favourite did not
2022-2023,2023-05-28,Leeds United,Tottenham,A,0.90034610745057064,0.65527367563965166,0.81802738865539726,-0.24507243181091898,-0.082318718795173385,-0.077949706703067168,0.40642896730094219,0.40-0.50,38,MW 32-38,neither promoted,A,favourite delivered
2025-2026,2025-12-20,Newcastle,Chelsea,D,1.3483151130546744,1.2763034575353496,1.3838560266350455,-0.072011655519324869,0.035540913580371036,-0.0079727831885498257,0.40645161290322579,0.40-0.50,17,MW 7-19,neither promoted,A,favourite did not
2023-2024,2024-05-05,Brighton,Aston Villa,H,0.90029039052771398,1.2684136011743892,0.67480323299091316,0.36812321064667519,-0.22548715753680082,0.13911627737514504,0.40645161290322579,0.40-0.50,36,MW 32-38,neither promoted,H,favourite delivered
2024-2025,2025-05-04,Chelsea,Liverpool,H,0.90029039052771398,1.3679955760539038,1.0815229484881592,0.46770518552618978,0.18123255796044524,0.17899158303385887,0.40645161290322579,0.40-0.50,35,MW 32-38,neither promoted,H,favourite delivered
2022-2023,2023-01-03,Leicester City,Fulham,A,1.1279901663848413,1.0607330480359094,1.0684057810044034,-0.067257118348931888,-0.059584385380437865,-0.009723793637774869,0.40812223562525135,0.40-0.50,19,MW 7-19,away promoted,H,favourite did not
2022-2023,2022-10-19,Manchester Utd,Tottenham,H,0.89618855232751682,1.3969296032236345,1.1297506254175964,0.50074105089611765,0.23356207309007959,0.17527678832132684,0.40812223562525135,0.40-0.50,12,MW 7-19,neither promoted,H,favourite delivered
2023-2024,2024-04-13,Bournemouth,Manchester Utd,D,1.4492792499747738,1.3591918406083918,1.4812938230957211,-0.090087409366381932,0.032014573120947354,-0.0070765649537720687,0.40824246187279289,0.40-0.50,33,MW 32-38,neither promoted,H,favourite did not
2024-2025,2025-01-26,Fulham,Manchester Utd,A,1.1727649585534292,1.2189847431470933,1.1565534335400571,0.046219784593664048,-0.016211525013372086,0.017473258649779388,0.40828975401898121,0.40-0.50,23,MW 20-31,neither promoted,H,favourite did not
2024-2025,2025-04-02,Brighton,Aston Villa,A,1.1589861393620327,1.1698780102135713,1.4352786804836277,0.010891870851538643,0.27629254112159507,0.026840469948452517,0.40930979133226331,0.40-0.50,30,MW 20-31,neither promoted,H,favourite did not
2025-2026,2026-04-12,Nottingham,Aston Villa,D,1.2841492823160385,1.1120505782047219,1.2291147563811455,-0.17209870411131667,-0.055034525934892997,-0.02011238855773835,0.40930979133226331,0.40-0.50,32,MW 32-38,neither promoted,H,favourite did not
2024-2025,2024-10-21,Nottingham,Crystal Palace,H,0.89154924223399246,1.0531491693335928,0.84126051897214238,0.16159992709960036,-0.050288723261850077,0.046668305401011495,0.41002004008016035,0.40-0.50,8,MW 7-19,neither promoted,H,favourite delivered
2025-2026,2025-08-30,Sunderland,Brentford,H,1.1900422307899892,1.1096112085394763,1.1663215995653686,-0.080431022250512907,-0.023720631224620536,-0.017850440640355458,0.41002004008016035,0.40-0.50,3,MW 1-6,home promoted,A,favourite did not
2022-2023,2023-05-06,Wolves,Aston Villa,H,1.1900422307899892,1.360804176068622,0.98874174792320679,0.17076194527863287,-0.20130048286678237,0.066131617334294124,0.41002004008016035,0.40-0.50,35,MW 32-38,neither promoted,A,favourite did not
2025-2026,2025-11-09,Aston Villa,Bournemouth,H,0.89154924223399246,0.82700171202105199,0.92042689644831166,-0.064547530212940463,0.028877654214319204,-0.020954818937262892,0.41002004008016035,0.40-0.50,11,MW 7-19,neither promoted,H,favourite delivered
2022-2023,2022-11-12,Nottingham,Crystal Palace,H,1.2525625877713231,1.6561486919428812,1.4166190534851932,0.40358610417155805,0.16405646571387011,0.11679093740176194,0.41002004008016035,0.40-0.50,16,MW 7-19,home promoted,A,favourite did not
2022-2023,2022-10-01,Southampton,Everton,A,1.1900422307899892,1.1917102395604973,1.3368287818621998,0.0016680087705081004,0.14678655107221061,-0.012987898833066225,0.41002004008016035,0.40-0.50,9,MW 7-19,neither promoted,H,favourite did not
2023-2024,2023-08-12,Everton,Fulham,A,1.2212146107604422,0.81839575314273139,1.3244992485839822,-0.40281885761771086,0.10328463782353992,-0.12660594980758005,0.41025641025641024,0.40-0.50,1,MW 1-6,neither promoted,H,favourite did not
2022-2023,2023-01-14,Brighton,Liverpool,H,1.0865592656145393,1.1240781148433925,0.96032775300305928,0.037518849228853179,-0.12623151261148002,0.021901771318140084,0.41071777821239974,0.40-0.50,20,MW 20-31,neither promoted,A,favourite did not
2025-2026,2025-10-04,Chelsea,Liverpool,H,1.1205124273194189,1.1635124882802597,0.92755118191595598,0.043000060960840747,-0.19296124540346293,0.023922031577390979,0.41118550610476567,0.40-0.50,7,MW 7-19,neither promoted,A,favourite did not
2023-2024,2024-04-02,Burnley,Wolves,D,1.3367355357890547,1.3112710647441526,1.3382872771701571,-0.025464471044902126,0.0015517413811023673,0.0028627971530188756,0.41118550610476567,0.40-0.50,31,MW 20-31,home promoted,H,favourite did not
2023-2024,2023-11-06,Tottenham,Chelsea,A,1.1205124273194189,1.5995137963152757,1.2557407687145847,0.47900136899585677,0.13522834139516582,0.1869086196621817,0.41118550610476567,0.40-0.50,11,MW 7-19,neither promoted,H,favourite did not
2025-2026,2025-08-25,Newcastle,Liverpool,A,0.88871081326209433,0.95015204702486944,0.83499519418753976,0.061441233762775105,-0.053715619074554577,0.038153590631464729,0.41118550610476567,0.40-0.50,2,MW 1-6,neither promoted,A,favourite delivered
2023-2024,2023-11-04,Fulham,Manchester Utd,A,0.88871081326209433,1.030984183755292,0.75755844162762931,0.14227337049319766,-0.13115237163446503,0.054953344997698661,0.41118550610476567,0.40-0.50,11,MW 7-19,neither promoted,A,favourite delivered
2025-2026,2026-01-17,Manchester Utd,Manchester City,H,1.1205124273194189,1.6012993309190211,1.0491093797463464,0.48078690359960219,-0.071403047573072476,0.1598631251133979,0.41118550610476567,0.40-0.50,22,MW 20-31,neither promoted,A,favourite did not
2023-2024,2024-05-19,Burnley,Nottingham,A,0.88652890150499819,1.0197044171370542,0.86878013362276285,0.13317551563205599,-0.017748767882235339,0.045838982739173917,0.41208365608055769,0.40-0.50,38,MW 32-38,home promoted,A,favourite delivered
2024-2025,2025-04-01,Wolves,West Ham,H,0.88642611364489854,0.88907614837321369,0.68930204239684278,0.0026500347283151537,-0.19712407124805575,0.01682584755598962,0.41212601545472566,0.40-0.50,30,MW 20-31,neither promoted,H,favourite delivered
2022-2023,2023-03-12,West Ham,Aston Villa,D,1.2321719870514407,1.4596406272726352,1.4050551571331982,0.22746864022119451,0.17288317008175746,0.022523704235780984,0.41212601545472566,0.40-0.50,27,MW 20-31,neither promoted,H,favourite did not
2022-2023,2022-08-31,Bournemouth,Wolves,D,1.2321719870514407,1.3514295635100213,1.2051156281850728,0.11925757645858059,-0.027056358866367924,0.074668916286175613,0.41212601545472566,0.40-0.50,5,MW 1-6,home promoted,A,favourite did not
2023-2024,2023-11-04,Burnley,Crystal Palace,A,0.88642611364489854,0.64801913596905825,0.59611565754253271,-0.23840697767584029,-0.29031045610236583,-0.074394408041870502,0.41212601545472566,0.40-0.50,11,MW 7-19,home promoted,A,favourite delivered
2024-2025,2024-12-03,Leicester City,West Ham,H,1.15104365156606,1.1014065913485764,1.2485832645163624,-0.049637060217483597,0.097539612950302335,-0.0035681482590733671,0.41257367387033395,0.40-0.50,14,MW 7-19,home promoted,A,favourite did not
2022-2023,2023-04-22,Fulham,Leeds United,H,0.88534048583305391,0.44273236971474456,0.86603752929496769,-0.44260811611830936,-0.019302956538086224,-0.14272911697940349,0.41257367387033406,0.40-0.50,32,MW 32-38,home promoted,H,favourite delivered
2023-2024,2023-12-06,Crystal Palace,Bournemouth,A,1.1510436515660596,1.3609355654830775,1.1865152067885416,0.20989191391701789,0.035471555222482021,0.087624566860768915,0.41257367387033406,0.40-0.50,15,MW 7-19,neither promoted,H,favourite did not
2024-2025,2025-04-21,Tottenham,Nottingham,A,1.1510436515660596,0.86286109949221179,1.2195400007295576,-0.2881825520738478,0.068496349163498005,-0.090612891872020679,0.41257367387033406,0.40-0.50,33,MW 32-38,neither promoted,H,favourite did not
2025-2026,2026-02-10,Everton,Bournemouth,A,1.1510436515660596,1.2775121607799396,0.90531313079879117,0.12646850921387998,-0.24573052076726842,0.030695044896272838,0.41257367387033406,0.40-0.50,26,MW 20-31,neither promoted,H,favourite did not
2022-2023,2022-10-15,Leicester City,Crystal Palace,D,1.3051943313933181,1.312340080807922,1.2940836614004676,0.0071457494146038858,-0.011110669992850486,-0.0015428549202609054,0.41257367387033406,0.40-0.50,11,MW 7-19,neither promoted,H,favourite did not
2024-2025,2024-08-24,Southampton,Nottingham,A,1.1510436515660596,0.96023833825255123,1.7673126398143972,-0.19080531331350836,0.61626898824833765,-0.094519218328728144,0.41257367387033406,0.40-0.50,2,MW 1-6,home promoted,H,favourite did not
2024-2025,2025-05-01,Nottingham,Brentford,A,1.1510436515660596,1.1390531429609267,0.98726173873590051,-0.011990508605132844,-0.16378191283015908,0.006005981568014962,0.41257367387033406,0.40-0.50,34,MW 32-38,neither promoted,H,favourite did not
2022-2023,2022-10-14,Brentford,Brighton,H,1.1816016638308044,1.1986903275799023,1.3266409937283266,0.017088663749097899,0.14503932989752211,0.0042268638610300502,0.41349548842683403,0.40-0.50,11,MW 7-19,neither promoted,A,favourite did not
2024-2025,2024-08-17,Everton,Brighton,A,0.88310867527480785,1.2423225638234106,0.94085352977317172,0.3592138885486027,0.057744854498363862,0.11137387423656123,0.41349548842683403,0.40-0.50,1,MW 1-6,neither promoted,A,favourite delivered
2024-2025,2024-11-23,Everton,Brentford,D,1.2739749839618195,1.2799010675997584,1.361302969501538,0.0059260836379388948,0.087327985539718433,0.00014322623358567488,0.41349548842683415,0.40-0.50,12,MW 7-19,neither promoted,H,favourite did not
2022-2023,2022-10-23,Wolves,Leicester City,A,1.1816016638308042,0.99789463907019615,1.1034076269324671,-0.18370702476060807,-0.078194036898337149,-0.074173994373569641,0.41349548842683415,0.40-0.50,13,MW 7-19,neither promoted,H,favourite did not
2025-2026,2026-02-21,Brentford,Brighton,A,1.1816016638308042,1.4494793460975122,1.1642374327662852,0.26787768226670794,-0.017364231064519009,0.084491320646954748,0.41349548842683415,0.40-0.50,27,MW 20-31,neither promoted,H,favourite did not
2025-2026,2025-11-08,Everton,Fulham,H,0.88199725387560457,0.92024492898751098,1.0317047728303665,0.03824767511190641,0.14970751895476198,0.012944638643191286,0.41395531164249316,0.40-0.50,11,MW 7-19,neither promoted,H,favourite delivered
2025-2026,2026-03-15,Nottingham,Fulham,D,1.2430105994129352,1.2244238402084171,1.2115866235922821,-0.018586759204518133,-0.031423975820653149,-0.0052711789923027552,0.41395531164249316,0.40-0.50,30,MW 20-31,neither promoted,H,favourite did not
2024-2025,2025-04-01,Nottingham,Manchester Utd,H,0.88199725387560457,0.67908216443023739,0.85889498063006831,-0.20291508944536718,-0.023102273245536264,-0.060179898334117632,0.41395531164249316,0.40-0.50,30,MW 20-31,neither promoted,H,favourite delivered
2022-2023,2023-01-04,Southampton,Nottingham,A,1.2122389407461815,1.4934727275759203,1.5296712468417564,0.28123378682973876,0.31743230609557482,0.084551404944704978,0.41395531164249316,0.40-0.50,19,MW 7-19,away promoted,H,favourite did not
2022-2023,2023-03-04,Wolves,Tottenham,H,1.2122389407461813,1.5446271298010095,1.287344410375578,0.33238818905482814,0.075105469629396682,0.12243545460181354,0.41395531164249322,0.40-0.50,26,MW 20-31,neither promoted,A,favourite did not
2022-2023,2022-08-30,Fulham,Brighton,H,1.243010599412935,0.85502377020801068,0.84914182064266619,-0.38798682920492433,-0.39386877877026882,-0.13333853950894525,0.41395531164249322,0.40-0.50,5,MW 1-6,home promoted,A,favourite did not
2025-2026,2025-11-29,Sunderland,Bournemouth,H,1.2122389407461813,0.65974876709003993,1.392019285514003,-0.55249017365614139,0.17978034476782168,-0.19022473896574327,0.41395531164249322,0.40-0.50,13,MW 7-19,home promoted,A,favourite did not
2022-2023,2023-03-15,Southampton,Brentford,A,0.88199725387560446,0.65001521474094537,1.4282961774323664,-0.23198203913465909,0.54629892355676191,-0.073449482703942831,0.41395531164249322,0.40-0.50,7,MW 7-19,neither promoted,A,favourite delivered
2024-2025,2024-11-02,Ipswich Town,Leicester City,D,1.3570091346464865,1.5097390002040623,1.2988730346760951,0.15272986555757573,-0.058136099970391486,0.025809557584918874,0.41412582014666155,0.40-0.50,10,MW 7-19,both promoted,H,favourite did not
2024-2025,2025-02-14,Brighton,Chelsea,H,1.1133870519887357,1.4813738303705384,0.90982434703153026,0.36798677838180271,-0.20356270495720541,0.13360959785952242,0.41412582014666161,0.40-0.50,25,MW 20-31,neither promoted,A,favourite did not
2024-2025,2024-12-07,Brentford,Newcastle,H,1.1053144168291946,1.0174014147351536,1.0450938048681275,-0.087913002094041071,-0.060220611961067094,-0.026963229067873518,0.41460324772544049,0.40-0.50,15,MW 7-19,neither promoted,A,favourite did not
2023-2024,2023-12-17,Brentford,Aston Villa,A,0.88035872264809178,0.79203810843958944,0.94141899012765562,-0.088320614208502346,0.061060267479563834,-0.020782220873438506,0.41463414634146339,0.40-0.50,17,MW 7-19,neither promoted,A,favourite delivered
2022-2023,2023-01-22,Leeds United,Brentford,D,1.3258055996392397,1.4481784661862858,1.4107049476062612,0.12237286654704604,0.084899347967021477,0.013059969827719314,0.41570438799076215,0.40-0.50,21,MW 20-31,neither promoted,H,favourite did not
2023-2024,2024-02-26,West Ham,Brentford,H,0.87778087711227937,1.0053780337729485,1.0589471278470253,0.12759715666066918,0.1811662507347459,0.053107498913629203,0.41570438799076215,0.40-0.50,26,MW 20-31,neither promoted,H,favourite delivered
2024-2025,2024-08-24,Brighton,Manchester Utd,H,0.87708171455891004,0.98508781637384124,0.61747415615324708,0.1080061018149312,-0.25960755840566296,0.033530731304535655,0.41599513455982967,0.40-0.50,2,MW 1-6,neither promoted,H,favourite delivered
2023-2024,2023-11-11,Wolves,Tottenham,H,1.1735776275760021,1.2203105633950539,1.1579416435593468,0.046732935819051802,-0.015635984016655335,0.050660750752008765,0.41682673837879369,0.40-0.50,12,MW 7-19,neither promoted,A,favourite did not
2023-2024,2023-10-21,Bournemouth,Wolves,A,1.1907484923898788,0.8261250906269213,1.1683203630626076,-0.36462340176295749,-0.022428129327271229,-0.12500174935494124,0.41883568448241604,0.40-0.50,9,MW 7-19,neither promoted,H,favourite did not
2024-2025,2025-01-15,Everton,Aston Villa,A,0.87027659711510708,0.95364633072676186,1.0358829179850602,0.083369733611654784,0.16560632086995308,0.017008127122892458,0.41883568448241604,0.40-0.50,21,MW 20-31,neither promoted,A,favourite delivered
2024-2025,2025-01-19,Manchester Utd,Brighton,A,1.1907484923898788,1.0467062698081895,1.1110940771475191,-0.14404222258168931,-0.079654415242359722,-0.059326499143592837,0.41883568448241604,0.40-0.50,22,MW 20-31,neither promoted,H,favourite did not
2023-2024,2023-10-07,Crystal Palace,Nottingham,D,1.1907484923898788,1.3477662817864364,1.4073254968195403,0.15701778939655764,0.21657700442966155,0.022054190740698698,0.41883568448241604,0.40-0.50,8,MW 7-19,neither promoted,H,favourite did not
2023-2024,2023-12-07,Everton,Newcastle,H,1.1907484923898788,1.7393381655833076,1.0160886879769049,0.54858967319342877,-0.17465980441297391,0.20687724922040829,0.41883568448241604,0.40-0.50,15,MW 7-19,neither promoted,A,favourite did not
2022-2023,2023-03-18,Wolves,Leeds United,A,1.2521675531756042,1.354965521614105,1.0994925471358037,0.10279796843850075,-0.15267500603980055,0.043741635033331616,0.41929720071471116,0.40-0.50,28,MW 20-31,neither promoted,H,favourite did not
2025-2026,2025-11-23,Leeds United,Aston Villa,A,0.86917530091949835,0.48536627594386705,0.94809747517903586,-0.3838090249756313,0.078922174259537514,-0.12691321785833598,0.41929720071471116,0.40-0.50,12,MW 7-19,home promoted,A,favourite delivered
2024-2025,2024-09-14,Fulham,West Ham,D,1.2521675531756042,1.3561467451501594,1.4672710384780745,0.10397919197455519,0.21510348530247025,0.012111745906651317,0.41929720071471116,0.40-0.50,4,MW 1-6,neither promoted,H,favourite did not
2024-2025,2025-05-25,Wolves,Brentford,D,1.3661698429419395,1.5020442735862021,1.4143700659887835,0.13587443064426252,0.048200223046843904,0.019422119118413156,0.41946833463643474,0.40-0.50,38,MW 32-38,neither promoted,A,favourite did not
2023-2024,2024-02-17,Fulham,Aston Villa,A,0.86536034803313888,0.79598959839292127,0.83827365103779417,-0.06937074964021761,-0.027086696995344717,-0.024161909283647254,0.42089985486211901,0.40-0.50,25,MW 20-31,neither promoted,A,favourite delivered
2022-2023,2023-04-27,Tottenham,Manchester Utd,D,1.3761859717991296,1.5152126154375964,1.5087508124468947,0.13902664363846684,0.13256484064776508,0.011704067711272276,0.42089985486211901,0.40-0.50,33,MW 32-38,neither promoted,A,favourite did not
2023-2024,2023-12-26,Manchester Utd,Aston Villa,H,0.86536034803313888,1.2284013428956126,0.87875454552925314,0.36304099486247376,0.013394197496114257,0.12480333854921938,0.42089985486211901,0.40-0.50,19,MW 7-19,neither promoted,H,favourite delivered
2022-2023,2023-04-25,Leeds United,Leicester City,D,1.3350010667323402,1.5449981173508944,1.4353566515411516,0.20999705061855423,0.10035558480881135,0.017096859645949758,0.42105263157894735,0.40-0.50,33,MW 32-38,neither promoted,H,favourite did not
2025-2026,2026-04-21,Brighton,Chelsea,H,0.86499743748660463,0.8590855029799912,0.90152455501620399,-0.0059119345066134255,0.036527117529599362,-0.012510265956455047,0.42105263157894735,0.40-0.50,34,MW 32-38,neither promoted,H,favourite delivered
2025-2026,2026-05-03,Aston Villa,Tottenham,A,1.1526795099383855,1.6625692496189279,1.142384624920739,0.50988973968054241,-0.010294885017646527,0.16725062186914486,0.42105263157894735,0.40-0.50,35,MW 32-38,neither promoted,H,favourite did not
2022-2023,2023-04-25,Wolves,Crystal Palace,H,0.8649974374866044,1.0874177283218684,0.87086245776761284,0.22242029083526405,0.0058650202810084373,0.075558750314668549,0.4210526315789474,0.40-0.50,33,MW 32-38,neither promoted,H,favourite delivered
2024-2025,2024-11-09,Crystal Palace,Fulham,A,0.86462931673884358,1.2129548875035692,1.2522846818938382,0.34832557076472559,0.38765536515499466,0.12236850483949852,0.42120765832106039,0.40-0.50,11,MW 7-19,neither promoted,A,favourite delivered
2023-2024,2023-10-21,Chelsea,Arsenal,D,1.2323540968641609,1.4890669275557185,1.4862245813038046,0.25671283069155759,0.25387048443964377,0.040710620759497912,0.42120765832106039,0.40-0.50,9,MW 7-19,neither promoted,A,favourite did not
2025-2026,2026-05-19,Chelsea,Tottenham,H,0.86462931673884358,0.66643258471804101,0.93779269635634632,-0.19819673202080257,0.073163379617502744,-0.06417562936665791,0.42120765832106039,0.40-0.50,37,MW 32-38,neither promoted,H,favourite delivered
2025-2026,2025-09-20,West Ham,Crystal Palace,A,0.86232591191470553,0.56830044953262004,0.66724646865914616,-0.29402546238208549,-0.19507944325555937,-0.097673326308743563,0.42217898832684825,0.40-0.50,5,MW 1-6,neither promoted,A,favourite delivered
2025-2026,2025-10-18,Nottingham,Chelsea,A,0.86232591191470553,0.7244748338393181,0.66180445522254217,-0.13785107807538743,-0.20052145669216337,-0.050061866947985034,0.42217898832684825,0.40-0.50,8,MW 7-19,neither promoted,A,favourite delivered
2022-2023,2023-05-20,Wolves,Everton,D,1.3041586641937448,1.3444593860853993,1.4999336833458943,0.040300721891654456,0.19577501915214945,0.0054026363342506434,0.42217898832684825,0.40-0.50,37,MW 32-38,neither promoted,A,favourite did not
2022-2023,2023-04-05,West Ham,Newcastle,A,0.86232591191470553,0.80367950550573619,0.76497824584651086,-0.058646406408969343,-0.097347666068194671,-0.021264017017683629,0.42217898832684825,0.40-0.50,7,MW 7-19,neither promoted,A,favourite delivered
2025-2026,2025-11-01,Tottenham,Chelsea,A,0.86232591191470553,0.94191313051068759,0.73565344646701336,0.079587218595982057,-0.12667246544769217,0.038933484067690927,0.42217898832684825,0.40-0.50,10,MW 7-19,neither promoted,A,favourite delivered
2024-2025,2024-12-26,Southampton,West Ham,A,0.86232591191470553,0.58772207710846192,0.68993435350983012,-0.27460383480624362,-0.17239155840487541,-0.10006089893321835,0.42217898832684825,0.40-0.50,18,MW 7-19,home promoted,A,favourite delivered
2022-2023,2022-10-20,Leicester City,Leeds United,H,0.86232591191470553,0.52411502133843835,0.69416633132744476,-0.33821089057626719,-0.16815958058726077,-0.11100988105636206,0.42217898832684825,0.40-0.50,12,MW 7-19,neither promoted,H,favourite delivered
2022-2023,2022-11-06,Aston Villa,Manchester Utd,H,1.1827978071894774,1.2029944430088821,1.0590059240338168,0.020196635819404785,-0.12379188315566059,-0.0046381135237563709,0.42217898832684825,0.40-0.50,15,MW 7-19,neither promoted,A,favourite did not
2022-2023,2023-04-02,Newcastle,Manchester Utd,H,0.86232591191470553,0.59616522537466532,0.71233531089968027,-0.26616068654004021,-0.14999060101502526,-0.091977279413758356,0.42217898832684825,0.40-0.50,29,MW 20-31,neither promoted,H,favourite delivered
2022-2023,2023-05-07,Newcastle,Arsenal,A,1.1158124421467075,1.303939653978885,1.181410415239478,0.18812721183217751,0.06559797309277049,0.095146961955214937,0.42230312320367885,0.40-0.50,35,MW 32-38,neither promoted,H,favourite did not
2022-2023,2022-10-01,Bournemouth,Brentford,D,1.2735766002716431,1.5689360513394766,1.3054916062764295,0.29535945106783346,0.031915006004786362,0.066357305406850059,0.42285270112708895,0.40-0.50,9,MW 7-19,home promoted,A,favourite did not
2023-2024,2023-08-27,Burnley,Aston Villa,A,0.86073138486585632,0.38227302679880515,0.58080392642123047,-0.47845835806705117,-0.27992745844462585,-0.1528068725810843,0.42285270112708895,0.40-0.50,3,MW 1-6,home promoted,A,favourite delivered
2024-2025,2024-12-29,Fulham,Bournemouth,D,1.2735766002716431,1.1753024137119121,1.3366009562435308,-0.098274186559730969,0.063024355971887713,-0.013815222056530491,0.42285270112708895,0.40-0.50,19,MW 7-19,neither promoted,H,favourite did not
2025-2026,2025-12-27,Brentford,Bournemouth,H,0.86073138486585632,0.68481739149192689,0.86589406782014877,-0.17591399337392943,0.0051626829542924524,-0.052199089832703299,0.42285270112708895,0.40-0.50,18,MW 7-19,neither promoted,H,favourite delivered
2022-2023,2022-10-29,Fulham,Everton,D,1.2735766002716431,1.4866431349714475,1.3333602590403739,0.21306653469980441,0.059783658768730819,0.045047010438053342,0.42285270112708895,0.40-0.50,14,MW 7-19,home promoted,H,favourite did not
2025-2026,2025-12-03,Brighton,Aston Villa,A,1.2129519784552083,1.0776707709138866,1.446681506879955,-0.13528120754132167,0.2337295284247467,-0.042885649840879669,0.42285270112708895,0.40-0.50,14,MW 7-19,neither promoted,H,favourite did not
2024-2025,2024-12-03,Ipswich Town,Crystal Palace,A,0.86073138486585632,0.85026739974620247,0.65950458411367252,-0.010463985119653851,-0.2012268007521838,-0.012740991264506896,0.42285270112708895,0.40-0.50,14,MW 7-19,home promoted,A,favourite delivered
2022-2023,2023-02-15,Arsenal,Manchester City,A,0.86073138486585632,1.0677879849418346,0.89800485377272277,0.20705660007597826,0.037273468906866447,0.08956682651407899,0.42285270112708895,0.40-0.50,12,MW 7-19,neither promoted,A,favourite delivered
2025-2026,2025-08-16,Sunderland,West Ham,H,1.2735766002716431,0.72397794119554115,0.34550113061007742,-0.54959865907610195,-0.92807546966156562,-0.18409670464745731,0.42285270112708895,0.40-0.50,1,MW 1-6,home promoted,A,favourite did not
2025-2026,2025-08-30,Wolves,Everton,A,0.86073138486585632,0.81892268269825597,1.1956414460895555,-0.041808702167600353,0.33491006122369915,-0.016003024847643599,0.42285270112708895,0.40-0.50,3,MW 1-6,neither promoted,A,favourite delivered
2023-2024,2024-04-21,Everton,Nottingham,H,0.86073138486585632,1.096512410809672,0.91901576855674638,0.23578102594381567,0.058284383690890063,0.084409728511608717,0.42285270112708895,0.40-0.50,34,MW 32-38,neither promoted,H,favourite delivered
2025-2026,2026-03-21,Everton,Chelsea,H,1.2129519784552083,1.2563012779647034,1.1732902077104557,0.043349299509495065,-0.039661770744752634,0.00010464152304351382,0.42285270112708895,0.40-0.50,31,MW 20-31,neither promoted,A,favourite did not
2025-2026,2026-04-19,Everton,Liverpool,A,0.86073138486585632,1.0611104825444528,0.98084845824089928,0.20037909767859652,0.12011707337504296,0.064438869704226354,0.42285270112708895,0.40-0.50,33,MW 32-38,neither promoted,A,favourite delivered
2025-2026,2026-02-10,Tottenham,Newcastle,A,0.85785964843831197,1.0461683898427547,1.0274628786393023,0.18830874140444276,0.16960323020099033,0.065004440973152972,0.4240687679083095,0.40-0.50,26,MW 20-31,neither promoted,A,favourite delivered
2025-2026,2025-10-19,Tottenham,Aston Villa,A,1.2002224650788922,1.1309594935221698,1.0241545868588211,-0.069262971556722341,-0.17606787822007108,-0.023861785627951271,0.42431561996779388,0.40-0.50,8,MW 7-19,neither promoted,H,favourite did not
2023-2024,2023-12-21,Crystal Palace,Brighton,D,1.2238715438813084,1.4993889253896007,1.5036208334931249,0.2755173815082923,0.27974928961181655,0.021750880804201733,0.4247957712638154,0.40-0.50,18,MW 7-19,neither promoted,A,favourite did not
2024-2025,2025-04-20,Fulham,Chelsea,A,0.85475844018551028,0.98438102474607003,0.95473530470827483,0.12962258456055975,0.099976864522764552,0.048233870891961128,0.42538593481989706,0.40-0.50,33,MW 32-38,neither promoted,A,favourite delivered
2023-2024,2023-12-16,Burnley,Everton,A,0.85270413846196602,0.75289354810987597,0.66895149995560199,-0.099810590352090056,-0.18375263850636403,-0.026384504814375292,0.42626070409134154,0.40-0.50,17,MW 7-19,home promoted,A,favourite delivered
2023-2024,2024-01-30,Fulham,Everton,D,1.2049247320513181,1.3415903462711187,1.4141959660755148,0.13666561421980061,0.20927123402419667,0.016807588489951703,0.42626070409134154,0.40-0.50,22,MW 20-31,neither promoted,H,favourite did not
2025-2026,2025-11-09,Nottingham,Leeds United,H,0.85204846314580152,0.66859603589120542,0.94552453339146914,-0.1834524272545961,0.09347607024566762,-0.05516868878765796,0.42654028436018954,0.40-0.50,11,MW 7-19,away promoted,H,favourite delivered
2022-2023,2023-05-13,Aston Villa,Tottenham,H,0.8520484631458014,0.63393582028056394,0.89590149579914613,-0.21811264286523746,0.043853032653344726,-0.066911047795316647,0.42654028436018959,0.40-0.50,36,MW 32-38,neither promoted,H,favourite delivered
2025-2026,2026-01-24,West Ham,Sunderland,H,0.85168383233045786,1.3617613125663093,1.1623712807910591,0.51007748023585142,0.31068744846060126,0.15433362500230302,0.42669584245076586,0.40-0.50,23,MW 20-31,away promoted,H,favourite delivered
2023-2024,2024-01-02,West Ham,Brighton,D,1.31370790175582,1.6186960860125834,1.6267498159898373,0.30498818425676344,0.31304191423401728,0.028507179755521,0.4276704769412692,0.40-0.50,20,MW 20-31,neither promoted,A,favourite did not
2025-2026,2025-09-13,West Ham,Tottenham,A,0.84940229362472197,0.85378985935045582,1.0388833696596691,0.0043875657257338441,0.18948107603494713,0.015750662693747058,0.4276704769412692,0.40-0.50,4,MW 1-6,neither promoted,A,favourite delivered
2024-2025,2024-09-28,Brentford,West Ham,D,1.3137079017558198,1.3994707506740254,1.4384875673352751,0.085762848918205625,0.1247796655794553,0.015592098330116905,0.42767047694126925,0.40-0.50,6,MW 1-6,neither promoted,H,favourite did not
2024-2025,2025-02-25,Crystal Palace,Aston Villa,H,0.84940229362472186,0.87080418241689617,0.6541374712175273,0.021401888792174306,-0.19526482240719456,0.0076405862966771598,0.42767047694126925,0.40-0.50,27,MW 20-31,neither promoted,H,favourite delivered
2025-2026,2026-03-04,Fulham,West Ham,A,1.1923470447515521,1.5740773750020245,1.5433356884931524,0.38173033025047243,0.35098864374160033,0.13610841119406486,0.42767047694126925,0.40-0.50,29,MW 20-31,neither promoted,H,favourite did not
2024-2025,2024-11-30,Crystal Palace,Newcastle,D,1.2831410038545399,1.1982884373232467,1.3593404663421709,-0.084852566531293139,0.076199462487630987,-0.010739893504504827,0.42834645669291332,0.40-0.50,13,MW 7-19,neither promoted,A,favourite did not
2024-2025,2025-02-01,Wolves,Aston Villa,H,1.2225163820381051,1.3485362176262301,0.93867283257661549,0.12601983558812502,-0.2838435494614896,0.059850319086397263,0.42834645669291332,0.40-0.50,24,MW 20-31,neither promoted,A,favourite did not
2022-2023,2022-10-23,Tottenham,Newcastle,A,1.2225163820381051,1.7199258241556781,1.3705859472249016,0.49740944211757299,0.14806956518679648,0.15365201449252552,0.42834645669291344,0.40-0.50,13,MW 7-19,neither promoted,H,favourite did not
2024-2025,2024-10-27,Arsenal,Liverpool,D,1.2527629684953678,1.1647203206871557,1.2952875056337092,-0.088042647808212138,0.042524537138341367,-0.01227010801254047,0.4285714285714286,0.40-0.50,9,MW 7-19,neither promoted,H,favourite did not
2022-2023,2023-04-15,Everton,Fulham,A,1.2527629684953678,0.87959034542608028,1.2188852450580074,-0.37317262306928756,-0.033877723437360396,-0.1299916316130878,0.4285714285714286,0.40-0.50,31,MW 20-31,away promoted,H,favourite did not
2023-2024,2024-02-17,Nottingham,West Ham,H,0.84506322258578748,0.86635236772540758,0.80036235223716357,0.021289145139620103,-0.044700870348623911,0.016144766379875164,0.42953020134228181,0.40-0.50,25,MW 20-31,neither promoted,H,favourite delivered
2024-2025,2025-05-18,Leicester City,Ipswich Town,H,0.84497857059611259,1.1425630532380464,1.0020497152868368,0.29758448264193382,0.15707114469072425,0.10676397450545996,0.42956656346749228,0.40-0.50,37,MW 32-38,both promoted,H,favourite delivered
2025-2026,2026-04-18,Newcastle,Bournemouth,A,1.155133498899952,1.0750618302913102,1.0940201017523004,-0.080071668608641788,-0.061113397147651627,-0.033834390824729443,0.42956656346749228,0.40-0.50,33,MW 32-38,neither promoted,H,favourite did not
2024-2025,2024-08-17,Nottingham,Bournemouth,D,1.2786001221158443,1.3821094622836303,1.3686131958675869,0.10350934016778601,0.090013073751742612,0.0060005870343956269,0.43029595015576316,0.40-0.50,1,MW 1-6,neither promoted,H,favourite did not
2022-2023,2022-09-03,Wolves,Southampton,H,0.84328205085799879,0.8575029801265962,0.91913112372346706,0.014220929268597415,0.07584907286546827,-0.0044880948871245385,0.43029595015576316,0.40-0.50,6,MW 1-6,neither promoted,H,favourite delivered
2025-2026,2026-01-01,Crystal Palace,Fulham,D,1.2334796868353746,1.3031205473132128,1.3241954262261948,0.06964086047783824,0.090715739390820227,0.0035428721683947451,0.43029595015576316,0.40-0.50,19,MW 7-19,neither promoted,H,favourite did not
2025-2026,2025-12-28,Crystal Palace,Tottenham,A,1.2334796868353746,1.3076009118941934,1.4204892734144783,0.074121225058818796,0.18700958657910371,0.037131914320356008,0.43029595015576316,0.40-0.50,18,MW 7-19,neither promoted,H,favourite did not
2024-2025,2024-12-21,Aston Villa,Manchester City,H,1.1848517628791577,1.2899217605746955,1.3972466566017863,0.10506999769553782,0.21239489372262854,0.043336342317524867,0.43088803088803085,0.40-0.50,17,MW 7-19,neither promoted,A,favourite did not
2025-2026,2025-12-27,Burnley,Everton,D,1.1848517628791577,1.265426080345105,1.2779444843026435,0.080574317465947232,0.093092721423485791,0.0072455543814681223,0.43088803088803085,0.40-0.50,18,MW 7-19,home promoted,A,favourite did not
2024-2025,2025-05-11,Tottenham,Crystal Palace,A,0.84190701175232729,1.0144387607718719,1.1162550211686464,0.1725317490195446,0.27434800941631909,0.077403068690752114,0.43088803088803085,0.40-0.50,36,MW 32-38,neither promoted,A,favourite delivered
2024-2025,2024-09-14,Bournemouth,Chelsea,A,0.84190701175232729,0.71281535012896036,0.77787003861869797,-0.12909166162336694,-0.064036973133629327,-0.038325577694547919,0.43088803088803085,0.40-0.50,4,MW 1-6,neither promoted,A,favourite delivered
2025-2026,2026-03-21,Brighton,Liverpool,H,1.1848517628791577,1.0096862573862992,0.98902137030476633,-0.17516550549285848,-0.19583039257439139,-0.072320991768501486,0.43088803088803085,0.40-0.50,31,MW 20-31,neither promoted,A,favourite did not
2023-2024,2024-04-24,Crystal Palace,Newcastle,H,1.1848517628791577,1.2695070774461561,0.88990064851912332,0.084655314566998374,-0.29495111436003441,0.047568999769242171,0.43088803088803085,0.40-0.50,29,MW 20-31,neither promoted,A,favourite did not
2022-2023,2022-12-26,Crystal Palace,Fulham,A,1.1848517628791575,1.2501417985423071,1.4089296438142522,0.065290035663149615,0.22407788093509473,0.019686069725728339,0.4308880308880309,0.40-0.50,17,MW 7-19,away promoted,H,favourite did not
2024-2025,2025-04-13,Wolves,Tottenham,H,0.84190701175232718,1.257056572266313,0.94358115496755313,0.41514956051398577,0.10167414321522594,0.16873524903881204,0.4308880308880309,0.40-0.50,32,MW 32-38,neither promoted,H,favourite delivered
2024-2025,2025-05-11,Liverpool,Arsenal,D,1.3343834968501211,1.373796648873209,1.2966602329051742,0.039413152023087816,-0.037723263944946961,0.00010308321528568198,0.4308880308880309,0.40-0.50,36,MW 32-38,neither promoted,H,favourite did not
2025-2026,2026-01-07,Bournemouth,Tottenham,H,0.84190701175232718,0.89651278136623547,0.67849201535722037,0.054605769613908284,-0.16341499639510682,0.023894418943073981,0.4308880308880309,0.40-0.50,21,MW 20-31,neither promoted,H,favourite delivered
2023-2024,2023-08-19,Tottenham,Manchester Utd,H,1.1517221139820581,0.93660792257802594,0.88263847641984805,-0.21511419140403221,-0.2690836375622101,-0.066869134914601891,0.43103448275862072,0.40-0.50,2,MW 1-6,neither promoted,A,favourite did not
2024-2025,2025-05-11,Newcastle,Chelsea,H,0.84156718567821853,0.85040181533476844,1.1679179016841315,0.0088346296565499083,0.32635071600591292,0.008875508444346536,0.43103448275862072,0.40-0.50,36,MW 32-38,neither promoted,H,favourite delivered
2023-2024,2024-02-03,Everton,Tottenham,D,1.3748656652962679,1.3760717731933798,1.4523237835954499,0.0012061078971119521,0.077458118299182033,-0.0017398290735423927,0.43103448275862072,0.40-0.50,23,MW 20-31,neither promoted,A,favourite did not
2024-2025,2025-05-25,Ipswich Town,West Ham,A,0.83987240058724899,0.67861304939195688,0.94172244028828722,-0.16125935119529211,0.10185003970103823,-0.052960432665868945,0.43176561295296839,0.40-0.50,38,MW 32-38,home promoted,A,favourite delivered
2023-2024,2024-02-10,Wolves,Brentford,A,1.2145658500286596,1.3923981979960314,1.2116091304630006,0.1778323479673718,-0.0029567195656590162,0.082415241509407711,0.43176561295296839,0.40-0.50,24,MW 20-31,neither promoted,H,favourite did not
2022-2023,2022-10-08,Bournemouth,Leicester City,H,1.2145658500286596,1.6038483217227675,1.6802781300935277,0.3892824716941079,0.46571228006486809,0.14033649139572923,0.43176561295296839,0.40-0.50,10,MW 7-19,home promoted,A,favourite did not
2023-2024,2024-05-11,Wolves,Crystal Palace,A,0.83987240058724899,0.92874797063855685,0.81278149242589548,0.088875570051307862,-0.027090908161353511,0.032572142278512295,0.43176561295296839,0.40-0.50,37,MW 32-38,neither promoted,A,favourite delivered
2024-2025,2024-12-08,Tottenham,Chelsea,A,0.83892961071668704,0.98107985877949555,1.1501968665425502,0.14215024806280852,0.31126725582586312,0.052575103923569649,0.43217286914765907,0.40-0.50,15,MW 7-19,neither promoted,A,favourite delivered
2022-2023,2022-08-13,Wolves,Fulham,D,1.2741770629991847,2.47355751431793,1.2841243882225466,1.1993804513187454,0.0099473252233619469,0.2374431017425859,0.43220338983050843,0.40-0.50,2,MW 1-6,away promoted,H,favourite did not
2023-2024,2024-03-30,Nottingham,Crystal Palace,D,1.2443240998495033,1.3139437634810984,1.2028436261182953,0.069619663631595108,-0.041480473731208001,0.0063786357101058566,0.43220338983050843,0.40-0.50,30,MW 20-31,neither promoted,H,favourite did not
2025-2026,2025-09-28,Aston Villa,Fulham,H,0.83885899174133904,0.9155196931007743,0.86961284105814862,0.076660701359435257,0.030753849316809578,0.023942375605985972,0.43220338983050843,0.40-0.50,6,MW 1-6,neither promoted,H,favourite delivered
2023-2024,2023-12-27,Brentford,Wolves,A,1.2443240998495033,1.5352162975166037,1.3256209783941353,0.29089219766710039,0.081296878544631968,0.1203412740055757,0.43220338983050843,0.40-0.50,19,MW 7-19,neither promoted,H,favourite did not
2024-2025,2025-04-14,Bournemouth,Fulham,H,0.83885899174133904,0.93544788442530236,0.76119086872814556,0.096588892683963312,-0.07766812301319348,0.049221123247587012,0.43220338983050843,0.40-0.50,32,MW 32-38,neither promoted,H,favourite delivered
2022-2023,2023-01-04,Crystal Palace,Tottenham,A,0.83885899174133904,0.78902686562338187,0.77561237558670715,-0.049832126117957176,-0.063246616154631896,-0.015625617991748358,0.43220338983050843,0.40-0.50,19,MW 7-19,neither promoted,A,favourite delivered
2025-2026,2025-12-14,West Ham,Aston Villa,A,0.83885899174133904,0.61669415022774299,0.78792362788793979,-0.22216484151359606,-0.050935363853399251,-0.073274469250376367,0.43220338983050843,0.40-0.50,16,MW 7-19,neither promoted,A,favourite delivered
2022-2023,2023-02-11,West Ham,Chelsea,D,1.2443240998495033,1.1004843334491259,1.2674182562648524,-0.14383976640037743,0.023094156415349065,-0.018794461227757242,0.43220338983050843,0.40-0.50,23,MW 20-31,neither promoted,A,favourite did not
2024-2025,2025-03-10,West Ham,Newcastle,A,0.83885899174133904,0.59124630372053855,0.81516081251105676,-0.2476126880208005,-0.023698179230282279,-0.075309504860010423,0.43220338983050843,0.40-0.50,28,MW 20-31,neither promoted,A,favourite delivered
2025-2026,2026-02-08,Brighton,Crystal Palace,A,1.2741770629991847,1.5444541146975426,1.295532639921239,0.27027705169835792,0.021355576922054365,0.072846978219898884,0.43220338983050843,0.40-0.50,25,MW 20-31,neither promoted,H,favourite did not
2024-2025,2025-02-23,Manchester City,Liverpool,A,0.83823435423385662,0.81644219043833466,1.0153326785983374,-0.021792163795521957,0.17709832436448081,0.0027606405832217851,0.4324734446130501,0.40-0.50,26,MW 20-31,neither promoted,A,favourite delivered
2023-2024,2023-09-30,Tottenham,Liverpool,H,1.148389282537696,1.2456871011983985,0.83935633274538779,0.097297818660702529,-0.30903294979230822,0.067202157423842779,0.4324734446130501,0.40-0.50,7,MW 7-19,neither promoted,A,favourite did not
2023-2024,2023-12-10,Fulham,West Ham,H,0.83529518944534675,0.70882477743160466,0.76073690613730138,-0.1264704120137421,-0.07455828330804537,-0.026289963545948619,0.43374642516682554,0.40-0.50,16,MW 7-19,neither promoted,H,favourite delivered
2023-2024,2024-04-21,Crystal Palace,West Ham,H,0.83529518944534675,0.9621556949323582,0.56905030157023828,0.12686050548701144,-0.26624488787510847,0.052039117080069142,0.43374642516682554,0.40-0.50,34,MW 32-38,neither promoted,H,favourite delivered
2025-2026,2025-10-26,Everton,Tottenham,A,1.2254928254227226,1.232001832887456,1.1829164757778132,0.006509007464733374,-0.042576349644909417,-0.0067333882380518073,0.43374642516682554,0.40-0.50,9,MW 7-19,neither promoted,H,favourite did not
2022-2023,2023-01-15,Tottenham,Arsenal,A,0.83529518944534675,0.83387088806261012,0.85723696131756855,-0.0014243013827366369,0.021941771872221794,0.01129657667117745,0.43374642516682554,0.40-0.50,20,MW 20-31,neither promoted,A,favourite delivered
2022-2023,2022-08-31,West Ham,Tottenham,D,1.3247815608988565,1.4196779095294361,1.2754654708197584,0.094896348630579608,-0.049316090079098096,0.047892523411252885,0.43504531722054379,0.40-0.50,5,MW 1-6,neither promoted,A,favourite did not
2023-2024,2024-03-16,Burnley,Brentford,H,1.1742630816055599,1.4064221010546776,1.1804831799140529,0.23215901944911765,0.0062200983084930161,0.088666209415306452,0.43547480801648253,0.40-0.50,29,MW 20-31,home promoted,A,favourite did not
2023-2024,2023-08-27,Newcastle,Liverpool,A,1.1742630816055599,1.3333994919186183,1.3499257356297827,0.15913641031305836,0.17566265402422276,0.080075094888961973,0.43547480801648253,0.40-0.50,3,MW 1-6,neither promoted,H,favourite did not
2022-2023,2023-04-04,Chelsea,Liverpool,D,1.2951421914642294,1.2892278148402807,1.4366750817123288,-0.0059143766239486695,0.14153289024809945,-0.0022090367621203089,0.43568464730290463,0.40-0.50,8,MW 7-19,neither promoted,H,favourite did not
2025-2026,2025-12-14,Sunderland,Newcastle,H,1.2656663733312759,0.93628944313693296,1.2425614997450034,-0.32937693019434289,-0.023104873586272445,-0.11292390871354949,0.4358974358974359,0.40-0.50,16,MW 7-19,home promoted,A,favourite did not
2025-2026,2025-10-18,Burnley,Leeds United,H,1.2885572673633803,1.0841964497468997,1.5657773101398016,-0.20436081761648062,0.27722004277642132,-0.056200352858826574,0.43594042805010352,0.40-0.50,8,MW 7-19,both promoted,A,favourite did not
2023-2024,2024-05-19,Brentford,Newcastle,A,0.82971330942254395,0.87907271041107138,1.0816499410675562,0.049359400988527424,0.25193663164501223,0.022537079348596445,0.43617431546471269,0.40-0.50,38,MW 32-38,neither promoted,A,favourite delivered
2024-2025,2024-10-06,Brighton,Tottenham,H,1.1289562042754007,1.2956245392183181,1.0352333304446975,0.16666833494291744,-0.093722873830703213,0.050130287367707971,0.43617431546471269,0.40-0.50,7,MW 7-19,neither promoted,A,favourite did not
2023-2024,2023-08-20,West Ham,Chelsea,H,1.1948225409303268,0.82963808484678825,1.0567231961721817,-0.36518445608353856,-0.13809934475814512,-0.13365979230946051,0.43653432427146488,0.40-0.50,2,MW 1-6,neither promoted,A,favourite did not
2023-2024,2023-08-13,Chelsea,Liverpool,D,1.3443542749012904,1.4921978654367167,1.5118094213923707,0.14784359053542628,0.16745514649108029,0.028021002150367819,0.43653432427146488,0.40-0.50,1,MW 1-6,neither promoted,A,favourite did not
2023-2024,2023-12-24,Wolves,Chelsea,H,1.1948225409303268,1.0396417860460816,0.98532422440559198,-0.15518075488424521,-0.20949831652473483,-0.04340903912087285,0.43653432427146488,0.40-0.50,18,MW 7-19,neither promoted,A,favourite did not
2022-2023,2023-05-28,Brentford,Manchester City,H,1.2245568342795741,1.5385803288568511,1.7077783876752208,0.31402349457727707,0.48322155339564676,0.12305289882621306,0.43741456746729152,0.40-0.50,38,MW 32-38,neither promoted,A,favourite did not
2022-2023,2022-11-05,Wolves,Brighton,A,0.82587053736402194,0.72240769890860079,0.78087254215833501,-0.10346283845542115,-0.044997995205686925,-0.046791842767318403,0.43785365853658537,0.40-0.50,15,MW 7-19,neither promoted,A,favourite delivered
2025-2026,2025-09-28,Newcastle,Arsenal,A,0.82587053736402194,0.78039300242144105,0.94645463307785893,-0.045477534942580888,0.12058409571383699,-0.021986880557727434,0.43785365853658537,0.40-0.50,6,MW 1-6,neither promoted,A,favourite delivered
2024-2025,2025-05-19,Brighton,Liverpool,H,0.82525211768390938,1.5797574176810927,1.1936456921509735,0.7545052999971833,0.36839357446706411,0.29390858410685883,0.43812451960030746,0.40-0.50,37,MW 32-38,neither promoted,H,favourite delivered
2023-2024,2023-10-28,Bournemouth,Burnley,H,0.82234226188468851,0.71552997595116918,0.55551638352370813,-0.10681228593351932,-0.26682587836098037,-0.030474833233855358,0.43940125543215836,0.40-0.50,10,MW 7-19,away promoted,H,favourite delivered
2022-2023,2023-03-04,Aston Villa,Crystal Palace,H,0.82234226188468851,0.72769672596968371,0.6709078888488007,-0.094645535915004797,-0.1514343730358878,-0.029179026439145439,0.43940125543215836,0.40-0.50,26,MW 20-31,neither promoted,H,favourite delivered
2024-2025,2025-05-04,Brighton,Newcastle,D,1.3646821455179654,1.6792587440534992,1.4504061589254198,0.31457659853553377,0.085724013407454391,0.047910703261561577,0.43963204292832503,0.40-0.50,35,MW 32-38,neither promoted,A,favourite did not
2023-2024,2024-03-30,Bournemouth,Everton,H,0.82161368493224685,0.80983643596187993,0.90039607972247893,-0.011777248970366916,0.07878239479023208,-0.0096467169443796574,0.43972150971051666,0.40-0.50,30,MW 20-31,neither promoted,H,favourite delivered
2025-2026,2025-08-31,Aston Villa,Crystal Palace,A,1.2170650205944402,1.1996051696505237,0.95061204927822662,-0.017459850943916555,-0.26645297131621359,-0.017594791276148269,0.44070390206579951,0.40-0.50,3,MW 1-6,neither promoted,H,favourite did not
2025-2026,2026-05-09,Sunderland,Manchester Utd,D,1.3348480562508236,1.3285073741290216,1.4129478571816296,-0.0063406821218019438,0.07809980093080604,0.011573167586509781,0.44070390206579951,0.40-0.50,36,MW 32-38,home promoted,A,favourite did not
2023-2024,2023-08-12,Sheffield United,Crystal Palace,A,0.81938205292833077,1.2695534036612504,2.502694189542698,0.45017135073291958,1.6833121366143673,0.16961038348060237,0.44070390206579951,0.40-0.50,1,MW 1-6,home promoted,A,favourite delivered
2023-2024,2023-12-30,Nottingham,Manchester Utd,H,1.2170650205944402,1.1376085638132685,1.1036295975416224,-0.079456456781171747,-0.11343542305281784,-0.023628888717352414,0.44070390206579951,0.40-0.50,20,MW 20-31,neither promoted,A,favourite did not
2023-2024,2024-05-11,Bournemouth,Brentford,A,1.2170650205944402,1.1637419149120434,1.2429522466079217,-0.053323105682396843,0.025887226013481479,-0.016878896813869226,0.44070390206579951,0.40-0.50,37,MW 32-38,neither promoted,H,favourite did not
2025-2026,2026-04-18,Tottenham,Brighton,D,1.4143844854721772,1.2722565010581597,1.2554784501718488,-0.14212798441401753,-0.15890603530032843,0.0041430152659367447,0.44092707744488407,0.40-0.50,33,MW 32-38,neither promoted,A,favourite did not
2023-2024,2024-05-19,Luton Town,Fulham,A,0.8188757744761479,0.85779494008170176,0.85494538702127088,0.038919165605553863,0.036069612545122975,0.015704343878896521,0.44092707744488407,0.40-0.50,38,MW 32-38,home promoted,A,favourite delivered
2022-2023,2022-09-01,Leicester City,Manchester Utd,A,0.81840519567378722,1.3252081603961168,0.97436418605600139,0.50680296472232955,0.15595899038221417,0.19090005957721679,0.44113461720899344,0.40-0.50,5,MW 1-6,neither promoted,A,favourite delivered
2025-2026,2026-03-20,Bournemouth,Manchester Utd,D,1.3746931935165352,1.3169637979926778,1.3773124529222076,-0.057729395523857363,0.002619259405672425,-0.0074789772725323,0.44113461720899344,0.40-0.50,31,MW 20-31,neither promoted,A,favourite did not
2023-2024,2023-11-04,Brentford,West Ham,H,0.81792827957425196,0.55501897939712996,0.59279558201320748,-0.262909300177122,-0.22513269756104448,-0.081848222376437171,0.44134505158578524,0.40-0.50,11,MW 7-19,neither promoted,H,favourite delivered
2024-2025,2024-11-09,West Ham,Everton,D,1.246382905907115,1.3022798354354463,1.2847338719930541,0.055896929528331363,0.038350966085939131,0.0060180991325434474,0.44134505158578524,0.40-0.50,11,MW 7-19,neither promoted,H,favourite did not
2025-2026,2025-09-20,Burnley,Nottingham,D,1.246382905907115,1.3966577625334184,1.270766751474057,0.15027485662630347,0.024383845566942064,0.0088397901814480651,0.44134505158578524,0.40-0.50,5,MW 1-6,home promoted,A,favourite did not
2025-2026,2025-10-18,Crystal Palace,Bournemouth,D,1.246382905907115,1.2523260998146992,1.3985992230163933,0.0059431939075842433,0.1522163171092783,-0.0022839311614913649,0.44134505158578524,0.40-0.50,8,MW 7-19,neither promoted,H,favourite did not
2022-2023,2022-09-03,Nottingham,Bournemouth,A,1.3052234059300485,1.7047119031640572,1.2356617083358277,0.3994884972340087,-0.069561697594220817,0.065338701816192502,0.44134505158578524,0.40-0.50,6,MW 1-6,both promoted,H,favourite did not
2022-2023,2022-12-26,Leicester City,Newcastle,A,0.81792827957425196,0.85519124085303677,0.91954028841387248,0.037262961278784812,0.10161200883962052,0.016632326109189882,0.44134505158578524,0.40-0.50,17,MW 7-19,neither promoted,A,favourite delivered
2025-2026,2025-12-02,Bournemouth,Everton,A,1.246382905907115,1.2312229430527837,1.5956571824602077,-0.015159962854331299,0.34927427655309273,0.0014826249896642274,0.44134505158578524,0.40-0.50,14,MW 7-19,neither promoted,H,favourite did not
2023-2024,2023-10-02,Fulham,Chelsea,A,0.81744489723752245,1.2592828533035128,0.74605231171445396,0.4418379560659903,-0.071392585523068486,0.15767444261405228,0.44155844155844154,0.40-0.50,7,MW 7-19,neither promoted,A,favourite delivered
2023-2024,2023-11-25,Burnley,West Ham,A,0.81744489723752245,0.44709039362156455,0.86012365577214123,-0.3703545036159579,0.042678758534618777,-0.11315915917238711,0.44155844155844154,0.40-0.50,13,MW 7-19,home promoted,A,favourite delivered
2024-2025,2025-05-05,Crystal Palace,Nottingham,D,1.2757524867200667,1.3535377422697576,1.4145101370643494,0.077785255549690957,0.13875765034428267,0.0025568821940942232,0.44155844155844154,0.40-0.50,35,MW 32-38,neither promoted,H,favourite did not
2025-2026,2025-11-22,Brighton,Brentford,H,0.81744489723752245,0.75245568124502338,0.73071624549913738,-0.064989215992499072,-0.086728651738385065,-0.0083650987359643048,0.44155844155844154,0.40-0.50,12,MW 7-19,neither promoted,H,favourite delivered
2023-2024,2024-01-12,Burnley,Luton Town,D,1.2757524867200667,1.480543746115013,1.4498489887989905,0.20479125939494636,0.1740965020789238,0.013753593415756271,0.44155844155844154,0.40-0.50,21,MW 20-31,both promoted,H,favourite did not
2022-2023,2023-04-15,Aston Villa,Newcastle,H,1.2757524867200667,1.1952687798470005,1.1664009770249577,-0.080483706873066163,-0.10935150969510898,-0.016930461921839113,0.44155844155844154,0.40-0.50,31,MW 20-31,neither promoted,A,favourite did not
2024-2025,2025-03-08,Brentford,Aston Villa,A,1.1810060577528092,1.2436283977886962,1.0796143777247718,0.062622340035886959,-0.10139168002803745,0.030361551002196063,0.44260755213225622,0.40-0.50,28,MW 20-31,neither promoted,H,favourite did not
2022-2023,2023-05-04,Brighton,Manchester Utd,H,0.81507178840128014,0.65501822065342741,0.63465384074627396,-0.16005356774785273,-0.18041794765500618,-0.052303998428923026,0.44260755213225622,0.40-0.50,28,MW 20-31,neither promoted,H,favourite delivered
2024-2025,2025-02-16,Tottenham,Manchester Utd,H,0.81507178840128014,0.66441904174691557,0.79258850493082167,-0.15065274665436457,-0.022483283470458471,-0.05405959845605901,0.44260755213225622,0.40-0.50,25,MW 20-31,neither promoted,H,favourite delivered
2023-2024,2024-02-11,Aston Villa,Manchester Utd,A,1.1810060577528092,1.5109281460433501,1.2788860256270727,0.32992208829054093,0.097879967874263452,0.11162127447542602,0.44260755213225622,0.40-0.50,24,MW 20-31,neither promoted,H,favourite did not
2024-2025,2024-10-19,Southampton,Leicester City,A,1.2280034470590453,0.49652783260403238,1.3409526015008753,-0.73147561445501297,0.11294915444182996,-0.26093638426446047,0.44272065083719608,0.40-0.50,8,MW 7-19,both promoted,H,favourite did not
2023-2024,2024-03-02,Brentford,Chelsea,D,1.3302822961794636,1.4521401515126373,1.51112853457592,0.12185785533317373,0.18084623839645642,0.0059104320216012696,0.44272065083719608,0.40-0.50,27,MW 20-31,neither promoted,A,favourite did not
2024-2025,2025-04-05,Aston Villa,Nottingham,H,0.81271116058732362,1.1665546541829919,0.80845530942781385,0.35384349359566825,-0.0042558511595097714,0.15134976401432521,0.44365361803084219,0.40-0.50,31,MW 20-31,neither promoted,H,favourite delivered
2025-2026,2026-02-07,Burnley,West Ham,A,0.81224316773195737,0.98729584442068674,0.82592298957409394,0.17505267668872937,0.013679821842136564,0.059645101584464677,0.44386129334582947,0.40-0.50,25,MW 20-31,home promoted,A,favourite delivered
2023-2024,2024-03-02,Everton,West Ham,A,1.2388235178080989,1.2297863292389086,1.5421562066469618,-0.0090371885691902243,0.303332688838863,-0.0094353434284310533,0.4446939921392476,0.40-0.50,27,MW 20-31,neither promoted,H,favourite did not
2025-2026,2026-01-25,Newcastle,Aston Villa,A,1.2388235178080989,1.1592906120088202,1.2964018112083304,-0.07953290579927863,0.057578293400231573,-0.034907976594651224,0.4446939921392476,0.40-0.50,23,MW 20-31,neither promoted,H,favourite did not
2025-2026,2025-12-14,Brentford,Leeds United,D,1.2388235178080989,1.6225016362497455,1.3962435953732413,0.38367811844164668,0.15742007756514242,0.06391364628416929,0.4446939921392476,0.40-0.50,16,MW 7-19,away promoted,H,favourite did not
2022-2023,2022-11-12,Newcastle,Chelsea,H,0.80943516828321127,0.57748931759740407,0.75878163178632674,-0.2319458506858072,-0.050653536496884533,-0.078207808826824932,0.44510940714419295,0.40-0.50,16,MW 7-19,neither promoted,H,favourite delivered
2023-2024,2023-08-26,Brentford,Crystal Palace,D,1.2677427577657554,1.4144111982419465,1.4691924780828571,0.1466684404761911,0.20144972031710173,0.046865161811265266,0.44510940714419295,0.40-0.50,3,MW 1-6,neither promoted,H,favourite did not
2023-2024,2023-11-25,Sheffield United,Bournemouth,A,0.80943516828321105,0.90561763058220623,0.61649404198954494,0.096182462298995186,-0.19294112629366611,0.051073097053048577,0.44510940714419306,0.40-0.50,13,MW 7-19,home promoted,A,favourite delivered
2024-2025,2024-12-26,Nottingham,Tottenham,H,0.80578881671591018,1.1499767643091743,0.94016731486894756,0.3441879475932641,0.13437849815303737,0.12455330758672861,0.4467353951890034,0.40-0.50,18,MW 7-19,neither promoted,H,favourite delivered
2025-2026,2026-02-08,Liverpool,Manchester City,A,1.1624637606546424,0.86332784546914187,1.0652305505247346,-0.29913591518550053,-0.097233210129907821,-0.12539178378475696,0.4467353951890034,0.40-0.50,25,MW 20-31,neither promoted,H,favourite did not
2025-2026,2025-12-20,Wolves,Brentford,A,0.80437281567016972,0.56262560934678763,0.87704686366839013,-0.24174720632338209,0.072674047998220415,-0.079539311758215686,0.44736842105263158,0.40-0.50,17,MW 7-19,neither promoted,A,favourite delivered
2025-2026,2025-11-01,Nottingham,Manchester Utd,D,1.3950881474769707,1.3715584983450482,1.4655060856552649,-0.02352964913192257,0.070417938178294115,0.003652200537382605,0.44842025123715262,0.40-0.50,10,MW 7-19,neither promoted,A,favourite did not
2024-2025,2025-01-04,Southampton,Brentford,A,0.80177159467064563,0.42394662458465332,0.77941478364569505,-0.37782497008599231,-0.022356811024950574,-0.12712937243092853,0.44853364002300172,0.40-0.50,20,MW 20-31,home promoted,A,favourite delivered
2025-2026,2025-09-20,Fulham,Brentford,H,0.80177159467064563,1.0246239193916715,0.74540762996703458,0.2228523247210259,-0.056363964703611047,0.10139598286769164,0.44853364002300172,0.40-0.50,5,MW 1-6,neither promoted,H,favourite delivered
2023-2024,2024-02-04,Arsenal,Liverpool,H,0.80177159467064563,0.98597370544244778,1.0075641279533607,0.18420211077180215,0.20579253328271507,0.070701164989394133,0.44853364002300172,0.40-0.50,23,MW 20-31,neither promoted,H,favourite delivered
2024-2025,2024-12-05,Bournemouth,Tottenham,H,0.79975691561820361,1.1799083177388454,1.1200311261200326,0.3801514021206418,0.32027421050182903,0.13535665795861718,0.449438202247191,0.40-0.50,14,MW 7-19,neither promoted,H,favourite delivered
2023-2024,2023-12-03,Bournemouth,Aston Villa,D,1.4441139320087166,1.7811505816253734,1.6069208750618167,0.3370366496166568,0.16280694305310006,0.085333510882252689,0.44943820224719105,0.40-0.50,14,MW 7-19,neither promoted,A,favourite did not
2022-2023,2022-12-26,Brentford,Tottenham,D,1.3363671871633835,1.4631128941803466,1.502592170512697,0.12674570701696308,0.16622498334931346,0.011801527266405459,0.4505119453924914,0.40-0.50,17,MW 7-19,neither promoted,A,favourite did not
2025-2026,2026-02-01,Nottingham,Crystal Palace,D,1.2493558101737536,1.080276522202235,1.1823499683245196,-0.16907928797151861,-0.067005841849234082,-0.022130285214082945,0.4505119453924914,0.40-0.50,24,MW 20-31,neither promoted,H,favourite did not
2024-2025,2024-12-04,Everton,Wolves,H,0.79737068643069664,1.2238447269583976,0.7713313987775835,0.42647404052770099,-0.026039287653113141,0.15054208718509932,0.4505119453924914,0.40-0.50,14,MW 7-19,neither promoted,H,favourite delivered
2025-2026,2025-09-20,Brighton,Tottenham,D,1.3363671871633833,1.5342540400681794,1.5966260636694769,0.19788685290479613,0.26025887650609358,0.012516166576898496,0.45051194539249145,0.40-0.50,5,MW 1-6,neither promoted,H,favourite did not
2022-2023,2022-09-03,Brentford,Leeds United,H,0.79737068643069653,0.51056305150367109,0.7433993602945661,-0.28680763492702543,-0.053971326136130426,-0.094405328181014742,0.45051194539249145,0.40-0.50,6,MW 1-6,neither promoted,H,favourite delivered
2022-2023,2022-10-22,Chelsea,Manchester Utd,D,1.3363671871633833,1.3986607073305579,1.2970562022808882,0.062293520167174599,-0.03931098488249507,0.038332067925615554,0.45051194539249145,0.40-0.50,13,MW 7-19,neither promoted,H,favourite did not
2022-2023,2023-02-04,Aston Villa,Leicester City,A,1.2782848372904874,1.319448046045629,1.3181253413336946,0.041163208755141678,0.03984050404320727,0.016937747895293565,0.45092838196286467,0.40-0.50,22,MW 20-31,neither promoted,H,favourite did not
2024-2025,2024-10-05,Brentford,Wolves,H,0.79644675039774915,0.63745938655686774,0.69582245086662931,-0.15898736384088141,-0.10062429953111984,-0.054298424678409868,0.45092838196286467,0.40-0.50,7,MW 7-19,neither promoted,H,favourite delivered
2025-2026,2026-01-25,Crystal Palace,Chelsea,A,0.79644675039774893,0.8858560015328516,0.88046871479465283,0.089409251135102674,0.084021964396903903,0.01592907744978464,0.45092838196286478,0.40-0.50,23,MW 20-31,neither promoted,A,favourite delivered
2025-2026,2026-02-06,Leeds United,Nottingham,H,0.79644675039774893,0.8892285839874946,0.8700233162710258,0.092781833589745677,0.073576565873276878,0.029779211062480576,0.45092838196286478,0.40-0.50,25,MW 20-31,home promoted,H,favourite delivered
2025-2026,2026-05-10,Nottingham,Newcastle,D,1.2782848372904871,1.3503595499282115,1.2747886828646544,0.072074712637724359,-0.0034961544258327315,0.016825554112290225,0.45092838196286478,0.40-0.50,36,MW 32-38,neither promoted,A,favourite did not
2025-2026,2026-02-07,Fulham,Everton,A,1.3072723741637395,1.2956847516224108,1.3421042986369662,-0.011587622541328724,0.034831924473226694,-0.024627782493879369,0.45092838196286478,0.40-0.50,25,MW 20-31,neither promoted,H,favourite did not
2025-2026,2026-04-11,Brentford,Everton,D,1.2782848372904871,1.1433173937604288,1.1790917577183297,-0.1349674435300583,-0.099193079572157394,-0.020883048580462332,0.45092838196286478,0.40-0.50,32,MW 32-38,neither promoted,H,favourite did not
2025-2026,2025-08-23,Brentford,Aston Villa,H,1.2782848372904871,1.1076646616310182,0.99709325392616222,-0.17062017565946896,-0.28119158336432493,-0.054955457148212428,0.45092838196286478,0.40-0.50,2,MW 1-6,neither promoted,A,favourite did not
2024-2025,2025-02-15,Fulham,Nottingham,H,0.79644675039774893,1.1780728104702414,0.81424375142626704,0.38162606007249245,0.017797001028518111,0.13871122149355627,0.45092838196286478,0.40-0.50,25,MW 20-31,neither promoted,H,favourite delivered
2023-2024,2024-02-10,Nottingham,Newcastle,A,0.79581657840628073,0.6573466839906702,0.88769116372258983,-0.13846989441561053,0.091874585316309099,-0.043354549807866322,0.45121263395375066,0.40-0.50,24,MW 20-31,neither promoted,A,favourite delivered
2025-2026,2025-09-27,Brentford,Manchester Utd,H,1.217030043482584,0.74984825803815391,1.1079811704857245,-0.46718178544443012,-0.1090488729968595,-0.16764737155345183,0.45121263395375066,0.40-0.50,6,MW 1-6,neither promoted,A,favourite did not
2024-2025,2024-10-06,Aston Villa,Manchester Utd,D,1.4146892273360394,1.4221663440369503,1.3512091828706014,0.0074771167009108908,-0.063480044465437979,0.0093915110616287489,0.45128779395296748,0.40-0.50,7,MW 7-19,neither promoted,H,favourite did not
2025-2026,2026-02-11,Aston Villa,Brighton,H,0.79125065826988294,0.69245572928897314,0.83071025510411867,-0.098794928980909802,0.039459596834235722,-0.045915652245446414,0.45327754532775449,0.40-0.50,26,MW 20-31,neither promoted,H,favourite delivered
2022-2023,2023-01-23,Fulham,Tottenham,A,0.79125065826988272,1.0766300930521817,0.6434832833931331,0.28537943478229899,-0.14776737487674962,0.11541389677682706,0.45327754532775461,0.40-0.50,21,MW 20-31,home promoted,A,favourite delivered
2023-2024,2023-10-29,West Ham,Everton,A,1.2707409807907764,1.5142470528475076,0.97320246849608427,0.24350607205673125,-0.29753851229469208,0.10593484819575189,0.45434298440979953,0.40-0.50,10,MW 7-19,neither promoted,H,favourite did not
2024-2025,2024-12-26,Bournemouth,Crystal Palace,D,1.3278993946307249,1.2592524597832866,1.3433277241506767,-0.068646934847438335,0.015428329519951767,-0.0027339862451069563,0.45434298440979953,0.40-0.50,18,MW 7-19,neither promoted,H,favourite did not
2024-2025,2025-02-22,Fulham,Crystal Palace,A,1.3278993946307247,1.1435718140999576,1.1056325633802699,-0.18432758053076714,-0.22226683125045477,-0.064517952714813587,0.45434298440979959,0.40-0.50,26,MW 20-31,neither promoted,H,favourite did not
2025-2026,2025-10-05,Wolves,Brighton,D,1.3278993946307247,1.5046881438833182,1.2949985479743193,0.17678874925259347,-0.032900846656405358,0.0291216332126088,0.45434298440979959,0.40-0.50,7,MW 7-19,neither promoted,A,favourite did not
2024-2025,2024-09-29,Ipswich Town,Aston Villa,D,1.2992829841302607,1.3455402195398773,1.0927449121152994,0.046257235409616682,-0.20653807201496122,0.043805940989438186,0.45454545454545459,0.40-0.50,6,MW 1-6,home promoted,A,favourite did not
2025-2026,2026-03-01,Brighton,Nottingham,H,0.78845736036427005,0.73022528213468096,0.88332721021986937,-0.05823207822958909,0.09486984985559932,-0.031086721214562268,0.45454545454545459,0.40-0.50,28,MW 20-31,neither promoted,H,favourite delivered
2022-2023,2022-08-14,Chelsea,Tottenham,D,1.2992829841302607,1.294532526796994,1.3122043957836804,-0.0047504573332666222,0.012921411653419757,-0.0082449138722730242,0.45454545454545459,0.40-0.50,2,MW 1-6,neither promoted,H,favourite did not
2024-2025,2024-09-21,Leicester City,Everton,D,1.2992829841302607,1.332380633076373,1.2996899736243861,0.033097648946112335,0.00040698949412543151,0.0078944615433594878,0.45454545454545459,0.40-0.50,5,MW 1-6,home promoted,H,favourite did not
2022-2023,2022-10-29,Brentford,Wolves,D,1.2992829841302607,1.3494205944556645,1.2646042386923737,0.05013761032540387,-0.03467874543788696,0.054989258691807485,0.45454545454545459,0.40-0.50,14,MW 7-19,neither promoted,H,favourite did not
2022-2023,2022-09-16,Aston Villa,Southampton,H,0.78845736036427005,0.64087728211579997,0.80357178499881232,-0.14758007824847008,0.015114424634542267,-0.052182912682103427,0.45454545454545459,0.40-0.50,8,MW 7-19,neither promoted,H,favourite delivered
2023-2024,2023-12-23,West Ham,Manchester Utd,H,0.78790512841282245,0.89435482528961663,0.98833672721273635,0.10644969687679418,0.2004315987999139,0.041469380246329346,0.45479653839071993,0.40-0.50,18,MW 7-19,neither promoted,H,favourite delivered
2024-2025,2024-10-27,West Ham,Manchester Utd,H,1.2387882240113008,1.1082123985736041,1.1330699203247363,-0.13057582543769675,-0.10571830368656454,-0.055203012298182141,0.45529801324503311,0.40-0.50,9,MW 7-19,neither promoted,A,favourite did not
2024-2025,2025-04-05,Everton,Arsenal,D,1.207264085410009,1.3089889001985631,1.2937337939448741,0.10172481478855411,0.086469708534865131,0.036813570363185805,0.45564074479737127,0.40-0.50,31,MW 20-31,neither promoted,A,favourite did not
2025-2026,2025-11-01,Crystal Palace,Brentford,H,0.78328741107967126,0.76988968139614544,0.66343609076157706,-0.013397729683525816,-0.1198513203180942,0.0059475331312821011,0.45690151660587441,0.40-0.50,10,MW 7-19,neither promoted,H,favourite delivered
2025-2026,2025-12-30,West Ham,Brighton,D,1.3481095258256612,1.4314724489018738,1.4444019979743508,0.083362923076212514,0.096292472148689523,0.010604774246837145,0.45762095307384509,0.40-0.50,19,MW 7-19,neither promoted,A,favourite did not
2022-2023,2022-09-03,Newcastle,Crystal Palace,D,1.2916783847450415,1.2241591494326081,1.2678098810735559,-0.067519235312433423,-0.02386850367148563,-0.012685534727196829,0.45801526717557256,0.40-0.50,6,MW 1-6,neither promoted,H,favourite did not
2025-2026,2026-04-18,Chelsea,Manchester Utd,A,1.2246811604182772,1.0875101868879335,0.74550738081062951,-0.13717097353034369,-0.47917377960764773,-0.053795509677210751,0.45869483213881562,0.40-0.50,33,MW 32-38,neither promoted,H,favourite did not
2022-2023,2022-10-18,Crystal Palace,Wolves,H,0.77814799070540874,0.61374892279498083,0.65775285840774111,-0.16439906791042791,-0.12039513229766763,-0.065211550967656684,0.45925577013659924,0.40-0.50,12,MW 7-19,neither promoted,H,favourite delivered
2022-2023,2022-08-30,Crystal Palace,Brentford,D,1.2817615666425475,1.3523319770827853,1.4300348625037154,0.070570410440237819,0.14827329586116789,0.0053915947291130473,0.4603234298608499,0.40-0.50,5,MW 1-6,neither promoted,H,favourite did not
2022-2023,2022-08-30,Leeds United,Everton,D,1.3389199804824961,1.3998244362665389,1.4344813218062271,0.060904455784042799,0.095561341323731064,0.011190732270157017,0.4603234298608499,0.40-0.50,5,MW 1-6,neither promoted,H,favourite did not
2025-2026,2025-08-24,Fulham,Manchester Utd,D,1.3389199804824958,1.3456164087350224,1.4066415169529909,0.0066964282525265872,0.067721536470495058,-0.00012388140767452538,0.46032342986085001,0.40-0.50,2,MW 1-6,neither promoted,A,favourite did not
2024-2025,2025-04-06,Manchester Utd,Manchester City,D,1.3389199804824958,1.5046176405507903,1.4879246125801311,0.16569766006829445,0.14900463209763526,0.029576918260987795,0.46032342986085001,0.40-0.50,31,MW 20-31,neither promoted,A,favourite did not
2022-2023,2022-10-09,Crystal Palace,Leeds United,H,0.77538527879691743,0.5060543050684021,0.48402084497069137,-0.26933097372851533,-0.29136443382622607,-0.091203906130220336,0.46052631578947367,0.40-0.50,10,MW 7-19,neither promoted,H,favourite delivered
2023-2024,2023-09-18,Nottingham,Burnley,D,1.3103084541419687,2.0100170242252409,1.6352092649643792,0.69970857008327214,0.32490081082241051,0.1366767378796184,0.46052631578947367,0.40-0.50,5,MW 1-6,away promoted,H,favourite did not
2023-2024,2024-04-27,Fulham,Crystal Palace,D,1.3103084541419687,1.3738293920918394,1.3628662668135649,0.063520937949870682,0.052557812671596205,0.0050244660117796658,0.46052631578947367,0.40-0.50,35,MW 32-38,neither promoted,H,favourite did not
2022-2023,2022-10-23,Aston Villa,Brentford,H,0.77538527879691743,1.0547165283638833,0.68522461669720935,0.27933124956696587,-0.090160662099708078,0.090191584186967655,0.46052631578947367,0.40-0.50,13,MW 7-19,neither promoted,H,favourite delivered
2022-2023,2022-12-26,Southampton,Brighton,A,0.77538527879691732,0.70137652439692855,0.83954151894390316,-0.074008754399988774,0.064156240146985843,-0.025976946106226972,0.46052631578947373,0.40-0.50,17,MW 7-19,neither promoted,A,favourite delivered
2025-2026,2026-05-17,Leeds United,Brighton,H,1.3103084541419685,1.0339788833919978,1.0135048488628475,-0.27632957074997067,-0.29680360527912097,-0.10522498638453498,0.46052631578947373,0.40-0.50,37,MW 32-38,home promoted,A,favourite did not
2023-2024,2024-05-04,Brentford,Fulham,D,1.392000377256295,1.3592065254491166,1.4111842061464406,-0.03279385180717842,0.019183828890145582,-0.0073004043564340315,0.46077791250816152,0.40-0.50,36,MW 32-38,neither promoted,H,favourite did not
2023-2024,2023-09-23,Crystal Palace,Fulham,D,1.2356543068656007,1.4489214748157191,1.6551124512580242,0.21326716795011835,0.41945814439242346,0.016115568888624476,0.46077791250816164,0.40-0.50,6,MW 1-6,neither promoted,H,favourite did not
2025-2026,2026-01-07,Brentford,Sunderland,H,0.77374917236439145,0.93389175594993723,0.74325970913920636,0.16014258358554578,-0.030489463225185087,0.044694549786661403,0.46128040257198771,0.40-0.50,21,MW 20-31,away promoted,H,favourite delivered
2024-2025,2025-02-22,Ipswich Town,Tottenham,A,0.77374917236439145,0.4012816959324651,0.69490735284265737,-0.37246747643192635,-0.07884181952173408,-0.12224014563572243,0.46128040257198771,0.40-0.50,26,MW 20-31,home promoted,A,favourite delivered
2022-2023,2023-04-03,Everton,Tottenham,D,1.2498318476865093,1.499048583027178,1.4839297936156663,0.24921673534066868,0.234097945929157,0.038726075099290019,0.46128040257198771,0.40-0.50,29,MW 20-31,neither promoted,A,favourite did not
2025-2026,2025-12-06,Bournemouth,Chelsea,D,1.3776652191963941,1.429705152506318,1.4818940232731288,0.052039933309923958,0.10422880407673474,0.0054156965523156353,0.46128040257198771,0.40-0.50,15,MW 7-19,neither promoted,A,favourite did not
2023-2024,2023-12-30,Crystal Palace,Brentford,H,0.77374917236439145,0.94025969137099807,0.77289873116681429,0.16651051900660663,-0.00085044119757715642,0.070775932195312724,0.46128040257198771,0.40-0.50,20,MW 20-31,neither promoted,H,favourite delivered
2024-2025,2025-03-15,Everton,West Ham,D,1.2183159765480507,1.2788652742049915,1.3715834731612655,0.060549297656940837,0.15326749661321482,0.0072613786644101508,0.46162382097281307,0.40-0.50,29,MW 20-31,neither promoted,H,favourite did not
2025-2026,2026-05-17,Newcastle,West Ham,H,0.77300495989268647,0.64038171173465996,0.58231890891348415,-0.13262324815802651,-0.19068605097920233,-0.053361504728792308,0.46162382097281307,0.40-0.50,37,MW 32-38,neither promoted,H,favourite delivered
2024-2025,2024-09-29,Manchester Utd,Tottenham,A,1.2183159765480507,0.94673437092340407,0.99872084360181212,-0.27158160562464662,-0.21959513294623856,-0.10928241789213414,0.46162382097281307,0.40-0.50,6,MW 1-6,neither promoted,H,favourite did not
2024-2025,2025-02-15,Manchester City,Newcastle,H,0.77300495989268647,0.81228621359230346,0.52831624064464167,0.039281253699616991,-0.24468871924804481,0.017989561204800497,0.46162382097281307,0.40-0.50,25,MW 20-31,neither promoted,H,favourite delivered
2025-2026,2026-05-24,Sunderland,Chelsea,H,1.2465083491354207,1.0237208831985414,1.1172572047518223,-0.22278746593687937,-0.12925114438359842,-0.098166639896874686,0.46281601771544567,0.40-0.50,38,MW 32-38,home promoted,A,favourite did not
2022-2023,2022-08-27,Brentford,Everton,D,1.2465083491354207,1.5371529327944327,1.4176668043317071,0.29064458365901191,0.17115845519628636,0.070358131163192839,0.46281601771544567,0.40-0.50,4,MW 1-6,neither promoted,H,favourite did not
2022-2023,2022-08-28,Aston Villa,West Ham,A,1.3499267169490157,1.1332043600222517,1.2664572743481179,-0.216722356926764,-0.083469442600897725,-0.069275773897128967,0.46296296296296297,0.40-0.50,4,MW 1-6,neither promoted,H,favourite did not
2025-2026,2025-11-30,Crystal Palace,Manchester Utd,A,1.2746517947148726,1.5191941988002926,1.1788803709756424,0.24454240408542005,-0.095771423739230199,0.081214792326567975,0.46360788649345869,0.40-0.50,13,MW 7-19,neither promoted,H,favourite did not
2025-2026,2025-12-06,Everton,Nottingham,H,0.76844492084925586,0.82713091154809348,0.98193545954811179,0.05868599069883762,0.21349053869885593,0.019934218884203159,0.46373365041617126,0.40-0.50,15,MW 7-19,neither promoted,H,favourite delivered
2025-2026,2026-03-01,Fulham,Tottenham,H,0.76786437752937642,0.68619560153235215,0.91021140380292098,-0.081668775997024268,0.14234702627354456,-0.027127828958464134,0.46400294605045106,0.40-0.50,28,MW 20-31,neither promoted,H,favourite delivered
2022-2023,2022-10-23,Leeds United,Fulham,A,1.3027875528744277,0.89032058972697636,1.3028606505800036,-0.41246696314745135,7.3097705575841943e-05,-0.13472387852681988,0.46400294605045106,0.40-0.50,13,MW 7-19,away promoted,H,favourite did not
2022-2023,2023-05-06,Bournemouth,Chelsea,A,0.7678643775293762,1.1433530399885927,0.90654678133779243,0.37548866245921653,0.13868240380841623,0.12757352110115092,0.46400294605045117,0.40-0.50,35,MW 32-38,home promoted,A,favourite delivered
2022-2023,2023-05-07,West Ham,Manchester Utd,H,1.3027875528744275,1.0440034706858168,1.2903314380293005,-0.25878408218861071,-0.012456114845126987,-0.079703827021501472,0.46400294605045117,0.40-0.50,35,MW 32-38,neither promoted,A,favourite did not
2024-2025,2024-09-15,Wolves,Newcastle,A,0.7678643775293762,0.50074087028884962,0.87572763806555531,-0.26712350724052658,0.10786326053617912,-0.082981420008584439,0.46400294605045117,0.40-0.50,4,MW 1-6,neither promoted,A,favourite delivered
2022-2023,2023-04-08,Leicester City,Bournemouth,A,1.3692014737941254,1.6609820091736935,1.325565607676696,0.29178053537956816,-0.043635866117429423,0.12463838333464561,0.46520113107725991,0.40-0.50,30,MW 20-31,away promoted,H,favourite did not
2023-2024,2024-03-30,Brentford,Manchester Utd,D,1.4307869092200243,1.3738186209228358,1.505849367000442,-0.056968288297188474,0.075062457780417757,-0.009721889283792251,0.46657694033198749,0.40-0.50,30,MW 20-31,neither promoted,A,favourite did not
2023-2024,2024-01-14,Manchester Utd,Tottenham,D,1.4307869092200243,1.4506103632566645,1.5453509462055568,0.019823454036640209,0.11456403698553252,-0.0055974060038102291,0.46657694033198749,0.40-0.50,21,MW 20-31,neither promoted,H,favourite did not
2023-2024,2024-03-10,Liverpool,Manchester City,D,1.3790949059770363,1.3768760433902159,1.4140100490802479,-0.0022188625868204692,0.034915143103211532,-0.0030884650565586036,0.46676300578034685,0.40-0.50,28,MW 20-31,neither promoted,A,favourite did not
2023-2024,2024-04-27,Aston Villa,Chelsea,D,1.3790949059770363,1.6485445783055619,1.4904657236497698,0.26944967232852557,0.11137081767273349,0.039474600221968276,0.46676300578034685,0.40-0.50,35,MW 32-38,neither promoted,H,favourite did not
2022-2023,2022-10-29,Crystal Palace,Southampton,H,0.76193363239501299,0.56977198839710086,0.7938595647236566,-0.19216164399791213,0.031925932328643603,-0.067204116248904266,0.46676300578034685,0.40-0.50,14,MW 7-19,neither promoted,H,favourite delivered
2025-2026,2026-02-23,Everton,Manchester Utd,A,0.7610640128370757,1.0147081813801537,0.70434518982658356,0.25364416854307803,-0.056718823010492136,0.076057635877464808,0.46716908856226841,0.40-0.50,27,MW 20-31,neither promoted,A,favourite delivered
2022-2023,2022-10-16,Manchester Utd,Newcastle,D,1.3611552202791883,1.2843732062159738,1.4021862395380793,-0.076782014063214499,0.041031019258890966,-0.016518952100552847,0.4689593568557392,0.40-0.50,11,MW 7-19,neither promoted,H,favourite did not
2025-2026,2025-09-21,Sunderland,Aston Villa,D,1.2580123243815118,1.0560159716198039,1.2360215593499251,-0.20199635276170791,-0.021990765031586701,-0.023079788215525088,0.46896035901271499,0.40-0.50,5,MW 1-6,home promoted,A,favourite did not
2023-2024,2023-10-08,Brighton,Liverpool,D,1.4727657041060214,1.7304961626173716,1.6920224158042116,0.25773045851135024,0.21925671169819028,0.02507759513602606,0.46976581614819996,0.40-0.50,8,MW 7-19,neither promoted,A,favourite did not
2024-2025,2025-03-15,Southampton,Wolves,A,0.75527896166695152,0.43893578233917058,0.54482814619511977,-0.31634317932778094,-0.21045081547183175,-0.093880922345175255,0.46987951807228917,0.40-0.50,29,MW 20-31,home promoted,A,favourite delivered
2022-2023,2022-12-30,West Ham,Brentford,A,1.3143208614948014,1.1351199988783423,1.3562518554266532,-0.17920086261645918,0.041930993931851734,-0.07022354657412383,0.47014925373134331,0.40-0.50,18,MW 7-19,neither promoted,H,favourite did not
2022-2023,2023-04-09,Leeds United,Crystal Palace,A,1.3424917384614976,1.2719639059677481,1.1968022226575252,-0.070527832493749498,-0.14568951580397238,-0.02140770203981579,0.47014925373134331,0.40-0.50,30,MW 20-31,neither promoted,H,favourite did not
2025-2026,2026-05-02,Wolves,Sunderland,D,1.3143208614948014,1.1393918622811858,1.1952253965199864,-0.1749289992136156,-0.11909546497481505,-0.02453551761837322,0.47014925373134331,0.40-0.50,35,MW 32-38,away promoted,A,favourite did not
2022-2023,2022-10-09,Everton,Manchester Utd,A,0.75470507355937866,1.0106970839135778,0.7127228390743876,0.25599201035419916,-0.041982234484991054,0.084430909342458893,0.47014925373134331,0.40-0.50,10,MW 7-19,neither promoted,A,favourite delivered
2023-2024,2024-05-15,Brighton,Chelsea,A,0.7537718023763802,0.82645900638790259,1.2883895763858155,0.072687204011522399,0.53461777400943533,0.028448716231405741,0.47058823529411764,0.40-0.50,34,MW 32-38,neither promoted,A,favourite delivered
2025-2026,2025-09-13,Fulham,Leeds United,H,0.75215573368805544,0.46212451145457434,0.80748400694661959,-0.2900312222334811,0.055328273258564153,-0.096587941400107333,0.47134935304990755,0.40-0.50,4,MW 1-6,away promoted,H,favourite delivered
2023-2024,2023-10-08,West Ham,Newcastle,D,1.3807643931104294,1.6132374055785894,1.6712371707391325,0.23247301246815999,0.29047277762870305,0.044125862125003551,0.47134935304990755,0.40-0.50,8,MW 7-19,neither promoted,A,favourite did not
2023-2024,2023-12-06,Fulham,Nottingham,H,0.75215573368805544,0.69358819584729248,0.83199239828621641,-0.058567537840762962,0.079836664598160967,-0.00751814348995683,0.47134935304990755,0.40-0.50,15,MW 7-19,neither promoted,H,favourite delivered
2025-2026,2026-05-09,Liverpool,Chelsea,D,1.3807643931104294,1.4791924502128786,1.3672255529671049,0.098428057102449173,-0.013538840143324515,0.031050145485077091,0.47134935304990755,0.40-0.50,36,MW 32-38,neither promoted,H,favourite did not
2023-2024,2023-10-08,Wolves,Aston Villa,D,1.2827839847502258,1.6794234049161332,1.5911079873237206,0.39663942016590736,0.30832400257349479,0.071430572821152699,0.47134935304990755,0.40-0.50,8,MW 7-19,neither promoted,A,favourite did not
2023-2024,2023-12-10,Tottenham,Newcastle,H,0.75215573368805544,1.0879882057035584,0.87138021910783869,0.33583247201550293,0.11922448541978325,0.15103532004900871,0.47134935304990755,0.40-0.50,16,MW 7-19,neither promoted,H,favourite delivered
2024-2025,2025-05-25,Nottingham,Chelsea,A,0.75215573368805544,0.93896327289885895,0.65034999489774425,0.18680753921080351,-0.10180573879031118,0.067664491808048011,0.47134935304990755,0.40-0.50,38,MW 32-38,neither promoted,A,favourite delivered
2023-2024,2024-04-13,Nottingham,Wolves,D,1.2827839847502258,1.268057881000451,1.2805136061026479,-0.014726103749774788,-0.002270378647577953,-0.012269551493089614,0.47134935304990755,0.40-0.50,33,MW 32-38,neither promoted,H,favourite did not
2023-2024,2023-11-25,Luton Town,Crystal Palace,H,1.4423838277709342,1.1856727426330163,1.2734464890949795,-0.25671108513791796,-0.16893733867595473,-0.075203366672247973,0.47272727272727272,0.40-0.50,13,MW 7-19,home promoted,A,favourite did not
2023-2024,2023-09-16,Manchester Utd,Brighton,A,1.2347444629926898,1.0369640673082829,0.89676243403869216,-0.19778039568440686,-0.33798202895399765,-0.05930497722299316,0.47272727272727272,0.40-0.50,5,MW 1-6,neither promoted,H,favourite did not
2023-2024,2024-03-16,Fulham,Tottenham,H,1.2347444629926898,1.0866111807846379,1.1185931315021154,-0.14813328220805189,-0.11615133149057444,-0.046325174216840626,0.47272727272727272,0.40-0.50,29,MW 20-31,neither promoted,A,favourite did not
2024-2025,2025-05-18,Brentford,Fulham,A,1.279470787410304,1.3480302415655705,0.99401628953989618,0.068559454155266542,-0.28545449787040778,0.030514989411030424,0.47291361639824303,0.40-0.50,37,MW 32-38,neither promoted,H,favourite did not
2025-2026,2026-01-07,Fulham,Chelsea,H,1.362806379812677,1.1827647359586857,1.1920883731028176,-0.18004164385399135,-0.17071800670985948,-0.063704406589838225,0.47349177330895797,0.40-0.50,21,MW 20-31,neither promoted,A,favourite did not
2024-2025,2025-05-11,Manchester Utd,West Ham,A,1.307236528657866,1.2383665103490669,1.4963419546185579,-0.06887001830879913,0.18910542596069191,-0.025405112265051544,0.47349177330895803,0.40-0.50,36,MW 32-38,neither promoted,H,favourite did not
2025-2026,2025-12-20,Tottenham,Liverpool,A,0.74721440183022114,0.84080840585235428,0.77241343350981595,0.093594004022133137,0.025199031679594808,0.046413315100442831,0.47368421052631576,0.40-0.50,17,MW 7-19,neither promoted,A,favourite delivered
2022-2023,2023-01-21,Liverpool,Chelsea,D,1.3350010667323402,1.3348362331121109,1.5018750473434777,-0.00016483362022934323,0.16687398061113745,0.0071675569063660294,0.47368421052631576,0.40-0.50,21,MW 20-31,neither promoted,H,favourite did not
2025-2026,2026-03-14,Sunderland,Brighton,A,0.74721440183022114,1.0247152661605434,0.83740327306375284,0.27750086433032228,0.090188871233531698,0.076622289500637625,0.47368421052631576,0.40-0.50,30,MW 20-31,home promoted,A,favourite delivered
2023-2024,2024-03-03,Burnley,Bournemouth,A,0.74721440183022114,0.76714224455962321,0.72840407362522941,0.019927842729402068,-0.018810328204991733,0.01174003962193973,0.47368421052631576,0.40-0.50,27,MW 20-31,home promoted,A,favourite delivered
2023-2024,2023-11-25,Nottingham,Brighton,A,0.74721440183022114,0.80235209175330491,0.63623358556447607,0.055137689923083766,-0.11098081626574507,0.037243405817161235,0.47368421052631576,0.40-0.50,13,MW 7-19,neither promoted,A,favourite delivered
2025-2026,2025-08-31,Brighton,Manchester City,H,1.3350010667323402,1.4279188485380567,1.0152163870690156,0.092917781805716526,-0.31978467966332458,0.051384212696855891,0.47368421052631576,0.40-0.50,3,MW 1-6,neither promoted,A,favourite did not
2025-2026,2025-09-21,Arsenal,Manchester City,D,1.3350010667323402,1.3356942289557048,1.3217981375160712,0.000693162223364574,-0.013202929216268977,0.0084596265803646153,0.47368421052631576,0.40-0.50,5,MW 1-6,neither promoted,H,favourite did not
2022-2023,2022-10-10,Nottingham,Aston Villa,D,1.3350010667323402,1.2468757734397224,1.5088278996382343,-0.088125293292617757,0.17382683290589407,0.015897063853390042,0.47368421052631576,0.40-0.50,10,MW 7-19,home promoted,A,favourite did not
2022-2023,2022-10-16,Aston Villa,Chelsea,A,0.7442023513602295,0.86596110760161071,0.95814749642810737,0.12175875624138122,0.21394514506787787,0.034776141861161458,0.47511312217194568,0.40-0.50,11,MW 7-19,neither promoted,A,favourite delivered
2022-2023,2023-04-26,West Ham,Liverpool,A,0.7442023513602295,0.66164960516666527,0.68858707843034905,-0.08255274619356423,-0.055615272929880444,-0.023241004087446004,0.47511312217194568,0.40-0.50,33,MW 32-38,neither promoted,A,favourite delivered
2024-2025,2024-12-04,Newcastle,Liverpool,D,1.3728110107826037,1.2889087250792983,1.4452201542375098,-0.083902285703305379,0.072409143454906122,0.0058514834968174945,0.47511312217194568,0.40-0.50,14,MW 7-19,neither promoted,A,favourite did not
2024-2025,2024-11-02,Nottingham,West Ham,H,0.7442023513602295,0.72545513534699946,0.62738160478968974,-0.018747216013230039,-0.11682074657053976,-0.0048196041596781092,0.47511312217194568,0.40-0.50,10,MW 7-19,neither promoted,H,favourite delivered
2022-2023,2023-02-11,Leicester City,Tottenham,H,1.3038181392956523,1.1755734806893365,1.1241536505030829,-0.12824465860631573,-0.17966448879256935,-0.025504847200085001,0.47511312217194568,0.40-0.50,23,MW 20-31,neither promoted,A,favourite did not
2025-2026,2025-09-27,Chelsea,Brighton,A,1.303818139295652,1.5028678726491287,1.1645339439200448,0.19904973335347664,-0.13928419537560721,0.078476919409024182,0.47511312217194579,0.40-0.50,6,MW 1-6,neither promoted,H,favourite did not
2023-2024,2024-03-31,Manchester City,Arsenal,D,1.3728110107826035,1.3098058440114277,1.2641757042285575,-0.063005166771175736,-0.10863530655404596,-0.016152131030400863,0.47511312217194579,0.40-0.50,30,MW 20-31,neither promoted,H,favourite did not
2025-2026,2026-01-24,Burnley,Tottenham,D,1.2730682346561137,1.2393371351890738,1.2194077473805469,-0.033731099467039893,-0.053660487275566826,-0.014154147154098184,0.47595118449389806,0.40-0.50,23,MW 20-31,home promoted,A,favourite did not
2025-2026,2025-08-30,Leeds United,Newcastle,D,1.2730682346561137,2.0629010550011664,1.1055519801721738,0.78983282034505264,-0.16751625448393992,0.1807853600339912,0.47595118449389806,0.40-0.50,3,MW 1-6,home promoted,A,favourite did not
2024-2025,2025-02-26,Brentford,Everton,D,1.3544747634469199,1.2895812715982524,1.4049410037506083,-0.064893491848667439,0.050466240303688403,-0.015782026655435766,0.47646057855927393,0.40-0.50,27,MW 20-31,neither promoted,H,favourite did not
2023-2024,2023-08-26,Bournemouth,Tottenham,A,0.7408626535996119,0.55918268831465356,0.72146722684787401,-0.18167996528495833,-0.019395426751737888,-0.053767905393979784,0.47670250896057348,0.40-0.50,3,MW 1-6,neither promoted,A,favourite delivered
2022-2023,2023-01-13,Aston Villa,Leeds United,H,0.7408626535996119,0.70836440853014426,0.62663169813847086,-0.032498245069467635,-0.11423095546114104,-0.0058572982173214772,0.47670250896057348,0.40-0.50,20,MW 20-31,neither promoted,H,favourite delivered
2024-2025,2024-12-01,Liverpool,Manchester City,H,0.74086265359961168,0.71175305005755374,0.90994873397746612,-0.029109603542057938,0.16908608037785444,-0.014169217573288928,0.47670250896057359,0.40-0.50,13,MW 7-19,neither promoted,H,favourite delivered
2025-2026,2025-12-21,Aston Villa,Manchester Utd,H,0.74007661278192838,0.55986764577813064,1.0057359981585468,-0.18020896700379774,0.26565938537661837,-0.057163651323517167,0.47707736389684824,0.40-0.50,17,MW 7-19,neither promoted,H,favourite delivered
2023-2024,2023-12-09,Aston Villa,Arsenal,H,1.3244189574018033,0.8288524026611086,0.99284882806079111,-0.49556655474069466,-0.33157012934101215,-0.16247236399567322,0.47872340425531912,0.40-0.50,16,MW 7-19,neither promoted,A,favourite did not
2025-2026,2025-10-26,Bournemouth,Nottingham,H,0.73663229249968398,0.51758381530248021,0.54990143941178071,-0.21904847719720377,-0.18673085308790327,-0.074584279981259993,0.47872340425531923,0.40-0.50,9,MW 7-19,neither promoted,H,favourite delivered
2025-2026,2025-11-22,Fulham,Sunderland,H,0.73631935242515412,1.2475925466076139,0.61177673609775374,0.51127319418245976,-0.12454261632740038,0.17606808466827745,0.47887323943661969,0.40-0.50,12,MW 7-19,away promoted,H,favourite delivered
2022-2023,2022-10-01,West Ham,Wolves,H,0.73631935242515412,0.84366894434435458,0.82445846769015652,0.10734959191920046,0.088139115265002399,0.019121399383189908,0.47887323943661969,0.40-0.50,9,MW 7-19,neither promoted,H,favourite delivered
2025-2026,2025-10-25,Manchester Utd,Brighton,H,0.73557778768965043,0.96993946699413502,1.0076269316208131,0.23436167930448459,0.27204914393116264,0.089466561683848256,0.47922848664688428,0.40-0.50,9,MW 7-19,neither promoted,H,favourite delivered
2022-2023,2022-08-27,Southampton,Manchester Utd,A,0.73557778768965043,0.94503012703614908,0.91732044440444072,0.20945233934649865,0.18174265671479028,0.081284167405313273,0.47922848664688428,0.40-0.50,4,MW 1-6,neither promoted,A,favourite delivered
2024-2025,2024-10-05,Leicester City,Bournemouth,H,1.294024426876794,0.9219628920983105,1.3445473948197748,-0.37206153477848347,0.050522967942980834,-0.13786463659146281,0.47978910369068539,0.40-0.50,7,MW 7-19,home promoted,A,favourite did not
2024-2025,2025-02-21,Leicester City,Brentford,A,0.7276938874867368,0.45862817460716843,0.74718213360550711,-0.26906571287956838,0.019488246118770314,-0.089662418344331613,0.48302160886144901,0.40-0.50,26,MW 20-31,home promoted,A,favourite delivered
2022-2023,2023-01-12,Fulham,Chelsea,H,1.3948655816434217,0.92410773190838691,0.9898723602694155,-0.47075784973503476,-0.40499322137400617,-0.16696099050420321,0.48302160886144901,0.40-0.50,7,MW 7-19,home promoted,A,favourite did not
2022-2023,2022-08-14,Nottingham,West Ham,H,1.3948655816434217,1.3906247997079879,1.727702889751785,-0.0042407819354337573,0.33283730810836332,0.022870919783021915,0.48302160886144901,0.40-0.50,2,MW 1-6,home promoted,A,favourite did not
2023-2024,2023-09-02,Burnley,Tottenham,A,0.7276938874867368,0.28446724432215043,0.3876858247665515,-0.44322664316458638,-0.3400080627201853,-0.13288021820771775,0.48302160886144901,0.40-0.50,4,MW 1-6,home promoted,A,favourite delivered
2022-2023,2023-05-08,Nottingham,Southampton,H,0.72769388748673658,0.70527195564072376,1.0967266804046172,-0.022421931846012821,0.3690327929178806,-0.0010672572109995115,0.48302160886144913,0.40-0.50,35,MW 32-38,home promoted,H,favourite delivered
2024-2025,2025-01-16,Ipswich Town,Brighton,A,0.72691734222295568,0.83542114825086222,0.69560633221165369,0.10850380602790655,-0.031311010011301987,0.028110958728076951,0.48339684267827976,0.40-0.50,21,MW 20-31,home promoted,A,favourite delivered
2024-2025,2024-08-31,Nottingham,Wolves,D,1.3400218151093644,1.3807453067148527,1.501078917143633,0.040723491605488382,0.1610571020342686,0.0047108311597893193,0.48339684267827987,0.40-0.50,3,MW 1-6,neither promoted,H,favourite did not
2024-2025,2025-02-15,Crystal Palace,Everton,A,1.5601016934967009,1.2616265194682477,1.637723320515269,-0.29847517402845325,0.077621627018568118,-0.10598767159162631,0.48488008342022937,0.40-0.50,25,MW 20-31,neither promoted,H,favourite did not
2023-2024,2023-12-02,Newcastle,Manchester Utd,H,0.72351471717634164,0.47855798743089406,0.55769393084634444,-0.24495672974544758,-0.16582078632999719,-0.079416311428511258,0.48504446240905413,0.40-0.50,14,MW 7-19,neither promoted,H,favourite delivered
2025-2026,2026-04-27,Manchester Utd,Brentford,H,0.72351471717634164,0.74558290419614981,0.60782949409092357,0.022068187019808172,-0.11568522308541807,0.0066064509606474364,0.48504446240905413,0.40-0.50,34,MW 32-38,neither promoted,H,favourite delivered
2024-2025,2025-01-26,Crystal Palace,Brentford,A,1.3366191900627504,1.0771947947329885,1.6755812371086014,-0.25942439532976191,0.33896204704585098,-0.098938610837801644,0.48504446240905413,0.40-0.50,23,MW 20-31,neither promoted,H,favourite did not
2022-2023,2022-11-06,Tottenham,Liverpool,A,0.72351471717634164,1.2233140617299352,1.0057770399959776,0.49979934455359354,0.28226232281963592,0.18146192877643502,0.48504446240905413,0.40-0.50,15,MW 7-19,neither promoted,A,favourite delivered
2023-2024,2024-04-02,Newcastle,Everton,D,1.3774411845830057,1.5538421408896406,1.4365314829309703,0.17640095630663488,0.059090298347964643,0.055157242805640994,0.48504446240905413,0.40-0.50,31,MW 20-31,neither promoted,H,favourite did not
2022-2023,2023-03-06,Brentford,Fulham,H,0.72351471717634153,0.79785106792499449,0.9001150461869053,0.074336350748652968,0.17660032901056377,0.02988458124902954,0.48504446240905419,0.40-0.50,26,MW 20-31,away promoted,H,favourite delivered
2024-2025,2025-03-08,Brighton,Fulham,H,0.72351471717634153,0.93242321861666067,0.74457925227918142,0.20890850144031914,0.021064535102839899,0.080612072741881813,0.48504446240905419,0.40-0.50,28,MW 20-31,neither promoted,H,favourite delivered
2023-2024,2024-05-04,Burnley,Newcastle,A,0.72320557243469075,0.57107531852169735,0.78129384351365538,-0.1521302539129934,0.058088271078964637,-0.051946003707776661,0.48519443453442734,0.40-0.50,36,MW 32-38,home promoted,A,favourite delivered
2022-2023,2022-11-12,West Ham,Leicester City,A,1.4416705609789258,1.221584838013265,1.1720985506340704,-0.22008572296566076,-0.26957201034485534,-0.072130313370272092,0.48519443453442745,0.40-0.50,16,MW 7-19,neither promoted,H,favourite did not
2023-2024,2024-02-17,Newcastle,Bournemouth,D,1.4416705609789258,1.779364319192809,1.5686689711884514,0.33769375821388325,0.12699841020952563,0.083681339696653395,0.48519443453442745,0.40-0.50,25,MW 20-31,neither promoted,H,favourite did not
2022-2023,2023-05-28,Leicester City,West Ham,H,0.72320557243469052,0.91116151331075546,0.76359119867052772,0.18795594087606493,0.040385626235837191,0.077705369689834741,0.48519443453442745,0.40-0.50,38,MW 32-38,neither promoted,H,favourite delivered
2024-2025,2025-01-06,Wolves,Nottingham,A,0.7213180575266418,0.7409460094163548,0.90256888906557975,0.019627951889713002,0.18125083153893795,0.0082663086849568135,0.48611111111111105,0.40-0.50,20,MW 20-31,neither promoted,A,favourite delivered
2024-2025,2025-03-15,Ipswich Town,Nottingham,A,0.7213180575266418,0.35659276241232007,0.84451245783542161,-0.36472529511432172,0.12319440030877982,-0.10908561410209118,0.48611111111111105,0.40-0.50,29,MW 20-31,home promoted,A,favourite delivered
2024-2025,2024-09-21,West Ham,Chelsea,A,0.7213180575266418,0.60245014005764297,0.60825302381214297,-0.11886791746899883,-0.11306503371449883,-0.035611441891363949,0.48611111111111105,0.40-0.50,5,MW 1-6,neither promoted,A,favourite delivered
2025-2026,2025-12-03,Leeds United,Chelsea,H,1.414465238086587,2.0293134113397122,1.5167572879116384,0.61484817325312524,0.10229204982505147,0.20185687258268403,0.48611111111111105,0.40-0.50,14,MW 7-19,home promoted,A,favourite did not
2025-2026,2025-12-13,Burnley,Fulham,A,0.7213180575266418,0.74394254951039551,0.72254177481069326,0.022624491983753714,0.0012237172840514621,0.018049518867122721,0.48611111111111105,0.40-0.50,16,MW 7-19,home promoted,A,favourite delivered
2025-2026,2026-01-04,Tottenham,Sunderland,D,1.3062516534463542,1.0545249295690173,1.20061502527484,-0.25172672387733686,-0.1056366281715142,-0.041530461322636686,0.48611111111111116,0.40-0.50,20,MW 20-31,away promoted,H,favourite did not
2022-2023,2023-05-01,Leicester City,Everton,D,1.3062516534463542,1.4690459645700142,1.4800609662019415,0.16279431112366005,0.17380931275558731,0.039527631568531618,0.48611111111111116,0.40-0.50,34,MW 32-38,neither promoted,H,favourite did not
2024-2025,2024-12-01,Tottenham,Fulham,D,1.487625791884269,1.5757008136628763,1.4456719920856189,0.088075021778607265,-0.041953799798650104,0.051033781030699193,0.48657187993680895,0.40-0.50,13,MW 7-19,neither promoted,H,favourite did not
2025-2026,2026-04-18,Brentford,Fulham,D,1.387362166880721,1.3059011223273096,1.1467059126347778,-0.08146104455341141,-0.24065625424594317,-0.010552414276534361,0.48665955176093911,0.40-0.50,33,MW 32-38,neither promoted,H,favourite did not
2024-2025,2025-02-25,Brighton,Bournemouth,H,0.72019047272403625,1.2707871830087976,0.70792437244914408,0.55059671028476131,-0.012266100274892167,0.20414310121896104,0.48665955176093911,0.40-0.50,27,MW 20-31,neither promoted,H,favourite delivered
2023-2024,2024-05-06,Crystal Palace,Manchester Utd,H,0.72019047272403625,0.950738939906,0.780838635012997,0.23054846718196376,0.06064816228896075,0.083894291254790559,0.48665955176093911,0.40-0.50,36,MW 32-38,neither promoted,H,favourite delivered
2022-2023,2023-02-12,Leeds United,Manchester Utd,A,0.72019047272403625,0.73868621287660308,0.68800786204463404,0.018495740152566831,-0.032182610679402202,0.01056612877572613,0.48665955176093911,0.40-0.50,23,MW 20-31,neither promoted,A,favourite delivered
2024-2025,2024-11-04,Fulham,Brentford,H,0.72019047272403625,0.78038158040719774,0.68227987422825798,0.060191107683161493,-0.037910598495778269,0.027422145699438516,0.48665955176093911,0.40-0.50,10,MW 7-19,neither promoted,H,favourite delivered
2022-2023,2023-02-25,Leeds United,Southampton,H,0.72019047272403602,0.6275301962883626,1.0639900522839061,-0.092660276435673428,0.34379957955987006,-0.030208575885844052,0.48665955176093922,0.40-0.50,25,MW 20-31,neither promoted,H,favourite delivered
2024-2025,2024-10-05,Everton,Newcastle,D,1.3603188747166302,1.4124269337982296,1.3003235357013572,0.052108059081599434,-0.059995339015272986,0.021372339497856885,0.48684210526315796,0.40-0.50,7,MW 7-19,neither promoted,A,favourite did not
2025-2026,2025-10-03,Bournemouth,Fulham,H,0.71741978684404795,0.7535927399378608,0.7358729184797641,0.036172953093812854,0.018453131635716158,0.013490914650114844,0.48800980220549628,0.40-0.50,7,MW 7-19,neither promoted,H,favourite delivered
2024-2025,2025-02-01,Everton,Leicester City,H,0.71741978684404795,0.77798391578955639,0.75115334060847483,0.060564128945508444,0.033733553764426882,0.01088108883004163,0.48800980220549628,0.40-0.50,24,MW 20-31,away promoted,H,favourite delivered
2025-2026,2026-01-19,Brighton,Bournemouth,D,1.3703149772360885,1.4932295413436354,1.3543650336288036,0.12291456410754686,-0.015949943607284967,0.024673251840673843,0.48851333509374179,0.40-0.50,22,MW 20-31,neither promoted,H,favourite did not
2022-2023,2022-08-06,Bournemouth,Aston Villa,H,1.4336881208033805,0.81809338161279288,0.4615132826883086,-0.6155947391905876,-0.97217483811507188,-0.21338259681471961,0.48908296943231444,0.40-0.50,1,MW 1-6,home promoted,A,favourite did not
2023-2024,2024-02-24,Crystal Palace,Burnley,H,0.71522313225914502,0.74499464903580137,0.56894104289844494,0.029771516776656348,-0.14628208936070008,0.015861981201624575,0.48908296943231444,0.40-0.50,26,MW 20-31,away promoted,H,favourite delivered
2022-2023,2023-01-04,Aston Villa,Wolves,D,1.3001567281788577,1.2912084787928788,1.304274331996907,-0.0089482493859789347,0.0041176038180492647,0.027861546425525741,0.48908296943231444,0.40-0.50,19,MW 7-19,neither promoted,H,favourite did not
2024-2025,2025-04-12,Nottingham,Everton,A,1.4791062184099615,1.2924348303402773,1.0990273033188898,-0.1866713880696842,-0.38007891509107172,-0.055578431652150539,0.4890832851359167,0.40-0.50,32,MW 32-38,neither promoted,H,favourite did not
2024-2025,2024-08-18,Chelsea,Manchester City,A,0.71376646776268116,0.42584984887564364,0.57045750147469521,-0.28791661888703751,-0.14330896628798595,-0.091881010813828157,0.48979591836734687,0.40-0.50,1,MW 1-6,neither promoted,A,favourite delivered
2023-2024,2024-04-02,West Ham,Tottenham,D,1.4791333699796758,1.5357420886371551,1.5115176296818786,0.056608718657479296,0.032384259702202822,0.00039861464285365078,0.49072164948453612,0.40-0.50,31,MW 20-31,neither promoted,A,favourite did not
2022-2023,2023-03-11,Leicester City,Chelsea,A,0.70960457886201489,1.1775976613377566,0.98114708817176655,0.46799308247574167,0.27154250930975166,0.16428410846721148,0.4918386424102969,0.40-0.50,27,MW 20-31,neither promoted,A,favourite delivered
2024-2025,2024-11-02,Newcastle,Arsenal,H,1.4260901882848338,1.5291189776108762,1.4187311917825525,0.10302878932604242,-0.0073589965022813342,0.03742628346245469,0.49281314168377827,0.40-0.50,10,MW 7-19,neither promoted,A,favourite did not
2023-2024,2023-09-16,Aston Villa,Crystal Palace,H,0.70762519974059845,0.69982640095862714,0.88195250995642316,-0.0077987987819713167,0.1743273102158247,0.0038166831686492486,0.49281314168377827,0.40-0.50,5,MW 1-6,neither promoted,H,favourite delivered
2023-2024,2023-12-09,Wolves,Nottingham,D,1.2389966598547855,1.5383575892083097,1.4778173041246832,0.29936092935352421,0.23882064426989769,0.03025273230521966,0.49290200102976151,0.40-0.50,16,MW 7-19,neither promoted,H,favourite did not
2022-2023,2023-04-22,Crystal Palace,Everton,D,1.2389966598547855,1.3638416706615235,1.4354085663923022,0.12484501080673804,0.19641190653751672,0.036134468968764932,0.49290200102976151,0.40-0.50,32,MW 32-38,neither promoted,H,favourite did not
2024-2025,2024-08-24,Crystal Palace,West Ham,A,1.3470736479666094,1.7022771831650017,1.9217329035459987,0.35520353519839221,0.57465925557938924,0.13221068561822391,0.49333333333333335,0.40-0.50,2,MW 1-6,neither promoted,H,favourite did not
2022-2023,2022-10-01,Arsenal,Tottenham,H,0.70621926212729802,1.0298385875391405,0.86429335362456461,0.32361932541184246,0.15807409149726659,0.12136720940313325,0.49350649350649356,0.40-0.50,9,MW 7-19,neither promoted,H,favourite delivered
2024-2025,2024-12-14,Wolves,Ipswich Town,A,1.38049364415832,1.4805340083137688,1.4992067975697962,0.10004036415544881,0.11871315341147626,0.038522559014571967,0.49369318080734403,0.40-0.50,16,MW 7-19,away promoted,H,favourite did not
2024-2025,2025-02-02,Brentford,Tottenham,A,1.3103472037356407,0.9651847082513817,0.87696140035109704,-0.34516249548425904,-0.43338580338454369,-0.11694920586519197,0.49426301853486321,0.40-0.50,24,MW 20-31,neither promoted,H,favourite did not
2025-2026,2026-01-31,Brighton,Everton,D,1.3103472037356407,1.105529823999549,1.2519248688214142,-0.20481737973609171,-0.058422334914226548,-0.031696759588348195,0.49426301853486321,0.40-0.50,24,MW 20-31,neither promoted,H,favourite did not
2025-2026,2026-01-03,Aston Villa,Nottingham,H,0.70468747729881143,0.46777546775666973,0.75366227037880207,-0.2369120095421417,0.048974793079990642,-0.074988308695615874,0.49426301853486321,0.40-0.50,20,MW 20-31,neither promoted,H,favourite delivered
2024-2025,2024-11-03,Tottenham,Aston Villa,H,0.70468747729881143,0.68794967664312534,0.57019665306490519,-0.016737800655686086,-0.13449082423390624,-0.0027090551544632913,0.49426301853486321,0.40-0.50,10,MW 7-19,neither promoted,H,favourite delivered
2024-2025,2025-01-04,Crystal Palace,Chelsea,D,1.4171189032579277,1.3299272932665507,1.3765686071112149,-0.087191609991376984,-0.040550296146712794,-0.0081765651548794394,0.49497620306716011,0.40-0.50,20,MW 20-31,neither promoted,A,favourite did not
2025-2026,2026-02-22,Nottingham,Liverpool,A,0.70324559218086569,0.79555165549554396,1.0087089045565361,0.092306063314678277,0.30546331237567037,0.017711464727973886,0.49497620306716011,0.40-0.50,27,MW 20-31,neither promoted,A,favourite delivered
2025-2026,2026-04-12,Chelsea,Manchester City,A,0.70324559218086569,0.81112381398520317,0.81333427422721638,0.10787822180433748,0.11008868204635069,0.030664553013436485,0.49497620306716011,0.40-0.50,32,MW 32-38,neither promoted,A,favourite delivered
2025-2026,2025-11-01,Brighton,Leeds United,H,0.70324559218086546,0.46425848188954733,0.68397026642822767,-0.23898711029131814,-0.019275325752637795,-0.072834816331099436,0.49497620306716023,0.40-0.50,10,MW 7-19,away promoted,H,favourite delivered
2024-2025,2024-12-15,Brighton,Crystal Palace,A,1.4171189032579274,1.2820284784173319,1.2285735830817557,-0.13509042484059552,-0.18854532017617176,-0.055949419476723106,0.49497620306716023,0.40-0.50,16,MW 7-19,neither promoted,H,favourite did not
2025-2026,2026-02-02,Sunderland,Burnley,H,0.70304623476310291,0.70785035560534337,0.62779301632447049,0.0048041208422404669,-0.075253218438632419,-0.0037883471564894855,0.49507489008152494,0.40-0.50,24,MW 20-31,both promoted,H,favourite delivered
2025-2026,2025-10-26,Wolves,Burnley,A,1.5215105347189628,1.0538013869556515,1.8127212138028825,-0.46770914776331129,0.29121067908391973,-0.14009099359421379,0.49507489008152494,0.40-0.50,9,MW 7-19,away promoted,H,favourite did not
2024-2025,2024-12-08,Ipswich Town,Bournemouth,A,0.70252695024017064,0.67519305183886624,0.68776959912667224,-0.027333898401304402,-0.014757351113498407,-0.016455252063717618,0.49533204157125243,0.40-0.50,15,MW 7-19,home promoted,A,favourite delivered
2025-2026,2026-05-24,Nottingham,Bournemouth,D,1.3904247749139722,1.2597370343915439,1.2613062634278562,-0.13068774052242826,-0.12911851148611597,-0.023657622452361415,0.49533204157125243,0.40-0.50,38,MW 32-38,neither promoted,A,favourite did not
2024-2025,2025-05-18,Arsenal,Newcastle,H,0.70252695024017064,0.72962526170366848,0.64166201448807414,0.027098311463497837,-0.060864935752096505,0.015190030912336505,0.49533204157125243,0.40-0.50,37,MW 32-38,neither promoted,H,favourite delivered
2025-2026,2025-08-17,Manchester Utd,Arsenal,A,0.70252695024017064,0.52927882041511098,0.8459005636445126,-0.17324812982505966,0.14337361340434196,-0.060132994988095406,0.49533204157125243,0.40-0.50,1,MW 1-6,neither promoted,A,favourite delivered
2024-2025,2025-04-27,Bournemouth,Manchester Utd,D,1.3904247749139722,1.3263368807216809,1.4824204499313225,-0.064087894192291328,0.091995675017350287,-0.006047572956862951,0.49533204157125243,0.40-0.50,34,MW 32-38,neither promoted,H,favourite did not
2024-2025,2025-01-15,Leicester City,Crystal Palace,A,0.70252695024017064,0.63748318772831414,0.56399910015812627,-0.065043762511856507,-0.13852785008204438,-0.027125960445708808,0.49533204157125243,0.40-0.50,21,MW 20-31,home promoted,A,favourite delivered
2024-2025,2025-01-25,Bournemouth,Nottingham,H,0.70252695024017064,1.000770499749055,0.71221697653612392,0.29824354950888432,0.0096900262959532801,0.093422215219280264,0.49533204157125243,0.40-0.50,23,MW 20-31,neither promoted,H,favourite delivered
2023-2024,2023-11-05,Nottingham,Aston Villa,H,1.3770898253908188,1.6165050123070499,1.2519409930778329,0.23941518691623109,-0.1251488323129859,0.10645740293512806,0.49537648612945839,0.40-0.50,11,MW 7-19,neither promoted,A,favourite did not
2025-2026,2026-02-07,Newcastle,Brentford,A,1.3770898253908188,1.0800055197270164,1.2606552465201493,-0.29708430566380239,-0.11643457887066955,-0.11255914911181281,0.49537648612945839,0.40-0.50,25,MW 20-31,neither promoted,H,favourite did not
2023-2024,2024-04-27,Wolves,Luton Town,H,0.70243722746703796,0.71752165330596707,0.71756194263731954,0.015084425838929105,0.015124715170281577,0.0098480204678836336,0.49537648612945839,0.40-0.50,35,MW 32-38,away promoted,H,favourite delivered
2025-2026,2025-08-30,Tottenham,Bournemouth,A,1.3770898253908188,1.0206299694744032,0.91646735474553642,-0.3564598559164156,-0.46062247064528239,-0.1184550053397122,0.49537648612945839,0.40-0.50,3,MW 1-6,neither promoted,H,favourite did not
2022-2023,2023-05-20,Tottenham,Brentford,A,1.3770898253908188,1.0255888025996973,1.3839383495562927,-0.3515010227911215,0.0068485241654738793,-0.1038183056318388,0.49537648612945839,0.40-0.50,37,MW 32-38,neither promoted,H,favourite did not
2023-2024,2023-08-21,Crystal Palace,Arsenal,A,0.7013765316956182,0.71532631102989941,0.84668465246868774,0.013949779334281209,0.14530812077306954,0.018110618038611498,0.49590220864008888,0.40-0.50,2,MW 1-6,neither promoted,A,favourite delivered
2024-2025,2025-02-26,Nottingham,Arsenal,D,1.2780487212591953,1.4583951463840892,1.3541724418549701,0.18034642512489385,0.076123720595774769,0.031064340086949138,0.49590220864008888,0.40-0.50,27,MW 20-31,neither promoted,A,favourite did not
2023-2024,2023-08-18,Nottingham,Sheffield United,H,0.7013765316956182,0.89498716348409135,0.10686699170680909,0.19361063178847315,-0.59450953998880907,0.084549315684169346,0.49590220864008888,0.40-0.50,2,MW 1-6,away promoted,H,favourite delivered
2024-2025,2025-04-06,Fulham,Liverpool,H,1.4893578149264024,1.6907367727625844,1.3274714594361405,0.20137895783618198,-0.16188635549026187,0.097985326071153511,0.49590220864008888,0.40-0.50,31,MW 20-31,neither promoted,A,favourite did not
2024-2025,2025-02-01,Ipswich Town,Southampton,A,1.4197206536790166,1.451570277870287,1.5137815910326882,0.031849624191270465,0.094060937353671603,-0.0048321635903225135,0.49628844114528103,0.40-0.50,24,MW 20-31,both promoted,H,favourite did not
2024-2025,2024-11-09,Wolves,Southampton,H,0.69911181286112434,0.51985624478716408,0.59294152769787112,-0.17925556807396026,-0.10617028516325322,-0.060002079042201922,0.49702656040180676,0.40-0.50,11,MW 7-19,away promoted,H,favourite delivered
2022-2023,2023-02-04,Wolves,Liverpool,H,1.3737644107849054,1.9031572495783244,1.5070263995218882,0.52939283879341903,0.13326198873698281,0.1344055798446282,0.49702656040180676,0.40-0.50,22,MW 20-31,neither promoted,A,favourite did not
2023-2024,2023-12-26,Bournemouth,Fulham,H,0.69911181286112434,0.8253245587090845,0.58031775549672537,0.12621274584796016,-0.11879405736439896,0.062532269231552473,0.49702656040180676,0.40-0.50,19,MW 7-19,neither promoted,H,favourite delivered
2025-2026,2025-11-22,Newcastle,Manchester City,H,1.3870096375349261,1.5856959772545101,1.4406549940075162,0.19868633971958394,0.053645356472590056,0.055762898169465336,0.49702656040180676,0.40-0.50,12,MW 7-19,neither promoted,A,favourite did not
2023-2024,2024-03-09,Manchester Utd,Everton,H,0.69911181286112434,0.68404718818353738,0.80441610018064191,-0.015064624677586957,0.10530428731951758,-0.010629899017201544,0.49702656040180676,0.40-0.50,28,MW 20-31,neither promoted,H,favourite delivered
2023-2024,2024-03-09,Crystal Palace,Luton Town,D,1.3737644107849054,1.4854970033463626,1.4967113912858743,0.11173259256145718,0.12294698050096886,-0.003803109906473312,0.49702656040180676,0.40-0.50,28,MW 20-31,away promoted,H,favourite did not
2025-2026,2026-05-24,Tottenham,Everton,H,0.69891448973974157,1.0645858151023684,0.89801422721249458,0.36567132536262681,0.199099737472753,0.1321024245464931,0.49712464491096792,0.40-0.50,38,MW 32-38,neither promoted,H,favourite delivered
2024-2025,2024-09-01,Manchester Utd,Liverpool,A,0.69891448973974157,0.65363080946684116,0.60495909720648566,-0.045283680272900417,-0.09395539253325591,-0.022364794578090097,0.49712464491096792,0.40-0.50,3,MW 1-6,neither promoted,A,favourite delivered
2023-2024,2023-11-11,Bournemouth,Newcastle,H,1.4363579876174479,2.5843381309269962,1.6399304797324765,1.1479801433095482,0.20357249211502859,0.33864617342538927,0.49799419006778256,0.40-0.50,12,MW 7-19,neither promoted,A,favourite did not
2023-2024,2023-12-03,West Ham,Crystal Palace,D,1.3309974719596216,1.539702980468419,1.476678070976877,0.20870550850879743,0.14568059901725539,0.020667624320436423,0.49799419006778256,0.40-0.50,14,MW 7-19,neither promoted,H,favourite did not
2023-2024,2023-12-17,West Ham,Wolves,H,0.69716686855609578,0.67482247463460854,0.76215874001096184,-0.022344393921487238,0.064991871454866068,0.0068704536888475054,0.49799419006778256,0.40-0.50,17,MW 7-19,neither promoted,H,favourite delivered
2024-2025,2024-10-27,Crystal Palace,Tottenham,H,1.3309974719596216,1.308696538964506,1.1303239543258949,-0.022300932995115597,-0.20067351763372665,-0.020971241719725753,0.49799419006778256,0.40-0.50,9,MW 7-19,neither promoted,A,favourite did not
2022-2023,2023-04-08,Brentford,Newcastle,A,0.69716686855609578,0.90162895447159497,0.63027315128629846,0.20446208591549919,-0.066893717269797315,0.074175652263379965,0.49799419006778256,0.40-0.50,30,MW 20-31,neither promoted,A,favourite delivered
2023-2024,2023-12-05,Wolves,Burnley,H,0.69716686855609578,0.49682997567422366,0.64732241882280861,-0.20033689288187212,-0.049844449733287166,-0.056765573932422805,0.49799419006778256,0.40-0.50,15,MW 7-19,away promoted,H,favourite delivered
2022-2023,2022-12-31,Wolves,Manchester Utd,A,0.69716686855609578,0.65146334813860007,0.71186762337115184,-0.045703520417495702,0.014700754815056061,-0.0187499488123824,0.49799419006778256,0.40-0.50,18,MW 7-19,neither promoted,A,favourite delivered
2024-2025,2025-02-23,Newcastle,Nottingham,H,0.69647497065261998,0.94636041002810567,0.74217136010081308,0.24988543937548569,0.045696389448193098,0.099378965757722287,0.49833887043189368,0.40-0.50,26,MW 20-31,neither promoted,H,favourite delivered
2024-2025,2024-08-25,Wolves,Chelsea,A,0.69647497065261998,0.6423741370782815,0.68582026443176336,-0.054100833574338481,-0.010654706220856625,-0.015140550708745593,0.49833887043189368,0.40-0.50,2,MW 1-6,neither promoted,A,favourite delivered
2023-2024,2024-04-06,Luton Town,Bournemouth,H,1.3836731276400163,0.92497667079070556,1.1584164055248101,-0.45869645684931071,-0.2252567221152062,-0.15875496959261007,0.49868766404199477,0.40-0.50,32,MW 32-38,home promoted,A,favourite did not
2022-2023,2023-02-05,Tottenham,Manchester City,H,1.3836731276400163,1.2448730502758263,1.3618656794193567,-0.13880007736418998,-0.021807448220659609,-0.027361124538270776,0.49868766404199477,0.40-0.50,22,MW 20-31,neither promoted,A,favourite did not
2023-2024,2023-10-28,Wolves,Newcastle,D,1.3836731276400163,1.747073868628471,1.6769218393441603,0.36340074098845476,0.29324871170414402,0.084116138040652849,0.49868766404199477,0.40-0.50,10,MW 7-19,neither promoted,A,favourite did not
2024-2025,2025-03-08,Nottingham,Manchester City,H,1.3836731276400163,1.2130158550588495,1.3308784286164792,-0.17065727258116681,-0.052794699023537062,-0.048091603102032698,0.49868766404199477,0.40-0.50,28,MW 20-31,neither promoted,A,favourite did not
2024-2025,2025-04-19,Everton,Manchester City,A,0.69453510583479339,0.77747910440502832,0.65850907375821455,0.082943998570234934,-0.03602603207657884,0.028289432185302721,0.49930651872399445,0.40-0.50,33,MW 32-38,neither promoted,A,favourite delivered
2022-2023,2022-10-15,Fulham,Bournemouth,D,1.3336150651244629,1.6909107067479594,1.2973370522070615,0.35729564162349647,-0.036278012917401403,0.094146602747143732,0.49930651872399445,0.40-0.50,11,MW 7-19,both promoted,H,favourite did not
2023-2024,2024-04-28,Bournemouth,Brighton,H,0.69338524745786756,0.88524150755456021,1.1118393162480855,0.19185626009669265,0.41845406879021796,0.064708623297720091,0.49988098071887654,0.40-0.50,35,MW 32-38,neither promoted,H,favourite delivered
2024-2025,2025-02-02,Arsenal,Manchester City,H,0.69314718055994529,0.78440549390556269,0.85174111514051853,0.091258313345617403,0.15859393458057325,0.028176980062923324,0.5,0.50-0.60,24,MW 20-31,neither promoted,H,favourite delivered
2024-2025,2024-12-26,Newcastle,Aston Villa,H,0.69314718055994529,0.67497068045448783,0.85162233435573398,-0.01817650010545746,0.15847515379578869,-0.0048448915914141577,0.5,0.50-0.60,18,MW 7-19,neither promoted,H,favourite delivered
2024-2025,2024-10-05,West Ham,Ipswich Town,H,0.69314718055994529,0.76662452974967144,1.1112387416647995,0.073477349189726149,0.41809156110485424,0.016279735157804398,0.5,0.50-0.60,7,MW 7-19,away promoted,H,favourite delivered
2022-2023,2022-09-04,Brighton,Leicester City,H,0.69076338920466906,0.63027814626408629,0.72403631540961333,-0.060485242940582773,0.033272926204944264,-0.021771907468857904,0.50119331742243434,0.50-0.60,6,MW 1-6,neither promoted,H,favourite delivered
2025-2026,2025-08-17,Nottingham,Brentford,H,0.69076338920466906,0.97047783809017618,0.93209972463234636,0.27971444888550712,0.2413363354276773,0.11145295745764122,0.50119331742243434,0.50-0.60,1,MW 1-6,neither promoted,H,favourite delivered
2025-2026,2025-12-06,Aston Villa,Arsenal,H,1.4839940283215967,1.4818965548233352,1.5114805010523908,-0.002097473498261504,0.027486472730794187,-0.009268125854640985,0.50119331742243445,0.50-0.60,15,MW 7-19,neither promoted,A,favourite did not
2022-2023,2023-04-23,Newcastle,Tottenham,H,0.68654208150780949,0.58837695740684337,0.62195380704642578,-0.098165124100966117,-0.06458827446138371,-0.027072686046099137,0.50331348041271706,0.50-0.60,32,MW 32-38,neither promoted,H,favourite delivered
2022-2023,2023-02-11,Fulham,Nottingham,H,0.68653679540152757,0.4512783142743334,0.75408056662258072,-0.23525848112719416,0.06754377122105315,-0.073530158414831473,0.50331614098829969,0.50-0.60,23,MW 20-31,both promoted,H,favourite delivered
2023-2024,2023-09-23,Brentford,Everton,A,1.5050010953573876,2.1619771221425297,1.1686998672232098,0.65697602678514211,-0.33630122813417773,0.2084094822025746,0.50331614098829969,0.50-0.60,6,MW 1-6,neither promoted,H,favourite did not
2022-2023,2023-02-18,Aston Villa,Arsenal,A,0.68577883098273595,0.60839755703687848,0.79346978739048202,-0.077381273945857476,0.10769095640774606,-0.020421535205356639,0.50369778133120136,0.50-0.60,24,MW 20-31,neither promoted,A,favourite delivered
2023-2024,2023-12-16,Newcastle,Fulham,H,0.68316329651229624,0.51957475310022494,0.45020050868339989,-0.1635885434120713,-0.23296278782889634,-0.043769998217356151,0.50501694464748481,0.50-0.60,17,MW 7-19,neither promoted,H,favourite delivered
2023-2024,2024-04-02,Bournemouth,Crystal Palace,H,0.6799019538099248,0.71664516366644426,0.8783940660659576,0.036743209856519465,0.1984921122560328,0.012368019655766144,0.5066666666666666,0.50-0.60,31,MW 20-31,neither promoted,H,favourite delivered
2025-2026,2026-05-02,Brentford,West Ham,H,0.6799019538099248,0.73020523018856309,0.7153226451992204,0.050303276378638295,0.0354206913892956,0.014054797337893749,0.5066666666666666,0.50-0.60,35,MW 32-38,neither promoted,H,favourite delivered
2025-2026,2026-01-17,Tottenham,West Ham,A,1.4226523527345269,1.8005601868637207,1.5410518643615598,0.37790783412919371,0.11839951162703288,0.10815911769032294,0.50820953870211094,0.50-0.60,22,MW 20-31,neither promoted,H,favourite did not
2024-2025,2025-04-22,Manchester City,Aston Villa,H,0.67686143868916004,0.64542137254939069,0.60811985700154214,-0.031440066139769351,-0.068741581687617903,-0.0071268514509665593,0.50820953870211094,0.50-0.60,34,MW 32-38,neither promoted,H,favourite delivered
2025-2026,2026-05-24,Crystal Palace,Arsenal,A,0.67554740974570138,0.51282051609492341,0.67996623757924401,-0.16272689365077797,0.0044188278335426379,-0.057881776555397141,0.50887777969315628,0.50-0.60,38,MW 32-38,neither promoted,A,favourite delivered
2025-2026,2025-11-08,West Ham,Burnley,H,0.67554740974570138,0.8584072954376869,0.55520412708269429,0.18285988569198552,-0.12034328266300709,0.079054876479640601,0.50887777969315628,0.50-0.60,11,MW 7-19,away promoted,H,favourite delivered
2025-2026,2025-11-24,Manchester Utd,Everton,A,1.4713487443657296,1.3525157715016971,1.6313873407007562,-0.11883297286403249,0.16003859633502659,-0.037124294364118404,0.50887777969315628,0.50-0.60,12,MW 7-19,neither promoted,H,favourite did not
2024-2025,2024-08-31,Leicester City,Aston Villa,A,0.67421917067442627,0.7956564797472977,0.87951366919262641,0.12143730907287142,0.20529449851820014,0.044509752063639468,0.50955414012738864,0.50-0.60,3,MW 1-6,home promoted,A,favourite delivered
2024-2025,2025-05-25,Tottenham,Brighton,A,0.67421917067442627,0.82977477415230216,0.77481113815945279,0.15555560347787589,0.10059196748502652,0.067923463305444937,0.50955414012738864,0.50-0.60,38,MW 32-38,neither promoted,A,favourite delivered
2025-2026,2025-12-30,Nottingham,Everton,A,1.5029839029549028,1.1087532937121969,1.1753549547120838,-0.39423060924270592,-0.32762894824281896,-0.14800956055885539,0.51057622173595918,0.50-0.60,19,MW 7-19,neither promoted,H,favourite did not
2025-2026,2025-12-02,Newcastle,Tottenham,D,1.3773865609670179,1.5538416771257244,1.4611409387181034,0.17645511615870646,0.083754377751085407,0.025473992194747469,0.51129100979974429,0.50-0.60,14,MW 7-19,neither promoted,H,favourite did not
2023-2024,2023-10-07,Everton,Bournemouth,H,0.67081636007493195,0.80838807338723218,0.60931794307720033,0.13757171331230023,-0.06149841699773162,0.049509775040001508,0.51129100979974429,0.50-0.60,8,MW 7-19,neither promoted,H,favourite delivered
2024-2025,2025-05-03,Aston Villa,Fulham,H,0.67081636007493195,0.76672562257432675,0.80594210965830038,0.095909262499394798,0.13512574958336843,0.039312926988861546,0.51129100979974429,0.50-0.60,35,MW 32-38,neither promoted,H,favourite delivered
2023-2024,2023-09-24,Chelsea,Aston Villa,A,1.441925082104589,0.79115467155954178,1.1353553993289653,-0.65077041054504725,-0.30656968277562369,-0.22881229235928274,0.51129100979974429,0.50-0.60,6,MW 1-6,neither promoted,H,favourite did not
2023-2024,2024-04-13,Burnley,Brighton,D,1.4419250821045888,1.3560274346864969,1.4911470366906714,-0.085897647418091916,0.049221954586082584,-0.0062577589874751316,0.5112910097997444,0.50-0.60,33,MW 32-38,home promoted,A,favourite did not
2024-2025,2025-02-19,Aston Villa,Liverpool,D,1.4419250821045888,1.6369006138603697,1.4339177944589154,0.19497553175578086,-0.0080072876456733777,0.065010004996175985,0.5112910097997444,0.50-0.60,29,MW 20-31,neither promoted,A,favourite did not
2022-2023,2022-10-16,Liverpool,Manchester City,H,1.3773865609670177,0.88710755200834412,1.1624459184524449,-0.4902790089586736,-0.21494064251457279,-0.16994598001360522,0.5112910097997444,0.50-0.60,11,MW 7-19,neither promoted,A,favourite did not
2022-2023,2022-10-19,Brentford,Chelsea,D,1.3773865609670177,1.3492912200029357,1.322320561384875,-0.028095340964082061,-0.055065999582142755,-0.015752320906108092,0.5112910097997444,0.50-0.60,12,MW 7-19,neither promoted,A,favourite did not
2025-2026,2026-01-04,Fulham,Liverpool,D,1.3773865609670177,1.3481573520484686,1.2797237519840097,-0.029229208918549077,-0.097662808983008054,-0.02155134677575718,0.5112910097997444,0.50-0.60,20,MW 20-31,neither promoted,A,favourite did not
2025-2026,2026-01-07,Everton,Wolves,D,1.3083884882767891,1.2672438586649246,1.1882888414820827,-0.041144629611864492,-0.12009964679470642,0.018480342320075033,0.51129366913513596,0.50-0.60,21,MW 20-31,neither promoted,H,favourite did not
2025-2026,2026-05-24,Brighton,Manchester Utd,A,1.3083884882767891,1.1784977500054301,1.0645637206608243,-0.129890738271359,-0.24382476761596483,-0.073431062348123355,0.51129366913513596,0.50-0.60,38,MW 32-38,neither promoted,H,favourite did not
2022-2023,2022-11-06,West Ham,Crystal Palace,A,1.5211930617958196,1.5014363065452239,1.2794686663112371,-0.019756755250595726,-0.24172439548458247,-0.03943441405379744,0.51129366913513596,0.50-0.60,15,MW 7-19,neither promoted,H,favourite did not
2023-2024,2023-09-03,Crystal Palace,Wolves,H,0.67050719844360518,0.61041235299886476,0.60315987206662536,-0.060094845444740419,-0.067347326376979821,-0.019623659160045118,0.5114491057997661,0.50-0.60,4,MW 1-6,neither promoted,H,favourite delivered
2022-2023,2022-08-20,Everton,Nottingham,D,1.3358135794725512,0.97662214194796915,1.7243731027631157,-0.35919143752458205,0.38855952329056453,-0.052121986890088942,0.51167512690355321,0.50-0.60,3,MW 1-6,away promoted,H,favourite did not
2025-2026,2025-09-27,Crystal Palace,Liverpool,H,1.4899642592998092,1.2166597911197781,1.0249270582429775,-0.27330446818003118,-0.46503720105683177,-0.079105434029962951,0.51167512690355332,0.50-0.60,6,MW 1-6,neither promoted,A,favourite did not
2023-2024,2023-11-04,Sheffield United,Wolves,H,1.4899642592998092,1.8161308165907144,1.265369510191102,0.32616655729090516,-0.22459474910870725,0.13896454968706029,0.51167512690355332,0.50-0.60,11,MW 7-19,home promoted,A,favourite did not
2022-2023,2023-03-11,Leeds United,Brighton,D,1.335813579472551,1.5215895935959058,1.5277889679190286,0.18577601412335487,0.19197538844647766,0.022518735514618693,0.51167512690355332,0.50-0.60,27,MW 20-31,neither promoted,A,favourite did not
2025-2026,2026-04-19,Manchester City,Arsenal,H,0.66845456796957392,0.96701823588436864,1.1461945064037418,0.29856366791479472,0.47773993843416784,0.095481089530595115,0.51249999999999996,0.50-0.60,33,MW 32-38,neither promoted,H,favourite delivered
2024-2025,2024-12-30,Aston Villa,Brighton,D,1.3616017485295191,1.2792398887426477,1.2223079475891698,-0.082361859786871383,-0.13929380094034927,-0.025658178014392685,0.51249999999999996,0.50-0.60,19,MW 7-19,neither promoted,H,favourite did not
2025-2026,2025-12-20,Brighton,Sunderland,D,1.3616017485295191,1.2865367891593709,1.4537114601847609,-0.075064959370148232,0.092109711655241844,-0.025773234832090153,0.51249999999999996,0.50-0.60,17,MW 7-19,away promoted,H,favourite did not
2022-2023,2022-08-07,Leicester City,Brentford,D,1.3873073613753499,1.4717055751933092,1.4384994370478557,0.084398213817959311,0.051192075672505721,0.0038459589328370125,0.51299358758015523,0.50-0.60,1,MW 1-6,neither promoted,H,favourite did not
2023-2024,2024-01-30,Aston Villa,Newcastle,A,1.3873073613753499,1.376063326888054,1.2899975410769557,-0.01124403448729594,-0.09730982029839419,0.0079021495427487043,0.51299358758015523,0.50-0.60,22,MW 20-31,neither promoted,H,favourite did not
2025-2026,2025-11-09,Manchester City,Liverpool,H,0.66749193373324323,0.55821218185805477,0.67985014328039872,-0.10927975187518846,0.012358209547155496,-0.035888154836097794,0.51299358758015523,0.50-0.60,11,MW 7-19,neither promoted,H,favourite delivered
2023-2024,2024-05-11,West Ham,Luton Town,H,0.66749193373324323,0.65559573979917729,0.91460406179428433,-0.011896193934065935,0.2471121280610411,0.0036032946391028053,0.51299358758015523,0.50-0.60,37,MW 32-38,away promoted,H,favourite delivered
2022-2023,2023-05-28,Aston Villa,Brighton,H,0.66749193373324323,0.7767236237148254,1.2629128030570818,0.10923168998158217,0.59542086932383853,0.04577423314450782,0.51299358758015523,0.50-0.60,38,MW 32-38,neither promoted,H,favourite delivered
2025-2026,2025-12-14,Crystal Palace,Manchester City,A,0.667491933733243,0.86316834376848661,0.88344159295141067,0.19567641003524361,0.21594965921816767,0.068541245887663832,0.51299358758015534,0.50-0.60,16,MW 7-19,neither promoted,A,favourite delivered
2022-2023,2023-01-21,Leicester City,Brighton,D,1.3873073613753497,1.4891952033950535,1.3772432302038367,0.1018878420197038,-0.010064131171513058,0.0018182731464709834,0.51299358758015534,0.50-0.60,21,MW 20-31,neither promoted,A,favourite did not
2022-2023,2022-11-13,Fulham,Manchester Utd,A,0.667491933733243,1.2341913103955713,0.72838669719993099,0.56669937666232828,0.060894763466687984,0.21747066179673574,0.51299358758015534,0.50-0.60,16,MW 7-19,home promoted,A,favourite delivered
2022-2023,2023-03-18,Brentford,Leicester City,D,1.382958886571461,1.7047102530409197,1.4766081764223857,0.32175136646945868,0.093649289850924688,0.05757700472106933,0.51400668208686717,0.50-0.60,28,MW 20-31,neither promoted,H,favourite did not
2022-2023,2023-02-19,Tottenham,West Ham,H,0.66521157003357678,0.47303528389829591,0.60246504825958835,-0.19217628613528087,-0.062746521773988428,-0.054630982151292876,0.51416473434822052,0.50-0.60,24,MW 20-31,neither promoted,H,favourite delivered
2024-2025,2024-08-24,Fulham,Leicester City,H,0.66503205116824404,0.81917974077170053,0.55419043023993064,0.15414768960345648,-0.1108416209283134,0.046573187834446306,0.51425704490341995,0.50-0.60,2,MW 1-6,away promoted,H,favourite delivered
2025-2026,2026-01-17,Chelsea,Brentford,H,0.66503205116824404,0.83065267607620707,0.67006523039908583,0.16562062490796303,0.0050331792308417889,0.053527313735726001,0.51425704490341995,0.50-0.60,22,MW 20-31,neither promoted,H,favourite delivered
2025-2026,2026-01-25,Brentford,Nottingham,A,1.5136576521893061,1.8037075872833661,1.2462072940853652,0.29004993509405996,-0.26745035810394091,0.081734888005802697,0.51516102913230988,0.50-0.60,23,MW 20-31,neither promoted,H,favourite did not
2022-2023,2023-01-15,Chelsea,Crystal Palace,H,0.66252432034596209,0.56887298369839479,0.67831658954519858,-0.093651336647567307,0.015792269199236486,-0.03240834789836626,0.5155482815057284,0.50-0.60,20,MW 20-31,neither promoted,H,favourite delivered
2023-2024,2024-02-24,Brighton,Everton,D,1.392898190817851,1.3394388975613711,1.4907500584268985,-0.053459293256479912,0.097851867609047405,-0.0053894424199447122,0.51570876026328294,0.50-0.60,26,MW 20-31,neither promoted,H,favourite did not
2023-2024,2023-09-23,Burnley,Manchester Utd,A,0.6622130909388404,0.4986602555513065,0.36339902259346002,-0.1635528353875339,-0.29881406834538038,-0.047008889723112388,0.51570876026328294,0.50-0.60,6,MW 1-6,home promoted,A,favourite delivered
2023-2024,2024-04-21,Aston Villa,Bournemouth,H,0.6622130909388404,0.49927486239311009,0.65750150922518014,-0.16293822854573031,-0.0047115817136602622,-0.052711833997039381,0.51570876026328294,0.50-0.60,34,MW 32-38,neither promoted,H,favourite delivered
2022-2023,2022-12-31,Brighton,Arsenal,A,0.65949190397478341,0.79272511327216466,0.97200586929160082,0.13323320929738125,0.31251396531681741,0.050181825621802123,0.51711401132725932,0.50-0.60,18,MW 7-19,neither promoted,A,favourite delivered
2022-2023,2023-04-26,Chelsea,Brentford,A,1.5192720371747812,1.1012196276766193,1.3898288658677735,-0.41805240949816191,-0.12944317130700767,-0.1489923733863463,0.51787547466935102,0.50-0.60,33,MW 32-38,neither promoted,H,favourite did not
2025-2026,2026-02-28,Bournemouth,Sunderland,D,1.3346383406224469,1.2358699149200068,1.3052361251980935,-0.098768425702440155,-0.029402215424353395,-0.017374301248284957,0.51787547466935102,0.50-0.60,28,MW 20-31,away promoted,H,favourite did not
2025-2026,2026-02-21,Aston Villa,Leeds United,D,1.3346383406224469,1.3739554053569847,1.2919552506085712,0.039317064734537777,-0.042683090013875713,0.016516538096248867,0.51787547466935102,0.50-0.60,27,MW 20-31,away promoted,H,favourite did not
2025-2026,2026-05-11,Tottenham,Leeds United,D,1.3616968845191699,1.2936113863036232,1.2313512674837088,-0.068085498215546769,-0.1303456170354611,-0.024718809771408362,0.51805180518051808,0.50-0.60,36,MW 32-38,away promoted,H,favourite did not
2025-2026,2026-05-17,Wolves,Fulham,D,1.3914891779969947,1.1302364202097501,1.1336875058760687,-0.26125275778724455,-0.25780167212092597,-0.033094584963449108,0.5181347150259068,0.50-0.60,37,MW 32-38,neither promoted,A,favourite did not
2023-2024,2024-03-11,Chelsea,Newcastle,H,0.65752000291679402,1.0322513356151639,0.7825022649912492,0.37473133269836989,0.12498226207445517,0.15418665685471261,0.5181347150259068,0.50-0.60,28,MW 20-31,neither promoted,H,favourite delivered
2022-2023,2023-01-21,West Ham,Everton,H,0.65727324165705958,0.78239582422831344,0.69915733170476013,0.12512258257125386,0.041884090047700551,0.035895226248066042,0.51826258637709777,0.50-0.60,21,MW 20-31,neither promoted,H,favourite delivered
2022-2023,2023-05-24,Brighton,Manchester City,D,1.4760284388148694,1.7495586530300813,1.4427250905073628,0.27353021421521184,-0.033303348307506697,0.050314241732398679,0.51885565669700917,0.50-0.60,32,MW 32-38,neither promoted,A,favourite did not
2025-2026,2026-03-14,Burnley,Bournemouth,D,1.4378030589563053,1.4100520016806688,1.4462244889961742,-0.027751057275636537,0.008421430039868838,-0.0029333088888557624,0.51901387364008378,0.50-0.60,30,MW 20-31,home promoted,A,favourite did not
2024-2025,2025-05-04,West Ham,Tottenham,D,1.4124852509720152,1.5046238656993527,1.4790019692275751,0.092138614727337531,0.066516718255559937,-0.0063677795983589081,0.51901387364008378,0.50-0.60,35,MW 32-38,neither promoted,H,favourite did not
2025-2026,2025-10-25,Brentford,Liverpool,H,1.4124852509720152,1.1499108218606942,1.1599141181751091,-0.26257442911132101,-0.25257113279690602,-0.082513064976802108,0.51901387364008378,0.50-0.60,9,MW 7-19,neither promoted,A,favourite did not
2022-2023,2023-01-14,Manchester Utd,Manchester City,H,1.4378030589563053,1.5062400881763709,1.4532336819888185,0.068437029220065559,0.015430623032513191,0.023196846223216216,0.51901387364008378,0.50-0.60,20,MW 20-31,neither promoted,A,favourite did not
2023-2024,2024-05-11,Nottingham,Chelsea,A,0.65492596773974743,0.70654967259304324,0.96070496936769234,0.051623704853295815,0.30577900162794491,0.023813229542851339,0.51948051948051954,0.50-0.60,37,MW 32-38,neither promoted,A,favourite delivered
2025-2026,2025-10-26,Aston Villa,Manchester City,H,1.4850263995037689,1.4690845648589628,1.3743956642395219,-0.015941834644806141,-0.11063073526424705,-0.017565588009763544,0.51982771424327934,0.50-0.60,9,MW 7-19,neither promoted,A,favourite did not
2025-2026,2025-09-13,Brentford,Chelsea,D,1.3716977141967657,1.431418807371533,1.5156075635792059,0.05972109317476737,0.14390984938244022,-0.0013887017416745473,0.51982771424327934,0.50-0.60,4,MW 1-6,neither promoted,A,favourite did not
2023-2024,2024-03-30,Newcastle,West Ham,H,0.65425784106777585,0.48202630258006779,0.51991820398348976,-0.17223153848770806,-0.13433963708428609,-0.054321919277542846,0.51982771424327934,0.50-0.60,30,MW 20-31,neither promoted,H,favourite delivered
2023-2024,2023-09-17,Bournemouth,Chelsea,D,1.3716977141967657,1.3378976062290293,1.5568723605303731,-0.033800107967736359,0.18517464633360747,-0.024210111560557412,0.51982771424327934,0.50-0.60,5,MW 1-6,neither promoted,A,favourite did not
2022-2023,2023-01-22,Arsenal,Manchester Utd,H,0.65425784106777585,0.47410073581685058,0.68096807756091626,-0.18015710525092526,0.026710236493140416,-0.057479301393657881,0.51982771424327934,0.50-0.60,21,MW 20-31,neither promoted,H,favourite delivered
2025-2026,2026-03-03,Leeds United,Sunderland,A,1.5656352897757075,1.3852464542230309,1.380986931538382,-0.1803888355526766,-0.18464835823732551,-0.071299263729691309,0.5223880597014926,0.50-0.60,29,MW 20-31,both promoted,H,favourite did not
2022-2023,2022-11-06,Southampton,Newcastle,A,0.64743449318739821,0.61130010067868579,0.89158143280993596,-0.036134392508712421,0.24414693962253775,-0.018033977978574214,0.52338680823494144,0.50-0.60,15,MW 7-19,neither promoted,A,favourite delivered
2023-2024,2023-08-19,Manchester City,Newcastle,H,0.64743449318739821,0.50058166455422659,0.56430629229392204,-0.14685282863317162,-0.083128200893476167,-0.042054926751358981,0.52338680823494144,0.50-0.60,2,MW 1-6,neither promoted,H,favourite delivered
2022-2023,2022-12-31,Fulham,Southampton,H,0.6430403605057663,0.315504551550645,0.80499621274026079,-0.3275358089551213,0.16195585223449449,-0.095577698571845351,0.52569169960474316,0.50-0.60,18,MW 7-19,home promoted,H,favourite delivered
2023-2024,2023-08-20,Aston Villa,Everton,H,0.6430403605057663,0.48300107905678802,0.78886397496253258,-0.16003928144897828,0.14582361445676628,-0.049768801760073839,0.52569169960474316,0.50-0.60,2,MW 1-6,neither promoted,H,favourite delivered
2024-2025,2025-02-26,Tottenham,Manchester City,A,0.6430403605057663,0.72661595424461711,0.74820883216940148,0.083575593738850817,0.10516847166363519,0.037284609278301545,0.52569169960474316,0.50-0.60,27,MW 20-31,neither promoted,A,favourite delivered
2025-2026,2025-08-16,Brighton,Fulham,D,1.363552468450818,1.5161812742362037,1.464802309522967,0.15262880578538573,0.10124984107214896,-0.0017871210529986914,0.52570959803117312,0.50-0.60,1,MW 1-6,neither promoted,H,favourite did not
2025-2026,2025-08-23,Bournemouth,Wolves,H,0.64300631370275796,0.6394431042926948,0.78305314622634192,-0.0035632094100631617,0.14004683252358396,0.0034648896091541426,0.52570959803117312,0.50-0.60,2,MW 1-6,neither promoted,H,favourite delivered
2024-2025,2024-12-22,Manchester Utd,Bournemouth,A,1.5207871908150374,1.2678895730292039,1.2421050748279641,-0.25289761778583353,-0.27868211598707338,-0.093310220977740332,0.52570959803117312,0.50-0.60,17,MW 7-19,neither promoted,H,favourite did not
2024-2025,2024-09-22,Brighton,Nottingham,D,1.363552468450818,1.1790918845626166,1.2468822816378364,-0.18446058388820141,-0.11667018681298158,-0.034357051029727775,0.52570959803117312,0.50-0.60,5,MW 1-6,neither promoted,H,favourite did not
2024-2025,2025-03-16,Fulham,Tottenham,H,0.6421500800828388,1.0948404591228458,0.8532439372810301,0.45269037904000697,0.21109385719819129,0.17723452084092739,0.52615992102665354,0.50-0.60,29,MW 20-31,neither promoted,H,favourite delivered
2025-2026,2026-04-22,Bournemouth,Leeds United,D,1.4153399683163204,1.2307551157585819,1.2348309402372415,-0.18458485255773849,-0.18050902807907887,-0.036073904205155216,0.52615992102665354,0.50-0.60,34,MW 32-38,away promoted,H,favourite did not
2024-2025,2025-03-15,Manchester City,Brighton,D,1.4653503888909818,1.5683604886542386,1.4368068745926292,0.10301009976325681,-0.028543514298352557,0.016850722845269617,0.52615992102665354,0.50-0.60,29,MW 20-31,neither promoted,H,favourite did not
2022-2023,2023-05-18,Newcastle,Brighton,H,0.64185388617239481,0.61497896404830943,0.95759289785612178,-0.026874922124085376,0.31573901168372698,0.00011866903220283942,0.52631578947368418,0.50-0.60,25,MW 20-31,neither promoted,H,favourite delivered
2022-2023,2023-03-18,Southampton,Tottenham,D,1.3350010667323402,1.5359699121306798,1.4233806212353828,0.20096884539833959,0.088379554503042579,0.042839113407437734,0.52631578947368418,0.50-0.60,28,MW 20-31,neither promoted,A,favourite did not
2023-2024,2024-01-30,Luton Town,Brighton,H,1.4403615823901665,1.1681584192624355,1.8684771082824936,-0.27220316312773107,0.42811552589232704,-0.083614362548626808,0.52631578947368418,0.50-0.60,22,MW 20-31,home promoted,A,favourite did not
2022-2023,2023-01-21,Crystal Palace,Newcastle,D,1.3350010667323402,1.2430644081544553,1.22336424671656,-0.091936658577884911,-0.11163682001578024,0.014238327673825046,0.52631578947368418,0.50-0.60,21,MW 20-31,neither promoted,A,favourite did not
2022-2023,2023-04-27,Everton,Newcastle,A,0.64185388617239481,0.42082585181129861,0.69275682047526077,-0.22102803436109619,0.050902934302865965,-0.067282642336461251,0.52631578947368418,0.50-0.60,33,MW 32-38,neither promoted,A,favourite delivered
2024-2025,2024-11-09,Brighton,Manchester City,H,1.4403615823901665,1.600442400855556,1.420510968626165,0.16008081846538946,-0.019850613764001546,0.04594178314331554,0.52631578947368418,0.50-0.60,11,MW 7-19,neither promoted,A,favourite did not
2022-2023,2023-05-14,Brentford,West Ham,H,0.64185388617239481,0.64895824057468643,0.82315357907826869,0.0071043544022916238,0.18129969290587389,0.011778541479661453,0.52631578947368418,0.50-0.60,36,MW 32-38,neither promoted,H,favourite delivered
2022-2023,2022-08-05,Crystal Palace,Arsenal,A,0.64185388617239481,1.0042466971316995,0.88677444603035316,0.36239281095930465,0.24492055985795835,0.12975140461757245,0.52631578947368418,0.50-0.60,1,MW 1-6,neither promoted,A,favourite delivered
2025-2026,2025-10-24,Leeds United,West Ham,H,0.64185388617239481,0.93350604021769945,0.6792215070840969,0.29165215404530465,0.037367620911702093,0.10224357016249042,0.52631578947368418,0.50-0.60,9,MW 7-19,home promoted,H,favourite delivered
2025-2026,2026-05-24,Liverpool,Brentford,D,1.4403615823901665,1.4096177545757596,1.3263235101373019,-0.030743827814406988,-0.11403807225286466,-0.009576203864649524,0.52631578947368418,0.50-0.60,38,MW 32-38,neither promoted,H,favourite did not
2025-2026,2025-08-17,Chelsea,Crystal Palace,D,1.3735596532502743,1.3151250106907655,1.4045202834237498,-0.058434642559508809,0.030960630173475501,-0.020473181311592759,0.52750840602309834,0.50-0.60,1,MW 1-6,neither promoted,H,favourite did not
2022-2023,2022-08-07,Manchester Utd,Brighton,A,1.5173713552823533,0.9506573567639004,1.0409703819783431,-0.56671399851845294,-0.47640097330401021,-0.197442694282221,0.52750840602309834,0.50-0.60,1,MW 1-6,neither promoted,H,favourite did not
2022-2023,2023-02-18,Brentford,Crystal Palace,D,1.303262296981742,1.3749356235814119,1.339525322695287,0.071673326599669851,0.036263025713545005,0.025893087858645109,0.52819698173153307,0.50-0.60,24,MW 20-31,neither promoted,H,favourite did not
2024-2025,2024-12-09,West Ham,Wolves,H,0.63663497029660288,0.71786209212734631,0.63033536477666496,0.081227121830743432,-0.006299605519937912,0.039159333421941389,0.52906976744186052,0.50-0.60,15,MW 7-19,neither promoted,H,favourite delivered
2023-2024,2024-02-19,Everton,Crystal Palace,D,1.2722543117423415,1.2461264655825308,1.3151215625530286,-0.026127846159810675,0.042867250810687096,-0.018764800400145443,0.52926525529265256,0.50-0.60,25,MW 20-31,neither promoted,H,favourite did not
2024-2025,2024-12-26,Wolves,Manchester Utd,H,1.5140341610006252,1.2574104632424337,1.2376602941530301,-0.25662369775819149,-0.27637386684759502,-0.078975942340345551,0.52927174472465266,0.50-0.60,18,MW 7-19,neither promoted,A,favourite did not
2024-2025,2024-09-14,Southampton,Manchester Utd,A,0.63606050015856974,0.53800318567418415,0.90350115988722957,-0.098057314484385594,0.26744065972865982,-0.044041444398230864,0.52937378954163983,0.50-0.60,4,MW 1-6,home promoted,A,favourite delivered
2024-2025,2025-01-18,Leicester City,Fulham,A,0.63471609712410226,0.51514706503458529,0.68305867906399631,-0.11956903208951697,0.048342581939894047,-0.037620750175322418,0.53008595988538687,0.50-0.60,22,MW 20-31,home promoted,A,favourite delivered
2024-2025,2025-03-16,Leicester City,Manchester Utd,A,0.63471609712410226,0.45609468556230054,0.6623226714340491,-0.17862141156180172,0.027606574309946841,-0.054460083250222058,0.53008595988538687,0.50-0.60,29,MW 20-31,home promoted,A,favourite delivered
2022-2023,2023-05-06,Tottenham,Crystal Palace,H,0.63127177684185765,0.6153629805382731,0.61706360932282212,-0.015908796303584549,-0.014208167519035531,0.0054324838075686666,0.53191489361702138,0.50-0.60,35,MW 32-38,neither promoted,H,favourite delivered
2023-2024,2023-11-12,West Ham,Nottingham,H,0.63127177684185765,0.67917715016761493,0.77087234282048434,0.047905373325757283,0.13960056597862669,0.027695277381639849,0.53191489361702138,0.50-0.60,12,MW 7-19,neither promoted,H,favourite delivered
2023-2024,2023-08-19,Wolves,Brighton,A,0.63051160956846031,0.58258608514533905,0.57009622811636895,-0.047925524423121257,-0.060415381452091355,-0.012688841980180499,0.53231939163498099,0.50-0.60,2,MW 1-6,neither promoted,A,favourite delivered
2023-2024,2024-04-04,Chelsea,Manchester Utd,H,0.63051160956846031,0.96339503265438198,0.75787636986274032,0.33288342308592167,0.12736476029428001,0.11532501055868088,0.53231939163498099,0.50-0.60,31,MW 20-31,neither promoted,H,favourite delivered
2024-2025,2024-08-31,Brentford,Southampton,H,0.62980413097700416,0.50243664816208278,0.72801709854676055,-0.12736748281492138,0.098212967569756393,-0.051551625068268395,0.53269612945963851,0.50-0.60,3,MW 1-6,away promoted,H,favourite delivered
2025-2026,2026-05-17,Everton,Sunderland,A,1.5356957777196056,1.6445034662455016,1.3634419018548201,0.10880768852589595,-0.17225387586478558,0.011416748003458932,0.53272814936738322,0.50-0.60,37,MW 32-38,away promoted,H,favourite did not
2022-2023,2023-05-13,Crystal Palace,Bournemouth,H,0.62860865942237421,0.63354996426047727,0.68774882762639,0.0049413048381030666,0.059140168204015797,0.0071494865358039117,0.53333333333333333,0.50-0.60,36,MW 32-38,away promoted,H,favourite delivered
2025-2026,2026-02-22,Crystal Palace,Wolves,H,0.62309125834333245,0.6918994175443558,0.83629777561632723,0.068808159201023344,0.21320651727299478,0.0095597790713415898,0.53628407998305161,0.50-0.60,27,MW 20-31,neither promoted,H,favourite delivered
2025-2026,2026-02-11,Sunderland,Liverpool,A,0.62309125834333245,0.96104902331022468,0.83786538089968832,0.33795776496689223,0.21477412255635586,0.10388954077048862,0.53628407998305161,0.50-0.60,26,MW 20-31,home promoted,A,favourite delivered
2025-2026,2026-02-28,Newcastle,Everton,A,1.5290430124223082,1.3115503595685665,1.393539934988183,-0.21749265285374175,-0.13550307743412526,-0.097707323821858483,0.53628407998305161,0.50-0.60,28,MW 20-31,neither promoted,H,favourite did not
2024-2025,2025-02-27,West Ham,Leicester City,H,0.62157698805869321,0.54463348397634614,0.64425676849984426,-0.07694350408234707,0.022679780441151043,-0.022630717875044809,0.53709677419354851,0.50-0.60,27,MW 20-31,away promoted,H,favourite delivered
2022-2023,2022-08-13,Brentford,Manchester Utd,H,1.5626457509273415,0.80474277812004602,1.0450444951129163,-0.75790297280729546,-0.51760125581442518,-0.25572055689530365,0.53892215568862267,0.50-0.60,2,MW 1-6,neither promoted,A,favourite did not
2024-2025,2025-02-02,Manchester Utd,Crystal Palace,A,1.6161612915279133,1.0380945412940432,1.0273081887889535,-0.57806675023387011,-0.58885310273895985,-0.20141638322831262,0.53921955065037452,0.50-0.60,24,MW 20-31,neither promoted,H,favourite did not
2022-2023,2023-04-08,Wolves,Chelsea,H,1.6161612915279133,1.1605320239617818,1.1402005578898278,-0.45562926756613154,-0.47596073363808555,-0.16735044313073144,0.53921955065037452,0.50-0.60,30,MW 20-31,neither promoted,A,favourite did not
2022-2023,2023-02-18,Wolves,Bournemouth,A,1.6161612915279133,1.6867861020484936,1.2942401742433796,0.070624810520580228,-0.32192111728453376,0.012543517701014251,0.53921955065037452,0.50-0.60,24,MW 20-31,away promoted,H,favourite did not
2024-2025,2024-09-28,Chelsea,Brighton,H,0.61743535882424894,0.56945552776537744,0.88953744961802961,-0.047979831058871492,0.27210209079378067,-0.019089517669526768,0.5393258426966292,0.50-0.60,6,MW 1-6,neither promoted,H,favourite delivered
2024-2025,2024-10-27,Chelsea,Newcastle,H,0.61743535882424894,0.66623219050673266,0.62676942908521749,0.048796831682483721,0.0093340702609685522,0.017437107488131764,0.5393258426966292,0.50-0.60,9,MW 7-19,neither promoted,H,favourite delivered
2024-2025,2025-04-26,Brighton,West Ham,H,0.61743535882424894,0.73827845810999881,0.5778182090585845,0.12084309928574988,-0.039617149765664439,0.045842317468929167,0.5393258426966292,0.50-0.60,34,MW 32-38,neither promoted,H,favourite delivered
2022-2023,2023-05-14,Arsenal,Brighton,A,1.4441139320087168,1.7093369416494546,0.94439819771529554,0.26522300964073775,-0.49971573429342131,0.12180814722135447,0.5393258426966292,0.50-0.60,36,MW 32-38,neither promoted,H,favourite did not
2025-2026,2026-01-24,Bournemouth,Liverpool,H,1.4929040961781488,1.087934479049796,1.015025269945862,-0.40496961712835278,-0.47787882623228684,-0.14358290460293877,0.5393258426966292,0.50-0.60,23,MW 20-31,neither promoted,A,favourite did not
2025-2026,2025-12-06,Leeds United,Liverpool,D,1.4441139320087168,1.561889014916197,1.3927603615449542,0.11777508290748018,-0.051353570463762654,0.006500924659932239,0.5393258426966292,0.50-0.60,15,MW 7-19,home promoted,A,favourite did not
2025-2026,2025-12-27,Chelsea,Aston Villa,A,1.4929040961781488,1.2272266645821117,1.5221099181769733,-0.26567743159603707,0.029205821998824488,-0.10081877564616193,0.5393258426966292,0.50-0.60,18,MW 7-19,neither promoted,H,favourite did not
2025-2026,2025-12-13,Liverpool,Brighton,H,0.61673848285693644,0.70813661462050403,0.8234447219976172,0.091398131763567592,0.20670623914068076,0.042765435737847524,0.539701816903434,0.50-0.60,16,MW 7-19,neither promoted,H,favourite delivered
2025-2026,2026-05-17,Brentford,Crystal Palace,D,1.4180992480571144,1.2891438702555749,1.2183515729374581,-0.12895537780153954,-0.1997476751196563,-0.0083711998546086297,0.539701816903434,0.50-0.60,37,MW 32-38,neither promoted,H,favourite did not
2025-2026,2026-02-28,Burnley,Brentford,A,0.61673848285693644,0.62433831039904109,0.66499998602648847,0.0075998275421046424,0.048261503169552022,-0.00041365504683316123,0.539701816903434,0.50-0.60,28,MW 20-31,home promoted,A,favourite delivered
2025-2026,2026-02-11,Nottingham,Wolves,D,1.4180992480571144,1.1959585809083055,1.1547710025901163,-0.22214066714880887,-0.26332824546699807,-0.012589012831136781,0.539701816903434,0.50-0.60,26,MW 20-31,neither promoted,H,favourite did not
2024-2025,2024-10-26,Aston Villa,Bournemouth,D,1.4180992480571144,1.3933085395668285,1.3076808151619879,-0.024790708490285862,-0.11041843289512654,-0.013688589261526191,0.539701816903434,0.50-0.60,9,MW 7-19,neither promoted,H,favourite did not
2022-2023,2022-08-13,Aston Villa,Everton,H,0.6151856390902336,0.60062894427839142,0.57245205834998691,-0.014556694811842186,-0.042733580740246691,0.00077256524091784406,0.54054054054054046,0.50-0.60,2,MW 1-6,neither promoted,H,favourite delivered
2024-2025,2024-09-22,Manchester City,Arsenal,D,1.3083328196501789,1.1095237428046032,1.1781898835679325,-0.19880907684557569,-0.13014293608224636,-0.05158218137423573,0.54054054054054046,0.50-0.60,5,MW 1-6,neither promoted,H,favourite did not
2023-2024,2023-12-31,Tottenham,Bournemouth,H,0.61486948353907023,0.48554411270814857,0.53284913969443715,-0.12932537083092166,-0.082020343844633081,-0.039410333594159047,0.54071146245059287,0.50-0.60,20,MW 20-31,neither promoted,H,favourite delivered
2023-2024,2023-10-27,Crystal Palace,Tottenham,A,0.61486948353907023,0.73371638482109769,0.9113322777664955,0.11884690128202746,0.29646279422742527,0.047149980384211976,0.54071146245059287,0.50-0.60,10,MW 7-19,neither promoted,A,favourite delivered
2022-2023,2022-09-18,Brentford,Arsenal,A,0.61486948353907023,1.0381009179083276,0.64087119622341104,0.42323143436925736,0.026001712684340816,0.16234960001778798,0.54071146245059287,0.50-0.60,8,MW 7-19,neither promoted,A,favourite delivered
2025-2026,2025-08-22,West Ham,Chelsea,A,0.61486948353907023,0.69625957554895779,0.63221968655224747,0.08139009200988756,0.017350203013177246,0.023820921636431569,0.54071146245059287,0.50-0.60,2,MW 1-6,neither promoted,A,favourite delivered
2025-2026,2026-04-10,West Ham,Wolves,H,0.61486948353907001,0.85921203203960395,1.1601432152143509,0.24434254850053394,0.54527373167528093,0.075680344101705155,0.54071146245059298,0.50-0.60,32,MW 32-38,neither promoted,H,favourite delivered
2025-2026,2026-03-22,Aston Villa,West Ham,H,0.61486948353907001,0.65162445708027517,0.61290021229980107,0.03675497354120516,-0.0019692712392689327,0.0096607759076108024,0.54071146245059298,0.50-0.60,31,MW 20-31,neither promoted,H,favourite delivered
2023-2024,2023-09-03,Arsenal,Manchester Utd,H,0.61166373362282844,0.59570299650752057,0.66904613725326256,-0.015960737115307877,0.05738240363043412,0.00048210860544933842,0.54244762954796033,0.50-0.60,4,MW 1-6,neither promoted,H,favourite delivered
2025-2026,2026-04-11,Liverpool,Fulham,H,0.61166373362282844,0.6904462981085544,0.78869537289939196,0.078782564485725959,0.17703163927656351,0.023620234086013353,0.54244762954796033,0.50-0.60,32,MW 32-38,neither promoted,H,favourite delivered
2024-2025,2024-10-19,Bournemouth,Arsenal,H,1.6090517374920545,2.3168461581707054,1.6150376383670828,0.70779442067865084,0.0059859008750282605,0.17587954529044553,0.54306682116647353,0.50-0.60,8,MW 7-19,neither promoted,A,favourite did not
2023-2024,2024-05-13,Aston Villa,Liverpool,D,1.6090517374920545,1.4353645568891471,1.5054747787164691,-0.17368718060290744,-0.10357695877558548,-0.033055778430739313,0.54306682116647353,0.50-0.60,37,MW 32-38,neither promoted,A,favourite did not
2025-2026,2026-02-27,Wolves,Aston Villa,H,1.6090517374920545,2.0123366811451922,1.1549266796276223,0.40328494365313761,-0.45412505786443225,0.07403864379220898,0.54306682116647353,0.50-0.60,28,MW 20-31,neither promoted,A,favourite did not
2023-2024,2023-10-22,Aston Villa,West Ham,H,0.60960664722089652,0.48646094189654121,0.50372073585645172,-0.12314570532435531,-0.10588591136444481,-0.031238515920009993,0.54356463968975499,0.50-0.60,9,MW 7-19,neither promoted,H,favourite delivered
2023-2024,2023-12-09,Sheffield United,Brentford,H,1.5655626354874832,2.2732122873862721,1.8217660111015388,0.70764965189878892,0.2562033756140556,0.22514480130386627,0.54356463968975499,0.50-0.60,16,MW 7-19,home promoted,A,favourite did not
2025-2026,2025-11-01,Fulham,Wolves,H,0.60960664722089652,0.6003410778376721,0.81144100972430533,-0.0092655693832244257,0.2018343625034088,-0.00024453274492944321,0.54356463968975499,0.50-0.60,10,MW 7-19,neither promoted,H,favourite delivered
2024-2025,2024-12-15,Southampton,Tottenham,A,0.60846409332990681,0.36836644104438038,0.46232937471723562,-0.24009765228552643,-0.14613471861267119,-0.079863407518793478,0.54418604651162783,0.50-0.60,16,MW 7-19,home promoted,A,favourite delivered
2025-2026,2025-11-22,Wolves,Crystal Palace,A,0.60846409332990681,0.54448476081038444,0.74830010547751102,-0.063979332519522369,0.13983601214760422,-0.02294583583301632,0.54418604651162783,0.50-0.60,12,MW 7-19,neither promoted,A,favourite delivered
2024-2025,2025-05-10,Fulham,Everton,A,1.6574719329002083,1.2162905800601846,1.3081497306006202,-0.44118135284002369,-0.3493222022995881,-0.15186848408249753,0.54462934947049924,0.50-0.60,36,MW 32-38,neither promoted,H,favourite did not
2025-2026,2026-04-19,Aston Villa,Sunderland,H,0.6076498084015306,0.87521944701646914,0.72876807049975512,0.26756963861493854,0.12111826209822452,0.077563481254177433,0.54462934947049924,0.50-0.60,33,MW 32-38,away promoted,H,favourite delivered
2024-2025,2025-03-09,Manchester Utd,Arsenal,D,1.3289678659281723,1.5371209503697023,1.3168485979650468,0.20815308444153002,-0.012119267963125457,0.052215016454173757,0.54462934947049924,0.50-0.60,28,MW 20-31,neither promoted,A,favourite did not
2024-2025,2025-01-04,Brighton,Arsenal,D,1.3289678659281723,1.4836083214646838,1.1738208306406783,0.15464045553651151,-0.15514703528749396,0.052610738761906639,0.54462934947049924,0.50-0.60,20,MW 20-31,neither promoted,A,favourite did not
2023-2024,2023-12-27,Chelsea,Crystal Palace,H,0.60709228379627234,0.64855239442969126,0.70821530389086806,0.041460110633418923,0.10112302009459573,0.020375577909065523,0.5449330783938815,0.50-0.60,19,MW 7-19,neither promoted,H,favourite delivered
2022-2023,2022-10-01,Crystal Palace,Chelsea,A,0.60709228379627234,1.1900971514663983,1.189929086305356,0.58300486767012594,0.58283680250908365,0.19748253919418901,0.5449330783938815,0.50-0.60,9,MW 7-19,neither promoted,A,favourite delivered
2023-2024,2024-01-20,Brentford,Nottingham,H,0.60709228379627234,0.63816889033110547,0.63317031955115599,0.031076606534833129,0.026078035754883655,0.018132174446150451,0.5449330783938815,0.50-0.60,21,MW 20-31,neither promoted,H,favourite delivered
2022-2023,2023-02-11,Crystal Palace,Brighton,D,1.3692323358431691,1.360810456196389,1.3756960698434071,-0.0084218796467800949,0.0064637340002380306,-0.01675927868388799,0.5449330783938815,0.50-0.60,23,MW 20-31,neither promoted,A,favourite did not
2022-2023,2023-02-04,Brentford,Southampton,H,0.60709228379627234,0.37574809844320189,1.0190281086947697,-0.23134418535307044,0.41193582489849734,-0.06835151076184165,0.5449330783938815,0.50-0.60,22,MW 20-31,neither promoted,H,favourite delivered
2024-2025,2024-12-16,Bournemouth,West Ham,D,1.4692864089159734,1.4660296157300883,1.5066168850953168,-0.0032567931858851207,0.037330476179343375,0.0052593133954088045,0.54529909116818143,0.50-0.60,16,MW 7-19,neither promoted,H,favourite did not
2024-2025,2025-03-15,Bournemouth,Brentford,A,1.4692864089159734,1.2308314367411006,1.4444878772187986,-0.23845497217487277,-0.02479853169717483,-0.081984178249049133,0.54529909116818143,0.50-0.60,29,MW 20-31,neither promoted,H,favourite did not
2023-2024,2024-02-18,Luton Town,Manchester Utd,A,0.60613580357031538,0.78478098321228518,0.82316565660517238,0.1786451796419698,0.217029853034857,0.065406437241560034,0.54545454545454553,0.50-0.60,25,MW 20-31,home promoted,A,favourite delivered
2023-2024,2024-02-10,Tottenham,Brighton,H,0.60542906638253868,0.587804247598957,0.85959996518537185,-0.017624818783581686,0.25417089880283317,-0.0010960073558591577,0.54584017471928004,0.50-0.60,24,MW 20-31,neither promoted,H,favourite delivered
2022-2023,2023-04-30,Manchester Utd,Aston Villa,H,0.60542906638253868,0.90651917179139341,0.54877472094909985,0.30109010540885472,-0.056654345433438835,0.10818311263070121,0.54584017471928004,0.50-0.60,34,MW 32-38,neither promoted,H,favourite delivered
2023-2024,2024-04-28,Tottenham,Arsenal,A,0.60542906638253868,0.40169293914319498,0.60428862849167941,-0.2037361272393437,-0.0011404378908592694,-0.062488262679030626,0.54584017471928004,0.50-0.60,35,MW 32-38,neither promoted,A,favourite delivered
2025-2026,2025-09-27,Nottingham,Sunderland,A,1.6022694229554877,0.9238196701459187,1.4374699170547742,-0.67844975280956898,-0.16479950590071346,-0.24706892933886801,0.5467625899280576,0.50-0.60,6,MW 1-6,away promoted,H,favourite did not
2022-2023,2022-10-29,Newcastle,Aston Villa,H,0.60374059284436055,0.49111806943386177,0.75906957722305424,-0.11262252341049878,0.15532898437869369,-0.039610860533559916,0.5467625899280576,0.50-0.60,14,MW 7-19,neither promoted,H,favourite delivered
2024-2025,2025-01-04,Tottenham,Newcastle,A,0.60324117528277454,0.85908527291627601,1.190483042751896,0.25584409763350147,0.58724186746912144,0.092390869449529317,0.54703572096502717,0.50-0.60,20,MW 20-31,neither promoted,A,favourite delivered
2022-2023,2022-08-20,Leicester City,Southampton,A,1.5260436643858537,1.8898313436038219,1.1817154536698984,0.36378767921796817,-0.34432821071595532,0.13405754354808291,0.54727688671494845,0.50-0.60,3,MW 1-6,neither promoted,H,favourite did not
2022-2023,2023-04-02,West Ham,Southampton,H,0.60243198319115387,0.58716850011081478,0.97001627250905331,-0.015263483080339091,0.36758428931789944,-0.0041459040863292274,0.54747855708984738,0.50-0.60,29,MW 20-31,neither promoted,H,favourite delivered
2022-2023,2023-04-29,Brentford,Nottingham,H,0.60243198319115387,0.42872375015450154,0.7635226587534425,-0.17370823303665234,0.16109067556228862,-0.048285549989143292,0.54747855708984738,0.50-0.60,34,MW 32-38,away promoted,H,favourite delivered
2023-2024,2023-11-12,Chelsea,Manchester City,D,1.3755123793995214,1.576131039915371,1.5575769602891234,0.20061866051584953,0.18206458088960198,0.030101563598930681,0.54778196355808406,0.50-0.60,12,MW 7-19,neither promoted,A,favourite did not
2025-2026,2025-12-13,Chelsea,Everton,H,0.60187794792688964,0.73716192590049945,0.45793959792233274,0.1352839779736098,-0.1439383500045569,0.038824053081767562,0.54778196355808406,0.50-0.60,16,MW 7-19,neither promoted,H,favourite delivered
2025-2026,2025-12-03,Burnley,Crystal Palace,A,0.60187794792688964,0.57038853001063528,0.57425267429884375,-0.03148941791625437,-0.027625273628045899,-0.0057703485394146464,0.54778196355808406,0.50-0.60,14,MW 7-19,home promoted,A,favourite delivered
2022-2023,2023-01-03,Arsenal,Newcastle,D,1.3854269329897453,1.2541229758946102,1.2585569302476156,-0.13130395709513509,-0.12687000274212967,-0.038130834489705528,0.54960948799537168,0.50-0.60,19,MW 7-19,neither promoted,H,favourite did not
2023-2024,2024-04-06,Everton,Burnley,H,0.5985472747670928,0.74687833780670876,0.57719054096851075,0.14833106303961596,-0.02135673379858205,0.042490938644386189,0.54960948799537168,0.50-0.60,32,MW 32-38,away promoted,H,favourite delivered
2022-2023,2023-03-18,Aston Villa,Bournemouth,H,0.5985472747670928,0.4884059161859301,0.58959036934445741,-0.1101413585811627,-0.0089569054226353861,-0.029211081911828363,0.54960948799537168,0.50-0.60,28,MW 20-31,away promoted,H,favourite delivered
2022-2023,2023-04-25,Aston Villa,Fulham,H,0.5985472747670928,0.61448089101967307,0.63922550592195926,0.015933616252580274,0.040678231154866462,0.0096438382588974747,0.54960948799537168,0.50-0.60,33,MW 32-38,away promoted,H,favourite delivered
2023-2024,2023-09-01,Luton Town,West Ham,A,0.59715621351701131,0.1702617023499807,0.52490362407852709,-0.42689451116703059,-0.072252589438484227,-0.10962206295749637,0.55037456046476074,0.50-0.60,4,MW 1-6,home promoted,A,favourite delivered
2024-2025,2024-12-07,Crystal Palace,Manchester City,D,1.4353291661272145,1.2589355063190351,1.3236076201790732,-0.17639365980817945,-0.11172154594814132,-0.030638411645176111,0.55037456046476074,0.50-0.60,15,MW 7-19,neither promoted,A,favourite did not
2023-2024,2023-09-02,Brentford,Bournemouth,D,1.4353291661272145,1.7971347475549273,1.6391900399406156,0.3618055814277128,0.20386087381340112,0.10026322679092661,0.55037456046476074,0.50-0.60,4,MW 1-6,neither promoted,H,favourite did not
2024-2025,2024-10-19,Newcastle,Brighton,A,1.5531122017835979,1.3893285357002452,0.96365996445709956,-0.16378366608335271,-0.58945223732649832,-0.058064712006020702,0.55037456046476074,0.50-0.60,8,MW 7-19,neither promoted,H,favourite did not
2024-2025,2024-08-24,Aston Villa,Arsenal,A,0.59715621351701131,0.41704469870241379,0.55107724651174428,-0.18011151481459753,-0.046078967005267035,-0.055555158304908717,0.55037456046476074,0.50-0.60,2,MW 1-6,neither promoted,A,favourite delivered
2022-2023,2022-11-13,Brighton,Aston Villa,A,1.6117607938502403,1.8191164957440018,1.5286080357639757,0.20735570189376151,-0.083152758086264544,0.06059044896102278,0.5510440835266821,0.50-0.60,16,MW 7-19,neither promoted,H,favourite did not
2024-2025,2024-11-23,Aston Villa,Crystal Palace,D,1.3555073482890199,1.3150439694133025,1.2398890794214066,-0.040463378875717382,-0.11561826886761328,-0.023450284651482994,0.55139936216506213,0.50-0.60,12,MW 7-19,neither promoted,H,favourite did not
2023-2024,2024-03-02,Newcastle,Wolves,H,0.59412369242911101,0.62252091984917945,0.77045622744382403,0.028397227420068449,0.17633253501471302,0.014732968358932674,0.55204611615856525,0.50-0.60,27,MW 20-31,neither promoted,H,favourite delivered
2025-2026,2025-12-15,Manchester Utd,Bournemouth,D,1.5115698259338219,1.4769879309970666,1.5588173588022496,-0.034581894936755342,0.047247532868427644,-0.013064570135311454,0.55204611615856525,0.50-0.60,16,MW 7-19,neither promoted,H,favourite did not
2024-2025,2025-01-25,Brighton,Everton,A,1.7034773605204254,1.4628013232722756,1.7412234565419871,-0.24067603724814979,0.037746096021561648,-0.10328294081471862,0.5524619634322796,0.50-0.60,23,MW 20-31,neither promoted,H,favourite did not
2025-2026,2025-10-19,Liverpool,Manchester Utd,A,1.4975199962301149,1.9855836747297924,1.3642922019684773,0.48806367849967747,-0.13322779426163756,0.15113071187108973,0.55263157894736847,0.50-0.60,8,MW 7-19,neither promoted,H,favourite did not
2024-2025,2024-12-21,Ipswich Town,Newcastle,A,0.59211078568271169,0.59875735722015166,0.77562607173056486,0.0066465715374399714,0.18351528604785317,0.0007786975560780951,0.55315845264933783,0.50-0.60,17,MW 7-19,home promoted,A,favourite delivered
2022-2023,2022-12-26,Aston Villa,Liverpool,A,0.59070637500545364,0.6263768576601989,0.78394926771310314,0.035670482654745261,0.19324289270764949,0.012030711379618628,0.55393586005830908,0.50-0.60,17,MW 7-19,neither promoted,A,favourite delivered
2023-2024,2023-10-21,Brentford,Burnley,H,0.59070637500545364,0.26955475340429708,0.49312872525000589,-0.32115162160115657,-0.097577649755447748,-0.086006470867391716,0.55393586005830908,0.50-0.60,9,MW 7-19,away promoted,H,favourite delivered
2023-2024,2024-01-13,Newcastle,Manchester City,A,0.58932868525393423,0.76845947612856014,0.61691863034638195,0.17913079087462591,0.027589945092447721,0.074306850031720661,0.55469953775038527,0.50-0.60,21,MW 20-31,neither promoted,A,favourite delivered
2025-2026,2026-01-18,Wolves,Newcastle,D,1.4449947953116546,1.3731293768866757,1.2526834002997298,-0.071865418424978955,-0.19231139501192485,0.0021788372633113617,0.55469953775038527,0.50-0.60,22,MW 20-31,neither promoted,A,favourite did not
2024-2025,2024-12-01,Chelsea,Aston Villa,H,0.58932868525393423,0.53847771842656178,0.65318032742469068,-0.050850966827372446,0.063851642170756451,-0.013366360821161549,0.55469953775038527,0.50-0.60,13,MW 7-19,neither promoted,H,favourite delivered
2022-2023,2022-10-03,Leicester City,Nottingham,H,0.58932868525393423,0.32387805622378907,0.38517600685396708,-0.26545062903014516,-0.20415267839996715,-0.076568488756241809,0.55469953775038527,0.50-0.60,9,MW 7-19,away promoted,H,favourite delivered
2023-2024,2023-11-25,Manchester City,Liverpool,D,1.4907816522644695,1.5971765977357077,1.7058099721812039,0.10639494547123829,0.21502831991673443,-0.0037497285625580079,0.55636797503594704,0.50-0.60,13,MW 7-19,neither promoted,H,favourite did not
2023-2024,2023-12-23,Tottenham,Everton,H,0.5863253780373171,0.56553631690771966,0.63525655034198425,-0.020789061129597441,0.048931172304667148,-0.0026433713069298759,0.55636797503594704,0.50-0.60,18,MW 7-19,neither promoted,H,favourite delivered
2024-2025,2025-02-01,Bournemouth,Liverpool,A,0.5863253780373171,0.74056038259603896,0.69791516880676996,0.15423500455872186,0.11158979076945286,0.052257455941892253,0.55636797503594704,0.50-0.60,24,MW 20-31,neither promoted,A,favourite delivered
2022-2023,2023-03-17,Nottingham,Newcastle,A,0.58557964568801357,0.56710725209577639,0.66798476974825427,-0.01847239359223718,0.082405124060240698,-0.0052788099892492335,0.55678303137428198,0.50-0.60,28,MW 20-31,home promoted,A,favourite delivered
2023-2024,2023-12-02,Burnley,Sheffield United,H,0.58557964568801357,0.76816868130050941,0.44871538123872567,0.18258903561249584,-0.1368642644492879,0.076992927995518906,0.55678303137428198,0.50-0.60,14,MW 7-19,both promoted,H,favourite delivered
2024-2025,2025-03-16,Arsenal,Chelsea,H,0.58557964568801357,0.54161959594836584,0.67428567361111702,-0.043960049739647733,0.088706027923103448,-0.008859668750481664,0.55678303137428198,0.50-0.60,29,MW 20-31,neither promoted,H,favourite delivered
2024-2025,2025-02-01,Newcastle,Fulham,A,1.611848278168732,1.4352851245450902,1.1806924426187291,-0.17656315362364183,-0.43115583555000292,-0.054609182557331715,0.55747818236533253,0.50-0.60,24,MW 20-31,neither promoted,H,favourite did not
2022-2023,2022-10-30,Manchester Utd,West Ham,H,0.58433191118435235,0.70792830878293489,0.61211721624888793,0.12359639759858254,0.027785305064535581,0.034099778414229898,0.55747818236533253,0.50-0.60,14,MW 7-19,neither promoted,H,favourite delivered
2023-2024,2024-02-10,Luton Town,Sheffield United,A,1.611848278168732,2.5054505542471843,1.5069335287157091,0.89360227607845233,-0.10491474945302293,0.2597931628079565,0.55747818236533253,0.50-0.60,24,MW 20-31,both promoted,H,favourite did not
2025-2026,2026-02-28,Leeds United,Manchester City,A,0.58433191118435235,0.54990152155042171,0.83435204835038401,-0.034430389633930636,0.25002013716603166,-0.010864844463260998,0.55747818236533253,0.50-0.60,28,MW 20-31,home promoted,A,favourite delivered
2025-2026,2026-01-07,Burnley,Manchester Utd,D,1.4146802132577827,1.3796180623326784,1.4526328967594273,-0.035062150925104341,0.037952683501644602,-0.012768457912569559,0.55747818236533253,0.50-0.60,21,MW 20-31,home promoted,A,favourite did not
2022-2023,2022-10-15,Wolves,Nottingham,H,0.58407608550558332,0.66089796678919277,0.54963948705642696,0.07682188128360945,-0.034436598449156364,0.013379502678534577,0.55762081784386619,0.50-0.60,11,MW 7-19,away promoted,H,favourite delivered
2025-2026,2026-03-15,Manchester Utd,Aston Villa,H,0.58356215650716514,0.81148863071632849,0.59338957451736563,0.22792647420916334,0.0098274180102004838,0.074834034521831391,0.55790746900514065,0.50-0.60,30,MW 20-31,neither promoted,H,favourite delivered
2025-2026,2026-05-24,West Ham,Leeds United,H,0.58356215650716514,1.2416059551414609,1.1292316289360569,0.65804379863429574,0.54566947242889174,0.22024247914450368,0.55790746900514065,0.50-0.60,38,MW 32-38,away promoted,H,favourite delivered
2023-2024,2023-10-21,Nottingham,Luton Town,D,1.3563287874710384,1.4728230958667385,1.3258225041817711,0.11649430839570019,-0.0305062832892673,0.026376658821079174,0.55839183152520744,0.50-0.60,9,MW 7-19,away promoted,H,favourite did not
2023-2024,2024-02-03,Brighton,Crystal Palace,H,0.58074438227670611,0.57660366878488212,0.53929319008707155,-0.0041407134918239885,-0.041451192189634556,0.0037594106295455176,0.55948174322732624,0.50-0.60,23,MW 20-31,neither promoted,H,favourite delivered
2022-2023,2022-10-29,Bournemouth,Tottenham,A,0.58074438227670611,0.39837311210909016,0.57268036843873082,-0.18237127016761595,-0.0080640138379752813,-0.05495121162382454,0.55948174322732624,0.50-0.60,14,MW 7-19,home promoted,A,favourite delivered
2023-2024,2024-03-02,Luton Town,Aston Villa,A,0.57954132058493202,0.55579313334153424,0.60426248161870089,-0.023748187243397778,0.024721161033768868,-0.0040787255727380289,0.56015523932729627,0.50-0.60,27,MW 20-31,home promoted,A,favourite delivered
2025-2026,2026-02-10,West Ham,Manchester Utd,D,1.5144806115371603,1.4148971994815891,1.5076369534266627,-0.099583412055571197,-0.0068436581104975858,-0.02294797190450254,0.56015523932729627,0.50-0.60,26,MW 20-31,neither promoted,A,favourite did not
2023-2024,2023-09-16,Wolves,Liverpool,A,0.57954132058493202,0.36398962347021402,0.69943727042333581,-0.215551697114718,0.11989594983840379,-0.064422547516839651,0.56015523932729627,0.50-0.60,5,MW 1-6,neither promoted,A,favourite delivered
2024-2025,2024-10-20,Liverpool,Chelsea,H,0.57846577165086943,0.5925948652385945,0.46418392689257582,0.014129093587725072,-0.11428184475829362,0.0011031531824957225,0.56075803780938671,0.50-0.60,8,MW 7-19,neither promoted,H,favourite delivered
2024-2025,2024-11-30,Nottingham,Ipswich Town,H,0.57823830003342436,0.61872304933760114,0.50887319733622027,0.040484749304176781,-0.069365102697204084,0.0092587427384742682,0.56088560885608862,0.50-0.60,13,MW 7-19,away promoted,H,favourite delivered
2023-2024,2024-02-12,Crystal Palace,Chelsea,A,0.57823830003342436,0.9115918182618119,1.1751369957393631,0.33335351822838755,0.59689869570593879,0.12397728191372216,0.56088560885608862,0.50-0.60,24,MW 20-31,neither promoted,A,favourite delivered
2022-2023,2023-04-16,Nottingham,Manchester Utd,A,0.57823830003342436,0.60548381549908803,0.7516955936133809,0.027245515465663672,0.17345729357995654,0.010312092900030087,0.56088560885608862,0.50-0.60,31,MW 20-31,home promoted,A,favourite delivered
2023-2024,2024-03-30,Sheffield United,Fulham,D,1.4339044100911447,1.7366744201311903,1.5354517724883436,0.30277001004004567,0.10154736239719897,0.079378520209418268,0.56088560885608862,0.50-0.60,30,MW 20-31,home promoted,A,favourite did not
2024-2025,2024-08-19,Leicester City,Tottenham,D,1.4824954095800171,1.4593063551575471,1.3776096407531584,-0.02318905442246999,-0.10488576882685874,-0.029798854389519264,0.56099732858414963,0.50-0.60,1,MW 1-6,home promoted,A,favourite did not
2022-2023,2023-05-15,Leicester City,Liverpool,A,0.57803913535286477,0.482331841242915,0.72732538037051153,-0.09570729410994977,0.14928624501764676,-0.023945545861351905,0.56099732858414963,0.50-0.60,36,MW 32-38,neither promoted,A,favourite delivered
2023-2024,2023-12-06,Brighton,Brentford,H,0.57803913535286455,0.80151216249090951,0.53960300549321139,0.22347302713804496,-0.038436129859653168,0.093768476880803628,0.56099732858414975,0.50-0.60,15,MW 7-19,neither promoted,H,favourite delivered
2025-2026,2025-08-30,Chelsea,Fulham,H,0.57649205108828649,0.55784265075089767,0.64057920185184447,-0.018649400337388822,0.064087150763557976,-0.006052746255897315,0.56186591043508594,0.50-0.60,3,MW 1-6,neither promoted,H,favourite delivered
2025-2026,2026-02-12,Brentford,Arsenal,D,1.3851709758678783,1.2858090388329566,1.238379265072072,-0.099361937034921688,-0.14679171079580633,-0.018964590203600196,0.56200824278756101,0.50-0.60,26,MW 20-31,neither promoted,A,favourite did not
2024-2025,2024-12-22,Everton,Chelsea,D,1.4738932789355657,1.3372983364490403,1.3243612234274593,-0.13659494248652537,-0.14953205550810633,-0.003132606629716872,0.56229428257954406,0.50-0.60,17,MW 7-19,neither promoted,A,favourite did not
2025-2026,2026-03-04,Brighton,Arsenal,A,0.57294015678512444,0.64056540175806065,0.7295366976461376,0.067625244972936205,0.15659654086101316,0.017861472255362693,0.56386514719848058,0.50-0.60,29,MW 20-31,neither promoted,A,favourite delivered
2024-2025,2025-01-04,Bournemouth,Everton,H,0.57294015678512444,0.7470261282775843,0.63359104929847065,0.17408597149245986,0.060650892513346211,0.043928634765610208,0.56386514719848058,0.50-0.60,20,MW 20-31,neither promoted,H,favourite delivered
2025-2026,2026-03-14,Chelsea,Newcastle,A,1.524492988950501,1.554667541793624,1.1423978392284158,0.030174552843122981,-0.38209514972208525,0.0028873633377025643,0.5645371577574968,0.50-0.60,30,MW 20-31,neither promoted,H,favourite did not
2025-2026,2025-11-01,Liverpool,Aston Villa,H,0.57174907336476621,0.77714229785473576,0.65955910303101195,0.20539322448996955,0.087810029666245737,0.070213018411816513,0.5645371577574968,0.50-0.60,10,MW 7-19,neither promoted,H,favourite delivered
2024-2025,2025-04-03,Chelsea,Tottenham,H,0.57174907336476621,0.84163686135270388,0.69195796449423153,0.26988778798793767,0.12020889112946531,0.10597222744130416,0.5645371577574968,0.50-0.60,30,MW 20-31,neither promoted,H,favourite delivered
2024-2025,2025-05-03,Arsenal,Bournemouth,A,1.6157800340464288,1.7239210389231898,1.4941002941302823,0.10814100487676104,-0.12167973991614645,0.025063842983392259,0.56526589810338423,0.50-0.60,35,MW 32-38,neither promoted,H,favourite did not
2022-2023,2023-02-25,Crystal Palace,Liverpool,D,1.4439297771197697,1.3158784654365667,1.4516779002329856,-0.12805131168320294,0.0077481231132159323,-0.029435731200904564,0.56526589810338423,0.50-0.60,25,MW 20-31,neither promoted,A,favourite did not
2025-2026,2025-12-08,Wolves,Manchester Utd,A,0.57045904242854251,0.56242020207069909,0.6847718631248737,-0.0080388403578434131,0.1143128206963312,-0.0038848436428803451,0.56526589810338423,0.50-0.60,15,MW 7-19,neither promoted,A,favourite delivered
2022-2023,2023-04-17,Leeds United,Liverpool,A,0.57026186466742979,0.4594956328974637,0.66371878639066695,-0.11076623176996608,0.093456921723237163,-0.03123368786156816,0.56537736695683394,0.50-0.60,31,MW 20-31,neither promoted,A,favourite delivered
2025-2026,2025-09-13,Crystal Palace,Sunderland,D,1.3376906248629312,1.2415809768875732,1.328884386437075,-0.096109647975358037,-0.0088062384258562609,-0.04656488841618811,0.56576277966682864,0.50-0.60,4,MW 1-6,away promoted,H,favourite did not
2023-2024,2023-12-23,Fulham,Burnley,A,1.712664416180415,2.1916224240339259,1.4790621085836519,0.47895800785351095,-0.23360230759676304,0.17540982693830376,0.56707712248865849,0.50-0.60,18,MW 7-19,away promoted,H,favourite did not
2024-2025,2024-09-14,Aston Villa,Everton,H,0.5672599660055464,0.44242787824197283,0.74341071100980327,-0.12483208776357357,0.17615074500425687,-0.036490535600521429,0.56707712248865849,0.50-0.60,4,MW 1-6,neither promoted,H,favourite delivered
2023-2024,2023-09-30,Everton,Luton Town,A,1.712664416180415,1.9213274026259264,1.9866813521908584,0.2086629864455114,0.27401693601044341,0.068011016501353327,0.56707712248865849,0.50-0.60,7,MW 7-19,away promoted,H,favourite did not
2023-2024,2023-12-07,Tottenham,West Ham,A,1.5943384934084885,1.520008747637396,1.6133191817748429,-0.074329745771092526,0.018980688366354359,0.0160153167348423,0.5673254656618798,0.50-0.60,15,MW 7-19,neither promoted,H,favourite did not
2024-2025,2024-12-07,Manchester Utd,Nottingham,A,1.6631802245669642,1.5355191089239131,1.2668147963088396,-0.12766111564305116,-0.3963654282581246,-0.064218118434505422,0.56747082617932088,0.50-0.60,15,MW 7-19,neither promoted,H,favourite did not
2024-2025,2024-09-21,Aston Villa,Wolves,H,0.56523904548978499,0.45339583511504916,0.57136695729480658,-0.11184321037473582,0.0061279118050215908,-0.03149645056395585,0.56822429906542049,0.50-0.60,5,MW 1-6,neither promoted,H,favourite delivered
2024-2025,2024-09-28,Newcastle,Manchester City,D,1.4628496984638368,1.7105953791355508,1.6384692986238802,0.24774568067171399,0.17561960016004341,0.059961514936057031,0.5685384402049366,0.50-0.60,6,MW 1-6,neither promoted,A,favourite did not
2025-2026,2026-02-01,Tottenham,Manchester City,D,1.4628496984638368,1.3570354189690896,1.2219547753237112,-0.1058142794947472,-0.24089492314012562,-0.0056436304511540414,0.5685384402049366,0.50-0.60,24,MW 20-31,neither promoted,A,favourite did not
2025-2026,2026-01-04,Newcastle,Crystal Palace,H,0.56468635118223842,0.71298826161261331,0.76949624235387015,0.14830191043037488,0.20480989117163173,0.044078496788741428,0.5685384402049366,0.50-0.60,20,MW 20-31,neither promoted,H,favourite delivered
2023-2024,2024-04-21,Fulham,Liverpool,A,0.56348964878869356,0.63288158977923281,0.63548169218857531,0.069391940990539247,0.071992043399881744,0.018725919804758476,0.56921921878058257,0.50-0.60,34,MW 32-38,neither promoted,A,favourite delivered
2023-2024,2024-01-21,Bournemouth,Liverpool,A,0.56348964878869356,0.53289314098125729,0.59096488110237932,-0.03059650780743628,0.02747523231368576,-0.0095092857106018197,0.56921921878058257,0.50-0.60,21,MW 20-31,neither promoted,A,favourite delivered
2023-2024,2024-02-18,Sheffield United,Brighton,A,0.56348964878869356,0.45705791249465272,0.40578642455059427,-0.10643173629404085,-0.15770322423809929,-0.033064676114397409,0.56921921878058257,0.50-0.60,25,MW 20-31,home promoted,A,favourite delivered
2025-2026,2026-04-25,Wolves,Tottenham,A,0.56348964878869356,0.92589507575789864,0.89030293983066178,0.36240542696920508,0.32681329104196821,0.11447407924705201,0.56921921878058257,0.50-0.60,34,MW 32-38,neither promoted,A,favourite delivered
2024-2025,2025-05-25,Manchester Utd,Aston Villa,H,1.5547434191363039,1.4792035338065361,1.0000665483465356,-0.075539885329767742,-0.55467687078976824,-0.037819846315480965,0.56921921878058257,0.50-0.60,38,MW 32-38,neither promoted,A,favourite did not
2024-2025,2025-04-16,Newcastle,Crystal Palace,H,0.56137248579605614,0.67288170465939368,0.94046157673265685,0.11150921886333753,0.3790890909366007,0.046153497278490677,0.57042562527424312,0.50-0.60,29,MW 20-31,neither promoted,H,favourite delivered
2024-2025,2024-12-04,Aston Villa,Brentford,H,0.56047256365540443,0.8383633512025308,0.71563482721467131,0.27789078754712637,0.15516226355926688,0.1076467961407373,0.57093919497573509,0.50-0.60,14,MW 7-19,neither promoted,H,favourite delivered
2022-2023,2023-03-04,Brighton,West Ham,H,0.56047256365540443,0.56717695318440187,0.4579815499023942,0.0067043895289974342,-0.10249101375301023,0.0046643198596068441,0.57093919497573509,0.50-0.60,26,MW 20-31,neither promoted,H,favourite delivered
2024-2025,2024-10-05,Crystal Palace,Liverpool,A,0.56047256365540443,0.56594421011249041,0.67490015064743114,0.0054716464570859769,0.11442758699202671,-0.0012146115096433874,0.57093919497573509,0.50-0.60,7,MW 7-19,neither promoted,A,favourite delivered
2025-2026,2025-11-22,Bournemouth,West Ham,D,1.4697174365038217,1.6158245852543811,1.581710860911411,0.14610714875055941,0.1119934244075893,0.025919408514129855,0.57149145330496665,0.50-0.60,12,MW 7-19,neither promoted,H,favourite did not
2023-2024,2024-02-17,Brentford,Liverpool,A,0.55915739431052713,0.49668661949707266,0.49914664530817887,-0.062470774813454477,-0.060010749002348263,-0.018408461248065527,0.57169057068760476,0.50-0.60,25,MW 20-31,neither promoted,A,favourite delivered
2024-2025,2024-10-26,Brentford,Ipswich Town,H,0.55915739431052713,0.36438010178360569,0.46690817510946225,-0.19477729252692144,-0.09224921920106488,-0.05929366642704658,0.57169057068760476,0.50-0.60,9,MW 7-19,away promoted,H,favourite delivered
2023-2024,2023-12-15,Nottingham,Tottenham,A,0.55915739431052713,0.59684199119995707,0.6663378250181744,0.037684596889429933,0.10718043070764727,0.022965150981133067,0.57169057068760476,0.50-0.60,17,MW 7-19,neither promoted,A,favourite delivered
2023-2024,2024-05-04,Sheffield United,Nottingham,A,0.55915739431052713,0.69271035395245117,0.74647657430095427,0.13355295964192404,0.18731917999042713,0.04837692773829004,0.57169057068760476,0.50-0.60,36,MW 32-38,home promoted,A,favourite delivered
2022-2023,2022-10-19,Newcastle,Everton,H,0.55875612744835224,0.48191446500864454,0.52418870965995501,-0.076841662439707692,-0.034567417788397226,-0.027608064052172782,0.57192001720060204,0.50-0.60,12,MW 7-19,neither promoted,H,favourite delivered
2024-2025,2024-12-29,Tottenham,Wolves,D,1.5231094977648891,1.7986629763877302,1.5636200553383897,0.27555347862284107,0.040510557573500527,0.054031053722569305,0.57217107871206463,0.50-0.60,19,MW 7-19,neither promoted,H,favourite did not
2023-2024,2023-12-09,Manchester Utd,Bournemouth,A,1.5616193525267648,1.7333619377319829,1.3527168552453008,0.17174258520521812,-0.20890249728146393,0.056130928699567706,0.57217107871206463,0.50-0.60,16,MW 7-19,neither promoted,H,favourite did not
2022-2023,2022-10-16,Leeds United,Arsenal,A,0.55790003115191955,0.48186507991164612,0.44002136049870394,-0.07603495124027343,-0.11787867065321561,-0.021377125821451723,0.5724098454493417,0.50-0.60,11,MW 7-19,neither promoted,A,favourite delivered
2022-2023,2022-08-22,Manchester Utd,Liverpool,H,1.6079163883201084,2.4476398306131117,1.6615850789776028,0.83972344229300333,0.053668690657494356,0.21498160914270825,0.57316057114948149,0.50-0.60,3,MW 1-6,neither promoted,A,favourite did not
2022-2023,2023-02-25,West Ham,Nottingham,H,0.5556709015768907,0.78032428288559463,0.82121508979358182,0.22465338130870394,0.26554418821669112,0.066163569824591817,0.57368724437978647,0.50-0.60,25,MW 20-31,away promoted,H,favourite delivered
2022-2023,2022-08-30,Southampton,Chelsea,H,1.6639834881741531,1.630513134118394,1.3400128616717466,-0.033470354055759044,-0.32397062650240649,-0.0019910800172434628,0.57388809182209466,0.50-0.60,5,MW 1-6,neither promoted,A,favourite did not
2022-2023,2022-09-03,Chelsea,West Ham,H,0.55532086365254196,0.63025052227720424,0.65284394711851856,0.074929658624662276,0.097523083465976601,0.02208880437747282,0.57388809182209466,0.50-0.60,6,MW 1-6,neither promoted,H,favourite delivered
2023-2024,2023-12-27,Everton,Manchester City,A,0.55532086365254196,0.63313955286674717,0.7192805574942297,0.077818689214205206,0.16395969384168774,0.033399787453656765,0.57388809182209466,0.50-0.60,19,MW 7-19,neither promoted,A,favourite delivered
2023-2024,2024-03-10,West Ham,Burnley,D,1.4408399368599434,1.6213425484699071,1.4316858967792681,0.18050261160996373,-0.0091540400806753297,0.037178006747653869,0.57388809182209466,0.50-0.60,28,MW 20-31,away promoted,H,favourite did not
2023-2024,2024-04-15,Chelsea,Everton,H,0.55532086365254196,0.67498693956792433,0.72955230686567607,0.11966607591538236,0.17423144321313411,0.039216016295395645,0.57388809182209466,0.50-0.60,33,MW 32-38,neither promoted,H,favourite delivered
2024-2025,2025-04-26,Southampton,Fulham,A,0.55532086365254196,0.34179059694748304,0.49012311519942975,-0.21353026670505892,-0.065197748453112214,-0.060923201616136638,0.57388809182209466,0.50-0.60,34,MW 32-38,home promoted,A,favourite delivered
2024-2025,2024-08-16,Manchester Utd,Fulham,H,0.55464176549676347,0.74071546927248788,0.73398977878108118,0.18607370377572441,0.17934801328431771,0.066344170431833938,0.57427795052805564,0.50-0.60,1,MW 1-6,neither promoted,H,favourite delivered
2025-2026,2025-11-02,West Ham,Newcastle,H,1.6113840693895864,1.6741248420661821,1.3008447250338098,0.062740772676595613,-0.31053934435577668,0.014575568157090768,0.57463815078850733,0.50-0.60,10,MW 7-19,neither promoted,A,favourite did not
2024-2025,2025-04-02,Newcastle,Brentford,H,0.55401473925552558,0.78542700138415567,0.73406870705637217,0.23141226212863009,0.18005396780084659,0.091255136125181782,0.57463815078850733,0.50-0.60,30,MW 20-31,neither promoted,H,favourite delivered
2024-2025,2024-09-14,Crystal Palace,Leicester City,D,1.4125695029216878,1.3248460883102815,1.387738880875419,-0.087723414611406314,-0.024830622046268847,-0.011906270829967619,0.57558507273877291,0.50-0.60,4,MW 1-6,away promoted,H,favourite did not
2023-2024,2023-10-07,Burnley,Chelsea,A,0.55135043127341687,0.7294283188544155,0.61002502001419556,0.17807788758099863,0.058674588740778688,0.058607149543433976,0.57617120515810416,0.50-0.60,8,MW 7-19,home promoted,A,favourite delivered
2022-2023,2023-02-04,Newcastle,West Ham,D,1.3847780606019269,1.3759961094800071,1.3166402908997987,-0.0087819511219198176,-0.068137769702128148,0.040270686015124124,0.57663125948406668,0.50-0.60,22,MW 20-31,neither promoted,H,favourite did not
2023-2024,2023-09-16,Fulham,Luton Town,H,0.55004633691927207,0.16807511208411011,0.34355651295899786,-0.38197122483516199,-0.20648982396027421,-0.088291826290100656,0.57692307692307687,0.50-0.60,5,MW 1-6,away promoted,H,favourite delivered
2024-2025,2024-11-24,Ipswich Town,Manchester Utd,D,1.4597419421031836,1.2820133440226422,1.4113279387355937,-0.17772859808054142,-0.048414003367589942,-0.03711266451594572,0.57722089258059972,0.50-0.60,12,MW 7-19,home promoted,A,favourite did not
2022-2023,2022-08-27,Brighton,Leeds United,H,0.54880930837859732,0.53222559690119331,0.56100935905204119,-0.016583711477404006,0.012200050673443874,-0.0063725840603470058,0.5776371888323476,0.50-0.60,4,MW 1-6,neither promoted,H,favourite delivered
2023-2024,2024-01-22,Brighton,Wolves,D,1.4514114185767513,1.5803782064908261,1.7137216338121006,0.12896678791407479,0.26231021523534936,-0.0021357126343888588,0.578368999421631,0.50-0.60,21,MW 20-31,neither promoted,H,favourite did not
2025-2026,2025-08-31,Nottingham,West Ham,A,1.6745549698909612,1.8683499709048177,1.2845680498957202,0.19379500101385649,-0.38998691999524104,0.075006882255592155,0.578368999421631,0.50-0.60,3,MW 1-6,neither promoted,H,favourite did not
2022-2023,2023-01-05,Chelsea,Manchester City,A,0.54754320670115342,0.63228102955214494,0.56657910506377862,0.084737822850991518,0.019035898362625203,0.027555369065486002,0.578368999421631,0.50-0.60,19,MW 7-19,neither promoted,A,favourite delivered
2024-2025,2024-09-01,Chelsea,Crystal Palace,D,1.512006185493693,1.5657027071457101,1.376138550582565,0.053696521652017104,-0.13586763491112808,-0.0042520172780270982,0.57855947341031522,0.50-0.60,3,MW 1-6,neither promoted,H,favourite did not
2025-2026,2026-03-14,West Ham,Manchester City,D,1.512006185493693,1.5319449434726957,1.4441550294589092,0.019938757979002686,-0.067851156034783866,0.031037871264408795,0.57855947341031522,0.50-0.60,30,MW 20-31,neither promoted,A,favourite did not
2022-2023,2022-10-08,Newcastle,Brentford,H,0.54626171172409943,0.71577169378060368,0.61633049019508246,0.16950998205650425,0.070068778470983029,0.052239862377017401,0.57911065149948293,0.50-0.60,10,MW 7-19,neither promoted,H,favourite delivered
2025-2026,2025-10-05,Brentford,Manchester City,A,0.54625082612628939,0.55823848789652353,0.71706308609510394,0.011987661770234137,0.17081225996881455,0.0064859563236802642,0.57911695549943398,0.50-0.60,7,MW 7-19,neither promoted,A,favourite delivered
2025-2026,2025-09-14,Manchester City,Manchester Utd,H,0.54625082612628939,0.47826923341377708,0.72084261648831738,-0.067981592712512307,0.17459179036202799,-0.021757007226760883,0.57911695549943398,0.50-0.60,4,MW 1-6,neither promoted,H,favourite delivered
2023-2024,2024-03-10,Brighton,Nottingham,H,0.54625082612628939,0.61878431490254737,0.50194223299535623,0.072533488776257982,-0.04430859313093316,0.026993576991917012,0.57911695549943398,0.50-0.60,28,MW 20-31,neither promoted,H,favourite delivered
2023-2024,2024-01-31,Liverpool,Chelsea,H,0.54625082612628939,0.3099946824573806,0.34681971595207783,-0.23625614366890879,-0.19943111017421156,-0.067037228691462197,0.57911695549943398,0.50-0.60,22,MW 20-31,neither promoted,H,favourite delivered
2024-2025,2024-12-08,Leicester City,Brighton,D,1.4782932796205597,1.4128643301860035,1.3780542525463308,-0.065428949434556127,-0.10023902707422883,-0.037859820045133552,0.58043117744610273,0.50-0.60,15,MW 7-19,home promoted,A,favourite did not
2022-2023,2023-04-01,Manchester City,Liverpool,H,0.54398404224372598,0.49010787142822992,0.54242901855337555,-0.053876170815496061,-0.0015550236903504322,-0.013215766597682463,0.58043117744610284,0.50-0.60,29,MW 20-31,neither promoted,H,favourite delivered
2024-2025,2025-01-18,Newcastle,Bournemouth,A,1.6526466667653372,1.4707244808379791,1.1961589337392136,-0.18192218592735809,-0.45648773302612367,-0.077127268282768169,0.58043117744610284,0.50-0.60,22,MW 20-31,neither promoted,H,favourite did not
2022-2023,2023-03-12,Newcastle,Wolves,H,0.54282488877223989,0.50814282096156838,0.52063786646051935,-0.034682067810671513,-0.022187022311720539,-0.014127009827757858,0.58110437635544676,0.50-0.60,27,MW 20-31,neither promoted,H,favourite delivered
2024-2025,2025-02-22,Bournemouth,Wolves,A,1.668825430191984,1.8565870784454215,1.4084106411093569,0.18776164825343744,-0.26041478908262716,0.062827258833162536,0.58169229896146635,0.50-0.60,26,MW 20-31,neither promoted,H,favourite did not
2023-2024,2023-09-24,Arsenal,Tottenham,D,1.5226632609226949,1.8010078220454844,1.6486720915595816,0.27834456112278949,0.12600883063688673,0.023533335704422814,0.58302694949414779,0.50-0.60,6,MW 1-6,neither promoted,H,favourite did not
2024-2025,2025-05-04,Brentford,Manchester Utd,H,0.53952186815258907,0.63877069002233222,0.99220367555118449,0.099248821869743153,0.45268180739859543,0.03086306024926537,0.58302694949414779,0.50-0.60,35,MW 32-38,neither promoted,H,favourite delivered
2025-2026,2026-01-31,Liverpool,Newcastle,H,0.53952186815258907,0.82866564017622468,0.85474781034985248,0.28914377202363561,0.31522594219726341,0.092325866933415726,0.58302694949414779,0.50-0.60,24,MW 20-31,neither promoted,H,favourite delivered
2023-2024,2024-02-04,Bournemouth,Nottingham,D,1.5421524000779718,1.4846184618815526,1.4327194900563966,-0.057533938196419276,-0.10943291002157518,-0.025266171718759806,0.58341862845445247,0.50-0.60,23,MW 20-31,neither promoted,H,favourite did not
2022-2023,2023-04-26,Manchester City,Arsenal,H,0.5385797472363445,0.43403914057896292,0.46248392638938141,-0.10454060665738157,-0.076095820846963091,-0.024016981041448587,0.58357649020425184,0.50-0.60,33,MW 32-38,neither promoted,H,favourite delivered
2022-2023,2023-05-28,Everton,Bournemouth,H,0.5385797472363445,0.72833118081610015,0.60877393808850033,0.18975143357975566,0.070194190852155836,0.069362800596079327,0.58357649020425184,0.50-0.60,38,MW 32-38,away promoted,H,favourite delivered
2023-2024,2023-08-12,Newcastle,Aston Villa,H,0.5385797472363445,0.66827412071378745,0.56732718815829741,0.12969437347744295,0.028747440921952916,0.045750714354277439,0.58357649020425184,0.50-0.60,1,MW 1-6,neither promoted,H,favourite delivered
2023-2024,2023-11-12,Aston Villa,Fulham,H,0.5385797472363445,0.40423493635019125,0.45189774402527466,-0.13434481088615324,-0.086682003211069836,-0.035746737476355095,0.58357649020425184,0.50-0.60,12,MW 7-19,neither promoted,H,favourite delivered
2023-2024,2023-10-28,Chelsea,Brentford,A,1.7143816745955842,1.0626452763862129,1.22825663587142,-0.65173639820937135,-0.48612503872416424,-0.21337622246383736,0.58357649020425184,0.50-0.60,10,MW 7-19,neither promoted,H,favourite did not
2022-2023,2023-01-18,Crystal Palace,Manchester Utd,D,1.4234733643616446,1.318574618560324,1.360462439946972,-0.10489874580132064,-0.063010924414672598,-0.027653156997901995,0.58394160583941612,0.50-0.60,7,MW 7-19,neither promoted,A,favourite did not
2022-2023,2022-10-09,West Ham,Fulham,H,0.5376399191098078,0.77723945114613568,0.70229034108680044,0.23959953203632789,0.16465042197699264,0.083985243171909113,0.58412520961430969,0.50-0.60,10,MW 7-19,away promoted,H,favourite delivered
2023-2024,2023-11-25,Brentford,Arsenal,A,0.5376399191098078,0.74090044908677566,0.74979061286350956,0.20326052997696786,0.21215069375370177,0.081929570228611526,0.58412520961430969,0.50-0.60,13,MW 7-19,neither promoted,A,favourite delivered
2023-2024,2024-02-24,Manchester Utd,Fulham,A,1.6457770627525219,1.4055200476914822,1.2100563706395036,-0.24025701506103969,-0.43572069211301834,-0.086046057212728233,0.58443223690426382,0.50-0.60,26,MW 20-31,neither promoted,H,favourite did not
2025-2026,2025-09-29,Everton,West Ham,D,1.4150028787919253,1.3900907633320048,1.3090003258849097,-0.024912115459920559,-0.10600255290701566,-0.0017506238296697008,0.58481923769016841,0.50-0.60,6,MW 1-6,neither promoted,H,favourite did not
2025-2026,2026-01-17,Nottingham,Arsenal,D,1.4150028787919253,1.3660998899501824,1.2471539618483369,-0.048902988841742934,-0.16784891694358839,0.015867377669558896,0.58481923769016853,0.50-0.60,22,MW 20-31,neither promoted,A,favourite did not
2023-2024,2023-12-06,Aston Villa,Manchester City,H,1.6633380353666156,1.0720555214213323,1.4106629997124964,-0.59128251394528331,-0.2526750356541192,-0.17839783030952661,0.58489304812834231,0.50-0.60,15,MW 7-19,neither promoted,A,favourite did not
2024-2025,2025-04-19,West Ham,Southampton,D,1.4889846482218381,1.5823864362642128,1.5306445497996302,0.093401788042374756,0.041659901577792091,0.035439269998468415,0.58489304812834231,0.50-0.60,33,MW 32-38,away promoted,H,favourite did not
2024-2025,2025-04-12,Manchester City,Crystal Palace,H,0.53632627217680806,0.73839224513525981,0.64862645107541983,0.20206597295845175,0.11230017889861177,0.067556966853504874,0.58489304812834231,0.50-0.60,32,MW 32-38,neither promoted,H,favourite delivered
2025-2026,2025-12-27,Nottingham,Manchester City,A,0.53632627217680806,0.44843221706460451,0.65194443801826762,-0.087894055112203551,0.11561816584145956,-0.027038041392738132,0.58489304812834231,0.50-0.60,18,MW 7-19,neither promoted,A,favourite delivered
2024-2025,2024-10-19,Manchester Utd,Brentford,H,0.53632627217680806,0.95309570398560328,0.68801638295510459,0.41676943180879522,0.15169011077829653,0.1381216956500198,0.58489304812834231,0.50-0.60,8,MW 7-19,neither promoted,H,favourite delivered
2022-2023,2023-05-20,Nottingham,Arsenal,H,1.6633380353666156,1.7507908573234676,1.398663116496877,0.087452821956852,-0.2646749188697386,0.067018570529954746,0.58489304812834231,0.50-0.60,37,MW 32-38,home promoted,A,favourite did not
2023-2024,2024-02-03,Sheffield United,Aston Villa,A,0.53632627217680806,0.38278536616772085,0.54652514588543111,-0.15354090600908721,0.010198873708623046,-0.044374270708943377,0.58489304812834231,0.50-0.60,23,MW 20-31,home promoted,A,favourite delivered
2025-2026,2025-12-02,Fulham,Manchester City,A,0.53632627217680806,0.63772474159335657,0.71449210850929357,0.10139846941654851,0.17816583633248551,0.032273423045048599,0.58489304812834231,0.50-0.60,14,MW 7-19,neither promoted,A,favourite delivered
2022-2023,2022-11-05,Leeds United,Bournemouth,H,0.53600592229628907,0.52696134211293622,0.69119724776520342,-0.0090445801833528572,0.15519132546891434,-0.0040664193442134233,0.58508044856167718,0.50-0.60,15,MW 7-19,away promoted,H,favourite delivered
2022-2023,2022-10-24,West Ham,Bournemouth,H,0.53600592229628907,0.44388067895955469,0.57411709619704743,-0.092125243336734386,0.038111173900758355,-0.032051438329713439,0.58508044856167718,0.50-0.60,13,MW 7-19,away promoted,H,favourite delivered
2022-2023,2023-02-11,Bournemouth,Newcastle,D,1.3879301668506341,1.5016494521256862,1.3250843667346019,0.11371928527505215,-0.062845800116032136,0.051496014972157722,0.58546126845475743,0.50-0.60,23,MW 20-31,home promoted,A,favourite did not
2025-2026,2026-03-03,Everton,Burnley,H,0.5353552493625866,0.58235264632809136,0.59982790485163262,0.046997396965504756,0.064472655489046016,0.012775179152885452,0.58546126845475743,0.50-0.60,29,MW 20-31,away promoted,H,favourite delivered
2022-2023,2023-01-01,Tottenham,Aston Villa,A,1.6922739180132496,1.9404079189452244,1.4058068651492797,0.2481340009319748,-0.2864670528639699,0.083268018077562345,0.58577405857740594,0.50-0.60,18,MW 7-19,neither promoted,H,favourite did not
2022-2023,2023-05-13,Leeds United,Newcastle,D,1.5299246698323496,1.8601196808378921,1.5585490139136795,0.33019501100554249,0.028624344081329856,0.063582391938911242,0.58604379478850566,0.50-0.60,36,MW 32-38,neither promoted,A,favourite did not
2024-2025,2025-01-14,Nottingham,Liverpool,D,1.4613592952444492,1.3051017518000483,1.3518943388168028,-0.1562575434444009,-0.10946495642764642,-0.039438084953822367,0.58696007853403132,0.50-0.60,21,MW 20-31,neither promoted,A,favourite did not
2025-2026,2026-04-13,Manchester Utd,Leeds United,A,1.7086003981377196,1.586881693495906,1.5197452699075762,-0.12171870464181356,-0.18885512823014339,-0.045277378795833267,0.58696007853403132,0.50-0.60,32,MW 32-38,away promoted,H,favourite did not
2023-2024,2024-01-30,Crystal Palace,Sheffield United,H,0.53180403015118261,0.45503640679692126,0.40476423379217352,-0.07676762335426135,-0.12703979635900908,-0.019359081494959601,0.58754406580493523,0.50-0.60,22,MW 20-31,away promoted,H,favourite delivered
2025-2026,2026-05-19,Bournemouth,Manchester City,D,1.5528985020184356,1.3271579587425077,1.3046248265076137,-0.22574054327592785,-0.24827367551082191,-0.038971221665400513,0.58787128712871284,0.50-0.60,37,MW 32-38,neither promoted,A,favourite did not
2025-2026,2025-11-22,Burnley,Chelsea,A,0.53118831828487534,0.54868205293691752,0.36288312316874266,0.017493734652042181,-0.16830519511613268,0.0071750778947715227,0.5879059350503919,0.50-0.60,12,MW 7-19,home promoted,A,favourite delivered
2025-2026,2026-02-07,Wolves,Chelsea,A,0.53118831828487534,0.49173406665884839,0.88967123945727644,-0.039454251626026948,0.3584829211724011,-0.019368921149628085,0.5879059350503919,0.50-0.60,25,MW 20-31,neither promoted,A,favourite delivered
2023-2024,2023-10-29,Brighton,Fulham,D,1.4342290475063044,1.8575439245393592,1.9353817093205781,0.42331487703305481,0.50115266181427365,0.05722764333572114,0.58839261834715162,0.50-0.60,10,MW 7-19,neither promoted,H,favourite did not
2023-2024,2024-04-06,Aston Villa,Brentford,D,1.4342290475063044,1.4814345808322995,1.4739112756627888,0.047205533325995086,0.039682228156484367,-0.0038347418143964418,0.58839261834715162,0.50-0.60,32,MW 32-38,neither promoted,H,favourite did not
2022-2023,2023-04-04,Leeds United,Nottingham,H,0.53036083563070657,0.51788482451216911,0.78894703375367581,-0.012476011118537467,0.25858619812296924,-5.8408258378384037e-05,0.58839261834715162,0.50-0.60,7,MW 7-19,away promoted,H,favourite delivered
2022-2023,2023-02-13,Liverpool,Everton,H,0.53036083563070657,0.36173619533859652,0.40969030665828132,-0.16862464029211005,-0.12067052897242525,-0.047912740361493018,0.58839261834715162,0.50-0.60,23,MW 20-31,neither promoted,H,favourite delivered
2022-2023,2023-01-01,Nottingham,Chelsea,D,1.4342290475063044,1.399524724167692,1.3212491440600183,-0.034704323338612397,-0.11297990344628617,0.021294216998196586,0.58839261834715162,0.50-0.60,18,MW 7-19,home promoted,A,favourite did not
2024-2025,2024-12-08,Fulham,Arsenal,D,1.5126713639976452,1.4287589342164855,1.2635432797243757,-0.083912429781159759,-0.24912808427326949,-0.00363106337735003,0.5888816959792843,0.50-0.60,15,MW 7-19,neither promoted,A,favourite did not
2025-2026,2025-10-04,Manchester Utd,Sunderland,H,0.52952997122753942,1.6015903479971219,0.50391897053951873,1.0720603767695824,-0.025611000688020691,0.31873158463276785,0.58888169597928441,0.50-0.60,7,MW 7-19,away promoted,H,favourite delivered
2025-2026,2026-01-31,Chelsea,West Ham,H,0.52952997122753942,0.3620158748812497,0.48172684953278533,-0.16751409634628972,-0.047803121694754092,-0.051114581037135037,0.58888169597928441,0.50-0.60,24,MW 20-31,neither promoted,H,favourite delivered
2025-2026,2026-01-18,Aston Villa,Everton,A,1.7957086094999217,1.7608452755137736,1.4807881753702679,-0.034863333986148159,-0.31492043412965387,-0.031032282327613125,0.58923222449944823,0.50-0.60,22,MW 20-31,neither promoted,H,favourite did not
2023-2024,2024-01-13,Chelsea,Fulham,H,0.52726124451426593,0.67919025819183598,0.60869906659920148,0.15192901367757006,0.081437822084935552,0.059933448828129135,0.59021922428330531,0.50-0.60,21,MW 20-31,neither promoted,H,favourite delivered
2023-2024,2023-12-23,Luton Town,Newcastle,H,1.7030631718735059,1.6940798628278375,1.6842194372152117,-0.0089833090456683529,-0.018843734658294142,0.02904995427267687,0.59021922428330531,0.50-0.60,18,MW 7-19,home promoted,A,favourite did not
2022-2023,2023-04-16,West Ham,Arsenal,D,1.4799196205592959,1.7050568795136147,1.4190637279822453,0.2251372589543188,-0.060855892577050597,0.037690991593273215,0.59021922428330531,0.50-0.60,31,MW 20-31,neither promoted,A,favourite did not
2024-2025,2024-12-22,Tottenham,Liverpool,A,0.52614625769472345,0.87042995499339715,0.8549219572734198,0.3442836972986737,0.32877569957869635,0.12085466420254218,0.5908776779543885,0.50-0.60,17,MW 7-19,neither promoted,A,favourite delivered
2025-2026,2026-02-07,Manchester Utd,Tottenham,H,0.52614625769472345,0.59635507441670954,0.62840163649950387,0.070208816721986089,0.10225537880478042,0.02046514871846361,0.5908776779543885,0.50-0.60,25,MW 20-31,neither promoted,H,favourite delivered
2024-2025,2024-12-27,Brighton,Brentford,D,1.560220025225262,1.4085593054254091,1.5106376108078092,-0.15166071979985296,-0.049582414417452814,-0.05113795665173268,0.5908776779543885,0.50-0.60,18,MW 7-19,neither promoted,H,favourite did not
2023-2024,2023-09-16,Newcastle,Brentford,H,0.5252663079207851,0.66478632469757126,0.41375513816264808,0.13952001677678616,-0.11151116975813702,0.055094645501050726,0.59139784946236551,0.50-0.60,5,MW 1-6,neither promoted,H,favourite delivered
2024-2025,2025-04-02,Southampton,Crystal Palace,D,1.4415570397949402,1.8207592695559756,1.6949583438629054,0.37920222976103535,0.25340130406796524,0.093428847861538183,0.59139784946236551,0.50-0.60,30,MW 20-31,home promoted,A,favourite did not
2024-2025,2025-04-12,Arsenal,Brentford,D,1.5200054251025481,1.468673682558808,1.5187224961033088,-0.051331742543740067,-0.0012829289992393189,0.0033287134868797141,0.59188583301438025,0.50-0.60,32,MW 32-38,neither promoted,H,favourite did not
2024-2025,2024-11-30,Brentford,Leicester City,H,0.52444151233388514,0.53633358369659911,0.5923537556007118,0.011892071362713974,0.067912243266826655,0.0066989911869342333,0.59188583301438025,0.50-0.60,13,MW 7-19,away promoted,H,favourite delivered
2023-2024,2023-10-07,Manchester Utd,Brentford,H,0.52444151233388514,0.95516044794156418,0.60956662951050822,0.43071893560767904,0.085125117176623077,0.15385358893038947,0.59188583301438025,0.50-0.60,8,MW 7-19,neither promoted,H,favourite delivered
2023-2024,2024-01-31,Tottenham,Brentford,H,0.52444151233388514,0.45247959887718137,0.53715056239636982,-0.071961913456703774,0.012709050062484684,-0.017868169867080799,0.59188583301438025,0.50-0.60,22,MW 20-31,neither promoted,H,favourite delivered
2022-2023,2023-04-01,Chelsea,Aston Villa,A,1.8451339298194303,1.3510264696822483,1.2224939528059275,-0.49410746013718199,-0.62263997701350271,-0.13957265178647549,0.59251559251559249,0.50-0.60,29,MW 20-31,neither promoted,H,favourite did not
2025-2026,2025-12-07,Brighton,West Ham,D,1.487270278459893,1.7416224651798717,1.678240013635409,0.25435218671997872,0.19096973517551596,0.04423422855123324,0.59322033898305082,0.50-0.60,15,MW 7-19,neither promoted,H,favourite did not
2023-2024,2023-09-16,West Ham,Manchester City,A,0.52218938241630586,0.43122152702408523,0.52210958123787088,-0.090967855392220631,-7.980117843497947e-05,-0.023836738371582955,0.59322033898305082,0.50-0.60,5,MW 1-6,neither promoted,A,favourite delivered
2024-2025,2025-01-14,Brentford,Manchester City,D,1.487270278459893,1.4444581674330494,1.4634984869379835,-0.042812111026843569,-0.023771791521909558,-0.033207913630391578,0.59322033898305082,0.50-0.60,21,MW 20-31,neither promoted,A,favourite did not
2025-2026,2025-12-30,Chelsea,Bournemouth,D,1.5428231633521163,1.6078407717281422,1.5254002535893818,0.065017608376025882,-0.017422909762734529,0.017845626456811287,0.59382422802850354,0.50-0.60,19,MW 7-19,neither promoted,H,favourite did not
2023-2024,2024-05-19,Crystal Palace,Aston Villa,H,0.51844564036357099,0.91592499124880755,0.76751057232652597,0.39747935088523656,0.24906493196295498,0.14326396317381157,0.59544536527613345,0.50-0.60,38,MW 32-38,neither promoted,H,favourite delivered
2023-2024,2024-04-07,Manchester Utd,Liverpool,D,1.5714474177796283,1.4202117596509036,1.5647831808719479,-0.15123565812872464,-0.0066642369076803654,-0.024934261556925741,0.59544536527613345,0.50-0.60,32,MW 32-38,neither promoted,A,favourite did not
2025-2026,2025-11-30,West Ham,Liverpool,A,0.51844564036357099,0.67230716999439188,0.66765809321139036,0.15386152963082089,0.14921245284781937,0.057873079639616298,0.59544536527613345,0.50-0.60,13,MW 7-19,neither promoted,A,favourite delivered
2022-2023,2023-01-14,Brentford,Bournemouth,H,0.51775806054163531,0.30028086077802357,0.75643305351059142,-0.21747719976361174,0.23867499296895611,-0.05673664618082979,0.59585492227979286,0.50-0.60,20,MW 20-31,away promoted,H,favourite delivered
2024-2025,2025-01-25,Wolves,Arsenal,A,0.51775806054163531,0.26797003443739065,0.63404183837809946,-0.24978802610424466,0.11628377783646415,-0.064741516062366125,0.59585492227979286,0.50-0.60,23,MW 20-31,neither promoted,A,favourite delivered
2022-2023,2023-05-28,Crystal Palace,Nottingham,D,1.4340487924157905,1.4655745301243306,1.4037344655722512,0.031525737708540058,-0.030314326843539297,-0.020534941059549894,0.59585492227979286,0.50-0.60,38,MW 32-38,away promoted,H,favourite did not
2025-2026,2026-01-07,Newcastle,Leeds United,H,0.51696061233350665,0.61909252260885594,0.80759651370717478,0.10213191027534929,0.29063590137366813,0.035837755727579135,0.59633027522935778,0.50-0.60,21,MW 20-31,away promoted,H,favourite delivered
2025-2026,2026-04-25,Liverpool,Crystal Palace,H,0.51614478524359075,0.66181724042640289,0.63342027983784355,0.14567245518281213,0.11727549459425279,0.037365283238482649,0.59681697612732088,0.50-0.60,34,MW 32-38,neither promoted,H,favourite delivered
2023-2024,2024-03-02,Nottingham,Liverpool,A,0.51538138031564651,0.35087871137117843,0.4747835776239942,-0.16450266894446808,-0.040597802691652307,-0.045852675648830339,0.59727276310085253,0.50-0.60,27,MW 20-31,neither promoted,A,favourite delivered
2024-2025,2025-04-13,Newcastle,Manchester Utd,H,0.51538138031564651,0.69313340718867389,0.87624978146682853,0.17775202687302738,0.36086840115118202,0.060901898040845434,0.59727276310085253,0.50-0.60,32,MW 32-38,neither promoted,H,favourite delivered
2022-2023,2022-11-12,Tottenham,Leeds United,H,0.51538138031564651,0.24093182186012413,0.40799588633470635,-0.27444955845552238,-0.10738549398094016,-0.071637693585250822,0.59727276310085253,0.50-0.60,16,MW 7-19,neither promoted,H,favourite delivered
2023-2024,2023-09-03,Liverpool,Aston Villa,H,0.51502731061969076,0.55326590576510259,0.61994375809551427,0.038238595145411836,0.10491644747582352,0.016459248740254936,0.59748427672955973,0.50-0.60,4,MW 1-6,neither promoted,H,favourite delivered
2025-2026,2026-04-11,Burnley,Brighton,A,0.51453302855431249,0.60360698010283209,0.56206688404725946,0.089073951548519603,0.047533855492946975,0.023386843084944986,0.59777967549103339,0.50-0.60,32,MW 32-38,home promoted,A,favourite delivered
2022-2023,2023-05-13,Chelsea,Nottingham,D,1.4985419344834185,1.4438066772141604,1.5324827513137926,-0.054735257269258097,0.033940816830374088,-0.025514059758366875,0.59777967549103339,0.50-0.60,36,MW 32-38,away promoted,H,favourite did not
2022-2023,2023-04-05,Manchester Utd,Brentford,H,0.51453302855431249,0.84905776219854301,0.43362567209540887,0.33452473364423052,-0.080907356458903623,0.12376209277741572,0.59777967549103339,0.50-0.60,25,MW 20-31,neither promoted,H,favourite delivered
2022-2023,2023-04-29,Brighton,Wolves,H,0.51393765947262071,0.56401563787148767,0.3341087617107808,0.050077978398866962,-0.17982889776183991,0.018882036355633527,0.59813568099430336,0.50-0.60,34,MW 32-38,neither promoted,H,favourite delivered
2025-2026,2025-10-25,Newcastle,Fulham,H,0.51192787926168482,0.61810137896054707,0.74526224893771276,0.10617349969886225,0.23333436967602794,0.032047481977728304,0.59933901105885334,0.50-0.60,9,MW 7-19,neither promoted,H,favourite delivered
2022-2023,2023-03-04,Chelsea,Leeds United,H,0.51082562376599072,0.6097033320436801,0.62683322021621568,0.09887770827768938,0.11600759645022496,0.027928368166943898,0.59999999999999998,0.60-0.70,26,MW 20-31,neither promoted,H,favourite delivered
2024-2025,2024-12-01,Manchester Utd,Everton,H,0.51015148354104456,0.77487699263081078,0.72858805434358032,0.26472550908976622,0.21843657080253576,0.070717928590420254,0.600404620505123,0.60-0.70,13,MW 7-19,neither promoted,H,favourite delivered
2022-2023,2023-04-26,Nottingham,Brighton,H,1.7149540477031946,1.8067576545696606,1.701615096704989,0.091803606866466048,-0.01333895099820559,0.036353309709663328,0.60181716618440106,0.60-0.70,33,MW 32-38,home promoted,A,favourite did not
2023-2024,2023-12-30,Luton Town,Chelsea,A,0.50780159045987894,0.87451616997794068,0.66205769243948465,0.36671457951806175,0.15425610197960571,0.14237384595163535,0.60181716618440106,0.60-0.70,20,MW 20-31,home promoted,A,favourite delivered
2023-2024,2023-12-03,Chelsea,Brighton,H,0.50780159045987894,0.77399244108667542,0.90392003188137382,0.26619085062679648,0.39611844142149488,0.10907289257319662,0.60181716618440106,0.60-0.70,14,MW 7-19,neither promoted,H,favourite delivered
2025-2026,2026-01-31,Leeds United,Arsenal,A,0.50637417229923609,0.62122885866272926,0.72487148245477773,0.11485468636349316,0.21849731015554164,0.031967707187147726,0.60267682433666414,0.60-0.70,24,MW 20-31,home promoted,A,favourite delivered
2025-2026,2025-12-30,Burnley,Newcastle,A,0.50637417229923609,0.64263037485298002,0.63788701021213523,0.13625620255374393,0.13151283791289914,0.046584803924969387,0.60267682433666414,0.60-0.70,19,MW 7-19,home promoted,A,favourite delivered
2023-2024,2023-10-29,Manchester Utd,Manchester City,A,0.50637417229923609,0.54495836105332585,0.60612283406840883,0.038584188754089754,0.099748661769172742,0.01349820142495041,0.60267682433666414,0.60-0.70,10,MW 7-19,neither promoted,A,favourite delivered
2022-2023,2023-04-08,Aston Villa,Nottingham,H,0.50637417229923609,0.33484321597351135,0.63526697413788857,-0.17153095632572474,0.12889280183865248,-0.046969290621107447,0.60267682433666414,0.60-0.70,30,MW 20-31,away promoted,H,favourite delivered
2025-2026,2026-01-08,Arsenal,Liverpool,D,1.4642984799163514,1.4703405953733875,1.2757319944862351,0.0060421154570360347,-0.18856648543011634,0.013954270463513885,0.60387556193086489,0.60-0.70,21,MW 20-31,neither promoted,H,favourite did not
2023-2024,2023-12-31,Fulham,Arsenal,H,1.8439812072130375,1.4014650085076457,1.5447844980533929,-0.44251619870539183,-0.29919670915964458,-0.1037048616599755,0.60453400503778343,0.60-0.70,20,MW 20-31,neither promoted,A,favourite did not
2022-2023,2023-02-03,Chelsea,Fulham,D,1.4385160991048731,1.1882886271902582,1.4153040232676806,-0.25022747191461492,-0.023212075837192536,-0.067613383248522868,0.60453400503778343,0.60-0.70,22,MW 20-31,away promoted,H,favourite did not
2022-2023,2023-04-08,Manchester Utd,Everton,H,0.50329735734519898,0.45650584202733874,0.53840172129215624,-0.046791515317860244,0.035104363946957262,-0.012154984736891861,0.60453400503778343,0.60-0.70,30,MW 20-31,neither promoted,H,favourite delivered
2025-2026,2025-08-23,Manchester City,Tottenham,A,1.7226894350915127,2.2621991637564918,1.9242838774317992,0.53950972866497904,0.20159444234028645,0.15428636602302581,0.60488538243550682,0.60-0.70,2,MW 1-6,neither promoted,H,favourite did not
2025-2026,2026-05-03,Bournemouth,Crystal Palace,H,0.5027162894191356,0.73473442317909687,0.71686985353139665,0.23201813375996128,0.21415356411226105,0.068290914041722051,0.60488538243550682,0.60-0.70,35,MW 32-38,neither promoted,H,favourite delivered
2022-2023,2023-05-02,Arsenal,Chelsea,H,0.4995874011605938,0.3869412439258455,0.6294562087970389,-0.1126461572347483,0.12986880763644509,-0.032202044821835793,0.60678096519321956,0.60-0.70,34,MW 32-38,neither promoted,H,favourite delivered
2023-2024,2024-02-24,Aston Villa,Nottingham,H,0.49952390400755037,0.44639793626743685,0.58148199453487326,-0.053125967740113522,0.081958090527322891,-0.016135718744409014,0.60681949528029278,0.60-0.70,26,MW 20-31,neither promoted,H,favourite delivered
2022-2023,2023-04-01,Brighton,Brentford,D,1.4828751012108741,1.5229236250724343,1.7514562896705406,0.040048523861560215,0.2685811884596665,-0.026175481154525587,0.60721873703531437,0.60-0.70,29,MW 20-31,neither promoted,H,favourite did not
2024-2025,2024-12-22,Fulham,Southampton,D,1.4828751012108741,1.7113998922111162,1.6883458951119059,0.22852479100024214,0.20547079390103185,0.080984846219883194,0.60721873703531437,0.60-0.70,17,MW 7-19,away promoted,H,favourite did not
2025-2026,2025-08-16,Tottenham,Burnley,H,0.49800533235918293,0.66210400069730468,0.57672676657996025,0.16409866833812176,0.07872143422077732,0.065442425126330736,0.60774169419684598,0.60-0.70,1,MW 1-6,away promoted,H,favourite delivered
2024-2025,2025-02-22,Southampton,Brighton,A,0.49760499585561335,0.43648060341431555,0.48500844194984255,-0.061124392441297803,-0.012596553905770802,-0.019762328492131248,0.60798504408944665,0.60-0.70,26,MW 20-31,home promoted,A,favourite delivered
2023-2024,2024-05-11,Newcastle,Brighton,D,1.604521387509604,1.6483577825752227,1.4584571033753631,0.04383639506561865,-0.146064284134241,0.0158666231690541,0.60807783396274717,0.60-0.70,37,MW 32-38,neither promoted,H,favourite did not
2025-2026,2026-02-21,Manchester City,Newcastle,H,0.49745238882327103,0.41455183570008364,0.67269268105564561,-0.082900553123187393,0.17524029223237458,-0.029088725854978029,0.60807783396274717,0.60-0.70,27,MW 20-31,neither promoted,H,favourite delivered
2024-2025,2024-10-26,Brighton,Wolves,D,1.5218782646703148,1.5174162639865623,1.5201332494948003,-0.0044620006837525761,-0.0017450151755145082,-0.0080643303103937192,0.60983572974149514,0.60-0.70,9,MW 7-19,neither promoted,H,favourite did not
2023-2024,2023-09-17,Everton,Arsenal,A,0.49456565358707161,0.3487668369781074,0.66840913955197112,-0.14579881660896421,0.17384348596489951,-0.037867441932695332,0.60983572974149514,0.60-0.70,5,MW 1-6,neither promoted,A,favourite delivered
2023-2024,2024-02-04,Manchester Utd,West Ham,H,0.49456565358707161,0.78504984999772598,0.55894017832646259,0.29048419641065437,0.064374524739390981,0.097698850066032863,0.60983572974149514,0.60-0.70,23,MW 20-31,neither promoted,H,favourite delivered
2024-2025,2025-01-01,Brentford,Arsenal,A,0.49456565358707161,0.41360448488822932,0.52543057783770775,-0.08096116869884229,0.030864924250636139,-0.024883761478531302,0.60983572974149514,0.60-0.70,19,MW 7-19,neither promoted,A,favourite delivered
2022-2023,2022-08-13,Arsenal,Leicester City,H,0.49456565358707161,0.67524171755049367,0.52809860387896934,0.18067606396342206,0.033532950291897734,0.066170370868606734,0.60983572974149514,0.60-0.70,2,MW 1-6,neither promoted,H,favourite delivered
2025-2026,2026-05-17,Manchester Utd,Nottingham,H,0.49450264973406022,0.82915077569239637,0.64833440930895536,0.33464812595833615,0.15383175957489514,0.10645115123852895,0.60987415295256531,0.60-0.70,37,MW 32-38,neither promoted,H,favourite delivered
2024-2025,2025-05-16,Chelsea,Manchester Utd,H,0.49450264973406022,0.57168417897288415,0.64578952814658963,0.077181529238823932,0.15128687841252941,0.022241264696961624,0.60987415295256531,0.60-0.70,37,MW 32-38,neither promoted,H,favourite delivered
2024-2025,2024-11-02,Bournemouth,Manchester City,H,1.8047949763572786,1.8656087366433647,1.8212214579619714,0.060813760286086094,0.016426481604692844,0.0050910746026506803,0.61027228504643372,0.60-0.70,10,MW 7-19,neither promoted,A,favourite did not
2025-2026,2026-03-22,Newcastle,Sunderland,A,1.8047949763572784,1.5162008931863999,1.569020547173031,-0.28859408317087842,-0.2357744291842474,-0.11707658962771567,0.61027228504643383,0.60-0.70,31,MW 20-31,away promoted,H,favourite did not
2023-2024,2023-12-09,Brighton,Burnley,D,1.490679646837342,2.2067518745092571,2.0528269207705461,0.71607222767191514,0.56214727393320407,0.12077740368908402,0.61027228504643383,0.60-0.70,16,MW 7-19,away promoted,H,favourite did not
2023-2024,2024-02-04,Chelsea,Wolves,A,1.8047949763572784,1.2682627796588271,1.1855439717539047,-0.53653219669845131,-0.61925100460337368,-0.15988424993366623,0.61027228504643383,0.60-0.70,23,MW 20-31,neither promoted,H,favourite did not
2022-2023,2022-08-06,Newcastle,Nottingham,H,0.49317068852726992,1.1540971868836225,2.2786784980431931,0.66092649835635253,1.7855078095159231,0.22501839395304352,0.61068702290076338,0.60-0.70,1,MW 1-6,away promoted,H,favourite delivered
2025-2026,2025-10-05,Aston Villa,Burnley,H,0.49248777681362699,0.44314665144644544,0.48879482442827266,-0.049341125367181549,-0.0036929523853543311,-0.013798980463762961,0.61110421065706122,0.60-0.70,7,MW 7-19,away promoted,H,favourite delivered
2023-2024,2024-04-27,West Ham,Liverpool,D,1.6123369320196166,1.6400800721899857,1.8444233553263625,0.027743140170369163,0.23208642330674589,0.0098815153535405931,0.61112898037954322,0.60-0.70,35,MW 32-38,neither promoted,A,favourite did not
2022-2023,2023-05-21,Manchester City,Chelsea,H,0.49202810218690574,0.22828457610470712,0.30940525041019862,-0.26374352608219864,-0.18262285177670712,-0.065875364410276069,0.61138518433026945,0.60-0.70,37,MW 32-38,neither promoted,H,favourite delivered
2022-2023,2023-04-04,Bournemouth,Brighton,A,0.48880862108347828,0.60443284795088592,0.53079536162292518,0.11562422686740764,0.041986740539446898,0.043564560587147624,0.61335669930283054,0.60-0.70,7,MW 7-19,home promoted,A,favourite delivered
2024-2025,2025-05-03,Everton,Ipswich Town,D,1.514377911711061,1.3887633399558286,1.4193963128935789,-0.12561457175523238,-0.094981598817482027,-0.017570222337051689,0.6144269091716742,0.60-0.70,35,MW 32-38,away promoted,H,favourite did not
2025-2026,2026-03-21,Fulham,Burnley,H,0.48706530062781778,0.5487087802046704,0.56563775557582396,0.061643479576852622,0.078572454948006187,0.017242368570648162,0.6144269091716742,0.60-0.70,31,MW 20-31,away promoted,H,favourite delivered
2022-2023,2023-02-25,Leicester City,Arsenal,A,0.48697194488659018,0.62378754114358193,0.78470193248284337,0.13681559625699174,0.29772998759625319,0.05512515813287247,0.61448427212874912,0.60-0.70,25,MW 20-31,neither promoted,A,favourite delivered
2023-2024,2023-09-30,Manchester Utd,Crystal Palace,A,1.8404764831834901,1.3257459263686351,1.2511457983448089,-0.51473055681485502,-0.58933068483868123,-0.16355176711062863,0.61448427212874912,0.60-0.70,7,MW 7-19,neither promoted,H,favourite did not
2025-2026,2026-05-10,West Ham,Arsenal,A,0.48697194488659018,0.4542405937823546,0.50563745131681936,-0.032731351104235584,0.018665506430229184,-0.011545035238992668,0.61448427212874912,0.60-0.70,36,MW 32-38,neither promoted,A,favourite delivered
2025-2026,2026-03-16,Brentford,Wolves,D,1.5223775533877044,1.3723177073379356,1.2357184901773179,-0.15005984604976885,-0.28665906321038648,-0.015656317475776949,0.61749905133693284,0.60-0.70,30,MW 20-31,neither promoted,H,favourite did not
2025-2026,2026-03-01,Manchester Utd,Crystal Palace,H,0.48207774677764992,0.61568893770461197,0.56575483223573297,0.13361119092696205,0.083677085458083056,0.036510491555737462,0.61749905133693284,0.60-0.70,28,MW 20-31,neither promoted,H,favourite delivered
2024-2025,2024-11-23,Fulham,Wolves,A,1.806009866182565,1.6225514127001872,1.6990440088648993,-0.18345845348237777,-0.10696585731766572,-0.04999788591331511,0.61749905133693284,0.60-0.70,12,MW 7-19,neither promoted,H,favourite did not
2025-2026,2026-02-10,Chelsea,Leeds United,D,1.5223775533877044,1.5132857097235874,1.3194301801812185,-0.009091843664116972,-0.20294737320648593,-0.0014315085817419582,0.61749905133693284,0.60-0.70,26,MW 20-31,away promoted,H,favourite did not
2025-2026,2026-03-01,Arsenal,Chelsea,H,0.48198513490417905,0.56204238929999817,0.57195990495051885,0.080057254395819122,0.089974770046339803,0.021681868174573793,0.61755624172915746,0.60-0.70,28,MW 20-31,neither promoted,H,favourite delivered
2023-2024,2023-12-02,Brentford,Luton Town,H,0.48198513490417905,0.42678259446524208,0.41546822535810712,-0.055202540438936964,-0.066516909546071923,-0.014072168286503678,0.61755624172915746,0.60-0.70,14,MW 7-19,away promoted,H,favourite delivered
2024-2025,2025-01-05,Fulham,Ipswich Town,D,1.4918019247891576,1.2705981898104723,1.4334652737715989,-0.22120373497868528,-0.058336651017558694,-0.037864328815086612,0.61755624172915746,0.60-0.70,20,MW 20-31,away promoted,H,favourite did not
2023-2024,2024-02-11,West Ham,Arsenal,A,0.48198513490417905,0.58088439939936398,0.50731369828317918,0.098899264495184935,0.025328563379000135,0.033663716794351886,0.61755624172915746,0.60-0.70,24,MW 20-31,neither promoted,A,favourite delivered
2022-2023,2022-12-26,Arsenal,West Ham,H,0.48198513490417905,0.34441327249183212,0.48235244499854102,-0.13757186241234692,0.00036731009436197226,-0.038782588209658644,0.61755624172915746,0.60-0.70,17,MW 7-19,neither promoted,H,favourite delivered
2024-2025,2025-04-26,Wolves,Leicester City,H,0.48198513490417905,0.37707518654143751,0.53031185844039985,-0.10490994836274153,0.048326723536220806,-0.029089178136480869,0.61755624172915746,0.60-0.70,34,MW 32-38,away promoted,H,favourite delivered
2023-2024,2023-09-24,Sheffield United,Newcastle,A,0.48198513490417905,0.45670785002492864,0.40121408651533175,-0.025277284879250406,-0.0807710483888473,-0.0032598918142738298,0.61755624172915746,0.60-0.70,6,MW 1-6,home promoted,A,favourite delivered
2023-2024,2023-09-30,Bournemouth,Arsenal,A,0.48130318449966897,0.39229871295781482,0.52653157545128193,-0.089004471541854147,0.045228390951612962,-0.02359712072601497,0.6179775280898876,0.60-0.70,7,MW 7-19,neither promoted,A,favourite delivered
2023-2024,2024-02-03,Newcastle,Luton Town,D,1.5601128458715992,1.7427578263445112,1.6834365551108488,0.182644980472912,0.12332370923924962,0.025790914680640792,0.6179775280898876,0.60-0.70,23,MW 20-31,away promoted,H,favourite did not
2024-2025,2025-03-08,Crystal Palace,Ipswich Town,H,0.48117272929303301,0.36611142787976797,0.40730713075809172,-0.11506130141326504,-0.07386559853494129,-0.030708979030375574,0.61805815173478373,0.60-0.70,28,MW 20-31,away promoted,H,favourite delivered
2025-2026,2025-12-20,Everton,Arsenal,A,0.48117272929303301,0.68758669277237794,0.53745742486455517,0.20641396347934493,0.056284695571522159,0.058476835127044227,0.61805815173478373,0.60-0.70,17,MW 7-19,neither promoted,A,favourite delivered
2024-2025,2025-01-18,Arsenal,Aston Villa,D,1.4668919675989511,1.5623360043469086,1.2954652358932794,0.095444036747957428,-0.17142673170567169,0.035692462428152855,0.61805815173478373,0.60-0.70,22,MW 20-31,neither promoted,H,favourite did not
2022-2023,2022-11-12,Wolves,Arsenal,A,0.48111950298129497,0.42234362436652106,0.60395052794967841,-0.058775878614773902,0.12283102496838344,-0.017715026521411381,0.61809104956614758,0.60-0.70,16,MW 7-19,neither promoted,A,favourite delivered
2022-2023,2023-02-19,Manchester Utd,Leicester City,H,0.47872155609734174,0.57883483814947667,0.6453156219471996,0.10011328205213493,0.16659406584985786,0.038612916392129187,0.61957497755163127,0.60-0.70,24,MW 20-31,neither promoted,H,favourite delivered
2025-2026,2026-02-01,Manchester Utd,Fulham,H,0.47842670197484422,0.72492888416059587,0.57449019705246585,0.24650218218575165,0.09606349507762163,0.076697310752578823,0.61975768872320602,0.60-0.70,24,MW 20-31,neither promoted,H,favourite delivered
2025-2026,2025-08-16,Wolves,Manchester City,A,0.47566613836619365,0.49108015637511354,0.63706563185390674,0.015414018008919894,0.1613994934877131,0.0081653636071762625,0.62147093291665179,0.60-0.70,1,MW 1-6,neither promoted,A,favourite delivered
2022-2023,2022-08-06,Everton,Chelsea,A,0.47468587385316696,0.4450925192362582,0.47099533267380878,-0.029593354616908762,-0.0036905411793581866,-0.0059983186235420122,0.62208043750712083,0.60-0.70,1,MW 1-6,neither promoted,A,favourite delivered
2022-2023,2023-02-18,Brighton,Fulham,A,1.8607523407150064,1.2761981929698041,1.8470837239622278,-0.58455414774520231,-0.01366861675277864,-0.18140563636618695,0.62222222222222223,0.60-0.70,24,MW 20-31,away promoted,H,favourite did not
2025-2026,2026-01-25,Arsenal,Manchester Utd,A,1.7977328782468591,2.1740284378289219,1.6033903865555394,0.37629555958206273,-0.19434249169131967,0.065755817118347881,0.62263129399025452,0.60-0.70,23,MW 20-31,neither promoted,H,favourite did not
2022-2023,2023-02-08,Manchester Utd,Leeds United,D,1.5526104202138742,1.7641877975828184,1.5560788380582706,0.21157737736894422,0.0034684178443964431,0.047186711542586246,0.62263129399025452,0.60-0.70,8,MW 7-19,neither promoted,H,favourite did not
2023-2024,2024-03-02,Tottenham,Crystal Palace,H,0.47380075884194411,0.45549311761252653,0.69429309679927143,-0.018307641229417582,0.22049233795732731,-0.0019264668369446819,0.62263129399025452,0.60-0.70,27,MW 20-31,neither promoted,H,favourite delivered
2022-2023,2023-05-25,Manchester Utd,Chelsea,H,0.47380075884194411,0.68630127897804327,0.5651754453965474,0.21250052013609916,0.09137468655460329,0.061551779679507271,0.62263129399025452,0.60-0.70,32,MW 32-38,neither promoted,H,favourite delivered
2023-2024,2024-03-30,Aston Villa,Wolves,H,0.47380075884194411,0.62385198730878699,0.62376916701597696,0.15005122846684288,0.14996840817403284,0.050365982579087545,0.62263129399025452,0.60-0.70,30,MW 20-31,neither promoted,H,favourite delivered
2022-2023,2023-05-28,Southampton,Liverpool,D,1.5723966407537513,1.8777055642354967,1.4253217603784476,0.30530892348174543,-0.1470748803753037,0.066681487298026365,0.62264150943396224,0.60-0.70,38,MW 32-38,neither promoted,A,favourite did not
2022-2023,2022-09-17,Tottenham,Leicester City,H,0.47173823505794393,0.23625391609377824,0.40640315726971743,-0.23548431896416569,-0.065335077788226503,-0.058754097445077452,0.62391681109185437,0.60-0.70,8,MW 7-19,neither promoted,H,favourite delivered
2024-2025,2025-01-14,Chelsea,Bournemouth,D,1.6236225474260568,1.2854698524726391,1.4754440132562483,-0.33815269495341771,-0.14817853416980853,-0.072808154861524865,0.62441314553990612,0.60-0.70,21,MW 20-31,neither promoted,H,favourite did not
2022-2023,2023-04-30,Liverpool,Tottenham,H,0.47018303898816577,0.37824880469366035,0.49696178440853184,-0.091934234294505424,0.026778745420366068,-0.023302237643538386,0.62488787896908449,0.60-0.70,34,MW 32-38,neither promoted,H,favourite delivered
2023-2024,2024-03-13,Bournemouth,Luton Town,H,0.47018303898816577,0.77347716778584763,0.59173278707960042,0.30329412879768186,0.12154974809143465,0.10898608328270382,0.62488787896908449,0.60-0.70,17,MW 7-19,away promoted,H,favourite delivered
2025-2026,2025-10-18,Fulham,Arsenal,A,0.46821631867163982,0.45747893248333027,0.77104928541312101,-0.01073738618830955,0.30283296674148119,-0.0045947024992280122,0.62611806797853309,0.60-0.70,8,MW 7-19,neither promoted,A,favourite delivered
2025-2026,2026-01-07,Manchester City,Brighton,D,1.5649861498632665,1.63242639367479,1.4193630268469732,0.067440243811523581,-0.14562312301629321,0.029274865436819314,0.62727272727272732,0.60-0.70,21,MW 20-31,neither promoted,H,favourite did not
2024-2025,2025-05-25,Fulham,Manchester City,A,0.46637386119515678,0.62968863217228066,0.67974753512806951,0.16331477097712388,0.21337367393291273,0.05435853044913265,0.62727272727272732,0.60-0.70,38,MW 32-38,neither promoted,A,favourite delivered
2024-2025,2025-05-10,Ipswich Town,Brentford,A,0.46637386119515678,0.381928627559183,0.71820972138603778,-0.084445233635973782,0.251835860190881,-0.022124532222465201,0.62727272727272732,0.60-0.70,36,MW 32-38,home promoted,A,favourite delivered
2023-2024,2023-09-24,Brighton,Bournemouth,H,0.46280071695167746,0.26940495688430816,0.22568489864479388,-0.1933957600673693,-0.23711581830688358,-0.050032209122456615,0.62951807228915668,0.60-0.70,6,MW 1-6,neither promoted,H,favourite delivered
2024-2025,2025-01-26,Tottenham,Leicester City,A,1.7620837010819383,2.3374458258155815,1.9742553243004264,0.57536212473364312,0.21217162321848804,0.152132234335706,0.62951807228915668,0.60-0.70,23,MW 20-31,away promoted,H,favourite did not
2023-2024,2023-08-26,Brighton,West Ham,A,1.7620837010819383,1.5991460921108258,1.9267941411212846,-0.16293760897111254,0.16471044003934621,-0.025641419671537435,0.62951807228915668,0.60-0.70,3,MW 1-6,neither promoted,H,favourite did not
2025-2026,2025-09-27,Tottenham,Wolves,D,1.4920394182167949,1.6383894903926521,1.3783247031297627,0.14635007217585727,-0.11371471508703213,0.0053758594543740768,0.62975778546712813,0.60-0.70,6,MW 1-6,neither promoted,H,favourite did not
2025-2026,2026-04-18,Leeds United,Wolves,H,0.46242000103563663,0.60290456677118942,0.74000314148486912,0.14048456573555279,0.27758314044923249,0.037939579108506261,0.62975778546712813,0.60-0.70,33,MW 32-38,home promoted,H,favourite delivered
2024-2025,2024-12-29,Crystal Palace,Southampton,H,0.46148010911317133,0.41597526052495998,0.36175237577305203,-0.045504848588211355,-0.099727733340119307,-0.017546125205109633,0.63034996797298093,0.60-0.70,19,MW 7-19,away promoted,H,favourite delivered
2025-2026,2025-09-20,Liverpool,Everton,H,0.46148010911317133,0.5426760707188385,0.45959876608102346,0.081195961605667166,-0.0018813430321478752,0.026427935875297889,0.63034996797298093,0.60-0.70,5,MW 1-6,neither promoted,H,favourite delivered
2024-2025,2025-04-12,Southampton,Aston Villa,A,0.46148010911317133,0.31825462458934284,0.52430893985171589,-0.14322548452382849,0.062828830738544561,-0.036862456837014355,0.63034996797298093,0.60-0.70,32,MW 32-38,home promoted,A,favourite delivered
2023-2024,2024-02-17,Tottenham,Wolves,A,1.7137979277583433,1.4945507844828398,1.5132933747183734,-0.21924714327550343,-0.20050455303996984,-0.064343302371645872,0.63063063063063063,0.60-0.70,25,MW 20-31,neither promoted,H,favourite did not
2022-2023,2022-08-31,Arsenal,Aston Villa,H,0.45953232937844019,0.37000062064718192,0.53003479769077666,-0.089531708731258264,0.070502468312336475,-0.025278027750293905,0.63157894736842102,0.60-0.70,5,MW 1-6,neither promoted,H,favourite delivered
2025-2026,2025-10-05,Newcastle,Nottingham,H,0.45953232937844019,0.57968680412861329,0.67137118316964484,0.1201544747501731,0.21183885379120465,0.033332182565694701,0.63157894736842102,0.60-0.70,7,MW 7-19,neither promoted,H,favourite delivered
2022-2023,2023-01-19,Manchester City,Tottenham,H,0.45953232937844019,0.42951465734209465,0.57582499954768873,-0.030017672036345533,0.11629267016924855,-0.0054664812821646341,0.63157894736842102,0.60-0.70,7,MW 7-19,neither promoted,H,favourite delivered
2025-2026,2026-01-03,Bournemouth,Arsenal,A,0.45953232937844002,0.42481745978929802,0.67096089666356562,-0.034714869589141994,0.2114285672851256,-0.011119209302681024,0.63157894736842113,0.60-0.70,20,MW 20-31,neither promoted,A,favourite delivered
2022-2023,2023-01-02,Brentford,Liverpool,H,1.8458266904983307,1.5456080752478054,1.6663592389150526,-0.30021861525052529,-0.17946745158327815,-0.091479414227469635,0.63157894736842113,0.60-0.70,19,MW 7-19,neither promoted,A,favourite did not
2023-2024,2024-04-06,Brighton,Arsenal,A,0.45953232937844002,0.45943789897255088,0.7858550971034064,-9.4430405889134317e-05,0.32632276772496638,-0.0025878552168262375,0.63157894736842113,0.60-0.70,32,MW 32-38,neither promoted,A,favourite delivered
2024-2025,2025-04-01,Arsenal,Fulham,H,0.45751305379557028,0.51279557198235437,0.63508988098556929,0.055282518186784091,0.17757682718999901,0.016977995599113296,0.63285556780595364,0.60-0.70,30,MW 20-31,neither promoted,H,favourite delivered
2022-2023,2023-03-01,Liverpool,Wolves,H,0.45564449992995404,0.42474511166647283,0.45551619261611054,-0.030899388263481209,-0.00012830731384350091,-0.0095035192459351769,0.63403919801757147,0.60-0.70,7,MW 7-19,neither promoted,H,favourite delivered
2022-2023,2023-03-04,Manchester City,Newcastle,H,0.45564449992995404,0.56432841315764359,0.53952829598902907,0.10868391322768955,0.083883796059075033,0.033270473490092961,0.63403919801757147,0.60-0.70,26,MW 20-31,neither promoted,H,favourite delivered
2022-2023,2022-09-03,Tottenham,Fulham,H,0.45564449992995404,0.54563413630943502,0.6203586259732915,0.089989636379480986,0.16471412604333746,0.031160502972928938,0.63403919801757147,0.60-0.70,6,MW 1-6,away promoted,H,favourite delivered
2022-2023,2023-02-11,Arsenal,Brentford,D,1.5157469338361882,1.6426423143463631,1.7045714389879476,0.1268953805101749,0.18882450515175941,0.013331689960566828,0.63403919801757147,0.60-0.70,23,MW 20-31,neither promoted,H,favourite did not
2022-2023,2023-01-15,Newcastle,Fulham,H,0.45564449992995404,0.54155951014954729,0.5212125537418778,0.085915010219593246,0.065568053811923765,0.023701182285041145,0.63403919801757147,0.60-0.70,20,MW 20-31,away promoted,H,favourite delivered
2022-2023,2022-08-21,Leeds United,Chelsea,H,1.799042822619163,1.9271922671377049,1.8136562288995099,0.12814944451854182,0.014613406280346908,0.032489333748919047,0.6342525399129173,0.60-0.70,3,MW 1-6,neither promoted,A,favourite did not
2024-2025,2024-12-15,Manchester City,Manchester Utd,A,1.799042822619163,1.6901722551709677,1.8667782050605555,-0.10887056744819534,0.067735382441392433,-0.050259156936574234,0.6342525399129173,0.60-0.70,16,MW 7-19,neither promoted,H,favourite did not
2023-2024,2023-10-23,Tottenham,Fulham,H,0.45494516537153418,0.44659950948568528,0.40448215483159716,-0.0083456558858489016,-0.050463010539937014,0.0027092852748861057,0.63448275862068959,0.60-0.70,9,MW 7-19,neither promoted,H,favourite delivered
2025-2026,2025-11-30,Aston Villa,Wolves,H,0.4531965109293542,0.28870772396857297,0.64244595512905434,-0.16448878696078123,0.18924944419970013,-0.043144151207320146,0.63559322033898313,0.60-0.70,13,MW 7-19,neither promoted,H,favourite delivered
2025-2026,2026-01-04,Manchester City,Chelsea,D,1.6567840330312988,1.4644621165586709,1.3564137154588651,-0.19232191647262797,-0.30037031757243371,-0.021846442964936097,0.63583815028901725,0.60-0.70,20,MW 20-31,neither promoted,H,favourite did not
2023-2024,2024-04-27,Manchester Utd,Burnley,D,1.6567840330312988,1.6034834094602093,1.6826929282241403,-0.053300623571089556,0.025908895192841452,-0.0015243953180510417,0.63583815028901725,0.60-0.70,35,MW 32-38,away promoted,H,favourite did not
2023-2024,2024-05-05,Chelsea,West Ham,H,0.45281122870536289,0.48215877761608389,0.38927700110401936,0.029347548910721,-0.063534227601343529,0.011944931315035212,0.63583815028901725,0.60-0.70,36,MW 32-38,neither promoted,H,favourite delivered
2022-2023,2022-10-08,Chelsea,Wolves,H,0.4519851237430571,0.48006550655093078,0.62730261943937526,0.028080382807873672,0.17531749569631816,0.0035739836474732029,0.63636363636363646,0.60-0.70,10,MW 7-19,neither promoted,H,favourite delivered
2024-2025,2025-04-02,Liverpool,Everton,H,0.45075307905261425,0.46547041901626296,0.47714297067154998,0.014717339963648712,0.026389891618935735,0.0054400086284871613,0.63714814798045882,0.60-0.70,30,MW 20-31,neither promoted,H,favourite delivered
2025-2026,2025-11-29,Brentford,Burnley,H,0.45075307905261425,0.35670701245919473,0.35409803164086984,-0.094046066593419519,-0.09665504741174441,-0.021698218835392136,0.63714814798045882,0.60-0.70,13,MW 7-19,away promoted,H,favourite delivered
2024-2025,2024-09-30,Bournemouth,Southampton,H,0.45075307905261425,0.37994653406015572,0.45501239190401099,-0.070806544992458531,0.004259312851396746,-0.022800741285308186,0.63714814798045882,0.60-0.70,6,MW 1-6,away promoted,H,favourite delivered
2024-2025,2024-12-04,Arsenal,Manchester Utd,H,0.44908190023818467,0.48434954094708355,0.55567989253122729,0.035267640708898873,0.10659799229304262,0.0074742784545726859,0.63821382668883464,0.60-0.70,14,MW 7-19,neither promoted,H,favourite delivered
2023-2024,2024-04-13,Brentford,Sheffield United,H,0.44839015282519823,0.38586640589753879,0.48820924830871093,-0.06252374692765944,0.039819095483512701,-0.016963083861547053,0.63865546218487401,0.60-0.70,33,MW 32-38,away promoted,H,favourite delivered
2022-2023,2023-05-20,Liverpool,Aston Villa,D,1.6010696627635836,1.54608539300833,1.5613355892137024,-0.054984269755253612,-0.039734073549881233,-0.031395891168835288,0.63865546218487401,0.60-0.70,37,MW 32-38,neither promoted,H,favourite did not
2025-2026,2025-12-20,Bournemouth,Burnley,D,1.560361220733089,1.6805479076773635,1.6881301751298299,0.12018668694427448,0.12776895439674085,0.0045417536159097216,0.63869649142727369,0.60-0.70,17,MW 7-19,away promoted,H,favourite did not
2024-2025,2025-02-26,Manchester Utd,Ipswich Town,H,0.4483259117328387,0.54071162952791552,0.56820399181047765,0.092385717795076816,0.11987808007763895,0.02661855354151256,0.63869649142727369,0.60-0.70,27,MW 20-31,away promoted,H,favourite delivered
2025-2026,2026-05-10,Burnley,Aston Villa,D,1.560361220733089,1.3710611095724792,1.3465454578807925,-0.18930011116060985,-0.21381576285229653,-0.049194338157853984,0.63869649142727369,0.60-0.70,36,MW 32-38,home promoted,A,favourite did not
2024-2025,2025-02-15,Southampton,Bournemouth,A,0.4483259117328387,0.25360258710637695,0.41091940635609403,-0.19472332462646175,-0.03740650537674467,-0.049345496087162433,0.63869649142727369,0.60-0.70,25,MW 20-31,home promoted,A,favourite delivered
2022-2023,2022-10-23,Southampton,Arsenal,D,1.5373747773733712,1.4752345624161081,1.3516108028359382,-0.062140214957263185,-0.1857639745374331,-0.018445969509247956,0.64186916314127052,0.60-0.70,13,MW 7-19,neither promoted,A,favourite did not
2024-2025,2024-10-06,Chelsea,Nottingham,D,1.5545271846690756,1.5913130026240738,1.3126581393423398,0.036785817954998246,-0.24186904532673581,0.0038367916799951218,0.64243356028991871,0.60-0.70,7,MW 7-19,neither promoted,H,favourite did not
2025-2026,2026-01-01,Liverpool,Leeds United,D,1.5545271846690756,1.6448762293675989,1.4000245327784246,0.09034904469852334,-0.15450265189065093,-0.019813804883036884,0.64243356028991871,0.60-0.70,19,MW 7-19,away promoted,H,favourite did not
2024-2025,2025-01-18,Brentford,Liverpool,A,0.44044047916865248,0.47403456234071367,0.42747756797273356,0.033594083172061195,-0.012962911195918914,0.010678520065703065,0.64375279892521264,0.60-0.70,22,MW 20-31,neither promoted,A,favourite delivered
2025-2026,2025-11-23,Arsenal,Tottenham,H,0.44033660603798902,0.36547771384487943,0.40133103338810061,-0.074858892193109594,-0.039005572649888409,-0.019909932325337346,0.643819671016857,0.60-0.70,12,MW 7-19,neither promoted,H,favourite delivered
2024-2025,2024-12-21,Crystal Palace,Arsenal,A,0.44033660603798902,0.63685298895388098,0.84214308962322104,0.19651638291589196,0.40180648358523202,0.055706719007938624,0.643819671016857,0.60-0.70,17,MW 7-19,neither promoted,A,favourite delivered
2022-2023,2023-05-28,Manchester Utd,Fulham,H,0.43627220828756552,0.65106576188395493,0.35514141670112603,0.21479355359638941,-0.081130791586439488,0.06964383889032022,0.64644173518571024,0.60-0.70,38,MW 32-38,away promoted,H,favourite delivered
2022-2023,2022-10-01,Liverpool,Brighton,D,1.6228532699016325,1.4940481266761931,1.3939039900225096,-0.12880514322543934,-0.22894927987912284,0.0016814643052232847,0.64644173518571024,0.60-0.70,9,MW 7-19,neither promoted,H,favourite did not
2024-2025,2025-04-07,Leicester City,Newcastle,A,0.43521751316031992,0.23814945717873509,0.65898992978782978,-0.19706805598158483,0.22377241662750985,-0.047436417252045379,0.64712389380530977,0.60-0.70,31,MW 20-31,home promoted,A,favourite delivered
2022-2023,2023-04-15,Tottenham,Bournemouth,A,1.9354561336294285,2.1546562891642074,1.6017223345698841,0.2192001555347789,-0.33373379905954437,0.080321064327597558,0.64712389380530977,0.60-0.70,31,MW 20-31,away promoted,H,favourite did not
2024-2025,2024-09-21,Tottenham,Brentford,H,0.43351252066332047,0.72520289307634167,0.51451700685914015,0.2916903724130212,0.08100448619581968,0.097173618054290367,0.64822817631806395,0.60-0.70,5,MW 1-6,neither promoted,H,favourite delivered
2024-2025,2025-02-12,Everton,Liverpool,D,1.5270945306817554,1.3359493178043635,1.4358951800255983,-0.19114521287739183,-0.09119935065615703,-0.033457254706268813,0.64850177048899726,0.60-0.70,15,MW 7-19,neither promoted,A,favourite did not
2023-2024,2023-10-07,Fulham,Sheffield United,H,0.4308543421129839,0.31478099137436488,0.41821706804816638,-0.11607335073861902,-0.012637274064817516,-0.025941038964963192,0.64995357474466109,0.60-0.70,8,MW 7-19,away promoted,H,favourite delivered
2025-2026,2026-04-11,Arsenal,Bournemouth,A,2.0119305118967077,2.334019532351804,1.858515081869667,0.32208902045509635,-0.15341543002704072,0.065527279472202271,0.65007764041762817,0.60-0.70,32,MW 32-38,neither promoted,H,favourite did not
2024-2025,2024-11-25,Newcastle,West Ham,A,1.8910215725027222,1.9623022413566131,1.4992045817831277,0.071280668853890949,-0.39181699071959453,0.012772967208342534,0.65050671049027675,0.60-0.70,12,MW 7-19,neither promoted,H,favourite did not
2024-2025,2025-01-26,Aston Villa,West Ham,D,1.6165847268009621,1.4731005617615727,1.4037863586188464,-0.14348416503938943,-0.21279836818211573,-0.048295809416957353,0.65050671049027675,0.60-0.70,23,MW 20-31,neither promoted,H,favourite did not
2024-2025,2024-11-09,Liverpool,Aston Villa,H,0.43000366518689509,0.36877956073303925,0.42471800506995999,-0.061224104453855843,-0.0052856601169350981,-0.017149618935428705,0.65050671049027675,0.60-0.70,11,MW 7-19,neither promoted,H,favourite delivered
2023-2024,2023-12-17,Arsenal,Brighton,H,0.42635646713954067,0.3646211150597608,0.69096297185336064,-0.06173535207977987,0.26460650471381997,-0.01347768981402863,0.65288356909684442,0.60-0.70,17,MW 7-19,neither promoted,H,favourite delivered
2023-2024,2024-02-25,Wolves,Sheffield United,H,0.42485266846884273,0.27317857656678701,0.4043269499056395,-0.15167409190205572,-0.020525718563203232,-0.036263466200361992,0.65386611312921639,0.60-0.70,26,MW 20-31,away promoted,H,favourite delivered
2025-2026,2026-05-02,Arsenal,Fulham,H,0.42485266846884273,0.46949811897155103,0.62411522473422554,0.044645450502708295,0.19926255626538281,0.0095762075816297199,0.65386611312921639,0.60-0.70,35,MW 32-38,neither promoted,H,favourite delivered
2025-2026,2025-10-25,Chelsea,Sunderland,A,1.9991992610916731,1.4030783614606028,2.2302861767617532,-0.59612089963107029,0.23108691567008011,-0.2177938146132633,0.65386611312921639,0.60-0.70,9,MW 7-19,away promoted,H,favourite did not
2025-2026,2025-11-22,Liverpool,Nottingham,A,1.9991992610916731,2.1292604154721508,1.6944079269834529,0.13006115438047772,-0.30479133410822024,0.057077826451645164,0.65386611312921639,0.60-0.70,12,MW 7-19,neither promoted,H,favourite did not
2023-2024,2023-10-21,Newcastle,Crystal Palace,H,0.42485266846884273,0.4503241054494786,0.51863615083311121,0.025471436980635864,0.093783482364268478,0.007715304707860568,0.65386611312921639,0.60-0.70,9,MW 7-19,neither promoted,H,favourite delivered
2025-2026,2026-04-19,Nottingham,Burnley,H,0.42485266846884273,0.57806087153843277,0.53965781556735193,0.15320820306959004,0.1148051470985092,0.041264614375097083,0.65386611312921639,0.60-0.70,33,MW 32-38,away promoted,H,favourite delivered
2025-2026,2026-02-11,Crystal Palace,Burnley,A,1.9991992610916731,1.8390839431677108,1.9820583222427073,-0.16011531792396227,-0.017140938848965837,-0.079981418097757384,0.65386611312921639,0.60-0.70,26,MW 20-31,away promoted,H,favourite did not
2024-2025,2024-12-26,Chelsea,Fulham,A,1.8018344353201017,1.6976527358836198,1.4236393406135353,-0.10418169943648192,-0.37819509470656643,-0.061275904268806136,0.65429422920617719,0.60-0.70,18,MW 7-19,neither promoted,H,favourite did not
2023-2024,2024-04-07,Tottenham,Nottingham,H,0.42419813694332548,0.52238907812694702,0.65920260946671283,0.098190941183621538,0.23500447252338735,0.028258261312502031,0.65429422920617719,0.60-0.70,32,MW 32-38,neither promoted,H,favourite delivered
2024-2025,2024-10-19,Tottenham,West Ham,H,0.42419813694332548,0.51291352266410895,0.42205999701976427,0.088715385720783468,-0.0021381399235612109,0.0254723982906363,0.65429422920617719,0.60-0.70,8,MW 7-19,neither promoted,H,favourite delivered
2024-2025,2024-09-14,Brighton,Ipswich Town,D,1.6107632936751692,1.3690028856163716,1.2048863417621243,-0.24176040805879762,-0.40587695191304496,-0.033307682043540121,0.65430463576158937,0.60-0.70,4,MW 1-6,away promoted,H,favourite did not
2022-2023,2022-12-31,Newcastle,Leeds United,D,1.6107632936751692,1.9606876150058989,1.5349306714714062,0.3499243213307297,-0.075832622203763078,0.086912009831041331,0.65430463576158937,0.60-0.70,18,MW 7-19,neither promoted,H,favourite did not
2022-2023,2023-03-18,Chelsea,Everton,D,1.4864907032888581,1.3617021044082682,1.4530927143911423,-0.12478859888058991,-0.033397988897715836,-0.02468518977370715,0.65509845973874048,0.60-0.70,28,MW 20-31,neither promoted,H,favourite did not
2023-2024,2024-02-24,Bournemouth,Manchester City,A,0.42246268447673557,0.4109919325246475,0.47400660631238534,-0.011470751952088076,0.051543921835649764,-0.00091706862704792058,0.65543071161048683,0.60-0.70,26,MW 20-31,neither promoted,A,favourite delivered
2025-2026,2026-01-03,Brighton,Burnley,H,0.42246268447673557,0.41689386602784922,0.49355829192720718,-0.0055688184488863479,0.07109560745047161,-0.00023929081518866968,0.65543071161048683,0.60-0.70,20,MW 20-31,away promoted,H,favourite delivered
2023-2024,2023-09-30,West Ham,Sheffield United,H,0.42246268447673557,0.19372901686895996,0.40906052077634059,-0.22873366760777561,-0.013402163700394987,-0.050075977871587463,0.65543071161048683,0.60-0.70,7,MW 7-19,away promoted,H,favourite delivered
2023-2024,2023-12-09,Crystal Palace,Liverpool,A,0.42179527959507479,0.45171201149265711,0.74128885909769393,0.029916731897582316,0.31949357950261914,0.010085406472585684,0.65586829527349977,0.60-0.70,16,MW 7-19,neither promoted,A,favourite delivered
2024-2025,2025-01-25,Southampton,Newcastle,A,0.42179527959507479,0.20166737955572053,0.53263747851025878,-0.22012790003935426,0.11084219891518399,-0.051944877720572102,0.65586829527349977,0.60-0.70,23,MW 20-31,home promoted,A,favourite delivered
2022-2023,2022-08-21,Newcastle,Manchester City,D,1.6152967840537154,1.6542524761964386,1.425068783515764,0.038955692142723208,-0.1902280005379513,0.031051902407489562,0.65586829527349977,0.60-0.70,3,MW 1-6,neither promoted,A,favourite did not
2025-2026,2026-05-04,Everton,Manchester City,D,1.6152967840537154,1.2365146389630788,1.3248936824930244,-0.37878214509063657,-0.29040310156069093,-0.075223527774089777,0.65586829527349977,0.60-0.70,35,MW 32-38,neither promoted,A,favourite did not
2025-2026,2025-11-08,Sunderland,Arsenal,D,1.5226325748229608,0.99816475434152352,1.2838912966393383,-0.52446782048143725,-0.23874127818362245,-0.11001967247831448,0.65592544566574162,0.60-0.70,11,MW 7-19,home promoted,A,favourite did not
2024-2025,2025-01-20,Chelsea,Wolves,H,0.42002525943949393,0.40582235852716331,0.48723916701892145,-0.014202900912330618,0.067213907579427523,-0.0038502133128343885,0.65703022339027606,0.60-0.70,22,MW 20-31,neither promoted,H,favourite delivered
2024-2025,2024-11-30,West Ham,Arsenal,A,0.41766551186061807,0.41154128811586094,0.65915124679911385,-0.0061242237447571291,0.24148573493849579,-0.0025567922215864736,0.65858247961530425,0.60-0.70,13,MW 7-19,neither promoted,A,favourite delivered
2025-2026,2026-03-03,Wolves,Liverpool,H,1.938149519024712,1.8486796042132443,1.3777430848544601,-0.08946991481146771,-0.56040643417025193,-0.060824612691854796,0.65901814300960515,0.60-0.70,29,MW 20-31,neither promoted,A,favourite did not
2022-2023,2022-10-15,Tottenham,Everton,H,0.4157820750790967,0.28360801319941431,0.39198687053626435,-0.13217406187968239,-0.023795204542832349,-0.033110776135315309,0.65982404692082108,0.60-0.70,11,MW 7-19,neither promoted,H,favourite delivered
2022-2023,2022-08-28,Nottingham,Tottenham,A,0.41370177017404342,0.51427733910221507,0.24167740237935623,0.10057556892817165,-0.17202436779468719,0.022315817172164465,0.66119811086254043,0.60-0.70,4,MW 1-6,home promoted,A,favourite delivered
2022-2023,2023-02-04,Everton,Arsenal,H,2.1890341607698036,2.5833074866761039,1.8625661866802676,0.39427332590630026,-0.32646797408953598,0.10079966968746989,0.66125805734607701,0.60-0.70,22,MW 20-31,neither promoted,A,favourite did not
2023-2024,2024-05-05,Liverpool,Tottenham,H,0.41360056827863229,0.45279315644865958,0.51317263511900957,0.039192588170027298,0.099572066840377282,0.0084174566169405302,0.66126502875065341,0.60-0.70,36,MW 32-38,neither promoted,H,favourite delivered
2023-2024,2024-04-07,Sheffield United,Chelsea,D,1.6565987483408426,1.7622322049040766,1.6533600155321166,0.10563345656323397,-0.003238732808725997,0.0064239053477801733,0.66245413779046058,0.60-0.70,32,MW 32-38,home promoted,A,favourite did not
2022-2023,2023-03-11,Tottenham,Nottingham,H,0.41136247139429843,0.23750282685247012,0.46464813235842634,-0.17385964454182831,0.053285660964127901,-0.040838170923377999,0.66274666135140525,0.60-0.70,27,MW 20-31,away promoted,H,favourite delivered
2024-2025,2024-11-23,Leicester City,Chelsea,A,0.41136247139429843,0.39616998982302343,0.65780216378362788,-0.015192481571275007,0.24643969238932945,-0.0012359026213394075,0.66274666135140525,0.60-0.70,12,MW 7-19,home promoted,A,favourite delivered
2025-2026,2025-12-03,Arsenal,Brentford,H,0.40871906749461473,0.39576248448085272,0.51362462847545554,-0.012956583013762013,0.10490556098084081,-0.0021631752593784734,0.6645008860011814,0.60-0.70,14,MW 7-19,neither promoted,H,favourite delivered
2025-2026,2026-05-24,Manchester City,Aston Villa,A,1.9282500940262992,2.1806230206917006,1.8128533931488169,0.25237292666540134,-0.11539670087748233,0.04653506093390436,0.66557444194142945,0.60-0.70,38,MW 32-38,neither promoted,H,favourite did not
2024-2025,2025-02-15,Aston Villa,Ipswich Town,D,1.6141551390266156,1.4520542209970921,1.3484170487375147,-0.16210091802952342,-0.26573809028910089,-0.032265655720373043,0.66586562531290683,0.60-0.70,25,MW 20-31,away promoted,H,favourite did not
2024-2025,2025-04-26,Chelsea,Everton,H,0.40666739259323476,0.84414947026557474,0.58387779605840795,0.43748207767233999,0.17721040346517319,0.13445601746958949,0.66586562531290683,0.60-0.70,34,MW 32-38,neither promoted,H,favourite delivered
2025-2026,2026-05-04,Chelsea,Nottingham,A,2.0019206700353789,1.0549369530589692,1.1038158247133754,-0.94698371697640971,-0.89810484532200352,-0.31670140258502455,0.66586562531290683,0.60-0.70,35,MW 32-38,neither promoted,H,favourite did not
2022-2023,2022-09-17,Newcastle,Bournemouth,D,1.5715876883030029,1.903878986911318,1.5575682602695955,0.33229129860831508,-0.014019428033407388,0.080182254395746722,0.66765578635014844,0.60-0.70,8,MW 7-19,away promoted,H,favourite did not
2025-2026,2026-02-22,Tottenham,Arsenal,A,0.4039825281479415,0.48714994263536049,0.60804847387809025,0.083167414487418989,0.20406594573014875,0.020951410277611771,0.66765578635014844,0.60-0.70,27,MW 20-31,neither promoted,A,favourite delivered
2022-2023,2023-05-06,Liverpool,Brentford,H,0.40238344157075645,0.48690649683313342,0.44242481848712101,0.084523055262376967,0.040041376916364557,0.027534164583335852,0.66872427983539084,0.60-0.70,35,MW 32-38,neither promoted,H,favourite delivered
2023-2024,2023-12-26,Newcastle,Nottingham,A,1.937713381851135,2.4490191876953902,1.8135199507800597,0.51130580584425522,-0.12419343107107528,0.13645803362651143,0.66872427983539084,0.60-0.70,19,MW 7-19,neither promoted,H,favourite did not
2025-2026,2025-10-18,Manchester City,Everton,H,0.40212847859771461,0.56947343469137679,0.53084087163648586,0.16734495609366218,0.12871239303877124,0.046598060339728076,0.6688948015033549,0.60-0.70,8,MW 7-19,neither promoted,H,favourite delivered
2024-2025,2025-05-18,Everton,Southampton,H,0.40195016600071992,0.36662919451379195,0.48095010126864329,-0.035320971486927977,0.078999935267923371,-0.012044276243677605,0.66901408450704225,0.60-0.70,37,MW 32-38,away promoted,H,favourite delivered
2025-2026,2025-11-02,Manchester City,Bournemouth,H,0.39666459215489086,0.51477994044078768,0.57066298841014595,0.11811534828589682,0.17399839625525509,0.033712981694021968,0.67255956956187546,0.60-0.70,10,MW 7-19,neither promoted,H,favourite delivered
2025-2026,2026-01-01,Sunderland,Manchester City,D,1.6554456329758218,1.2693046551523386,1.4680713150254188,-0.38614097782348322,-0.18737431795040305,-0.087647055529618323,0.67255956956187546,0.60-0.70,19,MW 7-19,home promoted,A,favourite did not
2024-2025,2025-04-23,Arsenal,Crystal Palace,D,1.5637678756009121,1.5567638091143887,1.3504852605425206,-0.0070040664865234081,-0.21328261505839152,-0.0041146266556559841,0.67289719626168221,0.60-0.70,34,MW 32-38,neither promoted,H,favourite did not
2022-2023,2023-02-18,Chelsea,Southampton,A,2.1391320205044737,2.4102082186184273,1.3443034616693947,0.27107619811395356,-0.79482855883507897,0.041213183605754877,0.67289719626168221,0.60-0.70,24,MW 20-31,neither promoted,H,favourite did not
2022-2023,2022-10-02,Manchester City,Manchester Utd,H,0.39430752200902197,0.19318579942538713,0.37139719426870599,-0.20112172258363484,-0.022910327740315983,-0.047185297860818716,0.67414670940976806,0.60-0.70,9,MW 7-19,neither promoted,H,favourite delivered
2025-2026,2025-12-04,Manchester Utd,West Ham,D,1.715182969531005,1.651520413216268,1.7881755061601521,-0.063662556314737051,0.072992536629147065,-0.026528337589671491,0.67474048442906576,0.60-0.70,14,MW 7-19,neither promoted,H,favourite did not
2024-2025,2024-11-23,Arsenal,Nottingham,H,0.39298995514556984,0.45932071543899133,0.62029750892588498,0.066330760293421498,0.22730755378031514,0.015684184873128205,0.6750355281856939,0.60-0.70,12,MW 7-19,neither promoted,H,favourite delivered
2023-2024,2023-09-02,Chelsea,Nottingham,A,2.0714207390666215,1.2362336144069017,1.7205476612003032,-0.83518712465971978,-0.35087307786631827,-0.24374463535744789,0.6750355281856939,0.60-0.70,4,MW 1-6,neither promoted,H,favourite did not
2022-2023,2022-08-20,Tottenham,Wolves,H,0.39298995514556984,0.31774830368175644,0.43460822535747962,-0.075241651463813397,0.04161827021190978,-0.019669616012737881,0.6750355281856939,0.60-0.70,3,MW 1-6,neither promoted,H,favourite delivered
2025-2026,2025-09-13,Arsenal,Nottingham,H,0.39298995514556984,0.4243981533858206,0.49044991606961197,0.031408198240250762,0.097459960924042133,0.0086249941949062339,0.6750355281856939,0.60-0.70,4,MW 1-6,neither promoted,H,favourite delivered
2022-2023,2023-03-12,Fulham,Arsenal,A,0.3929899551455695,0.86970556329548598,0.70219978917098824,0.47671560814991648,0.30920983402541874,0.17129087931391279,0.67503552818569412,0.60-0.70,27,MW 20-31,home promoted,A,favourite delivered
2022-2023,2022-08-20,Bournemouth,Arsenal,A,0.3929899551455695,0.80063110400541682,0.69224580723941243,0.40764114885984731,0.29925585209384292,0.13528825264407102,0.67503552818569412,0.60-0.70,3,MW 1-6,home promoted,A,favourite delivered
2023-2024,2024-05-11,Everton,Sheffield United,H,0.39204208777602373,0.42253268137894207,0.53740961958096245,0.030490593602918337,0.14536753180493872,0.0065491186142439678,0.67567567567567566,0.60-0.70,37,MW 32-38,away promoted,H,favourite delivered
2023-2024,2024-04-23,Arsenal,Chelsea,H,0.39204208777602373,0.27437288612916289,0.37969224889725367,-0.11766920164686084,-0.012349838878770059,-0.028640222072547558,0.67567567567567566,0.60-0.70,29,MW 20-31,neither promoted,H,favourite delivered
2025-2026,2026-02-28,Liverpool,West Ham,H,0.39204208777602373,0.485319536422466,0.51771669170957957,0.093277448646442274,0.12567460393355584,0.023600715764913682,0.67567567567567566,0.60-0.70,28,MW 20-31,neither promoted,H,favourite delivered
2024-2025,2024-11-23,Manchester City,Tottenham,A,2.0014800002101243,1.7401406132909014,1.6895198018798765,-0.26133938691922287,-0.3119601983302478,-0.0720605871479989,0.67567567567567566,0.60-0.70,12,MW 7-19,neither promoted,H,favourite did not
2024-2025,2025-05-11,Nottingham,Leicester City,D,1.6650077635889111,1.7721593652890093,1.4799422993407925,0.10715160170009819,-0.18506546424811865,0.045722476842197685,0.67567567567567566,0.60-0.70,36,MW 32-38,away promoted,H,favourite did not
2024-2025,2025-01-19,Ipswich Town,Manchester City,A,0.39204208777602373,0.44582749127282145,0.49162761685519235,0.053785403496797723,0.099585529079168622,0.01134678469168135,0.67567567567567566,0.60-0.70,22,MW 20-31,home promoted,A,favourite delivered
2024-2025,2024-12-30,Ipswich Town,Chelsea,H,2.0014800002101243,2.3408326907093255,1.8136602737689917,0.33935269049920125,-0.18781972644113254,0.059573164589464156,0.67567567567567566,0.60-0.70,19,MW 7-19,home promoted,A,favourite did not
2022-2023,2022-10-29,Leicester City,Manchester City,A,0.39204208777602373,0.33178413538505974,0.40064069660701435,-0.060257952390963987,0.0085986088309906172,-0.012780647901399142,0.67567567567567566,0.60-0.70,14,MW 7-19,neither promoted,A,favourite delivered
2023-2024,2023-10-07,Luton Town,Tottenham,A,0.39204208777602373,0.24173664522857105,0.37455186222563919,-0.15030544254745268,-0.017490225550384542,-0.034027778599006825,0.67567567567567566,0.60-0.70,8,MW 7-19,home promoted,A,favourite delivered
2024-2025,2024-08-17,Newcastle,Southampton,H,0.39204208777602373,0.24961636081641908,0.70025746110380627,-0.14242572695960465,0.30821537332778254,-0.033026696681972681,0.67567567567567566,0.60-0.70,1,MW 1-6,away promoted,H,favourite delivered
2022-2023,2022-10-19,Liverpool,West Ham,H,0.39204208777602373,0.30058920192677663,0.47698003634885644,-0.091452885849247101,0.084937948572832711,-0.024903763757810032,0.67567567567567566,0.60-0.70,12,MW 7-19,neither promoted,H,favourite delivered
2023-2024,2024-04-24,Everton,Liverpool,H,2.0014800002101243,2.0108158832079037,1.5320445505514568,0.0093358829977794322,-0.46943544965866746,-0.025059782871194702,0.67567567567567566,0.60-0.70,29,MW 20-31,neither promoted,A,favourite did not
2022-2023,2022-08-27,Arsenal,Fulham,H,0.38521482818294334,0.73591576476727327,0.93098586658105231,0.35070093658432994,0.54577103839810892,0.11735463368943785,0.6803044719314939,0.60-0.70,4,MW 1-6,away promoted,H,favourite delivered
2022-2023,2022-09-03,Everton,Liverpool,D,1.6343218027603266,1.8335387825527327,1.6201280175446418,0.19921697979240616,-0.014193785215684818,0.053496596931581958,0.68136176723725739,0.60-0.70,6,MW 1-6,neither promoted,A,favourite did not
2023-2024,2023-10-21,Liverpool,Everton,H,0.38299225225610584,0.2353929865302388,0.58761568414992638,-0.14759926572586704,0.20462343189382054,-0.03416692245483454,0.68181818181818177,0.60-0.70,9,MW 7-19,neither promoted,H,favourite delivered
2022-2023,2023-05-20,Bournemouth,Manchester Utd,A,0.38299225225610584,0.64838645357946001,0.51886323532824252,0.26539420132335417,0.13587098307213669,0.083375033519063405,0.68181818181818177,0.60-0.70,37,MW 32-38,home promoted,A,favourite delivered
2022-2023,2023-03-11,Bournemouth,Liverpool,H,2.0614230361771577,1.9857536421725699,1.6246931815931092,-0.075669394004587831,-0.43672985458404856,-0.0036779522560388411,0.68181818181818177,0.60-0.70,27,MW 20-31,home promoted,A,favourite did not
2025-2026,2025-08-30,Manchester Utd,Burnley,H,0.38299225225610584,0.76436484650384562,0.48205868569194466,0.38137259424773978,0.099066433435838819,0.11553250199382657,0.68181818181818177,0.60-0.70,3,MW 1-6,away promoted,H,favourite delivered
2022-2023,2022-08-27,Chelsea,Leicester City,H,0.38299225225610584,0.54565362638590187,0.48176504205849818,0.16266137412979603,0.098772789802392347,0.050534083122684113,0.68181818181818177,0.60-0.70,4,MW 1-6,neither promoted,H,favourite delivered
2024-2025,2024-08-31,West Ham,Manchester City,A,0.38299225225610584,0.25065186382002663,0.27506048488959334,-0.1323403884360792,-0.1079317673665125,-0.031084494608277547,0.68181818181818177,0.60-0.70,3,MW 1-6,neither promoted,A,favourite delivered
2024-2025,2025-04-02,Bournemouth,Ipswich Town,A,2.0614230361771577,2.1674932536785505,1.6781864040633387,0.10607021750139278,-0.38323663211381898,0.043016323540197021,0.68181818181818177,0.60-0.70,30,MW 20-31,away promoted,H,favourite did not
2023-2024,2023-09-30,Wolves,Manchester City,H,2.0614230361771577,2.729790977482335,2.0588611879018637,0.66836794130517729,-0.002561848275294043,0.15476915635410315,0.68181818181818177,0.60-0.70,7,MW 7-19,neither promoted,A,favourite did not
2022-2023,2023-05-13,Manchester Utd,Wolves,H,0.38273247825802209,0.57213766535790733,0.40844054000038826,0.18940518709988524,0.025708061742366173,0.054469886686549264,0.68199532346063907,0.60-0.70,36,MW 32-38,neither promoted,H,favourite delivered
2024-2025,2025-01-19,Nottingham,Southampton,H,0.38050710942882671,0.26741475618428329,0.3858140109006199,-0.11309235324454342,0.0053069014717931906,-0.028222567033153834,0.6835147045597626,0.60-0.70,22,MW 20-31,away promoted,H,favourite delivered
2023-2024,2024-05-19,Chelsea,Bournemouth,H,0.37843643572024499,0.46733528283796194,0.55002831259431983,0.08889884711771695,0.17159187687407484,0.028315014044512268,0.68493150684931514,0.60-0.70,38,MW 32-38,neither promoted,H,favourite delivered
2025-2026,2026-04-25,Arsenal,Newcastle,H,0.37843643572024499,0.37920027240328352,0.59205015293732588,0.00076383668303853236,0.21361371721708089,-0.0011140512601869115,0.68493150684931514,0.60-0.70,34,MW 32-38,neither promoted,H,favourite delivered
2024-2025,2024-12-29,West Ham,Liverpool,A,0.37843643572024499,0.37286386840099855,0.48144074847269375,-0.0055725673192464353,0.10300431275244876,-0.002272419485993514,0.68493150684931514,0.60-0.70,19,MW 7-19,neither promoted,A,favourite delivered
2024-2025,2025-01-15,Newcastle,Wolves,H,0.37385976869283327,0.3583141686569104,0.5785581749578752,-0.015545600035922869,0.20469840626504193,-0.0036197556933892233,0.68807339449541283,0.60-0.70,21,MW 20-31,neither promoted,H,favourite delivered
2022-2023,2022-10-18,Brighton,Nottingham,D,1.6758129813789728,1.9663215103776317,1.6772776034988128,0.29050852899865887,0.0014646221198399978,0.092873467770671736,0.68807339449541283,0.60-0.70,12,MW 7-19,away promoted,H,favourite did not
2023-2024,2023-09-30,Newcastle,Burnley,H,0.37385976869283327,0.094754023145220231,0.2341015031824987,-0.27910574554761303,-0.13975826551033457,-0.051897319950837302,0.68807339449541283,0.60-0.70,7,MW 7-19,away promoted,H,favourite delivered
2025-2026,2025-12-30,Manchester Utd,Wolves,D,1.724603145548405,1.8529863217864364,1.6083193319383571,0.12838317623803142,-0.11628381361004791,0.038111371895959534,0.68807339449541283,0.60-0.70,19,MW 7-19,neither promoted,H,favourite did not
2023-2024,2023-12-30,Aston Villa,Burnley,H,0.37385976869283327,0.26446403546240244,0.33851689150442038,-0.10939573323043084,-0.035342877188412891,-0.026224398847478278,0.68807339449541283,0.60-0.70,20,MW 20-31,away promoted,H,favourite delivered
2025-2026,2026-03-14,Arsenal,Everton,H,0.37385976869283327,0.48662556299175952,0.51248696824289941,0.11276579429892625,0.13862719955006614,0.027880032124713919,0.68807339449541283,0.60-0.70,30,MW 20-31,neither promoted,H,favourite delivered
2022-2023,2023-02-04,Brighton,Bournemouth,H,0.37385976869283327,0.17101828957623103,0.40874863428934449,-0.20284147911660225,0.03488886559651122,-0.042739730188019867,0.68807339449541283,0.60-0.70,22,MW 20-31,away promoted,H,favourite delivered
2024-2025,2025-05-25,Liverpool,Crystal Palace,D,1.8581345381729277,1.6397844769112047,1.5216658536607242,-0.21835006126172307,-0.33646868451220358,-0.046809029934284457,0.68807339449541283,0.60-0.70,38,MW 32-38,neither promoted,H,favourite did not
2023-2024,2024-02-05,Brentford,Manchester City,A,0.37385976869283311,0.51958568132292871,0.58513268553975195,0.1457259126300956,0.21127291684691885,0.045074565108837408,0.68807339449541294,0.60-0.70,23,MW 20-31,neither promoted,A,favourite delivered
2025-2026,2025-10-26,Arsenal,Crystal Palace,H,0.37052853822726795,0.47298345838674499,0.67755873053165472,0.10245492015947705,0.30703019230438677,0.02522268531547233,0.69036934760096658,0.60-0.70,9,MW 7-19,neither promoted,H,favourite delivered
2025-2026,2026-03-04,Manchester City,Nottingham,D,1.6578829514922551,1.5173229046684669,1.3243607341857955,-0.1405600468237882,-0.33352221730645959,-2.8377021897008081e-05,0.69036934760096658,0.60-0.70,29,MW 20-31,neither promoted,H,favourite did not
2024-2025,2024-11-29,Brighton,Southampton,D,1.7055382937809263,1.6423261912064233,1.5876341012479824,-0.063212102574502937,-0.11790419253294382,0.0099858851458060893,0.69115323854660349,0.60-0.70,13,MW 7-19,away promoted,H,favourite did not
2023-2024,2024-01-30,Nottingham,Arsenal,A,0.3679057592227255,0.45878941116674044,0.54094524822950008,0.090883651944014932,0.17303948900677457,0.028626811252806098,0.69218241042345285,0.60-0.70,22,MW 20-31,neither promoted,A,favourite delivered
2022-2023,2023-02-04,Manchester Utd,Crystal Palace,H,0.36603103886275745,0.47208448557623883,0.55691043452082067,0.10605344671348138,0.19087939565806322,0.026246191352061833,0.69348127600554776,0.60-0.70,22,MW 20-31,neither promoted,H,favourite delivered
2025-2026,2025-11-08,Chelsea,Wolves,H,0.36603103886275745,0.26908366700935082,0.43106998882589442,-0.096947371853406628,0.065038949963136972,-0.022609774038933467,0.69348127600554776,0.60-0.70,11,MW 7-19,neither promoted,H,favourite delivered
2023-2024,2023-08-26,Manchester Utd,Nottingham,H,0.36603103886275745,0.49510260894439712,0.35689843477559458,0.12907157008163966,-0.0091326040871628766,0.038493494682271402,0.69348127600554776,0.60-0.70,3,MW 1-6,neither promoted,H,favourite delivered
2025-2026,2025-12-03,Liverpool,Sunderland,D,1.7629881719491147,1.3947492487029118,1.6127183403691618,-0.36823892324620289,-0.15026983157995288,-0.10500270728775477,0.69369369369369371,0.60-0.70,14,MW 7-19,away promoted,H,favourite did not
2025-2026,2026-05-09,Manchester City,Brentford,H,0.36572477945865028,0.50432422712502467,0.55878866951518757,0.13859944766637439,0.19306389005653729,0.035498706192491035,0.69369369369369371,0.60-0.70,36,MW 32-38,neither promoted,H,favourite delivered
2024-2025,2025-04-06,Tottenham,Southampton,H,0.36572477945865028,0.23821612153948832,0.33331929549661493,-0.12750865791916197,-0.032405483962035353,-0.030112800672338395,0.69369369369369371,0.60-0.70,31,MW 20-31,away promoted,H,favourite delivered
2024-2025,2024-08-24,Tottenham,Everton,H,0.36490762886520883,0.55489305688587287,0.54929606346166171,0.18998542802066404,0.18438843459645288,0.052618969648560582,0.69426077757207083,0.60-0.70,2,MW 1-6,neither promoted,H,favourite delivered
2023-2024,2023-09-24,Liverpool,West Ham,H,0.36490762886520883,0.3624409528224235,0.43971808496263687,-0.0024666760427853318,0.074810456097428035,0.0029772102237598796,0.69426077757207083,0.60-0.70,6,MW 1-6,neither promoted,H,favourite delivered
2024-2025,2024-08-31,Arsenal,Brighton,D,1.7156510057207806,1.787775409979107,1.409775237541288,0.072124404258326447,-0.30587576817949258,0.047962383734661496,0.69426077757207083,0.60-0.70,3,MW 1-6,neither promoted,H,favourite did not
2024-2025,2024-11-02,Liverpool,Brighton,H,0.36490762886520883,0.41938940864786323,0.49228749978192587,0.054481779782654394,0.12737987091671704,0.012249164517767044,0.69426077757207083,0.60-0.70,10,MW 7-19,neither promoted,H,favourite delivered
2024-2025,2025-02-26,Liverpool,Newcastle,H,0.36490762886520883,0.48284187687136249,0.43286403294492498,0.11793424800615365,0.067956404079716148,0.03761167458469615,0.69426077757207083,0.60-0.70,27,MW 20-31,neither promoted,H,favourite delivered
2025-2026,2025-12-30,Arsenal,Aston Villa,H,0.36490762886520883,0.61312535197999629,0.53698814299756492,0.24821772311478746,0.17208051413235609,0.070248394467478131,0.69426077757207083,0.60-0.70,19,MW 7-19,neither promoted,H,favourite delivered
2023-2024,2024-01-01,Liverpool,Newcastle,H,0.36490762886520883,0.49295639490202109,0.48495527950874623,0.12804876603681226,0.1200476506435374,0.039674589927447934,0.69426077757207083,0.60-0.70,20,MW 20-31,neither promoted,H,favourite delivered
2022-2023,2022-08-07,West Ham,Manchester City,A,0.36490762886520867,0.33125002431980333,0.39841767134935702,-0.03365760454540534,0.03351004248414835,-0.0079158070068495803,0.69426077757207094,0.60-0.70,1,MW 1-6,neither promoted,A,favourite delivered
2023-2024,2024-05-14,Tottenham,Manchester City,A,0.36179004460550268,0.36297107077374779,0.54312055152715477,0.001181026168245114,0.18133050692165209,-0.0013918453052226831,0.69642857142857151,0.60-0.70,34,MW 32-38,neither promoted,A,favourite delivered
2023-2024,2023-10-21,Manchester City,Brighton,H,0.36179004460550268,0.31336002252672274,0.55208801626770343,-0.048430022078779944,0.19029797166220075,-0.011829285510600349,0.69642857142857151,0.60-0.70,9,MW 7-19,neither promoted,H,favourite delivered
2022-2023,2022-08-06,Tottenham,Southampton,H,0.35907206853845403,0.18098180966270383,0.46775720118877362,-0.1780902588757502,0.10868513265031959,-0.036518629039267378,0.69832402234636859,0.60-0.70,1,MW 1-6,neither promoted,H,favourite delivered
2025-2026,2026-05-01,Leeds United,Burnley,H,0.35907206853845403,0.41419057048992369,0.51910296222285646,0.055118501951469667,0.16003089368440243,0.013987083437098501,0.69832402234636859,0.60-0.70,35,MW 32-38,both promoted,H,favourite delivered
2025-2026,2025-09-13,Newcastle,Wolves,H,0.35907206853845403,0.42129361525432296,0.70656376633130114,0.062221546715868936,0.34749169779284711,0.019978944006576065,0.69832402234636859,0.60-0.70,4,MW 1-6,neither promoted,H,favourite delivered
2022-2023,2023-02-25,Bournemouth,Manchester City,A,0.35907206853845375,0.22827001679837283,0.35716900647474659,-0.13080205174008092,-0.0019030620637071616,-0.028363345093707991,0.69832402234636881,0.60-0.70,25,MW 20-31,home promoted,A,favourite delivered
2023-2024,2023-12-26,Burnley,Liverpool,A,0.3570082217288526,0.36462383780489221,0.43450519419915989,0.0076156160760396108,0.07749697247030729,0.0034614753064164325,0.69976674441852726,0.60-0.70,19,MW 7-19,home promoted,A,favourite delivered
2023-2024,2023-11-12,Liverpool,Brentford,H,0.35669918606913198,0.48856045660342046,0.5849336218005482,0.13186127053428848,0.22823443573141622,0.041308574456767479,0.69998303071440693,0.60-0.70,12,MW 7-19,neither promoted,H,favourite delivered
2023-2024,2024-02-24,Arsenal,Newcastle,H,0.35669918606913198,0.35560722732223154,0.3748857725818589,-0.0010919587469004344,0.018186586512726921,0.0010294048660316399,0.69998303071440693,0.60-0.70,26,MW 20-31,neither promoted,H,favourite delivered
2023-2024,2023-10-29,Aston Villa,Luton Town,H,0.35669918606913198,0.15494892286739714,0.27508869906753802,-0.20175026320173484,-0.081610487001593957,-0.041405260768742666,0.69998303071440693,0.60-0.70,10,MW 7-19,away promoted,H,favourite delivered
2024-2025,2025-01-15,Arsenal,Tottenham,H,0.35669918606913198,0.4593454913080991,0.58429162677713908,0.10264630523896712,0.2275924407080071,0.026347034098645285,0.69998303071440693,0.60-0.70,21,MW 20-31,neither promoted,H,favourite delivered
2024-2025,2025-01-05,Liverpool,Manchester Utd,D,1.7539625785595965,1.6654647070266342,1.5762465638049696,-0.088497871532962291,-0.17771601475462684,0.0027714798426913267,0.69998303071440693,0.60-0.70,20,MW 20-31,neither promoted,H,favourite did not
2025-2026,2026-02-11,Manchester City,Fulham,H,0.35669918606913198,0.42177316589972275,0.60433041177498747,0.065073979830590767,0.2476312257058555,0.014490295512543876,0.69998303071440693,0.60-0.70,26,MW 20-31,neither promoted,H,favourite delivered
2023-2024,2023-12-17,Liverpool,Manchester Utd,D,1.8155959173825662,1.7345872588965046,1.7182169265865102,-0.081008658486061647,-0.097378990796056053,-0.0126392144195491,0.70357907617008253,0.70-1.00,17,MW 7-19,neither promoted,H,favourite did not
2022-2023,2023-05-14,Everton,Manchester City,A,0.3503634013249296,0.27980343071153935,0.37500969967581133,-0.070559970613390255,0.024646298350881723,-0.015405959418175755,0.70443205165835043,0.70-1.00,36,MW 32-38,neither promoted,A,favourite delivered
2023-2024,2024-03-09,Bournemouth,Sheffield United,D,1.7696283184878125,1.8111869058527714,1.6390612833667584,0.041558587364958877,-0.13056703512105416,0.017545876257349269,0.70464639562692177,0.70-1.00,28,MW 20-31,away promoted,H,favourite did not
2023-2024,2023-10-21,Sheffield United,Manchester Utd,A,0.34914521728980935,0.332149233977587,0.251064127642109,-0.016995983312222351,-0.098081089647700348,-0.0039976644483393498,0.70529070242865322,0.70-1.00,9,MW 7-19,home promoted,A,favourite delivered
2024-2025,2025-04-20,Ipswich Town,Arsenal,A,0.34724111125636398,0.27341461486209856,0.50341794646105975,-0.073826496394265417,0.15617683520469577,-0.016333059181357898,0.70663493008033329,0.70-1.00,33,MW 32-38,home promoted,A,favourite delivered
2022-2023,2023-03-15,Brighton,Crystal Palace,H,0.34626539655067828,0.43799711710000677,0.41995759074058531,0.091731720549328488,0.073692194189907023,0.024583537457111039,0.7073247406475951,0.70-1.00,8,MW 7-19,neither promoted,H,favourite delivered
2024-2025,2025-01-04,Aston Villa,Leicester City,H,0.34345063200267528,0.46741894478924723,0.50933025467423021,0.12396831278657194,0.16587962267155493,0.034753700319901833,0.70931849791376911,0.70-1.00,20,MW 20-31,away promoted,H,favourite delivered
2024-2025,2024-11-24,Southampton,Liverpool,A,0.34345063200267528,0.22305185121606153,0.36242707474725644,-0.12039878078661376,0.018976442744581157,-0.027464861045583138,0.70931849791376911,0.70-1.00,12,MW 7-19,home promoted,A,favourite delivered
2022-2023,2022-10-22,Nottingham,Liverpool,H,2.0723471320675846,3.3481106031476862,2.6310250493608143,1.2757634710801016,0.55867791729322969,0.18357196074436333,0.70990575743857764,0.70-1.00,13,MW 7-19,home promoted,A,favourite did not
2023-2024,2024-05-19,Sheffield United,Tottenham,A,0.342623053758982,0.36362533550647053,0.57478335234912004,0.021002281747488527,0.23216029859013804,0.0066279219156045108,0.70990575743857764,0.70-1.00,38,MW 32-38,home promoted,A,favourite delivered
2025-2026,2025-12-27,Arsenal,Brighton,H,0.34221868115019521,0.40068739089295813,0.49322677136813686,0.058468709742762914,0.15100809021794165,0.013227345618819324,0.71019288193043328,0.70-1.00,18,MW 7-19,neither promoted,H,favourite delivered
2024-2025,2025-05-20,Manchester City,Bournemouth,H,0.34221868115019521,0.66475577820267051,0.58310297977753034,0.3225370970524753,0.24088429862733512,0.096836741633299639,0.71019288193043328,0.70-1.00,37,MW 32-38,neither promoted,H,favourite delivered
2023-2024,2024-04-25,Brighton,Manchester City,A,0.34221868115019521,0.50190456481180223,0.70789248294159657,0.15968588366160702,0.36567380179140135,0.04394438890047446,0.71019288193043328,0.70-1.00,29,MW 20-31,neither promoted,A,favourite delivered
2024-2025,2025-05-25,Bournemouth,Leicester City,H,0.34221868115019521,0.37726934388559941,0.44723919030827747,0.035050662735404192,0.10502050915808225,0.0073284288241482268,0.71019288193043328,0.70-1.00,38,MW 32-38,away promoted,H,favourite delivered
2022-2023,2023-05-08,Brighton,Everton,A,2.1364812805963687,2.4039877566475436,2.0335123727223299,0.26750647605117495,-0.10296890787403878,0.076932542395548142,0.71019288193043328,0.70-1.00,35,MW 32-38,neither promoted,H,favourite did not
2022-2023,2023-02-12,Manchester City,Aston Villa,H,0.3372655726406088,0.21535676943035373,0.44212198372879746,-0.12190880321025507,0.10485641108818866,-0.025486603805455234,0.71371927042030137,0.70-1.00,23,MW 20-31,neither promoted,H,favourite delivered
2023-2024,2023-08-11,Burnley,Manchester City,A,0.3372655726406088,0.32729723927569382,0.41982149209983943,-0.009968333364914983,0.082555919459230631,-0.0023671116452425242,0.71371927042030137,0.70-1.00,1,MW 1-6,home promoted,A,favourite delivered
2024-2025,2025-05-02,Manchester City,Wolves,H,0.3372655726406088,0.45403152486565895,0.52202794443277944,0.11676595222505015,0.18476237179217064,0.034805541954596009,0.71371927042030137,0.70-1.00,35,MW 32-38,neither promoted,H,favourite delivered
2022-2023,2022-12-27,Chelsea,Bournemouth,H,0.3372655726406088,0.38828778649351964,0.64377944422686517,0.051022213852910836,0.30651387158625637,0.013543749103917313,0.71371927042030137,0.70-1.00,17,MW 7-19,away promoted,H,favourite delivered
2023-2024,2024-04-06,Crystal Palace,Manchester City,A,0.33575769568334413,0.37973124021516586,0.54721717721998175,0.043973544531821729,0.21145948153663763,0.010162987392897303,0.71479628305932807,0.70-1.00,32,MW 32-38,neither promoted,A,favourite delivered
2024-2025,2024-12-15,Chelsea,Brentford,H,0.33575769568334413,0.35413709014497602,0.35386109205321847,0.018379394461631893,0.018103396369874347,0.0059243700492690801,0.71479628305932807,0.70-1.00,16,MW 7-19,neither promoted,H,favourite delivered
2022-2023,2023-03-11,Crystal Palace,Manchester City,A,0.33575769568334413,0.43989602934371419,0.45704002722229486,0.10413833366037006,0.12128233153895074,0.028331424143864394,0.71479628305932807,0.70-1.00,27,MW 20-31,neither promoted,A,favourite delivered
2023-2024,2024-02-17,Manchester City,Chelsea,D,1.8423382226777367,1.9076135791669702,1.8838098404827746,0.065275356489233438,0.04147161780503783,0.017717364075126474,0.71479628305932807,0.70-1.00,25,MW 20-31,neither promoted,H,favourite did not
2022-2023,2022-12-27,Manchester Utd,Nottingham,H,0.33524918188994224,0.32854786175471207,0.41769666111541276,-0.006701320135230171,0.082447479225470521,-0.0034555885105904058,0.71515985926265868,0.70-1.00,17,MW 7-19,away promoted,H,favourite delivered
2024-2025,2024-10-20,Wolves,Manchester City,A,0.33524918188994224,0.20219988675880235,0.34825564997856345,-0.13304929513113989,0.013006468088621215,-0.028091264889467518,0.71515985926265868,0.70-1.00,8,MW 7-19,neither promoted,A,favourite delivered
2024-2025,2024-12-26,Manchester City,Everton,D,1.754818331894705,1.2280145575075025,1.4955385005163655,-0.52680377438720249,-0.25927983137833954,-0.098471769498465145,0.71515985926265868,0.70-1.00,18,MW 7-19,neither promoted,H,favourite did not
2025-2026,2025-08-23,Arsenal,Leeds United,H,0.33524918188994224,1.915701858443098,1.236807673198334,1.5804526765531559,0.90155849130839172,0.40521291878794952,0.71515985926265868,0.70-1.00,2,MW 1-6,away promoted,H,favourite delivered
2024-2025,2024-09-28,Wolves,Liverpool,A,0.33472381461193979,0.30712317964039992,0.44353886567028217,-0.027600634971539861,0.10881505105834238,-0.0086403355747698002,0.71553567956445641,0.70-1.00,6,MW 1-6,neither promoted,A,favourite delivered
2024-2025,2024-11-10,Manchester Utd,Leicester City,H,0.33472381461193979,0.65073171359944548,0.33726681565145661,0.3160078989875057,0.0025430010395168234,0.092991980205503949,0.71553567956445641,0.70-1.00,11,MW 7-19,away promoted,H,favourite delivered
2022-2023,2022-09-03,Aston Villa,Manchester City,D,1.7987447271875363,1.9626857264203079,1.5201587794760181,0.16394099923277161,-0.27858594771151823,0.037485565088397566,0.71553567956445641,0.70-1.00,6,MW 1-6,neither promoted,A,favourite did not
2022-2023,2022-09-17,Wolves,Manchester City,A,0.33472381461193979,0.41461177022371409,0.46612399356588852,0.079887955611774308,0.13140017895394873,0.016239075814418191,0.71553567956445641,0.70-1.00,8,MW 7-19,neither promoted,A,favourite delivered
2024-2025,2024-08-17,Ipswich Town,Liverpool,A,0.33472381461193979,0.80176728236723227,2.0025758002030769,0.46704346775529249,1.6678519855911371,0.14817732415937931,0.71553567956445641,0.70-1.00,1,MW 1-6,home promoted,A,favourite delivered
2024-2025,2025-02-15,Leicester City,Arsenal,A,0.33169895786855513,0.16472377576621072,0.43930317848595796,-0.16697518210234441,0.10760422061740282,-0.03257795215914773,0.71770334928229673,0.70-1.00,25,MW 20-31,home promoted,A,favourite delivered
2024-2025,2024-12-04,Southampton,Chelsea,A,0.3288034873819124,0.34616014171702242,0.5101759323696341,0.017356654335110022,0.1813724449877217,0.002371928824457907,0.71978444957659748,0.70-1.00,14,MW 7-19,home promoted,A,favourite delivered
2024-2025,2024-12-04,Manchester City,Nottingham,H,0.32531100464527379,0.55597132855309217,0.46810319382888776,0.23066032390781838,0.14279218918361397,0.062327665635165827,0.72230267921795788,0.70-1.00,14,MW 7-19,neither promoted,H,favourite delivered
2024-2025,2024-12-07,Aston Villa,Southampton,H,0.32266889359531414,0.32805249165788491,0.39790716839575019,0.0053835980625707713,0.075238274800436045,0.00085944125629223989,0.72421360643745414,0.70-1.00,15,MW 7-19,away promoted,H,favourite delivered
2022-2023,2023-03-01,Arsenal,Everton,H,0.32076510741585501,0.21041433872968124,0.44508069468849631,-0.11035076868617377,0.1243155872726413,-0.021768670052320579,0.72559366754617416,0.70-1.00,7,MW 7-19,neither promoted,H,favourite delivered
2023-2024,2024-02-21,Liverpool,Luton Town,H,0.31936240905475272,0.21115306264994257,0.24557019086138376,-0.10820934640481014,-0.073792218193368952,-0.023408333353120772,0.72661217075386009,0.70-1.00,26,MW 20-31,away promoted,H,favourite delivered
2025-2026,2025-12-06,Newcastle,Burnley,H,0.31714796379481025,0.34557353833910009,0.44812682961085998,0.028425574544289844,0.13097886581604973,0.0085689801474846672,0.72822299651567934,0.70-1.00,15,MW 7-19,away promoted,H,favourite delivered
2022-2023,2023-05-22,Newcastle,Leicester City,D,1.8020341388912045,2.1024720167704722,1.7586287157613953,0.30043787787926779,-0.043405423129809106,0.036304027253601601,0.72964399013041947,0.70-1.00,37,MW 32-38,neither promoted,H,favourite did not
2022-2023,2023-05-03,Liverpool,Fulham,H,0.31519854854943657,0.43656909258256604,0.37186915285189981,0.12137054403312947,0.056670604302463234,0.03376103081944351,0.72964399013041947,0.70-1.00,28,MW 20-31,away promoted,H,favourite delivered
2025-2026,2025-09-14,Burnley,Liverpool,A,0.31519854854943657,0.28900094916222763,0.41782133179682573,-0.026197599387208947,0.10262278324738916,-0.0029692330658662169,0.72964399013041947,0.70-1.00,4,MW 1-6,home promoted,A,favourite delivered
2025-2026,2026-01-24,Manchester City,Wolves,H,0.31519854854943657,0.22151758642113636,0.52108697323632447,-0.09368096212830021,0.20588842468688789,-0.021213239914423889,0.72964399013041947,0.70-1.00,23,MW 20-31,neither promoted,H,favourite delivered
2023-2024,2024-03-31,Liverpool,Brighton,H,0.3145244529786449,0.35441332060859831,0.56850091459801166,0.039888867629953417,0.25397646161936677,0.0089242002471512996,0.73013600572655701,0.70-1.00,30,MW 20-31,neither promoted,H,favourite delivered
2025-2026,2026-03-15,Liverpool,Tottenham,D,1.843919657739209,1.6024587810993882,1.3451843185018244,-0.24146087663982074,-0.49873533923738456,-0.05694738062057908,0.73013600572655701,0.70-1.00,30,MW 20-31,neither promoted,H,favourite did not
2023-2024,2024-04-24,Manchester Utd,Sheffield United,H,0.3145244529786449,0.23642022918116093,0.41963981886748475,-0.078104223797483968,0.10511536588883985,-0.017440208372496629,0.73013600572655701,0.70-1.00,29,MW 20-31,away promoted,H,favourite delivered
2025-2026,2026-05-13,Manchester City,Crystal Palace,H,0.3145244529786449,0.31560621282284407,0.45583228106119583,0.0010817598441991705,0.14130782808255093,-0.0027641119897761426,0.73013600572655701,0.70-1.00,31,MW 20-31,neither promoted,H,favourite delivered
2022-2023,2023-02-18,Nottingham,Manchester City,D,1.7601941332796964,1.7789366506254511,1.424156509102364,0.018742517345754717,-0.33603762417733241,0.012169367969246336,0.73338222548169874,0.70-1.00,24,MW 20-31,home promoted,A,favourite did not
2023-2024,2024-05-11,Tottenham,Burnley,H,0.30727257317831252,0.39086663857026371,0.39660889125816612,0.083594065391951189,0.089336318079853594,0.021039845075829469,0.73545010961035284,0.70-1.00,37,MW 32-38,away promoted,H,favourite delivered
2024-2025,2024-12-14,Liverpool,Fulham,D,1.8433757088791907,1.5906784315482725,1.5776614095320902,-0.25269727733091818,-0.26571429934710045,-0.042816603946892656,0.73619631901840488,0.70-1.00,16,MW 7-19,neither promoted,H,favourite did not
2024-2025,2025-04-12,Brighton,Leicester City,D,1.8433757088791907,1.8403834751307451,1.603340219547944,-0.0029922337484455941,-0.24003548933124663,0.011386399572090866,0.73619631901840488,0.70-1.00,32,MW 32-38,away promoted,H,favourite did not
2022-2023,2023-04-30,Fulham,Manchester City,A,0.30625845802471641,0.41636016987013369,0.36843936875755107,0.11010171184541728,0.06218091073283466,0.029121563428671032,0.73619631901840488,0.70-1.00,34,MW 32-38,home promoted,A,favourite delivered
2025-2026,2026-05-09,Brighton,Wolves,H,0.30625845802471641,0.40794754891821189,0.62919904401012261,0.10168909089349548,0.3229405859854062,0.021301867657852191,0.73619631901840488,0.70-1.00,36,MW 32-38,neither promoted,H,favourite delivered
2023-2024,2023-08-26,Arsenal,Fulham,D,1.7914389050323303,1.8468037097021981,1.8992004026685818,0.055364804669867818,0.10776149763625154,-0.022680431951000057,0.73741583840974667,0.70-1.00,3,MW 1-6,neither promoted,H,favourite did not
2022-2023,2022-11-12,Liverpool,Southampton,H,0.30421137440299145,0.16990535745670435,0.44094995611923921,-0.1343060169462871,0.13673858171624775,-0.026851590740754071,0.73770491803278693,0.70-1.00,16,MW 7-19,neither promoted,H,favourite delivered
2023-2024,2024-02-17,Burnley,Arsenal,A,0.30258139381944016,0.31106968192070666,0.37546420836240046,0.0084882881012665057,0.072882814542960306,0.0023763206805024681,0.73890834323898857,0.70-1.00,25,MW 20-31,home promoted,A,favourite delivered
2023-2024,2023-09-16,Tottenham,Sheffield United,H,0.30258139381944016,0.24182119522934786,0.22070568525102058,-0.060760198590092296,-0.081875708568419581,-0.010451177114117388,0.73890834323898857,0.70-1.00,5,MW 1-6,away promoted,H,favourite delivered
2022-2023,2023-03-12,Manchester Utd,Southampton,D,1.7515563615385374,1.9283713322933165,1.5479254806128628,0.17681497075477903,-0.20363088092567461,0.01006420296706162,0.73974445191661076,0.70-1.00,27,MW 20-31,neither promoted,H,favourite did not
2023-2024,2024-05-12,Manchester Utd,Arsenal,A,0.300689216845826,0.3628490819293867,0.47894559611336313,0.062159865083560695,0.17825637926753712,0.014242744575986607,0.74030781219559716,0.70-1.00,37,MW 32-38,neither promoted,A,favourite delivered
2022-2023,2022-12-28,Leeds United,Manchester City,A,0.300689216845826,0.27570906886303564,0.3954167522192078,-0.024980147982790357,0.094727535373381799,-0.0045346811348877594,0.74030781219559716,0.70-1.00,17,MW 7-19,neither promoted,A,favourite delivered
2023-2024,2023-12-28,Arsenal,West Ham,A,2.2973387970787402,2.066758511916519,2.0763102998116336,-0.23058028516222118,-0.22102849726710661,-0.034828548002862725,0.74030781219559716,0.70-1.00,19,MW 7-19,neither promoted,H,favourite did not
2024-2025,2025-05-25,Newcastle,Everton,A,2.2973387970787402,1.4672515864938391,1.3757346123584679,-0.83008721058490109,-0.92160418472027228,-0.24977154515081568,0.74030781219559716,0.70-1.00,38,MW 32-38,neither promoted,H,favourite did not
2023-2024,2023-11-11,Manchester Utd,Luton Town,H,0.300689216845826,0.45527304594702195,0.30795503723108025,0.15458382910119595,0.0072658203852542513,0.041077973269210775,0.74030781219559716,0.70-1.00,12,MW 7-19,away promoted,H,favourite delivered
2024-2025,2024-12-14,Newcastle,Leicester City,H,0.29990704207435004,0.43635132889271094,0.47662855657994041,0.1364442868183609,0.17672151450559037,0.036735781421338286,0.74088708880766563,0.70-1.00,16,MW 7-19,away promoted,H,favourite delivered
2025-2026,2025-08-15,Liverpool,Bournemouth,H,0.29990704207435004,0.58623847048673849,0.69460458028876393,0.28633142841238846,0.39469753821441389,0.08517521925994434,0.74088708880766563,0.70-1.00,1,MW 1-6,neither promoted,H,favourite delivered
2024-2025,2025-02-03,Chelsea,West Ham,H,0.29665485426819305,0.41038753508990861,0.36793952715804218,0.11373268082171556,0.071284672889849132,0.029779443990457961,0.74330051509421657,0.70-1.00,24,MW 20-31,neither promoted,H,favourite delivered
2022-2023,2023-05-28,Arsenal,Wolves,H,0.29565024210095792,0.31640030149742382,0.42019399875875368,0.020750059396465903,0.12454375665779577,0.0062006930262237109,0.74404761904761896,0.70-1.00,38,MW 32-38,neither promoted,H,favourite delivered
2023-2024,2024-03-30,Chelsea,Burnley,D,1.9111681327824808,1.7081936826461439,1.60671677794774,-0.20297445013633686,-0.30445135483474073,-0.042858364767783985,0.74527039938849604,0.70-1.00,30,MW 20-31,away promoted,H,favourite did not
2022-2023,2022-08-31,Liverpool,Newcastle,H,0.29366414412932829,0.28728736824926487,0.3914961185631034,-0.0063767758800634122,0.097831974433775115,-0.0021255552316109122,0.74552683896620286,0.70-1.00,5,MW 1-6,neither promoted,H,favourite delivered
2022-2023,2023-03-19,Arsenal,Crystal Palace,H,0.2933478099874583,0.30548686090704696,0.46405415864054306,0.012139050919588668,0.17070634865308476,0.0024917816263231862,0.74576271186440679,0.70-1.00,28,MW 20-31,neither promoted,H,favourite delivered
2024-2025,2025-04-13,Liverpool,West Ham,H,0.2933478099874583,0.29310133507215852,0.36157640429876886,-0.00024647491529977694,0.068228594311310564,0.0013524962113152794,0.74576271186440679,0.70-1.00,32,MW 32-38,neither promoted,H,favourite delivered
2022-2023,2022-08-15,Liverpool,Crystal Palace,D,1.7942421802036113,1.6963480666970276,1.4705965489982462,-0.097894113506583613,-0.32364563120536505,-0.0084200563705151277,0.74684142165544931,0.70-1.00,2,MW 1-6,neither promoted,H,favourite did not
2022-2023,2022-08-06,Fulham,Liverpool,D,1.7942421802036113,1.4432369581928017,1.0174994732890108,-0.35100522201080953,-0.77674270691460046,-0.076309233002465782,0.74684142165544931,0.70-1.00,1,MW 1-6,home promoted,A,favourite did not
2024-2025,2025-01-16,Manchester Utd,Southampton,H,0.29167409372131836,0.363085961026474,0.32441483673754218,0.071411867305155641,0.032740743016223817,0.012978679170723539,0.74701195219123506,0.70-1.00,21,MW 20-31,away promoted,H,favourite delivered
2024-2025,2024-12-29,Leicester City,Manchester City,A,0.29034169042505203,0.36453684713186507,0.36082473542827909,0.074195156706813037,0.070483045003227052,0.017696066389646527,0.74800793675789734,0.70-1.00,19,MW 7-19,home promoted,A,favourite delivered
2024-2025,2025-02-22,Arsenal,West Ham,A,2.4488010158285705,2.782172700754745,2.2274623592427267,0.33337168492617453,-0.22133865658584373,0.057696354298955033,0.74832145286757956,0.70-1.00,26,MW 20-31,neither promoted,H,favourite did not
2023-2024,2023-11-12,Brighton,Sheffield United,D,1.8562979903656263,2.9265426011640669,2.6137637492707233,1.0702446107984407,0.75746575890509704,0.13041743200467948,0.75,0.70-1.00,12,MW 7-19,away promoted,H,favourite did not
2023-2024,2023-08-14,Manchester Utd,Wolves,H,0.2876820724517809,0.39700134245707502,0.32934587940659643,0.10931927000529412,0.04166380695481553,0.025905867926615478,0.75,0.70-1.00,1,MW 1-6,neither promoted,H,favourite delivered
2023-2024,2024-04-14,Arsenal,Aston Villa,A,2.367123614131617,2.5333503390592056,2.128717776883799,0.16622672492758861,-0.23840583724781794,0.028924515039878695,0.75,0.70-1.00,33,MW 32-38,neither promoted,H,favourite did not
2022-2023,2023-01-22,Manchester City,Wolves,H,0.28607822286980633,0.17590078340111664,0.36384454563040924,-0.11017743946868969,0.077766322760602913,-0.022450225084100467,0.75120385232744791,0.70-1.00,21,MW 20-31,neither promoted,H,favourite delivered
2023-2024,2024-03-03,Manchester City,Manchester Utd,H,0.28057183426927612,0.48846909052163956,0.38348994926293467,0.20789725625236344,0.10291811499365855,0.053264504686239188,0.7553516819571866,0.70-1.00,27,MW 20-31,neither promoted,H,favourite delivered
2022-2023,2023-04-01,Arsenal,Leeds United,H,0.28057183426927612,0.18270828944019496,0.44888826066581711,-0.097863544829081162,0.16831642639654099,-0.018746854242683273,0.7553516819571866,0.70-1.00,29,MW 20-31,neither promoted,H,favourite delivered
2024-2025,2025-05-16,Aston Villa,Tottenham,H,0.28057183426927612,0.5725292059455287,0.73327329143869036,0.29195737167625258,0.45270145716941423,0.085737172389203226,0.7553516819571866,0.70-1.00,37,MW 32-38,neither promoted,H,favourite delivered
2024-2025,2024-11-10,Tottenham,Ipswich Town,A,2.3087200815615616,2.8115732246864176,2.8700227953991191,0.50285314312485596,0.56130271383755748,0.090651203956771842,0.7553516819571866,0.70-1.00,11,MW 7-19,away promoted,H,favourite did not
2022-2023,2023-01-03,Manchester Utd,Bournemouth,H,0.27912281905611092,0.32231663033164537,0.47784754789866862,0.043193811275534455,0.19872472884255771,0.0096278924340702371,0.7564469914040115,0.70-1.00,19,MW 7-19,away promoted,H,favourite delivered
2022-2023,2023-04-30,Newcastle,Southampton,H,0.27912281905611092,0.18727076005172164,0.56815018483455781,-0.09185205900438928,0.2890273657784469,-0.017364928722160677,0.7564469914040115,0.70-1.00,34,MW 32-38,neither promoted,H,favourite delivered
2023-2024,2023-08-25,Chelsea,Luton Town,H,0.27912281905611092,0.44290680175555375,0.31171517296094342,0.16378398269944283,0.032592353904832505,0.045943247974768231,0.7564469914040115,0.70-1.00,3,MW 1-6,away promoted,H,favourite delivered
2022-2023,2022-12-30,Liverpool,Leicester City,H,0.27912281905611092,0.32062645706891935,0.43821513399817397,0.04150363801280843,0.15909231494206305,0.010408120679912626,0.7564469914040115,0.70-1.00,18,MW 7-19,neither promoted,H,favourite delivered
2025-2026,2026-02-07,Arsenal,Sunderland,H,0.27912281905611092,0.4896749764368345,0.39609252652250337,0.21055215738072358,0.11696970746639246,0.047682646353155611,0.7564469914040115,0.70-1.00,25,MW 20-31,away promoted,H,favourite delivered
2025-2026,2025-12-06,Manchester City,Sunderland,H,0.27559002668675214,0.60722329503943573,0.37641970814615089,0.33163326835268359,0.10082968145939875,0.09428080447961916,0.75912408759124095,0.70-1.00,15,MW 7-19,away promoted,H,favourite delivered
2024-2025,2024-10-05,Manchester City,Fulham,H,0.27559002668675214,0.32072901914014812,0.33004161135146171,0.045138992453395976,0.054451584664709562,0.0081262798537892894,0.75912408759124095,0.70-1.00,7,MW 7-19,neither promoted,H,favourite delivered
2024-2025,2024-09-21,Liverpool,Bournemouth,H,0.27559002668675214,0.39946587121986377,0.36867712898840987,0.12387584453311162,0.093087102301657731,0.028792134019848425,0.75912408759124095,0.70-1.00,5,MW 1-6,neither promoted,H,favourite delivered
2023-2024,2023-12-03,Manchester City,Tottenham,D,1.9242486522741338,2.0869651594608114,1.8930043347370535,0.16271650718667763,-0.031244317537080235,0.005121947815669603,0.75912408759124095,0.70-1.00,14,MW 7-19,neither promoted,H,favourite did not
2023-2024,2024-04-20,Wolves,Arsenal,A,0.27326039638079463,0.37219473919394641,0.45990595961831277,0.098934342813151777,0.18664556323751813,0.022542378872576756,0.76089462762278071,0.70-1.00,34,MW 32-38,neither promoted,A,favourite delivered
2024-2025,2024-09-14,Liverpool,Nottingham,A,2.4475508632442313,2.5427292047439454,1.7846348425406768,0.095178341499714048,-0.66291602070355449,-0.0012674111018221579,0.76124567474048443,0.70-1.00,4,MW 1-6,neither promoted,H,favourite did not
2025-2026,2026-02-21,Chelsea,Burnley,D,1.8822370541941711,1.7691689822654748,1.6444677601298971,-0.11306807192869628,-0.23776929406427394,-0.01188465077294415,0.76124567474048443,0.70-1.00,27,MW 20-31,away promoted,H,favourite did not
2024-2025,2025-05-25,Southampton,Arsenal,A,0.27193371548364181,0.1740656000242263,0.32770444629343792,-0.097868115459415511,0.05577073080979611,-0.017890457315426787,0.76190476190476186,0.70-1.00,38,MW 32-38,home promoted,A,favourite delivered
2023-2024,2024-04-28,Nottingham,Manchester City,A,0.27193371548364181,0.30418640186567725,0.51185467999049683,0.032252686382035434,0.23992096450685502,0.0075442993244393478,0.76190476190476186,0.70-1.00,35,MW 32-38,neither promoted,A,favourite delivered
2023-2024,2024-01-20,Arsenal,Crystal Palace,H,0.27193371548364181,0.40370748990837424,0.49562918996005867,0.13177377442473243,0.22369547447641686,0.032804106710509449,0.76190476190476186,0.70-1.00,21,MW 20-31,neither promoted,H,favourite delivered
2024-2025,2025-04-20,Leicester City,Liverpool,A,0.26979223000032859,0.13866211712127102,0.38477302282496623,-0.13113011287905757,0.11498079282463763,-0.023235022072194703,0.76353811817220718,0.70-1.00,33,MW 32-38,home promoted,A,favourite delivered
2023-2024,2023-08-12,Brighton,Luton Town,H,0.26692619375301946,0.56826162186979312,1.4556904959234049,0.30133542811677366,1.1887643021703855,0.089706883427925363,0.76572958500669341,0.70-1.00,1,MW 1-6,away promoted,H,favourite delivered
2023-2024,2023-12-03,Liverpool,Fulham,H,0.26510775041324197,0.25590096835007226,0.3586146316786985,-0.0092067820631697161,0.093506881265456532,-0.0021240976495242939,0.76712328767123283,0.70-1.00,14,MW 7-19,neither promoted,H,favourite delivered
2024-2025,2025-01-04,Manchester City,West Ham,H,0.26444422824024033,0.40354815901500174,0.31283346216800878,0.13910393077476141,0.048389233927768449,0.031927606817508176,0.76763245988687534,0.70-1.00,20,MW 20-31,neither promoted,H,favourite delivered
2023-2024,2024-04-03,Manchester City,Aston Villa,H,0.26128783809875289,0.48858189712367017,0.45083353285693017,0.22729405902491728,0.18954569475817729,0.057079474636828192,0.77005923532579423,0.70-1.00,31,MW 20-31,neither promoted,H,favourite delivered
2024-2025,2025-03-09,Chelsea,Leicester City,H,0.25950303218645887,0.21928419271198785,0.34282356456070973,-0.040218839474471024,0.083320532374250855,-0.0085037310189991569,0.77143486885607226,0.70-1.00,28,MW 20-31,away promoted,H,favourite delivered
2025-2026,2026-01-17,Liverpool,Burnley,D,1.9270964939232236,1.636919418600147,1.4380589743434544,-0.29017707532307657,-0.48903751957976915,-0.049554804909655525,0.77557919856816149,0.70-1.00,22,MW 20-31,away promoted,H,favourite did not
2023-2024,2023-12-02,Arsenal,Wolves,H,0.25414517576679729,0.25837892678534796,0.39054903122623502,0.0042337510185506688,0.13640385545943773,0.0020124643872461156,0.77557919856816149,0.70-1.00,14,MW 7-19,neither promoted,H,favourite delivered
2025-2026,2026-02-18,Wolves,Arsenal,D,1.9270964939232236,1.5790269735838165,1.2733807134360875,-0.34806952033940708,-0.65371578048713608,-0.032904444669253241,0.77557919856816149,0.70-1.00,31,MW 20-31,neither promoted,A,favourite did not
2022-2023,2022-10-29,Liverpool,Leeds United,A,2.5402009668096324,3.482715954341165,2.2836688796496802,0.94251498753153262,-0.25653208715995213,0.12937857656179119,0.77557919856816149,0.70-1.00,14,MW 7-19,neither promoted,H,favourite did not
2025-2026,2025-11-01,Burnley,Arsenal,A,0.2539025292478827,0.36435155442077516,0.41422058062313039,0.11044902517289246,0.16031805137524768,0.02508307861240619,0.77576741299470087,0.70-1.00,10,MW 7-19,home promoted,A,favourite delivered
2023-2024,2024-03-30,Tottenham,Luton Town,H,0.25313375994725945,0.37270800105392771,0.34369468913488882,0.11957424110666826,0.090560929187629369,0.030352497091311673,0.77636402846668107,0.70-1.00,30,MW 20-31,away promoted,H,favourite delivered
2024-2025,2025-02-16,Liverpool,Wolves,H,0.25091030623054844,0.22348791389549585,0.32068536147889642,-0.027422392335052587,0.069775055248347984,-0.0055499292737982708,0.77809215844785784,0.70-1.00,25,MW 20-31,neither promoted,H,favourite delivered
2023-2024,2023-10-29,Liverpool,Nottingham,H,0.25091030623054844,0.24665081515313622,0.46088398985806645,-0.0042594910774122197,0.209973683627518,-0.000485385889566467,0.77809215844785784,0.70-1.00,10,MW 7-19,neither promoted,H,favourite delivered
2025-2026,2025-12-27,Liverpool,Wolves,H,0.25091030623054844,0.20891096236787876,0.47343872232127454,-0.04199934386266968,0.2225284160907261,-0.0085903720415965897,0.77809215844785784,0.70-1.00,18,MW 7-19,neither promoted,H,favourite delivered
2023-2024,2024-05-19,Arsenal,Everton,H,0.25049928132406502,0.25445503463267527,0.31681838193321443,0.0039557533086102548,0.066319100609149417,-0.0023685009724751689,0.77841203943954329,0.70-1.00,38,MW 32-38,neither promoted,H,favourite delivered
2022-2023,2023-03-04,Arsenal,Bournemouth,H,0.25045936196117263,0.13021961300354326,0.41755610781414298,-0.12023974895762937,0.16709674585297035,-0.01941614792240666,0.77844311377245512,0.70-1.00,26,MW 20-31,away promoted,H,favourite delivered
2022-2023,2022-10-22,Manchester City,Brighton,H,0.24806127927715993,0.24031265253135362,0.49031788884425892,-0.0077486267458063141,0.24225660956709899,-0.0017648812724903457,0.78031212484993995,0.70-1.00,13,MW 7-19,neither promoted,H,favourite delivered
2022-2023,2023-04-08,Southampton,Manchester City,A,0.24806127927715993,0.2274018266412115,0.56710691216489473,-0.020659452635948428,0.3190456328877348,-0.0037433989379164652,0.78031212484993995,0.70-1.00,30,MW 20-31,neither promoted,A,favourite delivered
2022-2023,2022-10-30,Arsenal,Nottingham,H,0.24806127927715993,0.16669987525349711,0.25258120095503495,-0.08136140402366282,0.0045199216778750162,-0.014453396435358342,0.78031212484993995,0.70-1.00,14,MW 7-19,away promoted,H,favourite delivered
2024-2025,2024-12-14,Arsenal,Everton,D,1.9210125974335861,1.6532226913305106,1.4101186294229349,-0.26778990610307551,-0.51089396801065123,-0.030460938751176725,0.78031212484993995,0.70-1.00,16,MW 7-19,neither promoted,H,favourite did not
2023-2024,2024-05-11,Fulham,Manchester City,A,0.24014112768278081,0.44479064974096222,0.50043464498185486,0.2046495220581814,0.26029351729907402,0.049229657942191155,0.7865168539325843,0.70-1.00,37,MW 32-38,neither promoted,A,favourite delivered
2022-2023,2023-04-21,Arsenal,Southampton,D,2.0037297199441397,2.5203304625590044,1.4781198552391499,0.51660074261486466,-0.52560986470498983,0.076692363586346957,0.7865168539325843,0.70-1.00,32,MW 32-38,neither promoted,H,favourite did not
2023-2024,2023-08-27,Sheffield United,Manchester City,A,0.24014112768278081,0.14229143241043896,0.14546561075974945,-0.097849695272341858,-0.094675516923031361,-0.016589376463014196,0.7865168539325843,0.70-1.00,3,MW 1-6,home promoted,A,favourite delivered
2023-2024,2024-04-27,Newcastle,Sheffield United,H,0.23830082453585591,0.15547639042048997,0.37924313559754053,-0.082824434115365941,0.14094231106168462,-0.014294032536921599,0.78796561604584525,0.70-1.00,35,MW 32-38,away promoted,H,favourite delivered
2023-2024,2024-04-14,Liverpool,Crystal Palace,A,2.453874540540272,2.7117785590417838,2.1150219807645247,0.25790401850151179,-0.33885255977574724,0.021754806725132303,0.78796561604584525,0.70-1.00,33,MW 32-38,neither promoted,H,favourite did not
2023-2024,2023-11-05,Luton Town,Liverpool,D,2.070882288284166,2.175013144832068,1.7610419543459446,0.104130856547902,-0.30984033393822141,0.015377396409293254,0.78796561604584525,0.70-1.00,11,MW 7-19,home promoted,A,favourite did not
2025-2026,2025-11-29,Manchester City,Leeds United,H,0.23830082453585591,0.14692300938184683,0.44655138459990573,-0.091377815154009084,0.20825056006404982,-0.016071454829016771,0.78796561604584525,0.70-1.00,13,MW 7-19,away promoted,H,favourite delivered
2025-2026,2025-12-20,Manchester City,West Ham,H,0.23830082453585591,0.19688943276692272,0.33746277663746671,-0.041411391768933187,0.099161952101610801,-0.0081270557522018991,0.78796561604584525,0.70-1.00,17,MW 7-19,neither promoted,H,favourite delivered
2023-2024,2023-11-11,Arsenal,Burnley,H,0.23476803216649708,0.065435112153199498,0.22261595442121773,-0.16933292001329758,-0.012152077745279349,-0.02169261684151166,0.79075425790754261,0.70-1.00,12,MW 7-19,away promoted,H,favourite delivered
2024-2025,2025-04-26,Newcastle,Ipswich Town,H,0.23407262184640004,0.22996564453285986,0.53578932883944408,-0.0041069773135401777,0.30171670699304404,0.00029828545478306073,0.79130434782608694,0.70-1.00,34,MW 32-38,away promoted,H,favourite delivered
2024-2025,2025-05-10,Southampton,Manchester City,D,1.9976612141077588,2.2600085221328681,1.929077037230551,0.2623473080251093,-0.068584176877207748,0.049403261404701804,0.79130434782608694,0.70-1.00,36,MW 32-38,home promoted,A,favourite did not
2023-2024,2024-05-04,Arsenal,Bournemouth,H,0.23407262184640004,0.21313272831377886,0.34565337385700806,-0.020939893532621184,0.11158075201060802,-0.0042191836959404837,0.79130434782608694,0.70-1.00,36,MW 32-38,neither promoted,H,favourite delivered
2024-2025,2025-04-27,Liverpool,Tottenham,H,0.23407262184640004,0.40291874217654872,0.49402467499021258,0.16884612033014867,0.25995205314381253,0.043210627328270537,0.79130434782608694,0.70-1.00,34,MW 32-38,neither promoted,H,favourite delivered
2023-2024,2023-12-22,Aston Villa,Sheffield United,D,1.9976612141077588,2.9342753047194856,2.231978855658288,0.93661409061172685,0.23431764155052925,0.11243584940386814,0.79130434782608694,0.70-1.00,18,MW 7-19,away promoted,H,favourite did not
2023-2024,2024-02-10,Manchester City,Everton,H,0.23407262184640004,0.34718275065792004,0.35343289468258937,0.11311012881151999,0.11936027283618933,0.024304459831738835,0.79130434782608694,0.70-1.00,24,MW 20-31,neither promoted,H,favourite delivered
2023-2024,2024-03-09,Arsenal,Brentford,H,0.23407262184640004,0.17993428354287869,0.2932813034003825,-0.054138338303521355,0.059208681553982456,-0.0091564477210955529,0.79130434782608694,0.70-1.00,28,MW 20-31,neither promoted,H,favourite delivered
2024-2025,2024-08-25,Liverpool,Brentford,H,0.23407262184640004,0.40101769656067066,0.33422964240377923,0.16694507471427061,0.10015702055737918,0.04045169436056463,0.79130434782608694,0.70-1.00,2,MW 1-6,neither promoted,H,favourite delivered
2024-2025,2025-04-02,Manchester City,Leicester City,H,0.2311117209633867,0.1446683163903951,0.28510654713758715,-0.0864434045729916,0.053994826174200455,-0.014428579001589803,0.79365079365079361,0.70-1.00,30,MW 20-31,away promoted,H,favourite delivered
2023-2024,2023-08-19,Liverpool,Bournemouth,H,0.2311117209633867,0.22965661333233245,0.41471647010575186,-0.0014551076310542477,0.18360474914236516,-0.00014084564404093225,0.79365079365079361,0.70-1.00,2,MW 1-6,neither promoted,H,favourite delivered
2024-2025,2025-04-13,Chelsea,Ipswich Town,D,2.0838389103488111,1.7287525530443997,1.721600874380488,-0.3550863573044114,-0.36223803596832305,-0.068920934112991827,0.79776625448743532,0.70-1.00,32,MW 32-38,away promoted,H,favourite did not
2024-2025,2024-09-28,Arsenal,Leicester City,H,0.22498800311285749,0.21793230852810164,0.30016971200211701,-0.0070556945847558561,0.075181708889259513,-0.0027144118196058588,0.79852579852579852,0.70-1.00,6,MW 1-6,away promoted,H,favourite delivered
2022-2023,2022-08-27,Manchester City,Crystal Palace,H,0.22428575589298674,0.30412286316556769,0.46794651627056655,0.079837107272580948,0.2436607603775798,0.016306740510723453,0.79908675799086759,0.70-1.00,4,MW 1-6,neither promoted,H,favourite delivered
2023-2024,2023-12-16,Chelsea,Sheffield United,H,0.22162444934490719,0.18047855926519663,0.21451048584248694,-0.041145890079710562,-0.0071139635024202452,-0.0066612729364347173,0.8012162051113485,0.70-1.00,17,MW 7-19,away promoted,H,favourite delivered
2023-2024,2024-03-04,Sheffield United,Arsenal,A,0.22162444934490719,0.10450975862984242,0.28993071130639603,-0.11711469071506476,0.06830626196148884,-0.017076537914278905,0.8012162051113485,0.70-1.00,27,MW 20-31,home promoted,A,favourite delivered
2024-2025,2024-10-05,Arsenal,Southampton,H,0.22162444934490719,0.064546812874944751,0.20594513348450341,-0.15707763646996242,-0.015679315860403775,-0.020413143221542071,0.8012162051113485,0.70-1.00,7,MW 7-19,away promoted,H,favourite delivered
2023-2024,2024-02-20,Manchester City,Brentford,H,0.22162444934490719,0.31460804447293994,0.34354963075203448,0.092983595128032753,0.1219251814071273,0.020047872660153433,0.8012162051113485,0.70-1.00,18,MW 7-19,neither promoted,H,favourite delivered
2023-2024,2023-12-10,Luton Town,Manchester City,A,0.22162444934490719,0.27327568682141373,0.28406202905704331,0.051651237476506545,0.062437579712136121,0.012514181698124141,0.8012162051113485,0.70-1.00,16,MW 7-19,home promoted,A,favourite delivered
2023-2024,2023-08-12,Arsenal,Nottingham,H,0.22093158290535611,0.24187251232409387,0.39107585761474606,0.020940929418737764,0.17014427470938995,0.0059696685383024209,0.80177153329260842,0.70-1.00,1,MW 1-6,neither promoted,H,favourite delivered
2022-2023,2023-05-21,Brighton,Southampton,H,0.21371462296866486,0.23945113477326072,0.44736240920289899,0.025736511804595852,0.23364778623423413,0.0058197838659557639,0.80757881658642638,0.70-1.00,37,MW 32-38,neither promoted,H,favourite delivered
2023-2024,2023-09-02,Manchester City,Fulham,H,0.21371462296866486,0.25406920994554727,0.19520602109417282,0.040354586976882406,-0.018508601874492048,0.0077673444114366615,0.80757881658642638,0.70-1.00,4,MW 1-6,neither promoted,H,favourite delivered
2022-2023,2023-05-03,Manchester City,West Ham,H,0.21208260395478473,0.17314090734689433,0.24484602272240058,-0.038941696607890403,0.032763418767615848,-0.0064862550097020341,0.80889787664307389,0.70-1.00,28,MW 20-31,neither promoted,H,favourite delivered
2023-2024,2023-12-06,Sheffield United,Liverpool,A,0.21188035903549909,0.09003650620581799,0.20781933787376569,-0.1218438528296811,-0.0040610211617334024,-0.016092770774282325,0.8090614886731391,0.70-1.00,15,MW 7-19,home promoted,A,favourite delivered
2023-2024,2023-12-16,Manchester City,Crystal Palace,D,2.0681601972157964,2.109362050716233,1.6913234872540936,0.041201853500436592,-0.37683670996170271,-0.0056181199739121501,0.81037277147487852,0.70-1.00,17,MW 7-19,neither promoted,H,favourite did not
2025-2026,2025-09-27,Manchester City,Burnley,H,0.21026092548319597,0.34755497390734236,0.29959708523759898,0.13729404842414639,0.089336159754403011,0.028462280240584829,0.81037277147487852,0.70-1.00,6,MW 1-6,away promoted,H,favourite delivered
2022-2023,2022-11-05,Manchester City,Fulham,H,0.20863886511132804,0.07970380360605954,0.17709997199018135,-0.12893506150526851,-0.031538893121146688,-0.016469868536529285,0.81168831168831168,0.70-1.00,15,MW 7-19,away promoted,H,favourite delivered
2022-2023,2023-04-22,Liverpool,Nottingham,H,0.20389277172207246,0.16555128669155508,0.34592372540369676,-0.038341485030517375,0.1420309536816243,-0.0061979893080916903,0.81554981650129121,0.70-1.00,32,MW 32-38,away promoted,H,favourite delivered
2025-2026,2025-10-04,Arsenal,West Ham,H,0.20232841160028961,0.20487838329976255,0.42878164135801472,0.002549971699472936,0.22645322975772511,-0.00016547238516922622,0.81682662854809074,0.70-1.00,7,MW 7-19,neither promoted,H,favourite delivered
2024-2025,2025-02-25,Chelsea,Southampton,H,0.20232841160028961,0.21506000188692662,0.21785643559802978,0.012731590286637007,0.01552802399774017,0.0022815695299983063,0.81682662854809074,0.70-1.00,27,MW 20-31,away promoted,H,favourite delivered
2024-2025,2024-09-14,Manchester City,Brentford,H,0.20232841160028961,0.21268962101208355,0.24503005429485228,0.010361209411793942,0.042701642694562669,0.001187476475785685,0.81682662854809074,0.70-1.00,4,MW 1-6,neither promoted,H,favourite delivered
2023-2024,2023-09-23,Manchester City,Nottingham,H,0.20232841160028961,0.1489115107377115,0.25442036861569467,-0.053416900862578109,0.05209195701540506,-0.0079752351335871299,0.81682662854809074,0.70-1.00,6,MW 1-6,neither promoted,H,favourite delivered
2022-2023,2022-11-12,Manchester City,Brentford,A,2.9002641865461376,3.5419302734360536,2.943469193318764,0.641666086889916,0.043205006772626398,0.094418952845997883,0.82030496043234902,0.70-1.00,16,MW 7-19,neither promoted,H,favourite did not
2023-2024,2024-02-10,Liverpool,Burnley,H,0.19631630908106554,0.18045842544882845,0.21058580264596397,-0.015857883632237085,0.014269493564898428,-0.0024753375347302611,0.82175226586102723,0.70-1.00,24,MW 20-31,away promoted,H,favourite delivered
2022-2023,2023-05-06,Manchester City,Leeds United,H,0.19527649373594705,0.05256818887158772,0.21573345639911581,-0.14270830486435931,0.020456962663168765,-0.016350462892217414,0.82260718087680251,0.70-1.00,35,MW 32-38,neither promoted,H,favourite delivered
2023-2024,2023-12-05,Luton Town,Arsenal,A,0.1948045929957436,0.34039052938729497,0.39625308847187496,0.14558593639155137,0.20144849547613136,0.031855348019025329,0.82299546142208779,0.70-1.00,15,MW 7-19,home promoted,A,favourite delivered
2025-2026,2026-04-22,Burnley,Manchester City,A,0.19071758385645365,0.23451602904714625,0.40988182066436718,0.043798445190692592,0.21916423680791353,0.0067178718360367366,0.82636593427960336,0.70-1.00,34,MW 32-38,home promoted,A,favourite delivered
2024-2025,2024-08-17,Arsenal,Wolves,H,0.19071758385645365,0.16640573492570537,0.21782957102553663,-0.024311848930748281,0.027111987169082974,-0.0044268478539386171,0.82636593427960336,0.70-1.00,1,MW 1-6,neither promoted,H,favourite delivered
2022-2023,2023-04-15,Manchester City,Leicester City,H,0.19071758385645365,0.12062144466554918,0.21435212496772019,-0.070096139190904475,0.023634541111266533,-0.0097445681126641006,0.82636593427960336,0.70-1.00,31,MW 20-31,neither promoted,H,favourite delivered
2022-2023,2022-08-27,Liverpool,Bournemouth,H,0.19025568446937458,0.14788103877726549,0.27452727232249174,-0.042374645692109081,0.084271587853117169,-0.0066858504523426548,0.82674772036474165,0.70-1.00,4,MW 1-6,away promoted,H,favourite delivered
2022-2023,2022-12-31,Manchester City,Everton,D,2.1328160022712113,2.2911874164765216,1.94418477261405,0.15837141420531031,-0.18863122965716128,0.026797450914337051,0.83160083160083165,0.70-1.00,18,MW 7-19,neither promoted,H,favourite did not
2024-2025,2024-12-27,Arsenal,Ipswich Town,H,0.18330146868030348,0.15725785520824337,0.26296802892905269,-0.026043613472060106,0.079666560248749213,-0.0044575480681897338,0.83251714005876587,0.70-1.00,18,MW 7-19,away promoted,H,favourite delivered
2023-2024,2024-04-03,Arsenal,Luton Town,H,0.17898265552844012,0.13387484754397661,0.2199723005893803,-0.04510780798446351,0.040989645060940189,-0.0068752672719136383,0.83612040133779253,0.70-1.00,31,MW 20-31,away promoted,H,favourite delivered
2024-2025,2024-10-26,Manchester City,Southampton,H,0.17754408093687937,0.062061152206873881,0.16396990120488852,-0.11548292873000549,-0.013574179731990849,-0.013327586850133247,0.83732408849193518,0.70-1.00,9,MW 7-19,away promoted,H,favourite delivered
2023-2024,2023-10-28,Arsenal,Sheffield United,H,0.17598054557631818,0.047763083440595655,0.13845900509374656,-0.12821746213572252,-0.037521540482571614,-0.013060167799664452,0.83863429832532788,0.70-1.00,10,MW 7-19,away promoted,H,favourite delivered
2023-2024,2024-05-19,Liverpool,Wolves,H,0.17009541844005235,0.28392351627531759,0.25409650332565104,0.11382809783526524,0.084001084885598681,0.021202647386825535,0.84358431925618338,0.70-1.00,38,MW 32-38,neither promoted,H,favourite delivered
2025-2026,2025-12-13,Arsenal,Wolves,H,0.16228080591050861,0.13599438620723223,0.27891011892158951,-0.026286419703276387,0.1166293130110809,-0.0037406551070433645,0.85020242914979749,0.70-1.00,16,MW 7-19,neither promoted,H,favourite delivered
2024-2025,2025-01-25,Liverpool,Ipswich Town,H,0.16119077516388147,0.18474933548222305,0.21197462449841534,0.023558560318341581,0.050783849334533865,0.0021546575891000161,0.8511296812132465,0.70-1.00,23,MW 20-31,away promoted,H,favourite delivered
2022-2023,2022-10-08,Manchester City,Southampton,H,0.15173961227319158,0.06860529590481132,0.30464742630250069,-0.083134316368380257,0.15290781402930911,-0.0085855731451981998,0.85921197986989062,0.70-1.00,10,MW 7-19,neither promoted,H,favourite delivered
2024-2025,2025-03-08,Liverpool,Southampton,H,0.15047044668144577,0.069276062677647077,0.12967064336717185,-0.081194384003798692,-0.020799803314273918,-0.0084089000039235633,0.86030315444489958,0.70-1.00,28,MW 20-31,away promoted,H,favourite delivered
2023-2024,2024-01-31,Manchester City,Burnley,H,0.14660347419187539,0.15896226894673024,0.16330879516247029,0.012358794754854852,0.016705320970594906,0.0014464843644720858,0.86363636363636365,0.70-1.00,22,MW 20-31,away promoted,H,favourite delivered
2024-2025,2024-08-24,Manchester City,Ipswich Town,H,0.14654418389669108,0.18410191340488585,0.27907229807684619,0.037557729508194776,0.13252811418015512,0.005133959582100894,0.86368757040931288,0.70-1.00,2,MW 1-6,away promoted,H,favourite delivered
2023-2024,2023-11-04,Manchester City,Bournemouth,H,0.14062736865158762,0.10825162156802202,0.17590745190173979,-0.032375747083565595,0.035280083250152167,-0.0039081084754302052,0.86881299834511805,0.70-1.00,11,MW 7-19,neither promoted,H,favourite delivered
2025-2026,2026-05-18,Arsenal,Burnley,H,0.14056429598867651,0.15884973605936129,0.28610792076429886,0.018285440070684778,0.14554362477562235,0.0021069609443921476,0.8688677984226707,0.70-1.00,37,MW 32-38,away promoted,H,favourite delivered
2023-2024,2024-04-13,Manchester City,Luton Town,H,0.13680656636928579,0.21347021726488252,0.22422031276713256,0.076663650895596736,0.08741374639784677,0.010974702960846405,0.87213891081294403,0.70-1.00,33,MW 32-38,away promoted,H,favourite delivered
2022-2023,2022-08-31,Manchester City,Nottingham,H,0.135525450599605,0.1448164327189399,0.07893933154736181,0.0092909821193349063,-0.056586119052243186,0.00059004302801059574,0.87325693773298363,0.70-1.00,5,MW 1-6,away promoted,H,favourite delivered
2022-2023,2022-08-13,Manchester City,Bournemouth,H,0.13228061072287003,0.44414236534673396,0.76060611655869559,0.3118617546238639,0.62832550583582558,0.0684324233341011,0.87609511889862324,0.70-1.00,2,MW 1-6,away promoted,H,favourite delivered
2023-2024,2024-05-04,Manchester City,Wolves,H,0.13095723211195356,0.22164940497540545,0.20769137857790296,0.090692172863451881,0.076734146465949393,0.012706822611597744,0.87725529194487861,0.70-1.00,36,MW 32-38,neither promoted,H,favourite delivered
2023-2024,2023-12-30,Manchester City,Sheffield United,H,0.13095723211195356,0.058850380234243445,0.092996550507293593,-0.072106851877710126,-0.037960681604659971,-0.0069837275492891215,0.87725529194487861,0.70-1.00,20,MW 20-31,away promoted,H,favourite delivered
2024-2025,2024-12-26,Liverpool,Leicester City,H,0.12723899200282748,0.13006303751518722,0.14454339684543396,0.0028240455123597352,0.01730440484260648,0.00017475087939868364,0.88052320944329243,0.70-1.00,18,MW 7-19,away promoted,H,favourite delivered
2023-2024,2024-05-19,Manchester City,West Ham,H,0.12013504334495663,0.10975137189043119,0.1256657628217745,-0.010383671454525442,0.0055307194768178664,-0.0017714596489163291,0.88680067210156199,0.70-1.00,38,MW 32-38,neither promoted,H,favourite delivered
2023-2024,2024-04-04,Liverpool,Sheffield United,H,0.1153674219968516,0.067943597262800665,0.12878950164375214,-0.047423824734050934,0.013422079646900537,-0.0046837426484540381,0.89103869653767809,0.70-1.00,31,MW 20-31,away promoted,H,favourite delivered
