match_id,home_sot_residual_last5,away_sot_residual_last5,rel_sot_residual_diff,home_sot_residual_available,away_sot_residual_available,rel_sot_residual_available,home_match_number,away_match_number
0,,,,False,False,False,1,1
1,,,,False,False,False,1,1
2,,,,False,False,False,1,1
3,,,,False,False,False,1,1
4,,,,False,False,False,1,1
5,,,,False,False,False,1,1
6,,,,False,False,False,1,1
7,,,,False,False,False,1,1
8,,,,False,False,False,1,1
9,,,,False,False,False,1,1
10,,,,False,False,False,2,2
11,,,,False,False,False,2,2
12,,,,False,False,False,2,2
13,,,,False,False,False,2,2
14,,,,False,False,False,2,2
15,,,,False,False,False,2,2
16,,,,False,False,False,2,2
17,,,,False,False,False,2,2
18,,,,False,False,False,2,2
19,,,,False,False,False,2,2
20,,,,False,False,False,3,3
21,,,,False,False,False,3,3
22,,,,False,False,False,3,3
23,,,,False,False,False,3,3
24,,,,False,False,False,3,3
25,,,,False,False,False,3,3
26,,,,False,False,False,3,3
27,,,,False,False,False,3,3
28,,,,False,False,False,3,3
29,,,,False,False,False,3,3
30,,,,False,False,False,4,4
31,,,,False,False,False,4,4
32,,,,False,False,False,4,4
33,,,,False,False,False,4,4
34,,,,False,False,False,4,4
35,,,,False,False,False,4,4
36,,,,False,False,False,4,4
37,,,,False,False,False,4,4
38,,,,False,False,False,4,4
39,,,,False,False,False,4,4
40,,,,False,False,False,5,5
41,,,,False,False,False,5,5
42,,,,False,False,False,5,5
43,,,,False,False,False,5,5
44,,,,False,False,False,5,5
45,,,,False,False,False,5,5
46,,,,False,False,False,5,5
47,,,,False,False,False,5,5
48,,,,False,False,False,5,5
49,,,,False,False,False,5,5
50,-0.80000000000000004,3.3999999999999995,-4.1999999999999993,True,True,True,6,6
51,-0.40000000000000013,2.2000000000000002,-2.6000000000000005,True,True,True,6,6
52,0.79999999999999993,-1,1.7999999999999998,True,True,True,6,6
53,-1.2000000000000002,0.80000000000000004,-2,True,True,True,6,6
54,-2.1999999999999997,-0.80000000000000004,-1.3999999999999997,True,True,True,6,6
55,0.80000000000000004,0.39999999999999997,0.40000000000000008,True,True,True,6,6
56,-0.19999999999999996,-1.3999999999999999,1.2,True,True,True,6,6
57,0.39999999999999991,-0.59999999999999998,0.99999999999999989,True,True,True,6,6
58,0,0.80000000000000004,-0.80000000000000004,True,True,True,6,6
59,-2,1,-3,True,True,True,6,6
60,0.40000000000000002,0,0.40000000000000002,True,True,True,7,7
61,-0.39999999999999991,-0.59999999999999964,0.19999999999999973,True,True,True,7,7
62,-1.3999999999999999,1,-2.3999999999999999,True,True,True,7,7
63,-1.2,-1.3999999999999999,0.19999999999999996,True,True,True,7,7
64,1,0.59999999999999998,0.40000000000000002,True,True,True,7,7
65,0.20000000000000001,-0.19999999999999996,0.39999999999999997,True,True,True,7,7
66,-1.8,-1.9999999999999998,0.19999999999999973,True,True,True,7,7
67,3.3999999999999999,2.3999999999999999,1,True,True,True,7,7
68,-0.40000000000000013,0.79999999999999993,-1.2000000000000002,True,True,True,7,7
69,0.20000000000000007,-0.60000000000000009,0.80000000000000016,True,True,True,7,7
70,0.20000000000000001,0,0.20000000000000001,True,True,True,8,8
71,-0.80000000000000004,-0.39999999999999991,-0.40000000000000013,True,True,True,8,8
72,-1.2,1.5999999999999999,-2.7999999999999998,True,True,True,8,8
73,2.3999999999999999,0.80000000000000004,1.5999999999999999,True,True,True,8,8
74,-1.2,0.40000000000000002,-1.6000000000000001,True,True,True,8,8
75,0.19999999999999996,0,0.19999999999999996,True,True,True,8,8
76,-1.8000000000000003,2.7999999999999998,-4.5999999999999996,True,True,True,8,8
77,-1,-0.39999999999999997,-0.60000000000000009,True,True,True,8,8
78,-0.39999999999999991,0.59999999999999998,-0.99999999999999989,True,True,True,8,8
79,0,-1.8,1.8,True,True,True,8,8
80,1,0,1,True,True,True,9,9
81,0.40000000000000002,1.8,-1.3999999999999999,True,True,True,9,9
82,-1,-1.6000000000000001,0.60000000000000009,True,True,True,9,9
83,-1.3999999999999999,-0.60000000000000009,-0.79999999999999982,True,True,True,9,9
84,-1.2,-1.0000000000000002,-0.19999999999999973,True,True,True,9,9
85,-0.59999999999999987,-1.2,0.60000000000000009,True,True,True,9,9
86,0.80000000000000004,0.19999999999999996,0.60000000000000009,True,True,True,9,9
87,1.2,-0.20000000000000001,1.3999999999999999,True,True,True,9,9
88,1.8,2.2000000000000002,-0.40000000000000013,True,True,True,9,9
89,-0.59999999999999998,0,-0.59999999999999998,True,True,True,9,9
90,0,1.2,-1.2,True,True,True,10,10
91,0.99999999999999989,0.60000000000000009,0.3999999999999998,True,True,True,10,10
92,1.6000000000000001,-0.79999999999999993,2.3999999999999999,True,True,True,10,10
93,1.8,-1.2000000000000002,3,True,True,True,10,10
94,-0.59999999999999998,1,-1.6000000000000001,True,True,True,10,10
95,0.20000000000000007,1.7999999999999998,-1.5999999999999996,True,True,True,10,10
96,-0.60000000000000009,0.60000000000000009,-1.2000000000000002,True,True,True,10,10
97,-1.6000000000000001,-0.80000000000000004,-0.80000000000000004,True,True,True,10,10
98,-1.5999999999999996,-0.20000000000000001,-1.3999999999999997,True,True,True,10,10
99,-1.3999999999999999,-1,-0.39999999999999991,True,True,True,10,10
100,-0.39999999999999997,-2,1.6000000000000001,True,True,True,11,11
101,1.2,-1.7999999999999998,3,True,True,True,11,11
102,-0.40000000000000002,-0.60000000000000009,0.20000000000000007,True,True,True,11,11
103,0.39999999999999991,-0.40000000000000002,0.79999999999999993,True,True,True,11,11
104,-0.60000000000000009,-1.6000000000000001,1,True,True,True,11,11
105,1,2.4000000000000004,-1.4000000000000004,True,True,True,11,11
106,-0.19999999999999996,0,-0.19999999999999996,True,True,True,11,11
107,-0.79999999999999993,1,-1.7999999999999998,True,True,True,11,11
108,-0.20000000000000001,2.1999999999999997,-2.3999999999999999,True,True,True,11,11
109,0.80000000000000004,0,0.80000000000000004,True,True,True,11,11
110,-1.3999999999999999,0.19999999999999996,-1.5999999999999999,True,True,True,12,12
111,-0.40000000000000002,0,-0.40000000000000002,True,True,True,12,12
112,1.4000000000000001,1.3999999999999999,2.2204460492503131e-16,True,True,True,12,12
113,0.19999999999999996,0.39999999999999991,-0.19999999999999996,True,True,True,12,12
114,-1.7999999999999998,2.2000000000000002,-4,True,True,True,12,12
115,-2.3999999999999999,-1.3999999999999999,-1,True,True,True,12,12
116,-0.39999999999999991,0.19999999999999996,-0.59999999999999987,True,True,True,12,12
117,-1.2,0,-1.2,True,True,True,12,12
118,2.2000000000000002,-0.39999999999999991,2.6000000000000001,True,True,True,12,12
119,0.80000000000000004,0.39999999999999997,0.40000000000000008,True,True,True,12,12
120,0,-0.80000000000000004,0.80000000000000004,True,True,True,13,13
121,0,0.80000000000000004,-0.80000000000000004,True,True,True,13,13
122,0,-0.39999999999999991,0.39999999999999991,True,True,True,13,13
123,0.39999999999999991,0,0.39999999999999991,True,True,True,13,13
124,-2.4000000000000004,-1,-1.4000000000000004,True,True,True,13,13
125,1.2,-0.19999999999999996,1.3999999999999999,True,True,True,13,13
126,0.60000000000000009,-0.80000000000000004,1.4000000000000001,True,True,True,13,13
127,1,0.20000000000000001,0.80000000000000004,True,True,True,13,13
128,2.9999999999999996,-0.19999999999999996,3.1999999999999993,True,True,True,13,13
129,1.6000000000000001,0.20000000000000007,1.3999999999999999,True,True,True,14,14
130,-0.19999999999999996,-2,1.8,True,True,True,14,14
131,-1,3.6000000000000001,-4.5999999999999996,True,True,True,14,14
132,0.40000000000000013,0,0.40000000000000013,True,True,True,14,14
133,-0.59999999999999998,0.60000000000000009,-1.2000000000000002,True,True,True,14,14
134,0.19999999999999996,2.8000000000000003,-2.6000000000000005,True,True,True,14,14
135,-1.3999999999999999,0,-1.3999999999999999,True,True,True,14,14
136,-1,-0.59999999999999998,-0.40000000000000002,True,True,True,14,13
137,-1,-0.19999999999999996,-0.80000000000000004,True,True,True,14,14
138,-0.79999999999999993,-0.59999999999999998,-0.19999999999999996,True,True,True,13,14
139,-1,-0.40000000000000002,-0.59999999999999998,True,True,True,15,14
140,-0.20000000000000007,0.60000000000000009,-0.80000000000000016,True,True,True,15,15
141,0.60000000000000009,3,-2.3999999999999999,True,True,True,15,15
142,-0.60000000000000009,1.2000000000000002,-1.8000000000000003,True,True,True,15,15
143,-0.80000000000000004,0.60000000000000009,-1.4000000000000001,True,True,True,15,15
144,-0.99999999999999989,0.39999999999999997,-1.3999999999999999,True,True,True,15,15
145,1.8,-1,2.7999999999999998,True,True,True,15,15
146,-1,-0.20000000000000001,-0.80000000000000004,True,True,True,15,15
147,-0.80000000000000004,0,-0.80000000000000004,True,True,True,14,15
148,0.20000000000000018,-1,1.2000000000000002,True,True,True,15,15
149,-1.8000000000000003,-1.6000000000000001,-0.20000000000000018,True,True,True,16,16
150,-0.20000000000000007,0.60000000000000009,-0.80000000000000016,True,True,True,16,16
151,1.3999999999999999,2,-0.60000000000000009,True,True,True,16,16
152,1.7999999999999998,-0.80000000000000004,2.5999999999999996,True,True,True,16,16
153,4,-0.99999999999999989,5,True,True,True,16,16
154,-0.20000000000000001,-1.2000000000000002,1.0000000000000002,True,True,True,16,16
155,-1,-1.8,0.80000000000000004,True,True,True,15,16
156,0.20000000000000001,0,0.20000000000000001,True,True,True,16,16
157,-0.19999999999999996,-0.20000000000000001,5.5511151231257827e-17,True,True,True,16,16
158,5.1999999999999993,1.5999999999999999,3.5999999999999996,True,True,True,17,17
159,0.59999999999999998,-1.7999999999999998,2.3999999999999999,True,True,True,17,17
160,-1.8,-0.80000000000000004,-1,True,True,True,17,17
161,0,-2.1999999999999997,2.1999999999999997,True,True,True,16,17
162,-0.60000000000000009,1.6000000000000001,-2.2000000000000002,True,True,True,17,17
163,1,0,1,True,True,True,17,17
164,1.9999999999999996,1,0.99999999999999956,True,True,True,17,17
165,-0.20000000000000018,-0.40000000000000002,0.19999999999999984,True,True,True,18,18
166,-0.80000000000000027,5.5999999999999996,-6.4000000000000004,True,True,True,18,18
167,-0.39999999999999997,2.3999999999999995,-2.7999999999999994,True,True,True,15,18
168,-2,2.1999999999999997,-4.1999999999999993,True,True,True,18,18
169,-1.7999999999999998,1.4000000000000001,-3.2000000000000002,True,True,True,18,19
170,-1.2000000000000002,-2,0.79999999999999982,True,True,True,17,17
171,5,-0.20000000000000001,5.2000000000000002,True,True,True,19,17
172,0.79999999999999993,1.2,-0.40000000000000002,True,True,True,18,19
173,-0.39999999999999991,0,-0.39999999999999991,True,True,True,16,18
174,-1.6000000000000001,0.79999999999999993,-2.3999999999999999,True,True,True,18,18
175,-1.4000000000000001,-1,-0.40000000000000013,True,True,True,19,17
176,-0.79999999999999993,0.60000000000000009,-1.3999999999999999,True,True,True,19,19
177,0.40000000000000002,2.8000000000000003,-2.4000000000000004,True,True,True,18,19
178,0.60000000000000009,0.59999999999999987,2.2204460492503131e-16,True,True,True,19,17
179,-1.2000000000000002,-0.59999999999999998,-0.6000000000000002,True,True,True,17,19
180,-0.40000000000000002,4,-4.4000000000000004,True,True,True,18,20
181,2.2000000000000002,-1.5999999999999999,3.7999999999999998,True,True,True,20,18
182,-1.6000000000000001,-1.2,-0.40000000000000013,True,True,True,18,16
183,1.2000000000000002,2.5999999999999996,-1.3999999999999995,True,True,True,20,21
184,-0.60000000000000009,-1.5999999999999999,0.99999999999999978,True,True,True,20,20
185,-0.99999999999999978,3.1999999999999997,-4.1999999999999993,True,True,True,18,18
186,0,-1.8,1.8,True,True,True,19,19
187,1.3999999999999999,3.1999999999999997,-1.7999999999999998,True,True,True,21,20
188,-0.80000000000000004,-1.3999999999999999,0.59999999999999987,True,True,True,18,19
189,-1.6000000000000001,-1,-0.60000000000000009,True,True,True,19,17
190,-0.59999999999999998,-1.6000000000000001,1,True,True,True,19,19
191,-1.3999999999999999,0,-1.3999999999999999,True,True,True,20,20
192,-1.3999999999999999,-0.40000000000000036,-0.99999999999999956,True,True,True,21,20
193,-1.2000000000000002,-0.20000000000000001,-1.0000000000000002,True,True,True,20,21
194,-0.80000000000000004,-1.3999999999999999,0.59999999999999987,True,True,True,20,20
195,0.79999999999999982,1.3999999999999999,-0.60000000000000009,True,True,True,22,22
196,0.40000000000000013,-1.6000000000000001,2,True,True,True,20,19
197,0.20000000000000018,-0.80000000000000004,1.0000000000000002,True,True,True,21,19
198,-1.2,-1.5999999999999999,0.39999999999999991,True,True,True,20,21
199,2.6000000000000001,0.80000000000000004,1.8,True,True,True,21,21
200,-1.7999999999999998,-1.2,-0.59999999999999987,True,True,True,22,20
201,-0.60000000000000009,-0.80000000000000004,0.19999999999999996,True,True,True,21,23
202,-1.3999999999999999,-2,0.60000000000000009,True,True,True,22,21
203,-0.60000000000000009,3.6000000000000001,-4.2000000000000002,True,True,True,19,19
204,-1.3999999999999999,-0.59999999999999964,-0.80000000000000027,True,True,True,20,22
205,-1,-2,1,True,True,True,23,21
206,0.19999999999999996,0.20000000000000001,-5.5511151231257827e-17,True,True,True,20,21
207,-2,-0.79999999999999982,-1.2000000000000002,True,True,True,21,21
208,-2.8000000000000003,-0.60000000000000009,-2.2000000000000002,True,True,True,22,23
209,-1,0.60000000000000009,-1.6000000000000001,True,True,True,22,23
210,1.6000000000000001,-1.7999999999999998,3.3999999999999999,True,True,True,21,18
211,-0.60000000000000009,4,-4.5999999999999996,True,True,True,24,20
212,-0.39999999999999997,3.6000000000000005,-4.0000000000000009,True,True,True,22,22
213,-1.3999999999999999,-0.39999999999999997,-1,True,True,True,20,22
214,-2.3999999999999999,1,-3.3999999999999999,True,True,True,19,21
215,-2.5999999999999996,-1.8,-0.7999999999999996,True,True,True,20,23
216,-1.6000000000000001,-0.19999999999999996,-1.4000000000000001,True,True,True,22,21
217,-0.80000000000000004,2,-2.7999999999999998,True,True,True,24,22
218,1.2,-1.6000000000000001,2.7999999999999998,True,True,True,22,22
219,0.60000000000000009,-1,1.6000000000000001,True,True,True,24,24
220,-1.4000000000000001,-0.79999999999999993,-0.6000000000000002,True,True,True,23,23
221,3.8000000000000003,-1,4.8000000000000007,True,True,True,21,23
222,2.7999999999999998,-1.8,4.5999999999999996,True,True,True,23,21
223,-0.40000000000000002,3.2000000000000002,-3.6000000000000001,True,True,True,22,22
224,-1.1999999999999997,0.59999999999999998,-1.7999999999999998,True,True,True,25,24
225,-1.3999999999999999,0.20000000000000001,-1.5999999999999999,True,True,True,22,23
226,-1.6000000000000001,0.19999999999999996,-1.8,True,True,True,24,24
227,-2.3999999999999999,1.6000000000000001,-4,True,True,True,24,25
228,1.3999999999999999,0.20000000000000001,1.2,True,True,True,23,23
229,-2.5999999999999996,4.2000000000000002,-6.7999999999999998,True,True,True,21,24
230,-3,-0.20000000000000001,-2.7999999999999998,True,True,True,22,25
231,0,0.20000000000000001,-0.20000000000000001,True,True,True,23,23
232,2,-0.19999999999999996,2.2000000000000002,True,True,True,22,23
233,-0.19999999999999996,0.59999999999999998,-0.79999999999999993,True,True,True,25,24
234,1.6000000000000001,-1.6000000000000001,3.2000000000000002,True,True,True,23,26
235,0.40000000000000002,1.6000000000000001,-1.2000000000000002,True,True,True,24,24
236,0.59999999999999998,-2,2.6000000000000001,True,True,True,25,22
237,0.80000000000000004,-0.40000000000000002,1.2000000000000002,True,True,True,25,25
238,2.9999999999999996,-2.8000000000000003,5.7999999999999998,True,True,True,25,25
239,2,0.59999999999999998,1.3999999999999999,True,True,True,26,23
240,1.2000000000000002,1.3999999999999999,-0.19999999999999973,True,True,True,25,23
241,0.39999999999999997,0.39999999999999991,5.5511151231257827e-17,True,True,True,26,24
242,0.20000000000000001,0.80000000000000004,-0.60000000000000009,True,True,True,24,26
243,-0.59999999999999998,-3.6000000000000001,3,True,True,True,24,23
244,-1.3999999999999999,-0.20000000000000007,-1.1999999999999997,True,True,True,23,24
245,4,-0.60000000000000009,4.5999999999999996,True,True,True,26,25
246,1.2,0,1.2,True,True,True,25,26
247,1.2,-2.2000000000000002,3.4000000000000004,True,True,True,24,25
248,3.1999999999999997,-3.8000000000000003,7,True,True,True,26,26
249,-0.80000000000000004,-0.40000000000000002,-0.40000000000000002,True,True,True,27,25
250,0,-0.39999999999999997,0.39999999999999997,True,True,True,26,25
251,0.80000000000000004,-0.39999999999999997,1.2,True,True,True,27,24
252,-0.79999999999999993,2.2000000000000002,-3,True,True,True,24,27
253,-1.8000000000000003,-1.3999999999999999,-0.40000000000000036,True,True,True,26,25
254,2,0,2,True,True,True,27,26
255,0.40000000000000002,-1.2000000000000002,1.6000000000000001,True,True,True,27,26
256,-0.39999999999999997,-1.8,1.4000000000000001,True,True,True,25,24
257,-0.80000000000000004,3,-3.7999999999999998,True,True,True,26,27
258,-0.40000000000000002,0.19999999999999996,-0.59999999999999998,True,True,True,26,26
259,-0.39999999999999997,-3,2.6000000000000001,True,True,True,25,27
260,3.6000000000000001,0.60000000000000009,3,True,True,True,27,28
261,2,0,2,True,True,True,26,27
262,-4.4000000000000004,-3.3999999999999995,-1.0000000000000009,True,True,True,27,28
263,-1.6000000000000001,1.3999999999999999,-3,True,True,True,27,28
264,2.4000000000000004,1.9999999999999998,0.40000000000000058,True,True,True,28,28
265,-0.80000000000000004,1.8000000000000003,-2.6000000000000005,True,True,True,27,25
266,-0.20000000000000001,-2.3999999999999999,2.1999999999999997,True,True,True,26,25
267,-3.5999999999999996,-0.20000000000000007,-3.3999999999999995,True,True,True,28,27
268,-2.7999999999999998,0.19999999999999996,-3,True,True,True,28,27
269,2.5999999999999996,2.2000000000000002,0.39999999999999947,True,True,True,28,27
270,-2.3999999999999999,0.19999999999999996,-2.5999999999999996,True,True,True,28,28
271,-3.9999999999999996,-0.79999999999999993,-3.1999999999999997,True,True,True,29,27
272,0.19999999999999996,3.3999999999999999,-3.2000000000000002,True,True,True,28,28
273,0.60000000000000009,1.3999999999999999,-0.79999999999999982,True,True,True,29,27
274,0.80000000000000004,-0.59999999999999998,1.3999999999999999,True,True,True,26,26
275,1.4000000000000001,1,0.40000000000000013,True,True,True,28,28
276,-2.6000000000000001,-1.8,-0.80000000000000004,True,True,True,26,29
277,-3.2000000000000002,-2.3999999999999999,-0.80000000000000027,True,True,True,29,29
278,1.8,0.59999999999999987,1.2000000000000002,True,True,True,29,29
279,1,1.6000000000000001,-0.60000000000000009,True,True,True,29,28
280,0.80000000000000004,3,-2.2000000000000002,True,True,True,29,29
281,0.60000000000000009,2.6000000000000001,-2,True,True,True,27,29
282,-1.2000000000000002,0.60000000000000009,-1.8000000000000003,True,True,True,29,28
283,-1.8,1,-2.7999999999999998,True,True,True,27,29
284,-0.80000000000000004,-2.6000000000000001,1.8,True,True,True,30,30
285,2.3999999999999999,1.3999999999999999,1,True,True,True,29,28
286,0.40000000000000002,-3.2000000000000002,3.6000000000000001,True,True,True,27,30
287,1.5999999999999999,0,1.5999999999999999,True,True,True,29,30
288,-1.7999999999999998,-2.4000000000000004,0.60000000000000053,True,True,True,30,30
289,-1,3.0000000000000004,-4,True,True,True,28,30
290,1.2000000000000002,-2.3999999999999999,3.6000000000000001,True,True,True,29,31
291,-1.8,3.1999999999999997,-5,True,True,True,31,30
292,2.8000000000000003,-0.40000000000000013,3.2000000000000002,True,True,True,30,30
293,0.19999999999999996,0,0.19999999999999996,True,True,True,30,28
294,0.20000000000000001,2.6000000000000001,-2.3999999999999999,True,True,True,31,30
295,2.0000000000000004,1.8000000000000003,0.20000000000000018,True,True,True,30,30
296,-0.39999999999999997,-3.9999999999999996,3.5999999999999996,True,True,True,31,28
297,0,0.59999999999999998,-0.59999999999999998,True,True,True,30,29
298,-1.7999999999999998,-2.6000000000000001,0.80000000000000027,True,True,True,29,29
299,0,0.40000000000000002,-0.40000000000000002,True,True,True,31,32
300,0.40000000000000002,-1,1.3999999999999999,True,True,True,30,31
301,2.5999999999999996,1.3999999999999999,1.1999999999999997,True,True,True,31,31
302,-1.3999999999999999,0.20000000000000001,-1.5999999999999999,True,True,True,30,31
303,2,1.7999999999999998,0.20000000000000018,True,True,True,31,30
304,0,-1.6000000000000001,1.6000000000000001,True,True,True,31,32
305,-2.4000000000000004,0,-2.4000000000000004,True,True,True,32,32
306,-1.3999999999999999,0.19999999999999996,-1.5999999999999999,True,True,True,29,31
307,3.2000000000000002,1.6000000000000001,1.6000000000000001,True,True,True,31,31
308,-2.2000000000000002,-1.4000000000000001,-0.80000000000000004,True,True,True,31,30
309,0.39999999999999997,-1,1.3999999999999999,True,True,True,32,32
310,-0.60000000000000009,1.6000000000000001,-2.2000000000000002,True,True,True,32,31
311,-0.40000000000000013,-1.2,0.79999999999999982,True,True,True,32,32
312,0,0,0,True,True,True,32,33
313,0.40000000000000002,-2,2.3999999999999999,True,True,True,32,30
314,-1.2000000000000002,-0.99999999999999978,-0.2000000000000004,True,True,True,33,31
315,0,1,-1,True,True,True,32,33
316,2.7999999999999998,1.7999999999999998,1,True,True,True,31,32
317,-1.4000000000000001,-2.5999999999999996,1.1999999999999995,True,True,True,31,31
318,3.3999999999999995,-0.59999999999999998,3.9999999999999996,True,True,True,32,33
319,1.6000000000000001,0.19999999999999996,1.4000000000000001,True,True,True,33,32
320,-2.3999999999999999,-0.60000000000000009,-1.7999999999999998,True,True,True,32,33
321,1.6000000000000001,2,-0.39999999999999991,True,True,True,33,34
322,0.60000000000000009,-0.80000000000000027,1.4000000000000004,True,True,True,34,33
323,-2,3.2000000000000002,-5.2000000000000002,True,True,True,32,32
324,2.6000000000000001,-0.80000000000000004,3.4000000000000004,True,True,True,33,33
325,-2.3999999999999999,1.7999999999999998,-4.1999999999999993,True,True,True,33,34
326,0,-1.1999999999999997,1.1999999999999997,True,True,True,34,34
327,-2,0.39999999999999991,-2.3999999999999999,True,True,True,33,33
328,2.7999999999999998,0,2.7999999999999998,True,True,True,32,34
329,0.20000000000000018,-1.3999999999999999,1.6000000000000001,True,True,True,33,32
330,-0.59999999999999998,-1.6000000000000001,1,True,True,True,33,33
331,1.6000000000000001,2.7999999999999998,-1.1999999999999997,True,True,True,35,33
332,2.3999999999999999,-2.3999999999999999,4.7999999999999998,True,True,True,33,34
333,-1.6000000000000001,1.9999999999999998,-3.5999999999999996,True,True,True,34,34
334,1.3999999999999999,-0.39999999999999991,1.7999999999999998,True,True,True,35,34
335,-1.8000000000000003,0.20000000000000001,-2.0000000000000004,True,True,True,35,34
336,-0.99999999999999978,-1.3999999999999999,0.40000000000000013,True,True,True,34,34
337,0.20000000000000001,1,-0.80000000000000004,True,True,True,34,35
338,-0.79999999999999993,3.3999999999999999,-4.2000000000000002,True,True,True,33,34
339,-2.2000000000000002,-1.6000000000000001,-0.60000000000000009,True,True,True,34,33
340,0.40000000000000002,1.3999999999999999,-0.99999999999999989,True,True,True,35,34
341,0.59999999999999998,0.80000000000000004,-0.20000000000000007,True,True,True,36,35
342,0.59999999999999998,-2.6000000000000001,3.2000000000000002,True,True,True,36,36
343,1.2000000000000002,-0.19999999999999996,1.4000000000000001,True,True,True,36,37
344,-0.40000000000000002,1.8,-2.2000000000000002,True,True,True,35,34
345,2.7999999999999998,-0.80000000000000004,3.5999999999999996,True,True,True,35,35
346,0.99999999999999989,-1.1999999999999997,2.1999999999999997,True,True,True,35,35
347,1.2,-1.8,3,True,True,True,35,35
348,1.7999999999999998,-2,3.7999999999999998,True,True,True,35,35
349,-1.8000000000000003,-0.80000000000000004,-1.0000000000000002,True,True,True,34,34
350,1.3999999999999999,0.19999999999999996,1.2,True,True,True,35,36
351,-2.2000000000000002,0,-2.2000000000000002,True,True,True,35,36
352,1.8,1.3999999999999999,0.40000000000000013,True,True,True,35,36
353,-2.6000000000000001,1.7999999999999998,-4.4000000000000004,True,True,True,36,36
354,-0.39999999999999991,-1.1999999999999997,0.79999999999999982,True,True,True,35,36
355,-2.4000000000000004,-2.2000000000000002,-0.20000000000000018,True,True,True,36,35
356,-1.8,1,-2.7999999999999998,True,True,True,36,36
357,-2,2.6000000000000001,-4.5999999999999996,True,True,True,36,36
358,1.3999999999999999,2.2000000000000002,-0.80000000000000027,True,True,True,36,36
359,-0.80000000000000004,1.2000000000000002,-2,True,True,True,36,37
360,-2.2000000000000002,1,-3.2000000000000002,True,True,True,37,37
361,-0.80000000000000004,-0.20000000000000001,-0.60000000000000009,True,True,True,37,36
362,-3.1999999999999997,0.40000000000000002,-3.5999999999999996,True,True,True,37,36
363,-0.59999999999999998,0.40000000000000036,-1.0000000000000004,True,True,True,37,37
364,-1.2,-1.1999999999999997,-2.2204460492503131e-16,True,True,True,37,37
365,-0.20000000000000001,2,-2.2000000000000002,True,True,True,37,37
366,-0.80000000000000004,1.7999999999999998,-2.5999999999999996,True,True,True,37,37
367,0,0,0,True,True,True,37,37
368,2,0,2,True,True,True,37,37
369,-1,2,-3,True,True,True,37,37
370,2,-0.80000000000000004,2.7999999999999998,True,True,True,38,38
371,0.59999999999999998,-2.6000000000000001,3.2000000000000002,True,True,True,38,38
372,0.39999999999999991,-1,1.3999999999999999,True,True,True,38,38
373,-1,-1,0,True,True,True,38,38
374,2.8000000000000003,-2.7999999999999998,5.5999999999999996,True,True,True,38,38
375,2.1999999999999997,-0.40000000000000013,2.5999999999999996,True,True,True,38,38
376,-1,-0.40000000000000013,-0.59999999999999987,True,True,True,38,38
377,2.2000000000000002,-0.60000000000000009,2.8000000000000003,True,True,True,38,38
378,1.3999999999999999,0.59999999999999998,0.79999999999999993,True,True,True,38,38
379,-0.80000000000000027,1.2,-2,True,True,True,38,38
380,,,,False,False,False,1,1
381,,,,False,False,False,1,1
382,,,,False,False,False,1,1
383,,,,False,False,False,1,1
384,,,,False,False,False,1,1
385,,,,False,False,False,1,1
386,,,,False,False,False,1,1
387,,,,False,False,False,1,1
388,,,,False,False,False,1,1
389,,,,False,False,False,1,1
390,,,,False,False,False,2,2
391,,,,False,False,False,2,2
392,,,,False,False,False,2,2
393,,,,False,False,False,2,2
394,,,,False,False,False,2,2
395,,,,False,False,False,2,2
396,,,,False,False,False,2,2
397,,,,False,False,False,2,2
398,,,,False,False,False,2,2
399,,,,False,False,False,2,2
400,,,,False,False,False,3,3
401,,,,False,False,False,3,3
402,,,,False,False,False,3,3
403,,,,False,False,False,3,3
404,,,,False,False,False,3,3
405,,,,False,False,False,3,3
406,,,,False,False,False,3,3
407,,,,False,False,False,3,3
408,,,,False,False,False,3,3
409,,,,False,False,False,3,3
410,,,,False,False,False,4,4
411,,,,False,False,False,4,4
412,,,,False,False,False,4,4
413,,,,False,False,False,4,4
414,,,,False,False,False,4,4
415,,,,False,False,False,4,4
416,,,,False,False,False,4,4
417,,,,False,False,False,4,4
418,,,,False,False,False,4,4
419,,,,False,False,False,4,4
420,,,,False,False,False,5,5
421,,,,False,False,False,5,5
422,,,,False,False,False,5,5
423,,,,False,False,False,5,5
424,,,,False,False,False,5,5
425,,,,False,False,False,5,5
426,,,,False,False,False,5,5
427,,,,False,False,False,5,5
428,,,,False,False,False,5,5
429,,,,False,False,False,5,5
430,-1,1.6000000000000005,-2.6000000000000005,True,True,True,6,6
431,-1.7999999999999998,0,-1.7999999999999998,True,True,True,6,6
432,-1.2000000000000002,0.40000000000000002,-1.6000000000000001,True,True,True,6,6
433,0.40000000000000002,1.5999999999999999,-1.1999999999999997,True,True,True,6,6
434,-0.60000000000000009,0.60000000000000009,-1.2000000000000002,True,True,True,6,6
435,-3.4000000000000004,-1.6000000000000005,-1.7999999999999998,True,True,True,6,6
436,1.8,-0.40000000000000002,2.2000000000000002,True,True,True,6,6
437,0.20000000000000001,-0.19999999999999996,0.39999999999999997,True,True,True,6,6
438,0.79999999999999993,0.40000000000000002,0.39999999999999991,True,True,True,6,6
439,0,2.4000000000000004,-2.4000000000000004,True,True,True,6,6
440,-1.7999999999999998,0.40000000000000002,-2.1999999999999997,True,True,True,7,7
441,-1.6000000000000001,-1.3999999999999999,-0.20000000000000018,True,True,True,7,7
442,-2.7999999999999998,-1.5999999999999996,-1.2000000000000002,True,True,True,7,7
443,2.4000000000000004,-0.79999999999999982,3.2000000000000002,True,True,True,7,7
444,-0.40000000000000002,2.3999999999999999,-2.7999999999999998,True,True,True,7,7
445,-1.6000000000000001,2.6000000000000001,-4.2000000000000002,True,True,True,7,7
446,-0.39999999999999997,0.39999999999999997,-0.79999999999999993,True,True,True,7,7
447,2.4000000000000004,2,0.40000000000000036,True,True,True,8,8
448,-2,-1.8,-0.19999999999999996,True,True,True,8,8
449,0.80000000000000004,-1.6000000000000001,2.4000000000000004,True,True,True,7,7
450,-1.2,-0.80000000000000004,-0.39999999999999991,True,True,True,8,8
451,2.4000000000000004,2,0.40000000000000036,True,True,True,7,7
452,0.40000000000000002,-1.2,1.6000000000000001,True,True,True,8,8
453,1,-0.59999999999999998,1.6000000000000001,True,True,True,8,8
454,0.80000000000000004,-1.3999999999999999,2.2000000000000002,True,True,True,7,8
455,2.5999999999999996,-0.20000000000000001,2.7999999999999998,True,True,True,8,7
456,-0.20000000000000018,-2.2000000000000002,2,True,True,True,8,8
457,-2.1999999999999997,0,-2.1999999999999997,True,True,True,9,9
458,0.60000000000000009,1.2000000000000002,-0.60000000000000009,True,True,True,8,9
459,-1.4000000000000001,-0.39999999999999991,-1.0000000000000002,True,True,True,8,9
460,1.6000000000000005,0.59999999999999998,1.0000000000000004,True,True,True,9,9
461,1.2000000000000002,-0.59999999999999998,1.8000000000000003,True,True,True,9,9
462,2.7999999999999998,2.4000000000000004,0.39999999999999947,True,True,True,9,8
463,1.2,-0.60000000000000009,1.8,True,True,True,8,8
464,-2.2000000000000002,-0.20000000000000001,-2,True,True,True,9,8
465,0.20000000000000001,-3,3.2000000000000002,True,True,True,9,9
466,-1.6000000000000005,0.20000000000000001,-1.8000000000000005,True,True,True,9,9
467,0,1.6000000000000001,-1.6000000000000001,True,True,True,10,9
468,-3,-2.3999999999999999,-0.60000000000000009,True,True,True,10,10
469,-0.19999999999999996,0.80000000000000004,-1,True,True,True,10,9
470,0,-2.8000000000000003,2.8000000000000003,True,True,True,10,10
471,-0.40000000000000013,-0.60000000000000009,0.19999999999999996,True,True,True,10,10
472,-0.40000000000000002,-1,0.59999999999999998,True,True,True,10,9
473,-0.60000000000000009,2.6000000000000001,-3.2000000000000002,True,True,True,9,10
474,1.4000000000000001,2.2000000000000002,-0.80000000000000004,True,True,True,9,10
475,0.40000000000000002,0.60000000000000009,-0.20000000000000007,True,True,True,9,10
476,-0.19999999999999996,1.3999999999999999,-1.5999999999999999,True,True,True,10,10
477,2.6000000000000001,0,2.6000000000000001,True,True,True,10,11
478,0.20000000000000001,-1.0000000000000002,1.2000000000000002,True,True,True,10,11
479,-1.6000000000000001,0.19999999999999996,-1.8,True,True,True,11,11
480,-0.99999999999999989,-1.3999999999999999,0.40000000000000002,True,True,True,11,10
481,0.20000000000000001,0.59999999999999998,-0.39999999999999997,True,True,True,10,11
482,0.39999999999999997,1.0000000000000002,-0.60000000000000031,True,True,True,10,11
483,1.2000000000000002,-3.1999999999999997,4.4000000000000004,True,True,True,11,11
484,-3,1.5999999999999999,-4.5999999999999996,True,True,True,11,11
485,0.40000000000000002,-0.19999999999999996,0.59999999999999998,True,True,True,11,10
486,-0.99999999999999989,1.8000000000000003,-2.8000000000000003,True,True,True,11,11
487,-2.8000000000000003,-0.20000000000000001,-2.6000000000000001,True,True,True,12,11
488,2.7999999999999998,3.6000000000000001,-0.80000000000000027,True,True,True,11,11
489,-1.5999999999999999,0.20000000000000001,-1.7999999999999998,True,True,True,12,11
490,2.4000000000000004,-0.80000000000000004,3.2000000000000002,True,True,True,12,12
491,-0.20000000000000018,-2,1.7999999999999998,True,True,True,11,12
492,0,1.3999999999999999,-1.3999999999999999,True,True,True,12,11
493,-1.3999999999999999,2.3999999999999999,-3.7999999999999998,True,True,True,12,12
494,-0.79999999999999982,0.60000000000000009,-1.3999999999999999,True,True,True,12,12
495,-0.20000000000000001,-1.2,1,True,True,True,12,12
496,-0.19999999999999996,-1.2000000000000002,1.0000000000000002,True,True,True,13,13
497,-1.2,0.80000000000000004,-2,True,True,True,13,13
498,2.7999999999999998,-1.6000000000000001,4.4000000000000004,True,True,True,12,12
499,-0.99999999999999989,0.20000000000000007,-1.2,True,True,True,12,13
500,-2.7999999999999998,-2,-0.79999999999999982,True,True,True,13,13
501,-0.40000000000000013,2.2000000000000002,-2.6000000000000005,True,True,True,13,12
502,-0.59999999999999998,-0.19999999999999996,-0.40000000000000002,True,True,True,12,12
503,1.4000000000000001,3,-1.5999999999999999,True,True,True,13,13
504,1.6000000000000001,-1.2,2.7999999999999998,True,True,True,12,13
505,2.3999999999999999,-1,3.3999999999999999,True,True,True,12,13
506,-2,-0.20000000000000007,-1.7999999999999998,True,True,True,14,14
507,0,0,0,True,True,True,13,14
508,1.4000000000000001,-1.2000000000000002,2.6000000000000005,True,True,True,13,14
509,-1.7999999999999998,-2,0.20000000000000018,True,True,True,14,14
510,0.79999999999999993,2.7999999999999998,-2,True,True,True,14,13
511,1.2,1.5999999999999999,-0.39999999999999991,True,True,True,14,13
512,-1.2000000000000002,1.8,-3,True,True,True,13,13
513,0.20000000000000007,0.79999999999999982,-0.59999999999999976,True,True,True,14,14
514,0,0.20000000000000001,-0.20000000000000001,True,True,True,14,13
515,-0.20000000000000001,-1.6000000000000001,1.4000000000000001,True,True,True,14,13
516,1,-2.6000000000000001,3.6000000000000001,True,True,True,15,15
517,0.80000000000000004,1.7999999999999998,-0.99999999999999978,True,True,True,14,15
518,2,-3.2000000000000002,5.2000000000000002,True,True,True,14,15
519,0.19999999999999996,-1.6000000000000001,1.8,True,True,True,15,14
520,-1,-1,0,True,True,True,15,14
521,0.40000000000000002,-0.59999999999999998,1,True,True,True,15,14
522,-1.6000000000000001,0.20000000000000018,-1.8000000000000003,True,True,True,15,15
523,0.80000000000000004,1,-0.19999999999999996,True,True,True,15,14
524,2.7999999999999998,1.2,1.5999999999999999,True,True,True,14,15
525,-0.80000000000000004,1.6000000000000001,-2.4000000000000004,True,True,True,15,14
526,0.40000000000000013,-0.40000000000000002,0.80000000000000016,True,True,True,15,16
527,0,1.8000000000000003,-1.8000000000000003,True,True,True,16,15
528,-1.7999999999999998,-0.19999999999999996,-1.5999999999999999,True,True,True,16,16
529,-0.39999999999999997,-0.60000000000000009,0.20000000000000012,True,True,True,15,16
530,-2.1999999999999997,1,-3.1999999999999997,True,True,True,16,16
531,-1,0.20000000000000018,-1.2000000000000002,True,True,True,16,16
532,1,1.8,-0.80000000000000004,True,True,True,16,15
533,-0.60000000000000009,1.2000000000000002,-1.8000000000000003,True,True,True,15,16
534,1.8000000000000003,-1,2.8000000000000003,True,True,True,15,16
535,-1.2000000000000002,0.99999999999999989,-2.2000000000000002,True,True,True,15,15
536,1.3999999999999999,-0.40000000000000002,1.7999999999999998,True,True,True,16,17
537,0.40000000000000002,-2.3999999999999999,2.7999999999999998,True,True,True,17,17
538,1.2,-1.7999999999999998,3,True,True,True,17,16
539,0,0.39999999999999991,-0.39999999999999991,True,True,True,16,16
540,1.2000000000000002,1.6000000000000001,-0.39999999999999991,True,True,True,17,17
541,1.2000000000000002,-1,2.2000000000000002,True,True,True,16,17
542,-0.39999999999999991,-3,2.6000000000000001,True,True,True,17,16
543,0.19999999999999996,1,-0.80000000000000004,True,True,True,17,16
544,0,-0.79999999999999993,0.79999999999999993,True,True,True,17,16
545,1.6000000000000001,-0.40000000000000002,2,True,True,True,17,17
546,-1.7999999999999998,1.6000000000000001,-3.3999999999999999,True,True,True,18,17
547,0.39999999999999991,0.59999999999999964,-0.19999999999999973,True,True,True,17,18
548,-1.5999999999999999,0,-1.5999999999999999,True,True,True,18,17
549,0.20000000000000001,0.99999999999999989,-0.79999999999999982,True,True,True,18,18
550,0.59999999999999987,0.59999999999999998,-1.1102230246251565e-16,True,True,True,17,18
551,-1.2,-1.2000000000000002,2.2204460492503131e-16,True,True,True,18,18
552,-1.2,1.3999999999999999,-2.5999999999999996,True,True,True,17,18
553,-4,0.80000000000000004,-4.7999999999999998,True,True,True,17,18
554,2,0.79999999999999993,1.2000000000000002,True,True,True,18,18
555,-0.59999999999999998,1.6000000000000001,-2.2000000000000002,True,True,True,17,17
556,-0.39999999999999997,-0.80000000000000004,0.40000000000000008,True,True,True,19,18
557,-0.39999999999999997,-2.2000000000000002,1.8000000000000003,True,True,True,19,18
558,-1.8,1.2,-3,True,True,True,19,19
559,0.40000000000000002,0.80000000000000004,-0.40000000000000002,True,True,True,18,18
560,-1.4000000000000001,1.6000000000000001,-3,True,True,True,19,19
561,1.0000000000000002,1.7999999999999998,-0.7999999999999996,True,True,True,18,18
562,1.3999999999999999,1,0.39999999999999991,True,True,True,19,19
563,-1.6000000000000001,-0.60000000000000009,-1,True,True,True,19,19
564,0.80000000000000004,-0.39999999999999991,1.2,True,True,True,19,18
565,-0.59999999999999987,-1.6000000000000001,1.0000000000000002,True,True,True,19,20
566,0.59999999999999998,0.40000000000000013,0.19999999999999984,True,True,True,19,18
567,-0.80000000000000027,1.2,-2,True,True,True,19,19
568,1,1.4000000000000001,-0.40000000000000013,True,True,True,19,20
569,0.59999999999999998,0.80000000000000004,-0.20000000000000007,True,True,True,20,20
570,-0.40000000000000013,1,-1.4000000000000001,True,True,True,20,20
571,-0.19999999999999996,0.80000000000000004,-1,True,True,True,20,19
572,0,0.60000000000000009,-0.60000000000000009,True,True,True,19,20
573,0.80000000000000004,-0.20000000000000001,1,True,True,True,20,20
574,0.19999999999999996,-0.60000000000000009,0.80000000000000004,True,True,True,20,20
575,-0.40000000000000013,0.79999999999999982,-1.2,True,True,True,19,20
576,-1.5999999999999999,-0.79999999999999993,-0.79999999999999993,True,True,True,19,20
577,1.4000000000000001,-1.4000000000000001,2.8000000000000003,True,True,True,20,20
578,-2.2000000000000002,0.80000000000000004,-3,True,True,True,21,21
579,0.60000000000000009,-3.2000000000000002,3.8000000000000003,True,True,True,21,22
580,-0.20000000000000001,-0.20000000000000018,1.6653345369377348e-16,True,True,True,21,21
581,-2,1,-3,True,True,True,21,21
582,1.0000000000000002,-0.19999999999999996,1.2000000000000002,True,True,True,20,21
583,0,-0.39999999999999991,0.39999999999999991,True,True,True,21,20
584,0.39999999999999991,0,0.39999999999999991,True,True,True,21,21
585,2.2000000000000002,-0.20000000000000007,2.4000000000000004,True,True,True,21,21
586,-2,0.20000000000000001,-2.2000000000000002,True,True,True,21,20
587,0.80000000000000004,-0.20000000000000007,1,True,True,True,21,20
588,-0.39999999999999997,0.80000000000000004,-1.2,True,True,True,22,21
589,0.19999999999999996,1.6000000000000001,-1.4000000000000001,True,True,True,22,21
590,-0.20000000000000007,-2.3999999999999999,2.1999999999999997,True,True,True,21,22
591,-1,2.3999999999999999,-3.3999999999999999,True,True,True,22,22
592,-0.60000000000000009,2,-2.6000000000000001,True,True,True,22,21
593,-2.6000000000000001,0.59999999999999987,-3.2000000000000002,True,True,True,23,22
594,-0.40000000000000002,-1,0.59999999999999998,True,True,True,22,23
595,1.6000000000000001,-1.6000000000000001,3.2000000000000002,True,True,True,22,22
596,-0.60000000000000009,1,-1.6000000000000001,True,True,True,22,22
597,1.3999999999999999,1.4000000000000001,-2.2204460492503131e-16,True,True,True,22,23
598,1,0.19999999999999996,0.80000000000000004,True,True,True,22,22
599,0.19999999999999996,-0.60000000000000009,0.80000000000000004,True,True,True,21,22
600,0.79999999999999993,2,-1.2000000000000002,True,True,True,22,23
601,-0.79999999999999993,-0.40000000000000002,-0.39999999999999991,True,True,True,23,23
602,-3.2000000000000002,-2.2000000000000002,-1,True,True,True,23,23
603,3.1999999999999997,-1.5999999999999999,4.7999999999999998,True,True,True,22,24
604,1.3999999999999999,1.3999999999999999,0,True,True,True,23,23
605,-0.80000000000000027,1.2000000000000002,-2.0000000000000004,True,True,True,23,23
606,2,0.39999999999999991,1.6000000000000001,True,True,True,23,22
607,0,2.9999999999999996,-2.9999999999999996,True,True,True,23,24
608,-1.3999999999999999,-1.0000000000000002,-0.39999999999999969,True,True,True,23,23
609,0.40000000000000002,0,0.40000000000000002,True,True,True,24,23
610,-0.60000000000000009,-1.2,0.59999999999999987,True,True,True,24,23
611,-1.2,-0.40000000000000002,-0.79999999999999993,True,True,True,25,24
612,-2,3.7999999999999998,-5.7999999999999998,True,True,True,24,25
613,-2.5999999999999996,0.40000000000000002,-2.9999999999999996,True,True,True,24,23
614,0.39999999999999997,-0.59999999999999987,0.99999999999999978,True,True,True,24,24
615,0.20000000000000007,1.2,-0.99999999999999989,True,True,True,24,24
616,-1.3999999999999999,0,-1.3999999999999999,True,True,True,24,24
617,-1,-1,0,True,True,True,24,24
618,-0.80000000000000004,0,-0.80000000000000004,True,True,True,25,24
619,0.20000000000000001,0.80000000000000004,-0.60000000000000009,True,True,True,25,25
620,2,-0.80000000000000004,2.7999999999999998,True,True,True,24,25
621,-0.59999999999999998,-2,1.3999999999999999,True,True,True,26,25
622,-1,-3.5999999999999996,2.5999999999999996,True,True,True,25,25
623,4.2000000000000002,-1.6000000000000001,5.8000000000000007,True,True,True,23,25
624,0.39999999999999997,-0.59999999999999998,1,True,True,True,25,25
625,3.2000000000000002,2.4000000000000004,0.79999999999999982,True,True,True,26,24
626,1,-1.2,2.2000000000000002,True,True,True,25,25
627,-0.80000000000000004,-0.80000000000000004,0,True,True,True,26,26
628,2.3999999999999999,1,1.3999999999999999,True,True,True,25,25
629,-1,1.6000000000000001,-2.6000000000000001,True,True,True,25,26
630,-2.7999999999999998,0.19999999999999996,-3,True,True,True,24,26
631,-2.5999999999999996,1.6000000000000001,-4.1999999999999993,True,True,True,26,26
632,-2.3999999999999999,2.4000000000000004,-4.8000000000000007,True,True,True,26,27
633,1.3999999999999999,-2.7999999999999998,4.1999999999999993,True,True,True,27,25
634,-1.2000000000000002,4,-5.2000000000000002,True,True,True,26,24
635,-1.6000000000000001,0.60000000000000009,-2.2000000000000002,True,True,True,26,26
636,0.20000000000000001,-1,1.2,True,True,True,27,26
637,-0.40000000000000002,-0.79999999999999993,0.39999999999999991,True,True,True,27,27
638,1.5999999999999999,1.6000000000000001,-2.2204460492503131e-16,True,True,True,26,26
639,1.8,-1,2.7999999999999998,True,True,True,25,27
640,-2.2000000000000002,-0.79999999999999993,-1.4000000000000004,True,True,True,26,26
641,3.2000000000000002,-2.8000000000000003,6,True,True,True,25,27
642,0.59999999999999998,-2,2.6000000000000001,True,True,True,27,26
643,-0.39999999999999991,1.2,-1.5999999999999999,True,True,True,27,26
644,-1.4000000000000001,-3,1.5999999999999999,True,True,True,27,27
645,-0.60000000000000009,-0.80000000000000004,0.19999999999999996,True,True,True,27,27
646,0.20000000000000001,2.2000000000000002,-2,True,True,True,27,28
647,0,0.79999999999999993,-0.79999999999999993,True,True,True,28,28
648,-1.3999999999999999,0.19999999999999996,-1.5999999999999999,True,True,True,28,27
649,0.19999999999999973,-1.7999999999999998,1.9999999999999996,True,True,True,28,28
650,0.20000000000000018,-1.5999999999999999,1.8,True,True,True,29,28
651,-3.2000000000000002,-1,-2.2000000000000002,True,True,True,28,28
652,2.7999999999999998,0.59999999999999998,2.1999999999999997,True,True,True,26,28
653,0.59999999999999998,0.19999999999999996,0.40000000000000002,True,True,True,28,28
654,-1.2,-1,-0.19999999999999996,True,True,True,29,28
655,2,2,0,True,True,True,28,27
656,-0.40000000000000013,-1,0.59999999999999987,True,True,True,28,29
657,1,1.3999999999999999,-0.39999999999999991,True,True,True,27,27
658,-1.6000000000000001,1,-2.6000000000000001,True,True,True,27,29
659,0.40000000000000002,0,0.40000000000000002,True,True,True,29,29
660,-1.6000000000000001,3.6000000000000005,-5.2000000000000011,True,True,True,29,27
661,2,1,1,True,True,True,29,28
662,-0.20000000000000001,1.7999999999999998,-1.9999999999999998,True,True,True,29,29
663,-1.7999999999999998,-1.8,2.2204460492503131e-16,True,True,True,29,29
664,-0.19999999999999996,-1.6000000000000001,1.4000000000000001,True,True,True,28,29
665,-1.6000000000000001,1.2,-2.7999999999999998,True,True,True,28,28
666,-1.3999999999999999,0.60000000000000009,-2,True,True,True,30,30
667,-1.8,1.8,-3.6000000000000001,True,True,True,30,29
668,-1.8,-1.3999999999999999,-0.40000000000000013,True,True,True,29,29
669,-1.6000000000000001,-1.8,0.19999999999999996,True,True,True,30,30
670,0.59999999999999998,0.80000000000000004,-0.20000000000000007,True,True,True,29,30
671,1.6000000000000001,2.2000000000000002,-0.60000000000000009,True,True,True,30,29
672,-1.3999999999999999,2.6000000000000001,-4,True,True,True,30,28
673,-1.5999999999999999,1.6000000000000001,-3.2000000000000002,True,True,True,30,30
674,0.40000000000000002,0.80000000000000004,-0.40000000000000002,True,True,True,30,30
675,0.39999999999999991,-0.39999999999999991,0.79999999999999982,True,True,True,29,30
676,-1.6000000000000001,0.99999999999999978,-2.5999999999999996,True,True,True,31,30
677,1.2,2.3999999999999999,-1.2,True,True,True,31,29
678,-1.6000000000000001,-0.80000000000000004,-0.80000000000000004,True,True,True,31,30
679,2.0000000000000004,-1.2000000000000002,3.2000000000000006,True,True,True,30,31
680,0,0.20000000000000001,-0.20000000000000001,True,True,True,31,31
681,-1.6000000000000001,-0.59999999999999998,-1,True,True,True,31,31
682,-0.60000000000000009,-1,0.39999999999999991,True,True,True,31,31
683,0.59999999999999998,1.7999999999999998,-1.1999999999999997,True,True,True,31,30
684,-0.80000000000000004,0.20000000000000018,-1.0000000000000002,True,True,True,30,31
685,1,0,1,True,True,True,31,30
686,-0.19999999999999996,0.80000000000000004,-1,True,True,True,32,32
687,-2.2000000000000002,-1.0000000000000002,-1.2,True,True,True,32,32
688,0,-1,1,True,True,True,32,32
689,-1.8,0.80000000000000004,-2.6000000000000001,True,True,True,31,32
690,-1.3999999999999999,0.59999999999999998,-2,True,True,True,32,32
691,0.39999999999999997,-0.60000000000000009,1,True,True,True,31,32
692,-0.19999999999999996,-0.59999999999999998,0.40000000000000002,True,True,True,32,31
693,0.19999999999999996,-1.3999999999999999,1.5999999999999999,True,True,True,31,32
694,-2.2000000000000002,-1.3999999999999999,-0.80000000000000027,True,True,True,33,32
695,1.5999999999999999,-0.39999999999999991,1.9999999999999998,True,True,True,33,33
696,0.40000000000000002,-0.40000000000000002,0.80000000000000004,True,True,True,33,33
697,0.40000000000000002,-1.8,2.2000000000000002,True,True,True,32,33
698,1.5999999999999996,-0.59999999999999998,2.1999999999999997,True,True,True,31,33
699,-0.60000000000000009,4.2000000000000002,-4.8000000000000007,True,True,True,33,30
700,-0.80000000000000004,-0.59999999999999998,-0.20000000000000007,True,True,True,32,32
701,-0.59999999999999987,0.19999999999999996,-0.79999999999999982,True,True,True,33,32
702,1.2,0.19999999999999996,1,True,True,True,33,33
703,-1.3999999999999999,2.3999999999999999,-3.7999999999999998,True,True,True,33,31
704,-0.79999999999999993,-2.5999999999999996,1.7999999999999998,True,True,True,34,34
705,4.7999999999999998,-1.3999999999999999,6.1999999999999993,True,True,True,31,34
706,-0.19999999999999996,-0.59999999999999998,0.40000000000000002,True,True,True,34,33
707,-0.79999999999999993,1.2000000000000002,-2,True,True,True,34,34
708,-1.3999999999999999,2.6000000000000001,-4,True,True,True,33,32
709,0.40000000000000013,-0.80000000000000004,1.2000000000000002,True,True,True,33,34
710,2.6000000000000001,-0.19999999999999996,2.7999999999999998,True,True,True,32,34
711,-0.39999999999999991,0.59999999999999987,-0.99999999999999978,True,True,True,33,34
712,0.80000000000000004,0.19999999999999996,0.60000000000000009,True,True,True,34,34
713,-1,0.59999999999999998,-1.6000000000000001,True,True,True,34,33
714,-0.60000000000000009,-2,1.3999999999999999,True,True,True,34,34
715,3.3999999999999999,-0.39999999999999997,3.7999999999999998,True,True,True,33,34
716,2.7999999999999998,4,-1.2000000000000002,True,True,True,32,33
717,-1,-1.8,0.80000000000000004,True,True,True,35,34
718,-1,0.20000000000000001,-1.2,True,True,True,35,35
719,3.0000000000000004,0.80000000000000004,2.2000000000000002,True,True,True,34,35
720,0.79999999999999993,-1.2,2,True,True,True,35,35
721,-0.19999999999999996,-1,0.80000000000000004,True,True,True,35,35
722,-0.80000000000000004,0.20000000000000001,-1,True,True,True,34,35
723,-1,3.7999999999999998,-4.7999999999999998,True,True,True,35,34
724,2.6000000000000001,-0.20000000000000018,2.8000000000000003,True,True,True,33,35
725,-1.6000000000000001,0.40000000000000002,-2,True,True,True,35,35
726,-2.5999999999999996,0.20000000000000018,-2.7999999999999998,True,True,True,35,35
727,-0.40000000000000002,1.2,-1.6000000000000001,True,True,True,36,36
728,-1.8,-3.1999999999999997,1.3999999999999997,True,True,True,35,36
729,-0.59999999999999998,-1.2,0.59999999999999998,True,True,True,36,36
730,-0.39999999999999991,0,-0.39999999999999991,True,True,True,36,35
731,2.3999999999999999,-0.99999999999999989,3.3999999999999999,True,True,True,35,36
732,1.3999999999999999,-2,3.3999999999999999,True,True,True,36,36
733,0.20000000000000001,3,-2.7999999999999998,True,True,True,36,34
734,-1,-0.80000000000000004,-0.19999999999999996,True,True,True,36,36
735,0.60000000000000009,2.7999999999999998,-2.1999999999999997,True,True,True,36,35
736,1.6000000000000001,-0.19999999999999996,1.8,True,True,True,36,36
737,0.39999999999999991,1.8,-1.4000000000000001,True,True,True,36,35
738,-1.2,2.5999999999999996,-3.7999999999999998,True,True,True,37,36
739,-2.2000000000000002,0.80000000000000004,-3,True,True,True,37,37
740,-0.59999999999999987,-0.40000000000000002,-0.19999999999999984,True,True,True,37,37
741,-2.8000000000000003,-0.40000000000000002,-2.4000000000000004,True,True,True,37,37
742,0.39999999999999991,0.59999999999999987,-0.19999999999999996,True,True,True,37,37
743,-3.2000000000000002,0.60000000000000009,-3.8000000000000003,True,True,True,37,37
744,0.20000000000000007,0.39999999999999991,-0.19999999999999984,True,True,True,36,37
745,2.7999999999999998,-0.59999999999999998,3.3999999999999999,True,True,True,36,36
746,-1.8,-0.80000000000000004,-1,True,True,True,37,37
747,1.2,1.6000000000000001,-0.40000000000000013,True,True,True,37,37
748,1.2,0.99999999999999978,0.20000000000000018,True,True,True,37,37
749,2.3999999999999999,1.7999999999999998,0.60000000000000009,True,True,True,37,37
750,0,-2.2000000000000002,2.2000000000000002,True,True,True,38,38
751,-0.20000000000000001,1.7999999999999998,-1.9999999999999998,True,True,True,38,38
752,-1.2,-1,-0.19999999999999996,True,True,True,38,38
753,0.60000000000000009,1.7999999999999998,-1.1999999999999997,True,True,True,38,38
754,1.6000000000000001,-3.2000000000000002,4.8000000000000007,True,True,True,38,38
755,-0.19999999999999996,-1,0.80000000000000004,True,True,True,38,38
756,-1.2,1.6000000000000001,-2.7999999999999998,True,True,True,38,38
757,0.19999999999999996,-0.79999999999999993,0.99999999999999989,True,True,True,38,38
758,1.8,-2,3.7999999999999998,True,True,True,38,38
759,-0.60000000000000009,-0.39999999999999991,-0.20000000000000018,True,True,True,38,38
760,,,,False,False,False,1,1
761,,,,False,False,False,1,1
762,,,,False,False,False,1,1
763,,,,False,False,False,1,1
764,,,,False,False,False,1,1
765,,,,False,False,False,1,1
766,,,,False,False,False,1,1
767,,,,False,False,False,1,1
768,,,,False,False,False,1,1
769,,,,False,False,False,1,1
770,,,,False,False,False,2,2
771,,,,False,False,False,2,2
772,,,,False,False,False,2,2
773,,,,False,False,False,2,2
774,,,,False,False,False,2,2
775,,,,False,False,False,2,2
776,,,,False,False,False,2,2
777,,,,False,False,False,2,2
778,,,,False,False,False,2,2
779,,,,False,False,False,3,2
780,,,,False,False,False,3,3
781,,,,False,False,False,3,3
782,,,,False,False,False,3,3
783,,,,False,False,False,3,3
784,,,,False,False,False,3,3
785,,,,False,False,False,3,3
786,,,,False,False,False,2,3
787,,,,False,False,False,3,3
788,,,,False,False,False,3,3
789,,,,False,False,False,3,4
790,,,,False,False,False,4,4
791,,,,False,False,False,4,4
792,,,,False,False,False,3,4
793,,,,False,False,False,4,4
794,,,,False,False,False,4,4
795,,,,False,False,False,4,4
796,,,,False,False,False,4,4
797,,,,False,False,False,4,4
798,,,,False,False,False,4,4
799,,,,False,False,False,5,5
800,,,,False,False,False,5,4
801,,,,False,False,False,5,5
802,,,,False,False,False,5,5
803,,,,False,False,False,5,5
804,,,,False,False,False,5,5
805,,,,False,False,False,5,5
806,,,,False,False,False,5,5
807,,,,False,False,False,5,5
808,,,,False,False,False,5,4
809,0.40000000000000002,1.7999999999999998,-1.3999999999999999,True,True,True,6,6
810,,-0.19999999999999996,,False,True,False,5,6
811,3.2000000000000002,-3.4000000000000004,6.6000000000000005,True,True,True,6,6
812,,-2,,False,True,False,5,6
813,3.7999999999999998,-1.3999999999999999,5.1999999999999993,True,True,True,6,6
814,3,1.1999999999999997,1.8000000000000003,True,True,True,6,6
815,3.8000000000000003,-1.2,5,True,True,True,6,6
816,1.8,0.39999999999999997,1.4000000000000001,True,True,True,6,6
817,-1,-4,3,True,True,True,6,6
818,-2.7999999999999998,0.60000000000000009,-3.3999999999999999,True,True,True,6,6
819,1.4000000000000001,2.2000000000000002,-0.80000000000000004,True,True,True,7,7
820,-1.2,2.4000000000000004,-3.6000000000000005,True,True,True,7,7
821,0.60000000000000009,-1.7999999999999998,2.3999999999999999,True,True,True,7,6
822,0.40000000000000002,1.6000000000000001,-1.2000000000000002,True,True,True,7,7
823,1.2000000000000002,-1.8,3,True,True,True,7,6
824,1,-0.19999999999999996,1.2,True,True,True,7,7
825,-3.8000000000000003,-2.7999999999999998,-1.0000000000000004,True,True,True,7,7
826,-3,2.7999999999999998,-5.7999999999999998,True,True,True,7,7
827,-0.39999999999999997,0,-0.39999999999999997,True,True,True,7,7
828,-1.4000000000000001,0.80000000000000004,-2.2000000000000002,True,True,True,7,7
829,-1.4000000000000001,-1.7999999999999998,0.39999999999999969,True,True,True,7,7
830,-1.3999999999999999,0.59999999999999998,-2,True,True,True,8,8
831,1,-1.2000000000000002,2.2000000000000002,True,True,True,8,8
832,1.5999999999999999,-1.1999999999999997,2.7999999999999998,True,True,True,8,8
833,-0.60000000000000009,-3.8000000000000003,3.2000000000000002,True,True,True,8,8
834,-0.59999999999999998,2,-2.6000000000000001,True,True,True,8,8
835,0.59999999999999998,0.19999999999999996,0.40000000000000002,True,True,True,8,8
836,3.0000000000000004,3.9999999999999996,-0.99999999999999911,True,True,True,8,8
837,2,-1.3999999999999999,3.3999999999999999,True,True,True,8,8
838,-2.8000000000000003,2.3999999999999999,-5.2000000000000002,True,True,True,8,8
839,-4.5999999999999996,1.3999999999999999,-6,True,True,True,8,8
840,-1.2,-3.6000000000000001,2.4000000000000004,True,True,True,9,9
841,0.20000000000000007,-0.60000000000000009,0.80000000000000016,True,True,True,9,9
842,-0.39999999999999997,1.3999999999999999,-1.7999999999999998,True,True,True,9,9
843,-0.19999999999999996,0.59999999999999998,-0.79999999999999993,True,True,True,9,9
844,2.7999999999999998,0,2.7999999999999998,True,True,True,9,9
845,1.4000000000000001,-0.40000000000000002,1.8000000000000003,True,True,True,9,9
846,0.20000000000000001,-0.59999999999999998,0.80000000000000004,True,True,True,9,9
847,-2.9999999999999996,0.59999999999999998,-3.5999999999999996,True,True,True,9,9
848,1.2000000000000002,-1,2.2000000000000002,True,True,True,9,9
849,2,1.3999999999999999,0.60000000000000009,True,True,True,9,9
850,-1.6000000000000001,1.3999999999999999,-3,True,True,True,10,10
851,0.80000000000000004,-3,3.7999999999999998,True,True,True,10,10
852,-1.2000000000000002,-1.6000000000000001,0.39999999999999991,True,True,True,10,10
853,0,1,-1,True,True,True,10,10
854,-2,1.7999999999999998,-3.7999999999999998,True,True,True,10,10
855,0.79999999999999982,-1.6000000000000001,2.3999999999999999,True,True,True,10,10
856,-0.79999999999999993,0.80000000000000004,-1.6000000000000001,True,True,True,10,10
857,0.80000000000000004,1,-0.19999999999999996,True,True,True,10,10
858,0.40000000000000002,3.8000000000000003,-3.4000000000000004,True,True,True,10,10
859,-1.2000000000000002,0.39999999999999997,-1.6000000000000001,True,True,True,10,10
860,0.99999999999999989,0.60000000000000009,0.3999999999999998,True,True,True,11,11
861,-2.1999999999999997,-1,-1.1999999999999997,True,True,True,11,11
862,1,-0.80000000000000004,1.8,True,True,True,11,11
863,0.60000000000000009,0,0.60000000000000009,True,True,True,11,11
864,2.5999999999999996,-0.40000000000000013,3,True,True,True,11,11
865,1.7999999999999998,1,0.79999999999999982,True,True,True,11,11
866,-2.8000000000000003,-1.3999999999999999,-1.4000000000000004,True,True,True,11,11
867,-2.3999999999999999,1.2,-3.5999999999999996,True,True,True,11,11
868,0,1.3999999999999999,-1.3999999999999999,True,True,True,11,11
869,0,-0.60000000000000009,0.60000000000000009,True,True,True,11,11
870,0.80000000000000004,-0.60000000000000009,1.4000000000000001,True,True,True,12,12
871,-1.2000000000000002,0.60000000000000009,-1.8000000000000003,True,True,True,12,12
872,-1.3999999999999999,1,-2.3999999999999999,True,True,True,12,12
873,0.40000000000000002,-1.8,2.2000000000000002,True,True,True,12,12
874,-0.80000000000000004,0.19999999999999996,-1,True,True,True,12,12
875,1.3999999999999999,0,1.3999999999999999,True,True,True,12,12
876,-0.80000000000000004,-1.9999999999999998,1.1999999999999997,True,True,True,12,12
877,-0.19999999999999996,3.1999999999999997,-3.3999999999999995,True,True,True,12,12
878,1.2,1.6000000000000001,-0.40000000000000013,True,True,True,12,12
879,0.59999999999999998,-0.60000000000000009,1.2000000000000002,True,True,True,12,12
880,0,0,0,True,True,True,13,13
881,-0.39999999999999991,-0.39999999999999991,0,True,True,True,13,13
882,-1.5999999999999999,-0.59999999999999987,-1,True,True,True,13,13
883,1.7999999999999998,2.6000000000000001,-0.80000000000000027,True,True,True,13,13
884,-0.80000000000000004,-0.20000000000000007,-0.59999999999999998,True,True,True,13,13
885,0.20000000000000001,0.40000000000000002,-0.20000000000000001,True,True,True,13,13
886,-2,0,-2,True,True,True,13,13
887,0,-0.40000000000000002,0.40000000000000002,True,True,True,13,13
888,-0.59999999999999998,1,-1.6000000000000001,True,True,True,13,13
889,0,1,-1,True,True,True,13,13
890,0,1.3999999999999999,-1.3999999999999999,True,True,True,14,14
891,0.79999999999999993,-2.6000000000000001,3.3999999999999999,True,True,True,14,14
892,0,-3.0000000000000004,3.0000000000000004,True,True,True,14,14
893,-1.2,-2.2000000000000002,1.0000000000000002,True,True,True,14,14
894,-0.20000000000000007,0.80000000000000004,-1,True,True,True,14,14
895,1.5999999999999999,0,1.5999999999999999,True,True,True,14,14
896,0.40000000000000002,0.40000000000000002,0,True,True,True,14,14
897,2,-0.59999999999999987,2.5999999999999996,True,True,True,14,14
898,2.2000000000000002,0,2.2000000000000002,True,True,True,14,14
899,-1,1.2,-2.2000000000000002,True,True,True,14,14
900,-2.4000000000000004,0.79999999999999982,-3.2000000000000002,True,True,True,15,15
901,0.60000000000000009,1,-0.39999999999999991,True,True,True,15,15
902,-0.80000000000000004,1.7999999999999998,-2.5999999999999996,True,True,True,15,15
903,1.8,0.20000000000000001,1.6000000000000001,True,True,True,15,15
904,1,2.7999999999999998,-1.7999999999999998,True,True,True,15,15
905,-1.7999999999999998,-1,-0.79999999999999982,True,True,True,15,15
906,-2.2000000000000002,-1,-1.2000000000000002,True,True,True,15,15
907,-3.2000000000000002,2.6000000000000001,-5.8000000000000007,True,True,True,15,15
908,1.3999999999999999,-0.80000000000000004,2.2000000000000002,True,True,True,15,15
909,0,-0.80000000000000004,0.80000000000000004,True,True,True,15,15
910,-0.60000000000000009,1,-1.6000000000000001,True,True,True,16,16
911,2.1999999999999997,1.3999999999999999,0.79999999999999982,True,True,True,16,16
912,0.60000000000000009,2.7999999999999998,-2.1999999999999997,True,True,True,16,16
913,-0.40000000000000002,2.1999999999999997,-2.5999999999999996,True,True,True,16,16
914,-3.6000000000000001,-0.79999999999999993,-2.8000000000000003,True,True,True,16,16
915,0.40000000000000002,-0.19999999999999996,0.59999999999999998,True,True,True,16,16
916,1.2000000000000002,-1.8,3,True,True,True,16,16
917,-1.3999999999999999,-1.2000000000000002,-0.19999999999999973,True,True,True,16,16
918,-2.6000000000000001,0.19999999999999996,-2.7999999999999998,True,True,True,16,16
919,1.2,-0.59999999999999998,1.7999999999999998,True,True,True,16,16
920,-0.19999999999999996,2.3999999999999999,-2.5999999999999996,True,True,True,17,17
921,-1,0.59999999999999987,-1.5999999999999999,True,True,True,17,17
922,-1.6000000000000001,-3.3999999999999999,1.7999999999999998,True,True,True,17,17
923,0.40000000000000002,2,-1.6000000000000001,True,True,True,17,17
924,-1.8,-1.6000000000000001,-0.19999999999999996,True,True,True,17,17
925,1.5999999999999999,4.2000000000000002,-2.6000000000000005,True,True,True,17,17
926,-0.80000000000000004,-1.6000000000000001,0.80000000000000004,True,True,True,17,17
927,2,-0.20000000000000001,2.2000000000000002,True,True,True,17,17
928,-0.59999999999999998,0.40000000000000002,-1,True,True,True,17,17
929,0.40000000000000002,2,-1.6000000000000001,True,True,True,18,18
930,-1.2000000000000002,-3,1.7999999999999998,True,True,True,18,18
931,-2.3999999999999999,-1.5999999999999999,-0.80000000000000004,True,True,True,18,18
932,2.5999999999999996,3,-0.40000000000000036,True,True,True,18,18
933,-3,-0.60000000000000009,-2.3999999999999999,True,True,True,17,18
934,-0.80000000000000004,2.2000000000000002,-3,True,True,True,18,17
935,3.1999999999999997,1.2000000000000002,1.9999999999999996,True,True,True,18,18
936,-1,-1.3999999999999999,0.39999999999999991,True,True,True,18,18
937,0.60000000000000009,-0.79999999999999993,1.3999999999999999,True,True,True,18,18
938,1.7999999999999998,-1.2000000000000002,3,True,True,True,18,19
939,-3.2000000000000002,3.2000000000000002,-6.4000000000000004,True,True,True,19,19
940,-0.39999999999999991,0,-0.39999999999999991,True,True,True,19,19
941,-0.59999999999999998,-1.2,0.59999999999999998,True,True,True,19,19
942,-2,-2.8000000000000003,0.80000000000000027,True,True,True,19,18
943,-0.19999999999999996,0.40000000000000002,-0.59999999999999998,True,True,True,18,19
944,-1.2,-1.3999999999999999,0.19999999999999996,True,True,True,19,19
945,0.80000000000000027,1.6000000000000001,-0.79999999999999982,True,True,True,19,18
946,2.7999999999999998,-0.40000000000000002,3.1999999999999997,True,True,True,19,19
947,2.7999999999999998,1.7999999999999998,1,True,True,True,19,19
948,0.40000000000000002,-4.6000000000000005,5.0000000000000009,True,True,True,20,20
949,-0.80000000000000004,0.20000000000000007,-1,True,True,True,20,19
950,-2.2000000000000002,-0.60000000000000009,-1.6000000000000001,True,True,True,19,20
951,2.2000000000000002,-1.5999999999999999,3.7999999999999998,True,True,True,19,20
952,-1.8,0.39999999999999997,-2.2000000000000002,True,True,True,20,20
953,0.40000000000000002,-0.20000000000000007,0.60000000000000009,True,True,True,20,20
954,0.40000000000000002,3.7999999999999998,-3.3999999999999999,True,True,True,20,20
955,1,0,1,True,True,True,20,19
956,3.5999999999999996,-0.40000000000000013,4,True,True,True,20,20
957,-2,2.5999999999999996,-4.5999999999999996,True,True,True,20,20
958,-4.8000000000000007,-1.8,-3.0000000000000009,True,True,True,21,20
959,0.60000000000000009,0.40000000000000002,0.20000000000000007,True,True,True,21,21
960,-2.3999999999999999,2.2000000000000002,-4.5999999999999996,True,True,True,21,20
961,-0.79999999999999993,-0.20000000000000001,-0.59999999999999987,True,True,True,21,21
962,0.19999999999999996,0.40000000000000013,-0.20000000000000018,True,True,True,21,21
963,3,-1,4,True,True,True,21,21
964,-0.39999999999999991,-2.6000000000000001,2.2000000000000002,True,True,True,20,21
965,-0.79999999999999993,4.5999999999999996,-5.3999999999999995,True,True,True,20,21
966,-0.59999999999999987,-2.6000000000000001,2,True,True,True,21,21
967,3,1,2,True,True,True,21,21
968,1,-2.1999999999999997,3.1999999999999997,True,True,True,22,22
969,-0.80000000000000004,-0.19999999999999996,-0.60000000000000009,True,True,True,22,22
970,1.2000000000000002,-1.2,2.4000000000000004,True,True,True,22,22
971,-1.3999999999999999,1.6000000000000001,-3,True,True,True,21,22
972,-2.3999999999999999,1.5999999999999999,-4,True,True,True,22,22
973,5.5999999999999996,0,5.5999999999999996,True,True,True,22,22
974,4,-2.7999999999999998,6.7999999999999998,True,True,True,21,22
975,0,0.59999999999999998,-0.59999999999999998,True,True,True,22,21
976,-3.2000000000000002,-1,-2.2000000000000002,True,True,True,22,21
977,0.39999999999999991,-0.99999999999999989,1.3999999999999999,True,True,True,22,22
978,2.3999999999999999,0.19999999999999996,2.2000000000000002,True,True,True,23,23
979,-2.1999999999999997,2.2000000000000002,-4.4000000000000004,True,True,True,23,23
980,-2,-0.80000000000000004,-1.2,True,True,True,23,23
981,-3.4000000000000004,-0.40000000000000002,-3.0000000000000004,True,True,True,23,22
982,0.80000000000000004,1.3999999999999999,-0.59999999999999987,True,True,True,23,23
983,0.20000000000000007,5.5999999999999996,-5.3999999999999995,True,True,True,23,23
984,-0.40000000000000002,-1.6000000000000001,1.2000000000000002,True,True,True,22,23
985,-2,0,-2,True,True,True,23,23
986,0.40000000000000002,-3,3.3999999999999999,True,True,True,23,23
987,0.59999999999999998,3.1999999999999997,-2.5999999999999996,True,True,True,22,22
988,1.7999999999999998,-1.3999999999999999,3.1999999999999997,True,True,True,24,23
989,4.6000000000000005,-1.7999999999999998,6.4000000000000004,True,True,True,24,24
990,-0.40000000000000002,1.2000000000000002,-1.6000000000000001,True,True,True,23,24
991,3.7999999999999998,-2.7999999999999998,6.5999999999999996,True,True,True,23,24
992,-0.60000000000000009,-3.3999999999999999,2.7999999999999998,True,True,True,24,24
993,0,1.4000000000000001,-1.4000000000000001,True,True,True,24,24
994,-0.19999999999999996,-1.2000000000000002,1.0000000000000002,True,True,True,24,23
995,1,0.19999999999999996,0.80000000000000004,True,True,True,24,24
996,-2.7999999999999998,1.2000000000000002,-4,True,True,True,24,24
997,1.2,-1.8000000000000003,3,True,True,True,24,24
998,-1.8000000000000003,3.7999999999999998,-5.5999999999999996,True,True,True,24,25
999,-1,0.79999999999999982,-1.7999999999999998,True,True,True,25,25
1000,1.3999999999999999,2.6000000000000001,-1.2000000000000002,True,True,True,25,25
1001,2.7999999999999998,-1.6000000000000001,4.4000000000000004,True,True,True,24,25
1002,-3.7999999999999998,-1,-2.7999999999999998,True,True,True,25,24
1003,-0.19999999999999996,-2.4000000000000004,2.2000000000000002,True,True,True,25,25
1004,1.2,0.40000000000000002,0.79999999999999993,True,True,True,25,25
1005,1,-1.3999999999999999,2.3999999999999999,True,True,True,24,25
1006,-0.19999999999999996,0.20000000000000001,-0.39999999999999997,True,True,True,25,25
1007,-1.7999999999999998,0.99999999999999989,-2.7999999999999998,True,True,True,25,25
1008,2.6000000000000001,-1.6000000000000001,4.2000000000000002,True,True,True,25,25
1009,1.6000000000000001,0.39999999999999997,1.2000000000000002,True,True,True,26,25
1010,1.2000000000000002,-2.2000000000000002,3.4000000000000004,True,True,True,26,26
1011,2,1.2,0.80000000000000004,True,True,True,26,26
1012,-0.60000000000000009,3.1999999999999997,-3.7999999999999998,True,True,True,25,26
1013,-0.19999999999999996,-1.2000000000000002,1.0000000000000002,True,True,True,26,26
1014,1,-1.2,2.2000000000000002,True,True,True,26,26
1015,-1.3999999999999999,1.8,-3.2000000000000002,True,True,True,26,26
1016,0.20000000000000001,-0.99999999999999978,1.1999999999999997,True,True,True,26,26
1017,-1.7999999999999998,-3.4000000000000004,1.6000000000000005,True,True,True,26,26
1018,-2.7999999999999998,-1.6000000000000001,-1.1999999999999997,True,True,True,27,26
1019,-1.3999999999999999,-2.4000000000000004,1.0000000000000004,True,True,True,27,27
1020,0.40000000000000002,0.40000000000000002,0,True,True,True,27,27
1021,-0.59999999999999998,1.6000000000000001,-2.2000000000000002,True,True,True,26,27
1022,-1.8,-0.20000000000000001,-1.6000000000000001,True,True,True,27,27
1023,1.2000000000000002,2.6000000000000005,-1.4000000000000004,True,True,True,27,27
1024,0.80000000000000004,0.80000000000000004,0,True,True,True,26,27
1025,-2.1999999999999997,-0.40000000000000002,-1.7999999999999998,True,True,True,27,26
1026,3.5999999999999996,0.39999999999999991,3.1999999999999997,True,True,True,27,27
1027,-0.60000000000000009,2.6000000000000001,-3.2000000000000002,True,True,True,27,27
1028,3.5999999999999996,-1,4.5999999999999996,True,True,True,28,28
1029,-1.6000000000000001,-1.7999999999999998,0.19999999999999973,True,True,True,27,28
1030,0.60000000000000009,-1.3999999999999999,2,True,True,True,28,27
1031,-0.60000000000000009,0.60000000000000009,-1.2000000000000002,True,True,True,28,28
1032,-0.39999999999999997,-0.59999999999999998,0.20000000000000001,True,True,True,28,28
1033,1.3999999999999999,0.59999999999999998,0.79999999999999993,True,True,True,28,27
1034,1.4000000000000001,1.2000000000000002,0.19999999999999996,True,True,True,28,28
1035,1,2.5999999999999996,-1.5999999999999996,True,True,True,28,28
1036,-3.8000000000000003,-1.3999999999999999,-2.4000000000000004,True,True,True,28,28
1037,-1,-1,0,True,True,True,27,28
1038,-0.20000000000000001,-2.2000000000000002,2,True,True,True,28,28
1039,-0.80000000000000027,-1,0.19999999999999973,True,True,True,29,29
1040,-0.40000000000000002,0.80000000000000004,-1.2000000000000002,True,True,True,29,28
1041,-4,0.80000000000000004,-4.7999999999999998,True,True,True,29,29
1042,-4,1.3999999999999999,-5.4000000000000004,True,True,True,29,29
1043,0.20000000000000001,-0.99999999999999989,1.2,True,True,True,30,29
1044,0.79999999999999993,0.79999999999999993,0,True,True,True,29,29
1045,-1.2000000000000002,-0.40000000000000002,-0.80000000000000016,True,True,True,30,29
1046,1.2,0,1.2,True,True,True,28,30
1047,-1.3999999999999999,-3,1.6000000000000001,True,True,True,29,30
1048,1.3999999999999999,0.60000000000000009,0.79999999999999982,True,True,True,30,29
1049,-2.4000000000000004,-0.59999999999999998,-1.8000000000000003,True,True,True,29,30
1050,0.79999999999999993,-3.5999999999999996,4.3999999999999995,True,True,True,29,30
1051,1.8,1.3999999999999999,0.40000000000000013,True,True,True,29,29
1052,2.5999999999999996,3,-0.40000000000000036,True,True,True,29,29
1053,0.40000000000000002,0,0.40000000000000002,True,True,True,30,30
1054,-0.80000000000000004,-1.2000000000000002,0.40000000000000013,True,True,True,31,30
1055,-0.80000000000000004,0.80000000000000004,-1.6000000000000001,True,True,True,30,30
1056,1.2000000000000002,0,1.2000000000000002,True,True,True,31,31
1057,-3.2000000000000002,0.40000000000000002,-3.6000000000000001,True,True,True,31,30
1058,2.2000000000000002,-2.1999999999999997,4.4000000000000004,True,True,True,30,31
1059,0.40000000000000002,0.99999999999999989,-0.59999999999999987,True,True,True,31,30
1060,2.5999999999999996,0.60000000000000009,1.9999999999999996,True,True,True,30,31
1061,2.1999999999999997,0.80000000000000004,1.3999999999999997,True,True,True,29,30
1062,1.7999999999999998,-2.6000000000000001,4.4000000000000004,True,True,True,30,30
1063,-0.59999999999999987,-1.2000000000000002,0.60000000000000031,True,True,True,32,32
1064,1,2.0000000000000004,-1.0000000000000004,True,True,True,31,31
1065,-0.59999999999999998,2,-2.6000000000000001,True,True,True,31,31
1066,0.19999999999999996,0.60000000000000009,-0.40000000000000013,True,True,True,31,32
1067,1.2000000000000002,0.20000000000000001,1.0000000000000002,True,True,True,32,31
1068,-1.9999999999999998,1.2000000000000002,-3.2000000000000002,True,True,True,32,31
1069,-2.3999999999999999,-2.4000000000000004,4.4408920985006262e-16,True,True,True,31,32
1070,-0.79999999999999993,2.8000000000000003,-3.6000000000000001,True,True,True,31,31
1071,-2.6000000000000005,3.2000000000000002,-5.8000000000000007,True,True,True,31,30
1072,0.80000000000000004,1.2,-0.39999999999999991,True,True,True,31,32
1073,0.79999999999999993,-2.1999999999999997,2.9999999999999996,True,True,True,32,32
1074,-0.99999999999999989,-2.6000000000000001,1.6000000000000001,True,True,True,33,32
1075,-0.59999999999999998,-0.19999999999999996,-0.40000000000000002,True,True,True,33,32
1076,2.2000000000000002,-0.20000000000000007,2.4000000000000004,True,True,True,32,33
1077,0.80000000000000004,0,0.80000000000000004,True,True,True,32,32
1078,1.2,-1,2.2000000000000002,True,True,True,33,32
1079,1.8000000000000003,-1,2.8000000000000003,True,True,True,32,33
1080,1.8,-1.6000000000000001,3.4000000000000004,True,True,True,32,32
1081,-1.6000000000000001,1.8,-3.4000000000000004,True,True,True,33,33
1082,2.3999999999999999,1.2000000000000002,1.1999999999999997,True,True,True,31,32
1083,-0.60000000000000009,-0.60000000000000009,0,True,True,True,34,34
1084,-1.9999999999999998,-1.6000000000000001,-0.39999999999999969,True,True,True,33,34
1085,-1.8000000000000003,1.8,-3.6000000000000005,True,True,True,33,33
1086,-1.8,0.79999999999999993,-2.6000000000000001,True,True,True,34,33
1087,-1.3999999999999999,-2.3999999999999999,1,True,True,True,33,34
1088,-0.79999999999999982,1.8,-2.5999999999999996,True,True,True,33,34
1089,1.8000000000000003,2.3999999999999999,-0.59999999999999964,True,True,True,34,33
1090,2.3999999999999999,2.6000000000000001,-0.20000000000000018,True,True,True,34,32
1091,-1.2,0.39999999999999991,-1.5999999999999999,True,True,True,34,33
1092,-1,2.4000000000000004,-3.4000000000000004,True,True,True,34,34
1093,-1.8,-0.40000000000000013,-1.3999999999999999,True,True,True,33,34
1094,-1.7999999999999998,0.60000000000000009,-2.3999999999999999,True,True,True,34,34
1095,0.19999999999999996,2.6000000000000005,-2.4000000000000004,True,True,True,33,33
1096,-2.6000000000000001,0.99999999999999989,-3.6000000000000001,True,True,True,35,33
1097,-1.6000000000000001,-0.19999999999999996,-1.4000000000000001,True,True,True,35,35
1098,2,-0.19999999999999996,2.2000000000000002,True,True,True,35,35
1099,-0.40000000000000002,-2.6000000000000001,2.2000000000000002,True,True,True,34,35
1100,0.59999999999999987,-0.80000000000000004,1.3999999999999999,True,True,True,34,35
1101,-3,2.1999999999999997,-5.1999999999999993,True,True,True,35,35
1102,-1.9999999999999998,-0.60000000000000009,-1.3999999999999997,True,True,True,35,35
1103,0.80000000000000004,0.80000000000000004,0,True,True,True,35,34
1104,1.6000000000000001,2.3999999999999999,-0.79999999999999982,True,True,True,35,34
1105,0.20000000000000007,3,-2.7999999999999998,True,True,True,33,35
1106,0,0,0,True,True,True,34,34
1107,-0.20000000000000018,-1.8,1.5999999999999999,True,True,True,36,36
1108,2.7999999999999998,0.60000000000000009,2.1999999999999997,True,True,True,36,36
1109,0.60000000000000009,0.59999999999999998,1.1102230246251565e-16,True,True,True,36,36
1110,-2,-0.59999999999999987,-1.4000000000000001,True,True,True,36,35
1111,2.7999999999999998,-1.6000000000000001,4.4000000000000004,True,True,True,35,36
1112,0.40000000000000013,1,-0.59999999999999987,True,True,True,36,36
1113,1.2,-2.8000000000000003,4,True,True,True,35,36
1114,-0.80000000000000004,-2.2000000000000002,1.4000000000000001,True,True,True,35,36
1115,1.3999999999999999,0,1.3999999999999999,True,True,True,36,35
1116,0.80000000000000004,0.20000000000000001,0.60000000000000009,True,True,True,36,35
1117,1.2,1.3999999999999999,-0.19999999999999996,True,True,True,37,37
1118,-2.3999999999999999,0.39999999999999991,-2.7999999999999998,True,True,True,37,37
1119,0.40000000000000002,3.2000000000000002,-2.8000000000000003,True,True,True,37,36
1120,-0.60000000000000009,1.6000000000000001,-2.2000000000000002,True,True,True,36,36
1121,0.60000000000000009,1.1999999999999997,-0.59999999999999964,True,True,True,37,36
1122,-1,-3.3999999999999999,2.3999999999999999,True,True,True,36,37
1123,-3.6000000000000005,0.40000000000000013,-4.0000000000000009,True,True,True,37,37
1124,-3.7999999999999998,2,-5.7999999999999998,True,True,True,37,37
1125,0.20000000000000001,3.2000000000000002,-3,True,True,True,36,37
1126,-3,2,-5,True,True,True,37,37
1127,0.20000000000000018,3.6000000000000001,-3.3999999999999999,True,True,True,37,37
1128,1.3999999999999999,0.79999999999999993,0.59999999999999998,True,True,True,37,37
1129,0.19999999999999996,0,0.19999999999999996,True,True,True,37,37
1130,2.8000000000000003,-1.2,4,True,True,True,38,38
1131,1.4000000000000001,0.39999999999999991,1.0000000000000002,True,True,True,38,38
1132,-0.20000000000000018,0.60000000000000009,-0.80000000000000027,True,True,True,38,38
1133,-4.2000000000000002,0.39999999999999997,-4.6000000000000005,True,True,True,38,38
1134,2.2000000000000002,0.60000000000000009,1.6000000000000001,True,True,True,38,38
1135,1.1999999999999997,-3.3999999999999999,4.5999999999999996,True,True,True,38,38
1136,2,-1.6000000000000001,3.6000000000000001,True,True,True,38,38
1137,-2,-0.39999999999999991,-1.6000000000000001,True,True,True,38,38
1138,1.7999999999999998,-1.7999999999999998,3.5999999999999996,True,True,True,38,38
1139,-0.20000000000000018,0.39999999999999991,-0.60000000000000009,True,True,True,38,38
1140,,,,False,False,False,1,1
1141,,,,False,False,False,1,1
1142,,,,False,False,False,1,1
1143,,,,False,False,False,1,1
1144,,,,False,False,False,1,1
1145,,,,False,False,False,1,1
1146,,,,False,False,False,1,1
1147,,,,False,False,False,1,1
1148,,,,False,False,False,1,1
1149,,,,False,False,False,1,1
1150,,,,False,False,False,2,2
1151,,,,False,False,False,2,2
1152,,,,False,False,False,2,2
1153,,,,False,False,False,2,2
1154,,,,False,False,False,2,2
1155,,,,False,False,False,2,2
1156,,,,False,False,False,2,2
1157,,,,False,False,False,2,2
1158,,,,False,False,False,2,2
1159,,,,False,False,False,2,2
1160,,,,False,False,False,3,3
1161,,,,False,False,False,3,3
1162,,,,False,False,False,3,3
1163,,,,False,False,False,3,3
1164,,,,False,False,False,3,3
1165,,,,False,False,False,3,3
1166,,,,False,False,False,3,3
1167,,,,False,False,False,3,3
1168,,,,False,False,False,3,3
1169,,,,False,False,False,3,3
1170,,,,False,False,False,4,4
1171,,,,False,False,False,4,4
1172,,,,False,False,False,4,4
1173,,,,False,False,False,4,4
1174,,,,False,False,False,4,4
1175,,,,False,False,False,4,4
1176,,,,False,False,False,4,4
1177,,,,False,False,False,4,4
1178,,,,False,False,False,4,4
1179,,,,False,False,False,4,4
1180,,,,False,False,False,5,5
1181,,,,False,False,False,5,5
1182,,,,False,False,False,5,5
1183,,,,False,False,False,5,5
1184,,,,False,False,False,5,5
1185,,,,False,False,False,5,5
1186,,,,False,False,False,5,5
1187,,,,False,False,False,5,5
1188,,,,False,False,False,5,5
1189,,,,False,False,False,5,5
1190,-1.3999999999999999,-1.8000000000000003,0.40000000000000036,True,True,True,6,6
1191,-2,-0.19999999999999996,-1.8,True,True,True,6,6
1192,-1.2,0.59999999999999987,-1.7999999999999998,True,True,True,6,6
1193,-0.59999999999999987,-0.59999999999999998,1.1102230246251565e-16,True,True,True,6,6
1194,-2.4000000000000004,2.8000000000000003,-5.2000000000000011,True,True,True,6,6
1195,1.8000000000000003,1.2000000000000002,0.60000000000000009,True,True,True,6,6
1196,-0.19999999999999996,1.8,-2,True,True,True,6,6
1197,-0.80000000000000004,0.79999999999999993,-1.6000000000000001,True,True,True,6,6
1198,2,2.7999999999999998,-0.79999999999999982,True,True,True,6,6
1199,-1.2000000000000002,-1.3999999999999999,0.19999999999999973,True,True,True,6,6
1200,0.60000000000000009,-2.3999999999999999,3,True,True,True,7,7
1201,-1.6000000000000001,-0.39999999999999991,-1.2000000000000002,True,True,True,7,7
1202,-0.20000000000000007,2,-2.2000000000000002,True,True,True,7,7
1203,-1.2000000000000002,-2,0.79999999999999982,True,True,True,7,7
1204,-3.2000000000000002,-0.20000000000000001,-3,True,True,True,7,7
1205,3.2000000000000002,1.5999999999999999,1.6000000000000003,True,True,True,7,7
1206,-0.40000000000000002,-0.20000000000000007,-0.19999999999999996,True,True,True,7,7
1207,0.59999999999999998,0.60000000000000009,-1.1102230246251565e-16,True,True,True,7,7
1208,0.40000000000000002,3.0000000000000004,-2.6000000000000005,True,True,True,7,7
1209,-1.2,1,-2.2000000000000002,True,True,True,7,7
1210,0.20000000000000001,1.2000000000000002,-1.0000000000000002,True,True,True,8,8
1211,0.99999999999999989,-0.20000000000000007,1.2,True,True,True,8,8
1212,-1.6000000000000001,-1,-0.60000000000000009,True,True,True,8,8
1213,1.2,0,1.2,True,True,True,8,8
1214,-2,0.40000000000000002,-2.3999999999999999,True,True,True,8,8
1215,-1.5999999999999999,-3.2000000000000002,1.6000000000000003,True,True,True,8,8
1216,2.6000000000000001,1.3999999999999999,1.2000000000000002,True,True,True,8,8
1217,0.80000000000000027,-1.3999999999999999,2.2000000000000002,True,True,True,8,8
1218,-1.2,3.4000000000000004,-4.6000000000000005,True,True,True,8,8
1219,0,0,0,True,True,True,8,8
1220,-3.7999999999999998,-0.80000000000000004,-3,True,True,True,9,9
1221,-0.59999999999999998,0.80000000000000004,-1.3999999999999999,True,True,True,9,9
1222,-1.3999999999999999,-2.3999999999999999,1,True,True,True,9,9
1223,0.59999999999999998,-1.6000000000000001,2.2000000000000002,True,True,True,9,9
1224,-0.60000000000000009,1.2,-1.8,True,True,True,9,9
1225,3.3999999999999999,-1,4.4000000000000004,True,True,True,9,9
1226,0.40000000000000002,1.7999999999999998,-1.3999999999999999,True,True,True,9,9
1227,-2.6000000000000001,-0.79999999999999993,-1.8000000000000003,True,True,True,9,9
1228,1.2,1.8,-0.60000000000000009,True,True,True,9,9
1229,2.2000000000000002,2.1999999999999997,4.4408920985006262e-16,True,True,True,9,9
1230,-1.2,4.2000000000000002,-5.4000000000000004,True,True,True,10,10
1231,-2,-4.1999999999999993,2.1999999999999993,True,True,True,10,10
1232,1.4000000000000001,-0.59999999999999998,2,True,True,True,10,10
1233,-1.4000000000000001,0.59999999999999998,-2,True,True,True,10,10
1234,0.19999999999999996,2,-1.8,True,True,True,10,10
1235,-1.4000000000000001,0.79999999999999993,-2.2000000000000002,True,True,True,10,10
1236,-1.4000000000000001,1.6000000000000001,-3,True,True,True,10,10
1237,2.2000000000000002,-1,3.2000000000000002,True,True,True,10,10
1238,1.0000000000000002,-0.60000000000000009,1.6000000000000003,True,True,True,10,10
1239,0.40000000000000002,-0.59999999999999998,1,True,True,True,10,10
1240,-2,-0.20000000000000007,-1.7999999999999998,True,True,True,11,11
1241,-1,2.3999999999999999,-3.3999999999999999,True,True,True,11,11
1242,2.2000000000000002,1.2,1.0000000000000002,True,True,True,11,11
1243,1,-0.60000000000000009,1.6000000000000001,True,True,True,11,11
1244,0.80000000000000004,0.99999999999999989,-0.19999999999999984,True,True,True,11,11
1245,-1.9999999999999998,-1.6000000000000001,-0.39999999999999969,True,True,True,11,11
1246,-0.20000000000000001,1.8,-2,True,True,True,11,11
1247,2,-2.8000000000000003,4.8000000000000007,True,True,True,11,11
1248,0.39999999999999991,0,0.39999999999999991,True,True,True,11,11
1249,1,-3.3999999999999995,4.3999999999999995,True,True,True,11,11
1250,-0.39999999999999997,0.19999999999999996,-0.59999999999999987,True,True,True,12,12
1251,-0.40000000000000002,1.3999999999999999,-1.7999999999999998,True,True,True,12,12
1252,-0.80000000000000004,-1.6000000000000001,0.80000000000000004,True,True,True,12,12
1253,1.4000000000000001,-1.6000000000000001,3,True,True,True,12,12
1254,1.2,-1.2,2.3999999999999999,True,True,True,12,12
1255,0.39999999999999997,-0.20000000000000001,0.59999999999999998,True,True,True,12,12
1256,2.5999999999999996,0.59999999999999998,1.9999999999999996,True,True,True,12,12
1257,-4.4000000000000004,2,-6.4000000000000004,True,True,True,12,12
1258,-1.7999999999999998,0.80000000000000004,-2.5999999999999996,True,True,True,12,12
1259,0.60000000000000009,1.2000000000000002,-0.60000000000000009,True,True,True,12,12
1260,-2,-2.4000000000000004,0.40000000000000036,True,True,True,13,13
1261,-3,-0.39999999999999991,-2.6000000000000001,True,True,True,13,13
1262,1.2000000000000002,0,1.2000000000000002,True,True,True,13,13
1263,-0.80000000000000004,-2.3999999999999999,1.5999999999999999,True,True,True,13,13
1264,0,0,0,True,True,True,13,13
1265,-0.60000000000000009,-0.60000000000000009,0,True,True,True,13,13
1266,1,0,1,True,True,True,13,13
1267,2.2000000000000002,2.6000000000000001,-0.39999999999999991,True,True,True,13,13
1268,1,2.1999999999999997,-1.1999999999999997,True,True,True,13,13
1269,0.19999999999999996,1.7999999999999998,-1.5999999999999999,True,True,True,13,13
1270,-1.8,1.5999999999999999,-3.3999999999999999,True,True,True,14,14
1271,0.40000000000000013,0.19999999999999996,0.20000000000000018,True,True,True,14,14
1272,0,-0.79999999999999993,0.79999999999999993,True,True,True,14,14
1273,0,-1.3999999999999999,1.3999999999999999,True,True,True,14,14
1274,1.6000000000000001,-0.39999999999999997,2,True,True,True,14,14
1275,1.2,-0.20000000000000001,1.3999999999999999,True,True,True,14,14
1276,-1.2,2.4000000000000004,-3.6000000000000005,True,True,True,14,14
1277,-3.8000000000000003,1.6000000000000001,-5.4000000000000004,True,True,True,14,14
1278,-0.20000000000000001,-0.40000000000000002,0.20000000000000001,True,True,True,14,14
1279,2.2000000000000002,-1,3.2000000000000002,True,True,True,14,14
1280,0.39999999999999991,-3.7999999999999998,4.1999999999999993,True,True,True,15,15
1281,-3.4000000000000004,-0.40000000000000002,-3.0000000000000004,True,True,True,15,15
1282,1.2,0.40000000000000002,0.79999999999999993,True,True,True,15,15
1283,-1.8,-0.80000000000000004,-1,True,True,True,15,15
1284,2,0.60000000000000009,1.3999999999999999,True,True,True,15,15
1285,-1.2,1.3999999999999999,-2.5999999999999996,True,True,True,15,15
1286,-0.39999999999999991,-0.20000000000000001,-0.1999999999999999,True,True,True,15,15
1287,-0.59999999999999998,2,-2.6000000000000001,True,True,True,15,15
1288,2,-0.20000000000000001,2.2000000000000002,True,True,True,15,15
1289,1.3999999999999999,0.80000000000000004,0.59999999999999987,True,True,True,16,15
1290,2,-0.20000000000000001,2.2000000000000002,True,True,True,15,16
1291,-1.3999999999999999,-2,0.60000000000000009,True,True,True,16,16
1292,-2,1.6000000000000001,-3.6000000000000001,True,True,True,16,16
1293,0.40000000000000002,-0.40000000000000002,0.80000000000000004,True,True,True,16,16
1294,1,0.80000000000000004,0.19999999999999996,True,True,True,16,16
1295,2.6000000000000005,-1,3.6000000000000005,True,True,True,16,16
1296,0.80000000000000004,-1,1.8,True,True,True,16,16
1297,-3.8000000000000003,-1.3999999999999999,-2.4000000000000004,True,True,True,16,16
1298,1.2000000000000002,1.7999999999999998,-0.59999999999999964,True,True,True,16,16
1299,1.2,0.40000000000000002,0.79999999999999993,True,True,True,17,17
1300,-2,-1.2000000000000002,-0.79999999999999982,True,True,True,17,17
1301,0.40000000000000002,2.3999999999999999,-2,True,True,True,17,17
1302,-0.19999999999999996,-0.40000000000000002,0.20000000000000007,True,True,True,17,17
1303,0.20000000000000001,2,-1.8,True,True,True,17,17
1304,-1,3.2000000000000002,-4.2000000000000002,True,True,True,16,17
1305,-0.39999999999999997,-3.5999999999999996,3.1999999999999997,True,True,True,17,17
1306,-4.2000000000000002,0.40000000000000002,-4.6000000000000005,True,True,True,17,17
1307,-0.20000000000000001,2.7999999999999998,-3,True,True,True,17,17
1308,-1.7999999999999998,1.7999999999999998,-3.5999999999999996,True,True,True,17,16
1309,1.3999999999999999,1,0.39999999999999991,True,True,True,18,18
1310,2.4000000000000004,0.19999999999999996,2.2000000000000002,True,True,True,18,18
1311,2.4000000000000004,-2.3999999999999999,4.8000000000000007,True,True,True,17,18
1312,0.20000000000000001,-0.80000000000000004,1,True,True,True,18,17
1313,0.19999999999999996,1.2,-1,True,True,True,18,18
1314,-0.20000000000000001,-2.2000000000000002,2,True,True,True,18,18
1315,-3.4000000000000004,-0.59999999999999987,-2.8000000000000007,True,True,True,18,18
1316,-0.19999999999999996,1.2,-1.3999999999999999,True,True,True,18,18
1317,0.80000000000000004,-0.80000000000000004,1.6000000000000001,True,True,True,18,18
1318,2.7999999999999998,-1.6000000000000001,4.4000000000000004,True,True,True,18,18
1319,0.20000000000000001,-2,2.2000000000000002,True,True,True,19,19
1320,-1.8,-0.80000000000000004,-1,True,True,True,18,19
1321,-0.80000000000000004,0.80000000000000004,-1.6000000000000001,True,True,True,19,19
1322,-3.1999999999999997,1.2,-4.3999999999999995,True,True,True,19,19
1323,-1.2,0,-1.2,True,True,True,19,19
1324,-1.6000000000000001,2.2000000000000002,-3.8000000000000003,True,True,True,19,18
1325,0.59999999999999998,3,-2.3999999999999999,True,True,True,19,19
1326,-1.4000000000000001,2.6000000000000001,-4,True,True,True,19,19
1327,1.7999999999999998,1.8,-2.2204460492503131e-16,True,True,True,19,19
1328,-2.3999999999999999,1.8000000000000003,-4.2000000000000002,True,True,True,19,19
1329,-0.79999999999999993,-1.7999999999999998,0.99999999999999989,True,True,True,20,20
1330,0.80000000000000004,-2.6000000000000001,3.4000000000000004,True,True,True,20,19
1331,2.3999999999999999,1.6000000000000001,0.79999999999999982,True,True,True,20,20
1332,1.3999999999999999,1.8,-0.40000000000000013,True,True,True,20,20
1333,0.80000000000000004,-4.4000000000000004,5.2000000000000002,True,True,True,20,20
1334,-2.1999999999999997,-1.2000000000000002,-0.99999999999999956,True,True,True,20,20
1335,-0.59999999999999998,2,-2.6000000000000001,True,True,True,20,20
1336,-0.80000000000000004,-1.6000000000000001,0.80000000000000004,True,True,True,20,20
1337,3.2000000000000002,1.7999999999999998,1.4000000000000004,True,True,True,19,20
1338,-0.39999999999999997,0,-0.39999999999999997,True,True,True,20,20
1339,-0.80000000000000004,0.59999999999999998,-1.3999999999999999,True,True,True,21,21
1340,0.40000000000000002,2.2000000000000002,-1.8000000000000003,True,True,True,21,21
1341,-0.19999999999999996,3.7999999999999998,-4,True,True,True,21,20
1342,-4,-0.20000000000000001,-3.7999999999999998,True,True,True,21,21
1343,1,0,1,True,True,True,21,21
1344,-3.6000000000000001,-1.2000000000000002,-2.3999999999999999,True,True,True,20,21
1345,-1.3999999999999999,2.6000000000000001,-4,True,True,True,21,21
1346,2.4000000000000004,0.39999999999999997,2.0000000000000004,True,True,True,21,21
1347,-1.8000000000000003,1.7999999999999998,-3.6000000000000001,True,True,True,21,21
1348,0.39999999999999991,-2.3999999999999999,2.7999999999999998,True,True,True,21,21
1349,0.19999999999999996,-0.80000000000000004,1,True,True,True,22,22
1350,-0.60000000000000009,4.4000000000000004,-5,True,True,True,22,21
1351,0.19999999999999996,0.59999999999999998,-0.40000000000000002,True,True,True,22,22
1352,0.19999999999999973,-0.40000000000000002,0.59999999999999976,True,True,True,22,22
1353,-3.3999999999999995,2.6000000000000001,-6,True,True,True,22,22
1354,-2.4000000000000004,-0.40000000000000013,-2,True,True,True,21,22
1355,-1.3999999999999999,0.80000000000000004,-2.2000000000000002,True,True,True,22,22
1356,1,1.3999999999999999,-0.39999999999999991,True,True,True,22,22
1357,-1.6000000000000001,-2.6000000000000005,1.0000000000000004,True,True,True,22,22
1358,1.2,1,0.19999999999999996,True,True,True,22,22
1359,1,-1.7999999999999998,2.7999999999999998,True,True,True,23,23
1360,1,-2.3999999999999999,3.3999999999999999,True,True,True,23,22
1361,3.6000000000000005,-1,4.6000000000000005,True,True,True,22,23
1362,0.39999999999999991,1.2,-0.80000000000000004,True,True,True,23,23
1363,-1.7999999999999998,-0.39999999999999991,-1.3999999999999999,True,True,True,23,23
1364,1.6000000000000001,1.4000000000000001,0.19999999999999996,True,True,True,23,23
1365,-1,-3.9999999999999996,2.9999999999999996,True,True,True,23,23
1366,2.7999999999999998,-0.40000000000000002,3.1999999999999997,True,True,True,23,23
1367,-1,0,-1,True,True,True,23,23
1368,0.60000000000000009,0.19999999999999996,0.40000000000000013,True,True,True,23,23
1369,1.2,2.7999999999999998,-1.5999999999999999,True,True,True,24,23
1370,-2.2000000000000002,0.19999999999999996,-2.4000000000000004,True,True,True,23,24
1371,-0.19999999999999996,-3,2.7999999999999998,True,True,True,24,24
1372,-0.80000000000000004,0,-0.80000000000000004,True,True,True,24,24
1373,-1.5999999999999999,0.40000000000000002,-2,True,True,True,24,24
1374,2.3999999999999999,-0.20000000000000001,2.6000000000000001,True,True,True,24,24
1375,0.19999999999999996,0,0.19999999999999996,True,True,True,24,24
1376,0.40000000000000002,1,-0.59999999999999998,True,True,True,24,24
1377,-1,2.7999999999999998,-3.7999999999999998,True,True,True,24,24
1378,0.80000000000000004,-3.2000000000000002,4,True,True,True,24,24
1379,-1.2000000000000002,1.6000000000000001,-2.8000000000000003,True,True,True,24,24
1380,1,0,1,True,True,True,25,25
1381,-0.20000000000000001,0.59999999999999987,-0.79999999999999982,True,True,True,25,25
1382,1.3999999999999999,0,1.3999999999999999,True,True,True,25,25
1383,0.39999999999999997,-2.7999999999999998,3.1999999999999997,True,True,True,25,25
1384,-0.39999999999999991,-0.19999999999999996,-0.19999999999999996,True,True,True,25,25
1385,0.40000000000000013,-1,1.4000000000000001,True,True,True,25,25
1386,-2.4000000000000004,0.20000000000000018,-2.6000000000000005,True,True,True,25,25
1387,-1,1.3999999999999999,-2.3999999999999999,True,True,True,25,25
1388,1.3999999999999999,2.3999999999999999,-1,True,True,True,25,25
1389,0.20000000000000001,-0.39999999999999997,0.59999999999999998,True,True,True,25,25
1390,0,0.19999999999999996,-0.19999999999999996,True,True,True,26,26
1391,-0.19999999999999996,0.60000000000000009,-0.80000000000000004,True,True,True,26,26
1392,0.19999999999999996,-1.2000000000000002,1.4000000000000001,True,True,True,26,26
1393,0.40000000000000002,0.60000000000000009,-0.20000000000000007,True,True,True,27,26
1394,-1,1.6000000000000001,-2.6000000000000001,True,True,True,26,26
1395,-0.39999999999999991,0,-0.39999999999999991,True,True,True,26,26
1396,1.6000000000000001,0.59999999999999987,1.0000000000000002,True,True,True,26,26
1397,0.19999999999999973,0,0.19999999999999973,True,True,True,26,26
1398,-1.5999999999999999,1.2,-2.7999999999999998,True,True,True,26,26
1399,0.79999999999999982,0,0.79999999999999982,True,True,True,26,27
1400,-1.2000000000000002,-3,1.7999999999999998,True,True,True,26,26
1401,2.5999999999999996,0.20000000000000018,2.3999999999999995,True,True,True,27,27
1402,-0.40000000000000002,-2.6000000000000001,2.2000000000000002,True,True,True,27,27
1403,1.5999999999999999,0.40000000000000002,1.1999999999999997,True,True,True,27,28
1404,0.80000000000000004,0.39999999999999997,0.40000000000000008,True,True,True,27,27
1405,0.79999999999999993,0.80000000000000004,-1.1102230246251565e-16,True,True,True,27,27
1406,-0.59999999999999998,-0.39999999999999991,-0.20000000000000007,True,True,True,28,27
1407,-1.4000000000000001,0.60000000000000009,-2,True,True,True,27,27
1408,-2,0.19999999999999996,-2.2000000000000002,True,True,True,27,27
1409,-0.20000000000000007,1.0000000000000002,-1.2000000000000002,True,True,True,27,27
1410,-0.79999999999999993,-0.39999999999999991,-0.40000000000000002,True,True,True,27,27
1411,0.59999999999999987,0.20000000000000007,0.3999999999999998,True,True,True,28,29
1412,2.2000000000000002,1,1.2000000000000002,True,True,True,28,28
1413,0.80000000000000004,0,0.80000000000000004,True,True,True,28,28
1414,-0.80000000000000004,-3.3999999999999995,2.5999999999999996,True,True,True,29,28
1415,-1.8,0.80000000000000004,-2.6000000000000001,True,True,True,28,28
1416,1.2,1.2000000000000002,-2.2204460492503131e-16,True,True,True,28,28
1417,0.20000000000000001,-0.79999999999999982,0.99999999999999978,True,True,True,28,28
1418,-1,-0.39999999999999991,-0.60000000000000009,True,True,True,28,28
1419,0,0.20000000000000007,-0.20000000000000007,True,True,True,28,28
1420,-0.20000000000000001,-0.19999999999999996,-5.5511151231257827e-17,True,True,True,28,28
1421,0.80000000000000004,0.59999999999999998,0.20000000000000007,True,True,True,29,29
1422,1,-0.20000000000000001,1.2,True,True,True,29,29
1423,1,-1.6000000000000001,2.6000000000000001,True,True,True,29,29
1424,0.80000000000000004,2.3999999999999999,-1.5999999999999999,True,True,True,29,29
1425,-3.2000000000000002,0.60000000000000009,-3.8000000000000003,True,True,True,29,29
1426,0,0.79999999999999993,-0.79999999999999993,True,True,True,29,29
1427,0,-1.6000000000000001,1.6000000000000001,True,True,True,29,29
1428,-0.60000000000000009,-0.40000000000000002,-0.20000000000000007,True,True,True,29,29
1429,0.40000000000000002,-0.20000000000000001,0.60000000000000009,True,True,True,30,30
1430,-1,-0.80000000000000004,-0.19999999999999996,True,True,True,30,30
1431,0.40000000000000002,-0.80000000000000004,1.2000000000000002,True,True,True,30,30
1432,1.5999999999999999,0.39999999999999991,1.2,True,True,True,30,30
1433,1.8,0.20000000000000001,1.6000000000000001,True,True,True,30,30
1434,-0.79999999999999993,1.2,-2,True,True,True,30,30
1435,0.59999999999999998,0,0.59999999999999998,True,True,True,30,30
1436,-0.60000000000000009,-0.59999999999999998,-1.1102230246251565e-16,True,True,True,29,30
1437,-2.3999999999999999,-0.19999999999999996,-2.2000000000000002,True,True,True,30,29
1438,1.2,-0.40000000000000002,1.6000000000000001,True,True,True,30,30
1439,-0.80000000000000004,-0.59999999999999998,-0.20000000000000007,True,True,True,31,31
1440,0.19999999999999996,1.7999999999999998,-1.5999999999999999,True,True,True,30,31
1441,1,0.20000000000000001,0.80000000000000004,True,True,True,31,31
1442,-0.19999999999999996,0,-0.19999999999999996,True,True,True,31,31
1443,-0.60000000000000009,2.6000000000000001,-3.2000000000000002,True,True,True,31,31
1444,-0.80000000000000004,1.9999999999999998,-2.7999999999999998,True,True,True,31,31
1445,-1.6000000000000001,0,-1.6000000000000001,True,True,True,31,31
1446,0.20000000000000007,0.80000000000000004,-0.59999999999999998,True,True,True,31,31
1447,-0.80000000000000004,-2.3999999999999995,1.5999999999999994,True,True,True,31,31
1448,-0.39999999999999991,-0.79999999999999993,0.40000000000000002,True,True,True,31,30
1449,0.59999999999999998,-1.2,1.7999999999999998,True,True,True,32,32
1450,1,-0.59999999999999964,1.5999999999999996,True,True,True,32,32
1451,0.79999999999999993,-0.59999999999999987,1.3999999999999999,True,True,True,32,31
1452,-1.6000000000000001,-0.60000000000000009,-1,True,True,True,32,32
1453,-1.4000000000000001,-0.19999999999999996,-1.2000000000000002,True,True,True,32,32
1454,2.2000000000000002,-1.4000000000000001,3.6000000000000005,True,True,True,32,32
1455,0.40000000000000013,-0.59999999999999998,1,True,True,True,32,32
1456,-0.40000000000000002,0.59999999999999998,-1,True,True,True,31,32
1457,0.59999999999999998,0,0.59999999999999998,True,True,True,32,32
1458,3,-1.2000000000000002,4.2000000000000002,True,True,True,32,32
1459,-0.59999999999999998,-1.7999999999999998,1.1999999999999997,True,True,True,32,32
1460,1.2000000000000002,-0.80000000000000004,2,True,True,True,33,33
1461,-1.2,1.6000000000000001,-2.7999999999999998,True,True,True,33,33
1462,-1.5999999999999999,1.5999999999999999,-3.1999999999999997,True,True,True,33,33
1463,-1,1.8,-2.7999999999999998,True,True,True,33,33
1464,-0.40000000000000002,-1.6000000000000001,1.2000000000000002,True,True,True,33,33
1465,0,2.3999999999999999,-2.3999999999999999,True,True,True,33,33
1466,-2,0.99999999999999989,-3,True,True,True,33,33
1467,-1.2,1.2000000000000002,-2.4000000000000004,True,True,True,33,33
1468,0.60000000000000009,0.19999999999999996,0.40000000000000013,True,True,True,33,33
1469,-0.20000000000000007,-1.6000000000000001,1.3999999999999999,True,True,True,33,33
1470,2.2000000000000002,2,0.20000000000000018,True,True,True,34,34
1471,1.5999999999999999,-1.3999999999999999,3,True,True,True,34,34
1472,0.59999999999999998,-0.40000000000000002,1,True,True,True,34,34
1473,3,-1.6000000000000001,4.5999999999999996,True,True,True,34,34
1474,-1.3999999999999999,-3.5999999999999996,2.1999999999999997,True,True,True,34,34
1475,-1.4000000000000001,-0.80000000000000004,-0.60000000000000009,True,True,True,34,34
1476,0.19999999999999996,-2.4000000000000004,2.6000000000000005,True,True,True,34,34
1477,1.5999999999999999,0.80000000000000004,0.79999999999999982,True,True,True,34,34
1478,2.7999999999999998,1.3999999999999999,1.3999999999999999,True,True,True,34,34
1479,-2.3999999999999999,-0.60000000000000009,-1.7999999999999998,True,True,True,34,34
1480,2.6000000000000001,0.60000000000000009,2,True,True,True,35,35
1481,1.7999999999999998,0.20000000000000001,1.5999999999999999,True,True,True,35,35
1482,1.5999999999999999,-0.20000000000000001,1.7999999999999998,True,True,True,35,35
1483,-2.1999999999999997,-4,1.8000000000000003,True,True,True,35,35
1484,-2.7999999999999998,-1.8,-0.99999999999999978,True,True,True,35,35
1485,-1,2,-3,True,True,True,35,35
1486,1.3999999999999999,-1.0000000000000002,2.4000000000000004,True,True,True,35,35
1487,3.8000000000000003,2.7999999999999998,1.0000000000000004,True,True,True,35,35
1488,-1.2000000000000002,0.79999999999999993,-2,True,True,True,35,35
1489,-2,-1.6000000000000001,-0.39999999999999991,True,True,True,35,35
1490,-1.6000000000000001,1.8000000000000003,-3.4000000000000004,True,True,True,36,36
1491,0,-2.2000000000000002,2.2000000000000002,True,True,True,36,36
1492,-2.3999999999999999,-1,-1.3999999999999999,True,True,True,36,36
1493,-1.6000000000000001,2,-3.6000000000000001,True,True,True,36,36
1494,0.60000000000000009,0.40000000000000002,0.20000000000000007,True,True,True,36,36
1495,1.7999999999999998,2.3999999999999999,-0.60000000000000009,True,True,True,36,36
1496,1,-1.2000000000000002,2.2000000000000002,True,True,True,36,36
1497,-0.40000000000000013,4,-4.4000000000000004,True,True,True,36,36
1498,-0.40000000000000002,-2.2000000000000002,1.8000000000000003,True,True,True,36,36
1499,1.2,-1.6000000000000001,2.7999999999999998,True,True,True,36,36
1500,0.60000000000000009,-0.59999999999999987,1.2,True,True,True,37,37
1501,3.2000000000000002,2.2000000000000002,1,True,True,True,37,37
1502,2.1999999999999997,0.20000000000000018,1.9999999999999996,True,True,True,37,37
1503,-0.39999999999999991,0.40000000000000002,-0.79999999999999993,True,True,True,37,37
1504,-1.8,-2.2000000000000002,0.40000000000000013,True,True,True,37,37
1505,-1.8000000000000003,-1.6000000000000001,-0.20000000000000018,True,True,True,37,37
1506,-1.6000000000000001,0,-1.6000000000000001,True,True,True,37,37
1507,-0.80000000000000004,1.2,-2,True,True,True,37,37
1508,0.39999999999999997,0.40000000000000002,-5.5511151231257827e-17,True,True,True,37,37
1509,2.3999999999999999,-1.3999999999999999,3.7999999999999998,True,True,True,37,37
1510,-0.59999999999999998,-1.8,1.2000000000000002,True,True,True,38,38
1511,-0.59999999999999998,2,-2.6000000000000001,True,True,True,38,38
1512,-0.39999999999999991,-1.2,0.80000000000000004,True,True,True,38,38
1513,-0.20000000000000001,1,-1.2,True,True,True,38,38
1514,1.6000000000000001,0.40000000000000013,1.2,True,True,True,38,38
1515,1,-1.3999999999999999,2.3999999999999999,True,True,True,38,38
1516,-0.40000000000000002,2.3999999999999999,-2.7999999999999998,True,True,True,38,38
1517,-1.3999999999999999,1.5999999999999999,-3,True,True,True,38,38
1518,-1.5999999999999999,0.19999999999999996,-1.7999999999999998,True,True,True,38,38
1519,-0.39999999999999997,-0.19999999999999996,-0.20000000000000001,True,True,True,38,38
1520,,,,False,False,False,1,1
1521,,,,False,False,False,1,1
1522,,,,False,False,False,1,1
1523,,,,False,False,False,1,1
1524,,,,False,False,False,1,1
1525,,,,False,False,False,1,1
1526,,,,False,False,False,1,1
1527,,,,False,False,False,1,1
1528,,,,False,False,False,1,1
1529,,,,False,False,False,1,1
1530,,,,False,False,False,2,2
1531,,,,False,False,False,2,2
1532,,,,False,False,False,2,2
1533,,,,False,False,False,2,2
1534,,,,False,False,False,2,2
1535,,,,False,False,False,2,2
1536,,,,False,False,False,2,2
1537,,,,False,False,False,2,2
1538,,,,False,False,False,2,2
1539,,,,False,False,False,2,2
1540,,,,False,False,False,3,3
1541,,,,False,False,False,3,3
1542,,,,False,False,False,3,3
1543,,,,False,False,False,3,3
1544,,,,False,False,False,3,3
1545,,,,False,False,False,3,3
1546,,,,False,False,False,3,3
1547,,,,False,False,False,3,3
1548,,,,False,False,False,3,3
1549,,,,False,False,False,3,3
1550,,,,False,False,False,4,4
1551,,,,False,False,False,4,4
1552,,,,False,False,False,4,4
1553,,,,False,False,False,4,4
1554,,,,False,False,False,4,4
1555,,,,False,False,False,4,4
1556,,,,False,False,False,4,4
1557,,,,False,False,False,4,4
1558,,,,False,False,False,4,4
1559,,,,False,False,False,4,4
1560,,,,False,False,False,5,5
1561,,,,False,False,False,5,5
1562,,,,False,False,False,5,5
1563,,,,False,False,False,5,5
1564,,,,False,False,False,5,5
1565,,,,False,False,False,5,5
1566,,,,False,False,False,5,5
1567,,,,False,False,False,5,5
1568,,,,False,False,False,5,5
1569,,,,False,False,False,5,5
1570,0.20000000000000007,1.3999999999999999,-1.1999999999999997,True,True,True,6,6
1571,-0.19999999999999996,1.3999999999999999,-1.5999999999999999,True,True,True,6,6
1572,1.2,1.8,-0.60000000000000009,True,True,True,6,6
1573,-0.40000000000000002,0.80000000000000004,-1.2000000000000002,True,True,True,6,6
1574,-0.80000000000000004,-1.6000000000000001,0.80000000000000004,True,True,True,6,6
1575,-0.59999999999999987,-1.3999999999999999,0.80000000000000004,True,True,True,6,6
1576,-1.7999999999999998,1.2000000000000002,-3,True,True,True,6,6
1577,0.20000000000000007,-1,1.2000000000000002,True,True,True,6,6
1578,0,-1.2000000000000002,1.2000000000000002,True,True,True,6,6
1579,-0.80000000000000004,1.6000000000000001,-2.4000000000000004,True,True,True,6,6
1580,1.2000000000000002,-0.20000000000000001,1.4000000000000001,True,True,True,7,7
1581,0.39999999999999991,0.59999999999999998,-0.20000000000000007,True,True,True,7,7
1582,0.40000000000000002,0.40000000000000002,0,True,True,True,7,7
1583,0,-1.6000000000000001,1.6000000000000001,True,True,True,7,7
1584,0.39999999999999997,-1.8,2.2000000000000002,True,True,True,7,7
1585,-0.19999999999999996,-2.2000000000000002,2,True,True,True,7,7
1586,0.20000000000000001,0.19999999999999996,5.5511151231257827e-17,True,True,True,7,7
1587,0,1.3999999999999999,-1.3999999999999999,True,True,True,7,7
1588,-0.60000000000000009,0.19999999999999996,-0.80000000000000004,True,True,True,7,7
1589,0.59999999999999998,0.59999999999999998,0,True,True,True,7,7
1590,0.59999999999999998,0,0.59999999999999998,True,True,True,8,8
1591,-2.8000000000000003,0.20000000000000001,-3.0000000000000004,True,True,True,8,8
1592,1.2,0.80000000000000004,0.39999999999999991,True,True,True,8,8
1593,-0.40000000000000002,1.2000000000000002,-1.6000000000000001,True,True,True,8,8
1594,0.40000000000000013,0.20000000000000001,0.20000000000000012,True,True,True,8,8
1595,0.19999999999999996,1.2,-1,True,True,True,8,8
1596,-2.2000000000000002,0.40000000000000002,-2.6000000000000001,True,True,True,8,8
1597,-0.20000000000000001,0.80000000000000004,-1,True,True,True,8,8
1598,-1.7999999999999998,0.40000000000000002,-2.1999999999999997,True,True,True,8,8
1599,-0.20000000000000007,0,-0.20000000000000007,True,True,True,8,8
1600,1,-1.3999999999999999,2.3999999999999999,True,True,True,9,9
1601,0.39999999999999997,0.20000000000000001,0.19999999999999996,True,True,True,9,9
1602,1.2,-2.4000000000000004,3.6000000000000005,True,True,True,9,9
1603,-0.20000000000000001,0.19999999999999996,-0.39999999999999997,True,True,True,9,9
1604,-0.40000000000000002,-0.99999999999999989,0.59999999999999987,True,True,True,9,9
1605,2.2000000000000002,2.1999999999999997,4.4408920985006262e-16,True,True,True,9,9
1606,-0.60000000000000009,1.7999999999999998,-2.3999999999999999,True,True,True,9,9
1607,-0.39999999999999997,0.40000000000000013,-0.80000000000000004,True,True,True,9,9
1608,-0.40000000000000002,-0.59999999999999998,0.19999999999999996,True,True,True,9,9
1609,0.80000000000000004,-3,3.7999999999999998,True,True,True,9,9
1610,0.20000000000000001,1,-0.80000000000000004,True,True,True,10,10
1611,-2.6000000000000001,2.2000000000000002,-4.8000000000000007,True,True,True,10,10
1612,0.80000000000000004,1.2000000000000002,-0.40000000000000013,True,True,True,10,10
1613,-1,1,-2,True,True,True,10,10
1614,-0.79999999999999993,-0.80000000000000004,1.1102230246251565e-16,True,True,True,10,10
1615,0.80000000000000004,0.39999999999999991,0.40000000000000013,True,True,True,10,10
1616,-0.39999999999999997,1.6000000000000001,-2,True,True,True,10,10
1617,2,-1,3,True,True,True,10,10
1618,-2,-0.20000000000000001,-1.8,True,True,True,10,10
1619,-2,-0.39999999999999991,-1.6000000000000001,True,True,True,10,10
1620,3.3999999999999999,0,3.3999999999999999,True,True,True,11,11
1621,-0.59999999999999987,-0.40000000000000002,-0.19999999999999984,True,True,True,11,11
1622,-2.2000000000000002,3.3999999999999999,-5.5999999999999996,True,True,True,11,11
1623,-1.6000000000000001,0.79999999999999993,-2.3999999999999999,True,True,True,11,11
1624,-1.6000000000000001,-3.2000000000000002,1.6000000000000001,True,True,True,11,11
1625,-0.19999999999999996,-1.3999999999999999,1.2,True,True,True,11,11
1626,1.2000000000000002,-0.60000000000000009,1.8000000000000003,True,True,True,11,11
1627,0.60000000000000009,0.39999999999999991,0.20000000000000018,True,True,True,11,11
1628,2.1999999999999997,-0.99999999999999989,3.1999999999999997,True,True,True,11,11
1629,-0.60000000000000009,1.3999999999999999,-2,True,True,True,11,11
1630,-0.79999999999999993,-1.3999999999999999,0.59999999999999998,True,True,True,12,12
1631,0.99999999999999989,2,-1,True,True,True,12,12
1632,-2.3999999999999999,4,-6.4000000000000004,True,True,True,12,12
1633,-0.59999999999999998,-2.4000000000000004,1.8000000000000003,True,True,True,12,12
1634,-1,-1.2000000000000002,0.20000000000000018,True,True,True,12,12
1635,-0.79999999999999993,2.2000000000000002,-3,True,True,True,12,12
1636,-0.99999999999999978,0,-0.99999999999999978,True,True,True,12,12
1637,3.7999999999999998,-1.2000000000000002,5,True,True,True,12,12
1638,0.59999999999999987,0.19999999999999996,0.39999999999999991,True,True,True,12,12
1639,0.39999999999999991,-1.3999999999999999,1.7999999999999998,True,True,True,12,12
1640,2.3999999999999999,-1.8000000000000003,4.2000000000000002,True,True,True,13,13
1641,-2.2000000000000002,-1.3999999999999999,-0.80000000000000027,True,True,True,13,13
1642,1.7999999999999998,0.79999999999999993,0.99999999999999989,True,True,True,13,13
1643,-2.7999999999999998,0.80000000000000004,-3.5999999999999996,True,True,True,13,13
1644,-1.3999999999999999,0,-1.3999999999999999,True,True,True,13,13
1645,-1.2,-0.59999999999999964,-0.60000000000000031,True,True,True,13,13
1646,3.6000000000000001,3.8000000000000003,-0.20000000000000018,True,True,True,13,13
1647,-0.19999999999999996,1.3999999999999999,-1.5999999999999999,True,True,True,13,13
1648,-0.59999999999999998,0.40000000000000002,-1,True,True,True,13,13
1649,-2.3999999999999999,-0.40000000000000013,-1.9999999999999998,True,True,True,13,13
1650,1.3999999999999999,-2,3.3999999999999999,True,True,True,14,14
1651,0.79999999999999993,1.8,-1,True,True,True,14,14
1652,-0.60000000000000009,-1.8000000000000003,1.2000000000000002,True,True,True,14,14
1653,3,1.6000000000000001,1.3999999999999999,True,True,True,14,14
1654,0.39999999999999991,-0.59999999999999998,0.99999999999999989,True,True,True,14,14
1655,-1.2,-1,-0.19999999999999996,True,True,True,14,14
1656,-0.60000000000000009,3.4000000000000004,-4,True,True,True,14,14
1657,-0.40000000000000002,-2.4000000000000004,2.0000000000000004,True,True,True,14,14
1658,-1.3999999999999999,-0.60000000000000009,-0.79999999999999982,True,True,True,14,14
1659,2.3999999999999999,-2.2000000000000002,4.5999999999999996,True,True,True,14,14
1660,0.19999999999999996,3.6000000000000001,-3.4000000000000004,True,True,True,15,15
1661,1.6000000000000001,2.4000000000000004,-0.80000000000000027,True,True,True,15,15
1662,-2.2000000000000002,-0.60000000000000009,-1.6000000000000001,True,True,True,15,15
1663,-0.60000000000000009,-0.40000000000000002,-0.20000000000000007,True,True,True,15,15
1664,0.80000000000000004,-1.2,2,True,True,True,15,15
1665,0.20000000000000001,-0.60000000000000009,0.80000000000000004,True,True,True,15,15
1666,-2.6000000000000001,0.40000000000000002,-3,True,True,True,15,15
1667,0.39999999999999991,-2.2000000000000002,2.6000000000000001,True,True,True,15,15
1668,1.6000000000000001,-1.2000000000000002,2.8000000000000003,True,True,True,15,15
1669,-1.7999999999999998,2.2000000000000002,-4,True,True,True,15,15
1670,3.2000000000000002,-2.5999999999999996,5.7999999999999998,True,True,True,16,16
1671,0,1.3999999999999999,-1.3999999999999999,True,True,True,16,16
1672,0.79999999999999993,-2.2000000000000002,3,True,True,True,16,16
1673,0.20000000000000007,-0.20000000000000001,0.40000000000000008,True,True,True,16,16
1674,-0.80000000000000004,-0.59999999999999998,-0.20000000000000007,True,True,True,16,16
1675,-0.80000000000000004,1,-1.8,True,True,True,16,16
1676,0.39999999999999997,-0.40000000000000002,0.80000000000000004,True,True,True,16,16
1677,-1.7999999999999998,1.3999999999999999,-3.1999999999999997,True,True,True,16,16
1678,-2.5999999999999996,-0.80000000000000004,-1.7999999999999996,True,True,True,16,16
1679,2.3999999999999999,2,0.39999999999999991,True,True,True,16,16
1680,2,0.59999999999999987,1.4000000000000001,True,True,True,17,17
1681,-0.59999999999999998,-1.2000000000000002,0.6000000000000002,True,True,True,17,17
1682,-2.2000000000000002,2,-4.2000000000000002,True,True,True,17,17
1683,0,-0.40000000000000002,0.40000000000000002,True,True,True,17,17
1684,0.40000000000000013,-2.1999999999999997,2.5999999999999996,True,True,True,17,17
1685,2.5999999999999996,0,2.5999999999999996,True,True,True,17,17
1686,-1.2000000000000002,0.80000000000000004,-2,True,True,True,17,17
1687,-1.3999999999999999,-2,0.60000000000000009,True,True,True,17,17
1688,-0.80000000000000004,2.7999999999999998,-3.5999999999999996,True,True,True,17,17
1689,0.20000000000000001,0.59999999999999998,-0.39999999999999997,True,True,True,17,17
1690,2.1999999999999997,2.7999999999999998,-0.60000000000000009,True,True,True,18,18
1691,1.3999999999999999,-1,2.3999999999999999,True,True,True,18,18
1692,-1.6000000000000001,0.40000000000000002,-2,True,True,True,18,18
1693,0.80000000000000004,-0.99999999999999989,1.7999999999999998,True,True,True,18,18
1694,-0.40000000000000002,-0.80000000000000004,0.40000000000000002,True,True,True,18,18
1695,0.60000000000000009,-1.6000000000000001,2.2000000000000002,True,True,True,18,18
1696,1,0.79999999999999982,0.20000000000000018,True,True,True,18,18
1697,-1.0000000000000002,-0.80000000000000004,-0.20000000000000018,True,True,True,18,18
1698,-1,-0.40000000000000002,-0.59999999999999998,True,True,True,18,18
1699,-0.20000000000000001,-0.20000000000000007,5.5511151231257827e-17,True,True,True,18,18
1700,1.8,-0.19999999999999996,2,True,True,True,19,19
1701,-0.40000000000000002,2.2000000000000002,-2.6000000000000001,True,True,True,19,19
1702,-1.2,1.3999999999999999,-2.5999999999999996,True,True,True,19,19
1703,1.7999999999999998,-1.1999999999999997,2.9999999999999996,True,True,True,19,19
1704,0.80000000000000004,0.80000000000000004,0,True,True,True,19,19
1705,-0.60000000000000009,-1.5999999999999999,0.99999999999999978,True,True,True,19,19
1706,-2.8000000000000003,-0.20000000000000001,-2.6000000000000001,True,True,True,19,19
1707,-0.80000000000000004,-0.60000000000000009,-0.19999999999999996,True,True,True,19,19
1708,-0.20000000000000007,1.2000000000000002,-1.4000000000000004,True,True,True,19,19
1709,-0.59999999999999998,0.39999999999999991,-0.99999999999999989,True,True,True,19,19
1710,-0.80000000000000004,1.6000000000000001,-2.4000000000000004,True,True,True,20,20
1711,2,1.2000000000000002,0.79999999999999982,True,True,True,20,20
1712,-0.79999999999999993,-1.4000000000000001,0.6000000000000002,True,True,True,20,20
1713,-1.3999999999999999,-0.80000000000000004,-0.59999999999999987,True,True,True,20,20
1714,-0.20000000000000001,-2.2000000000000002,2,True,True,True,20,20
1715,-0.60000000000000009,0.59999999999999987,-1.2,True,True,True,20,20
1716,0.59999999999999998,2,-1.3999999999999999,True,True,True,20,20
1717,1,-1.5999999999999999,2.5999999999999996,True,True,True,20,20
1718,1.8,-1.0000000000000002,2.8000000000000003,True,True,True,20,20
1719,1,-0.99999999999999989,2,True,True,True,20,20
1720,-2,2,-4,True,True,True,21,21
1721,1.6000000000000001,0.59999999999999998,1,True,True,True,21,21
1722,-1.5999999999999999,-1,-0.59999999999999987,True,True,True,21,21
1723,-0.60000000000000009,0.80000000000000004,-1.4000000000000001,True,True,True,21,21
1724,-1.8,-0.60000000000000009,-1.2,True,True,True,21,21
1725,0.19999999999999996,0.60000000000000009,-0.40000000000000013,True,True,True,21,21
1726,-0.59999999999999998,-1.3999999999999999,0.79999999999999993,True,True,True,21,21
1727,0.60000000000000009,-0.80000000000000004,1.4000000000000001,True,True,True,21,21
1728,2,1.2000000000000002,0.79999999999999982,True,True,True,21,21
1729,0.60000000000000009,0.19999999999999996,0.40000000000000013,True,True,True,21,21
1730,-1.2000000000000002,-1.2,-2.2204460492503131e-16,True,True,True,22,22
1731,0.59999999999999998,0,0.59999999999999998,True,True,True,22,22
1732,-0.80000000000000004,-3.4000000000000004,2.6000000000000005,True,True,True,22,22
1733,2.6000000000000001,1.4000000000000001,1.2,True,True,True,22,22
1734,1.8,1.5999999999999999,0.20000000000000018,True,True,True,22,22
1735,-0.59999999999999998,-1.5999999999999999,0.99999999999999989,True,True,True,22,22
1736,1.3999999999999999,-2.1999999999999997,3.5999999999999996,True,True,True,22,22
1737,-1,0,-1,True,True,True,22,22
1738,0.80000000000000004,1.8,-1,True,True,True,22,22
1739,-1.2,1.2,-2.3999999999999999,True,True,True,22,22
1740,0.59999999999999998,1.4000000000000001,-0.80000000000000016,True,True,True,23,23
1741,-5.4000000000000004,1.8,-7.2000000000000002,True,True,True,23,23
1742,-0.20000000000000001,-0.20000000000000001,0,True,True,True,23,23
1743,0.20000000000000001,1.2000000000000002,-1.0000000000000002,True,True,True,23,23
1744,-2.4000000000000004,-0.19999999999999996,-2.2000000000000002,True,True,True,23,23
1745,2.2000000000000002,2.7999999999999998,-0.59999999999999964,True,True,True,23,23
1746,-0.59999999999999998,0.80000000000000004,-1.3999999999999999,True,True,True,23,23
1747,-1.9999999999999998,-2,2.2204460492503131e-16,True,True,True,23,23
1748,1.5999999999999999,0.20000000000000001,1.3999999999999999,True,True,True,23,23
1749,-0.60000000000000009,0.80000000000000004,-1.4000000000000001,True,True,True,23,23
1750,0.60000000000000009,-2,2.6000000000000001,True,True,True,24,24
1751,-1.7999999999999998,-2,0.20000000000000018,True,True,True,24,24
1752,0.40000000000000002,2.1999999999999997,-1.7999999999999998,True,True,True,24,24
1753,1.5999999999999999,1.2000000000000002,0.39999999999999969,True,True,True,24,24
1754,0.80000000000000004,-0.60000000000000009,1.4000000000000001,True,True,True,24,24
1755,-0.20000000000000001,0.80000000000000004,-1,True,True,True,24,24
1756,2.3999999999999999,-0.80000000000000004,3.2000000000000002,True,True,True,24,24
1757,1,-1.2000000000000002,2.2000000000000002,True,True,True,24,24
1758,3,0,3,True,True,True,24,24
1759,0.20000000000000007,-5.6000000000000005,5.8000000000000007,True,True,True,24,24
1760,0.20000000000000007,-0.40000000000000002,0.60000000000000009,True,True,True,25,25
1761,2.5999999999999996,0.60000000000000009,1.9999999999999996,True,True,True,25,25
1762,-2.2000000000000002,0.79999999999999993,-3,True,True,True,25,25
1763,-5.4000000000000004,-1.3999999999999999,-4,True,True,True,25,25
1764,-1.2,-0.60000000000000009,-0.59999999999999987,True,True,True,25,25
1765,1.8,3.3999999999999999,-1.5999999999999999,True,True,True,25,25
1766,0.20000000000000001,0.19999999999999996,5.5511151231257827e-17,True,True,True,25,25
1767,2.2000000000000002,-1.3999999999999999,3.6000000000000001,True,True,True,25,25
1768,-0.20000000000000001,-0.19999999999999996,-5.5511151231257827e-17,True,True,True,25,25
1769,1.6000000000000001,-0.59999999999999998,2.2000000000000002,True,True,True,25,25
1770,-1.2,-0.59999999999999998,-0.59999999999999998,True,True,True,26,26
1771,-1,-1,0,True,True,True,26,26
1772,1.6000000000000001,-0.60000000000000009,2.2000000000000002,True,True,True,26,26
1773,-1,3.3999999999999995,-4.3999999999999995,True,True,True,26,26
1774,0.40000000000000002,-0.19999999999999996,0.59999999999999998,True,True,True,26,26
1775,0.80000000000000004,-5,5.7999999999999998,True,True,True,26,26
1776,-0.20000000000000001,-1,0.80000000000000004,True,True,True,26,26
1777,-0.40000000000000002,1,-1.3999999999999999,True,True,True,26,26
1778,1.2000000000000002,1.2,2.2204460492503131e-16,True,True,True,26,26
1779,0.39999999999999997,2.2000000000000002,-1.8000000000000003,True,True,True,26,26
1780,-0.80000000000000004,1.2,-2,True,True,True,27,27
1781,0.20000000000000001,-0.80000000000000004,1,True,True,True,27,27
1782,0.60000000000000009,1,-0.39999999999999991,True,True,True,27,27
1783,-1.2,-3.4000000000000004,2.2000000000000002,True,True,True,27,27
1784,-1,-0.39999999999999991,-0.60000000000000009,True,True,True,27,27
1785,-0.80000000000000004,-1.2000000000000002,0.40000000000000013,True,True,True,27,27
1786,0.59999999999999998,-1.2,1.7999999999999998,True,True,True,27,28
1787,0.80000000000000004,2,-1.2,True,True,True,27,27
1788,1.2000000000000002,-0.39999999999999991,1.6000000000000001,True,True,True,27,27
1789,0.80000000000000004,1.0000000000000002,-0.20000000000000018,True,True,True,27,28
1790,0,1.5999999999999999,-1.5999999999999999,True,True,True,27,27
1791,0,-0.40000000000000002,0.40000000000000002,True,True,True,29,28
1792,-0.20000000000000007,0.40000000000000002,-0.60000000000000009,True,True,True,28,28
1793,-1,-0.79999999999999993,-0.20000000000000007,True,True,True,28,28
1794,-1.3999999999999999,-0.39999999999999991,-1,True,True,True,28,28
1795,0.20000000000000007,-0.59999999999999998,0.80000000000000004,True,True,True,28,28
1796,-0.19999999999999996,1,-1.2,True,True,True,28,28
1797,0.39999999999999991,-0.59999999999999998,0.99999999999999989,True,True,True,29,28
1798,0.80000000000000004,1.2,-0.39999999999999991,True,True,True,28,28
1799,0.20000000000000001,0.39999999999999991,-0.1999999999999999,True,True,True,28,28
1800,0.39999999999999991,0.40000000000000002,-1.1102230246251565e-16,True,True,True,28,28
1801,0,-0.40000000000000002,0.40000000000000002,True,True,True,29,29
1802,0.59999999999999998,-0.19999999999999996,0.79999999999999993,True,True,True,29,29
1803,-2,0.39999999999999997,-2.3999999999999999,True,True,True,29,29
1804,-2,0.20000000000000018,-2.2000000000000002,True,True,True,30,29
1805,0.20000000000000001,-0.20000000000000001,0.40000000000000002,True,True,True,29,29
1806,0.80000000000000004,0,0.80000000000000004,True,True,True,29,30
1807,1,-0.79999999999999993,1.7999999999999998,True,True,True,29,29
1808,-0.19999999999999996,1,-1.2,True,True,True,29,29
1809,0.80000000000000004,2.2000000000000002,-1.4000000000000001,True,True,True,29,29
1810,-1.3999999999999999,-1.6000000000000001,0.20000000000000018,True,True,True,29,29
1811,-0.19999999999999996,0.40000000000000002,-0.59999999999999998,True,True,True,31,30
1812,0,1,-1,True,True,True,30,30
1813,0.19999999999999996,1,-0.80000000000000004,True,True,True,30,30
1814,-0.80000000000000004,1.6000000000000001,-2.4000000000000004,True,True,True,30,30
1815,-1.6000000000000001,1.0000000000000002,-2.6000000000000005,True,True,True,30,30
1816,-2.3999999999999999,-0.59999999999999998,-1.7999999999999998,True,True,True,30,30
1817,0.79999999999999993,-1.5999999999999999,2.3999999999999999,True,True,True,30,30
1818,2.6000000000000001,-0.80000000000000004,3.4000000000000004,True,True,True,30,30
1819,0.80000000000000004,1.3999999999999999,-0.59999999999999987,True,True,True,30,30
1820,0.40000000000000002,-2.7999999999999998,3.1999999999999997,True,True,True,30,31
1821,0.20000000000000001,1.6000000000000001,-1.4000000000000001,True,True,True,31,31
1822,1.6000000000000001,0.59999999999999987,1.0000000000000002,True,True,True,31,31
1823,0.20000000000000001,-0.20000000000000001,0.40000000000000002,True,True,True,31,31
1824,0.80000000000000004,-0.79999999999999993,1.6000000000000001,True,True,True,31,31
1825,0.60000000000000009,0.20000000000000001,0.40000000000000008,True,True,True,31,31
1826,-0.19999999999999996,-2,1.8,True,True,True,31,31
1827,1.2,-0.79999999999999993,2,True,True,True,31,31
1828,0.39999999999999991,0.60000000000000009,-0.20000000000000018,True,True,True,31,31
1829,-2.7999999999999998,-1.2000000000000002,-1.5999999999999996,True,True,True,32,32
1830,0.40000000000000013,0.80000000000000004,-0.39999999999999991,True,True,True,32,32
1831,-0.39999999999999997,0,-0.39999999999999997,True,True,True,32,32
1832,-0.39999999999999991,1.2,-1.5999999999999999,True,True,True,32,32
1833,0.40000000000000002,0.39999999999999991,1.1102230246251565e-16,True,True,True,32,32
1834,-0.99999999999999989,1.6000000000000001,-2.6000000000000001,True,True,True,32,31
1835,-3.2000000000000002,0.40000000000000002,-3.6000000000000001,True,True,True,31,32
1836,-0.60000000000000009,1.2,-1.8,True,True,True,32,32
1837,-0.39999999999999997,0.60000000000000009,-1,True,True,True,32,32
1838,1.6000000000000001,1.3999999999999999,0.20000000000000018,True,True,True,32,32
1839,-0.60000000000000009,0.59999999999999998,-1.2000000000000002,True,True,True,33,33
1840,-1,2.7999999999999998,-3.7999999999999998,True,True,True,33,33
1841,0.60000000000000009,-0.79999999999999993,1.3999999999999999,True,True,True,33,33
1842,0,0.20000000000000001,-0.20000000000000001,True,True,True,33,33
1843,1.5999999999999999,0.59999999999999987,1,True,True,True,33,33
1844,1.3999999999999999,-1.6000000000000001,3,True,True,True,33,33
1845,0.19999999999999996,0,0.19999999999999996,True,True,True,33,33
1846,2.2000000000000002,0.19999999999999996,2,True,True,True,32,33
1847,-0.60000000000000009,-0.60000000000000009,0,True,True,True,33,33
1848,-3.2000000000000002,-2.3999999999999999,-0.80000000000000027,True,True,True,32,33
1849,-0.39999999999999997,-0.19999999999999996,-0.20000000000000001,True,True,True,34,34
1850,-0.20000000000000001,1.2000000000000002,-1.4000000000000001,True,True,True,34,34
1851,0.40000000000000013,2.6000000000000001,-2.2000000000000002,True,True,True,34,33
1852,-1.2,-0.59999999999999998,-0.59999999999999998,True,True,True,34,34
1853,0.19999999999999996,-0.39999999999999997,0.59999999999999987,True,True,True,34,34
1854,-0.60000000000000009,0.20000000000000001,-0.80000000000000004,True,True,True,34,34
1855,0.20000000000000001,-2.7999999999999998,3,True,True,True,34,33
1856,-1.7999999999999998,0.59999999999999998,-2.3999999999999999,True,True,True,34,34
1857,-1.9999999999999998,2.5999999999999996,-4.5999999999999996,True,True,True,34,34
1858,0.80000000000000004,-0.40000000000000002,1.2000000000000002,True,True,True,34,34
1859,-0.40000000000000002,-0.79999999999999982,0.3999999999999998,True,True,True,35,35
1860,0,-0.40000000000000002,0.40000000000000002,True,True,True,35,35
1861,-0.60000000000000009,-1.3999999999999999,0.79999999999999982,True,True,True,35,35
1862,-0.20000000000000007,0.40000000000000013,-0.6000000000000002,True,True,True,35,35
1863,-0.80000000000000027,0.19999999999999996,-1.0000000000000002,True,True,True,35,35
1864,-0.40000000000000002,2,-2.3999999999999999,True,True,True,35,35
1865,0.59999999999999998,-0.20000000000000001,0.80000000000000004,True,True,True,35,34
1866,0.79999999999999993,-2,2.7999999999999998,True,True,True,35,35
1867,-1.5999999999999996,-0.60000000000000009,-0.99999999999999956,True,True,True,35,35
1868,0.60000000000000009,3.5999999999999996,-2.9999999999999996,True,True,True,35,34
1869,0.59999999999999987,1.2000000000000002,-0.60000000000000031,True,True,True,36,36
1870,-0.99999999999999989,0.60000000000000009,-1.6000000000000001,True,True,True,36,36
1871,-1.3999999999999999,-0.80000000000000027,-0.59999999999999964,True,True,True,36,36
1872,2.6000000000000001,-0.60000000000000009,3.2000000000000002,True,True,True,35,36
1873,-1,0.40000000000000002,-1.3999999999999999,True,True,True,36,36
1874,-1.2000000000000002,-0.60000000000000009,-0.60000000000000009,True,True,True,36,36
1875,0,1.4000000000000001,-1.4000000000000001,True,True,True,35,36
1876,-1.6000000000000001,-0.40000000000000002,-1.2000000000000002,True,True,True,36,36
1877,-0.20000000000000001,1.4000000000000001,-1.6000000000000001,True,True,True,36,36
1878,2,-0.39999999999999991,2.3999999999999999,True,True,True,36,36
1879,2.6000000000000001,1,1.6000000000000001,True,True,True,36,36
1880,-1.2,-1.2000000000000002,2.2204460492503131e-16,True,True,True,37,37
1881,-1.2,1,-2.2000000000000002,True,True,True,37,37
1882,0.60000000000000009,-0.80000000000000004,1.4000000000000001,True,True,True,37,37
1883,-0.59999999999999998,0.80000000000000004,-1.3999999999999999,True,True,True,37,37
1884,-0.20000000000000001,-1.8,1.6000000000000001,True,True,True,37,37
1885,0,0.60000000000000009,-0.60000000000000009,True,True,True,37,37
1886,0.60000000000000009,-1.2000000000000002,1.8000000000000003,True,True,True,37,37
1887,1,-1.6000000000000001,2.6000000000000001,True,True,True,37,37
1888,1.0000000000000002,2,-0.99999999999999978,True,True,True,37,37
1889,-0.40000000000000013,2,-2.4000000000000004,True,True,True,37,37
1890,2.6000000000000001,-0.40000000000000002,3,True,True,True,38,38
1891,-2.2000000000000002,0.19999999999999996,-2.4000000000000004,True,True,True,38,38
1892,2,1.2000000000000002,0.79999999999999982,True,True,True,38,38
1893,-1,-0.40000000000000002,-0.59999999999999998,True,True,True,38,38
1894,-1.3999999999999999,-1,-0.39999999999999991,True,True,True,38,38
1895,2.3999999999999999,-1,3.3999999999999999,True,True,True,38,38
1896,-2.2000000000000002,0.60000000000000009,-2.8000000000000003,True,True,True,38,38
1897,-0.19999999999999996,0,-0.19999999999999996,True,True,True,38,38
1898,0.80000000000000004,0.60000000000000009,0.19999999999999996,True,True,True,38,38
1899,1.2,-1.3999999999999999,2.5999999999999996,True,True,True,38,38
