match_id,season,date,home_team,away_team,result,D0_p_H,D0_p_D,D0_p_A,D1_p_H,D1_p_D,D1_p_A,D2_p_H,D2_p_D,D2_p_A,elo_v1_p_H,elo_v1_p_D,elo_v1_p_A,poisson_walkforward_p_H,poisson_walkforward_p_D,poisson_walkforward_p_A,dc_walkforward_p_H,dc_walkforward_p_D,dc_walkforward_p_A
380,2022-2023,2022-08-05,Crystal Palace,Arsenal,A,0.42894736842105263,0.23157894736842105,0.33947368421052632,0.42960915734601529,0.25259942328049961,0.3177914193734851,0.42301438970396293,0.25349938023844959,0.32348623005758748,0.39738279610911098,0.23787923461332511,0.36473796927756386,0.35782561455423939,0.27390908098178429,0.36826530446397637,0.35588079125248417,0.27779872758529467,0.36632048116222121
381,2022-2023,2022-08-06,Bournemouth,Aston Villa,H,0.42894736842105263,0.23157894736842105,0.33947368421052632,0.42960915734601529,0.25259942328049961,0.3177914193734851,0.43194576549919239,0.25331686099967238,0.31473737350113523,0.47661342665754364,0.23260846055178816,0.29077811279066834,0.44318320910626069,0.27161760923916556,0.28519918165457364,0.4412721906329799,0.27543964618572719,0.28328816318129285
382,2022-2023,2022-08-06,Everton,Chelsea,A,0.42894736842105263,0.23157894736842105,0.33947368421052632,0.42960915734601529,0.25259942328049961,0.3177914193734851,0.41618662033191789,0.2533664412625562,0.33044693840552586,0.33527449824580685,0.23669929087647848,0.42802621087771464,0.15564267765626474,0.20216441306477537,0.64219290927895989,0.15421475857961159,0.20502025121808173,0.64076499020230671
383,2022-2023,2022-08-06,Fulham,Liverpool,D,0.42894736842105263,0.23157894736842105,0.33947368421052632,0.42960915734601529,0.25259942328049961,0.3177914193734851,0.41256001220164856,0.25342028915762932,0.33401969864072206,0.30738382418872645,0.23447720841937916,0.45813896739189425,0.13753714426328087,0.23302741926879578,0.62943543646792344,0.13596981722426504,0.2361620733468274,0.62786810942890769
384,2022-2023,2022-08-06,Leeds United,Wolves,H,0.42894736842105263,0.23157894736842105,0.33947368421052632,0.42960915734601529,0.25259942328049961,0.3177914193734851,0.42714734213247235,0.25327694728646266,0.31957571058106488,0.42481970960755022,0.23687460010728581,0.33830569028516405,0.30434027021611532,0.26240542459805927,0.43325430518582525,0.30247840136732013,0.26612916229564965,0.43139243633703006
385,2022-2023,2022-08-06,Newcastle,Nottingham,H,0.42894736842105263,0.23157894736842105,0.33947368421052632,0.42960915734601529,0.25259942328049961,0.3177914193734851,0.43048722221875324,0.25325040872335597,0.31626236905789074,0.46241295224003787,0.23407867372389529,0.30350837403606695,0.31731641582723358,0.28435680015173875,0.39832678402102789,0.31534210341600483,0.28830542497419609,0.39635247160979908
386,2022-2023,2022-08-06,Tottenham,Southampton,H,0.42894736842105263,0.23157894736842105,0.33947368421052632,0.42960915734601529,0.25259942328049961,0.3177914193734851,0.44264892203061118,0.25318320539954065,0.30416787256984834,0.55921740155320898,0.21969968765226691,0.22108291079452408,0.83520719415575395,0.1088227654102621,0.055970040433983917,0.8344505374944694,0.11033607873283113,0.055213383772699409
387,2022-2023,2022-08-07,Leicester City,Brentford,D,0.42894736842105263,0.23157894736842105,0.33947368421052632,0.42960915734601529,0.25259942328049961,0.3177914193734851,0.43240658141726229,0.25329645944992446,0.31429695913281341,0.4721031216990888,0.23309966021392614,0.29479721808698506,0.50879091799870058,0.22874005938582995,0.26246902261546956,0.50839411558265279,0.22953366421792556,0.26207222019942172
388,2022-2023,2022-08-07,Manchester Utd,Brighton,A,0.42894736842105263,0.23157894736842105,0.33947368421052632,0.42960915734601529,0.25259942328049961,0.3177914193734851,0.42993471331921995,0.25325200311461088,0.31681328356616906,0.45069707377487628,0.23512220631266811,0.31418071991245555,0.34179788698519337,0.2712284899112315,0.38697362310357503,0.34131114404902996,0.27220197578355837,0.38648688016741167
389,2022-2023,2022-08-07,West Ham,Manchester City,A,0.42894736842105263,0.23157894736842105,0.33947368421052632,0.42960915734601529,0.25259942328049961,0.3177914193734851,0.41259892136794191,0.25331621301544788,0.33408486561661033,0.31358688983657396,0.23506856745871132,0.45134454270471475,0.11853674387409066,0.16315595580608105,0.71830730031982815,0.11825506628237177,0.16371931098951883,0.71802562272810933
390,2022-2023,2022-08-13,Arsenal,Leicester City,H,0.42894736842105263,0.23157894736842105,0.33947368421052632,0.55668606233363171,0.22429813705504179,0.2190158006113265,0.55686639799604953,0.2247126603645028,0.21842094163944764,0.50842741259254232,0.22851011972950633,0.26306246767795133,0.5096423355031624,0.21945721615256591,0.27090044834427163,0.50903336343787975,0.22067516028313125,0.27029147627898897
391,2022-2023,2022-08-13,Aston Villa,Everton,H,0.42894736842105263,0.23157894736842105,0.33947368421052632,0.38687808937154167,0.26953378963825536,0.34358812099020297,0.39061980612876579,0.27026296530676591,0.33911722856446824,0.47019966757836545,0.23330020290919412,0.29650012951244042,0.54918782301205515,0.23900270176583788,0.21180947522210705,0.54846657267979526,0.24044520243035761,0.21108822488984719
392,2022-2023,2022-08-13,Brentford,Manchester Utd,H,0.42894736842105263,0.23157894736842105,0.33947368421052632,0.48675138256025291,0.25516106482702761,0.25808755261271948,0.48145676395721027,0.25621447352568016,0.26232876251710968,0.42956681594056245,0.23661081591762562,0.33382236814181204,0.44789668313237496,0.2380825261776254,0.31402079068999966,0.44720294214795958,0.23947000814645611,0.31332704970558434
393,2022-2023,2022-08-13,Brighton,Newcastle,D,0.42894736842105263,0.23157894736842105,0.33947368421052632,0.38767717316727984,0.2514592319786359,0.36086359485408426,0.38744203405206279,0.25276778954566315,0.35979017640227406,0.44531609972507119,0.23554963301843851,0.31913426725649024,0.45853089449139184,0.27954261706344063,0.26192648844516758,0.45771145804797986,0.28118148995026465,0.2611070520017556
394,2022-2023,2022-08-13,Manchester City,Bournemouth,H,0.42894736842105263,0.23157894736842105,0.33947368421052632,0.41479604252553237,0.24506012860931137,0.34014382886515609,0.42931641497633743,0.24612699645466854,0.32455658856899416,0.58259849629907212,0.21471377955013313,0.20268772415079472,0.64195922207135714,0.19734693022401339,0.16069384770462952,0.64137410488053337,0.1985171646056611,0.16010873051380567
395,2022-2023,2022-08-13,Southampton,Leeds United,D,0.42894736842105263,0.23157894736842105,0.33947368421052632,0.22615362370271383,0.27457306589774971,0.49927331039953643,0.23116536947827371,0.27766477267415673,0.49116985784756956,0.42691069409628152,0.23676163516806698,0.33632767073565151,0.41036686897292551,0.22835639546327802,0.36127673556379636,0.40974024827333827,0.22960963686245245,0.36065011486420906
396,2022-2023,2022-08-13,Wolves,Fulham,D,0.42894736842105263,0.23157894736842105,0.33947368421052632,0.36120098400964862,0.27494811273699749,0.36385090325335395,0.35406450001990969,0.27460336497087168,0.37133213500921858,0.4157478672652965,0.23730552583152481,0.34694660690317863,0.054659524561077429,0.083908816279053486,0.86143165915986908,0.054471691815837199,0.084284481769533903,0.86124382641462871
397,2022-2023,2022-08-14,Chelsea,Tottenham,D,0.42894736842105263,0.23157894736842105,0.33947368421052632,0.36613855255475347,0.24945821409654975,0.38440323334869686,0.36788556127199112,0.25056279617131683,0.38155164255669205,0.44972501802414477,0.23520184586247955,0.31507313611337551,0.34631713636232209,0.26303209065750865,0.3906507729801692,0.34082021460324696,0.27402593417565896,0.38515385122109408
398,2022-2023,2022-08-14,Nottingham,West Ham,H,0.42894736842105263,0.23157894736842105,0.33947368421052632,0.42491130753274847,0.26714595175004002,0.30794274071721156,0.42477726407037636,0.26725671656504618,0.30796601936457746,0.44851931902277759,0.23529914276314573,0.31618153821407663,0.25296942484635665,0.21323078143069957,0.53379979372294384,0.24891973106028931,0.22133016900283425,0.52975009993687661
399,2022-2023,2022-08-15,Liverpool,Crystal Palace,D,0.42894736842105263,0.23157894736842105,0.33947368421052632,0.51675950567057471,0.24833486101570054,0.2349056333137248,0.52986848474913573,0.24690004674155516,0.22323146850930922,0.59946994281092036,0.21075091220571426,0.18977914498336537,0.73834860632251986,0.17908848552462744,0.082562908152852568,0.73621690319859323,0.18335189177248085,0.080431205028925909
400,2022-2023,2022-08-20,Bournemouth,Arsenal,A,0.42894736842105263,0.23157894736842105,0.33947368421052632,0.26936974412146852,0.2499876535739135,0.48064260230461797,0.268241301596371,0.2508164114140769,0.48094228698955221,0.38326125323580251,0.23804248721556076,0.37869625954863667,0.30228874010429774,0.24387527768322431,0.4538359822124779,0.2974982381633417,0.25345628156513644,0.4490454802715218
401,2022-2023,2022-08-20,Crystal Palace,Aston Villa,H,0.42894736842105263,0.23157894736842105,0.33947368421052632,0.35464380705012921,0.2651734017783241,0.38018279117154669,0.35897693623759902,0.2661802597240866,0.37484280403831433,0.46832432929638496,0.23349385340136031,0.29818181730225468,0.43866252278201628,0.28965966749512817,0.27167780972285538,0.43314764385768606,0.30068942534378862,0.26616293079852515
402,2022-2023,2022-08-20,Everton,Nottingham,D,0.42894736842105263,0.23157894736842105,0.33947368421052632,0.34681501226924827,0.27210614143884115,0.38107884629191058,0.34429168655976899,0.27266008277987874,0.38304823066035232,0.37922177037279148,0.23804381506596906,0.38273441456123952,0.40049891806671933,0.3665628719411545,0.23293820999212597,0.39548985902865935,0.37658099001727452,0.22792915095406596
403,2022-2023,2022-08-20,Fulham,Brentford,H,0.42894736842105263,0.23157894736842105,0.33947368421052632,0.30315896270488535,0.26325156028521457,0.43358947700990014,0.30871298251343621,0.26517248156609535,0.42611453592046838,0.46142362308172247,0.2341727428528653,0.30440363406541238,0.501209964790993,0.27007756177357317,0.22871247343543391,0.49597125630641087,0.28055497874273738,0.22347376495085178
404,2022-2023,2022-08-20,Leicester City,Southampton,A,0.42894736842105263,0.23157894736842105,0.33947368421052632,0.47044585785183624,0.28400301963335545,0.24555112251480837,0.47322318899680871,0.28422256842363625,0.24255424257955513,0.49383531589027263,0.23052703139183772,0.27563765271788965,0.68061459015802239,0.16551077910629372,0.15387463073568389,0.67783724963428982,0.17106546015375881,0.15109729021195137
405,2022-2023,2022-08-20,Tottenham,Wolves,H,0.42894736842105263,0.23157894736842105,0.33947368421052632,0.5675849459338469,0.238710150486863,0.19370490357929016,0.5702159149102225,0.23890708765008015,0.19087699743969747,0.5514307556904392,0.22123006616551222,0.22733917814404858,0.73125039232546518,0.1756199163581173,0.093129691316417545,0.72778594640671235,0.18254880819562297,0.089665245397664697
406,2022-2023,2022-08-21,Leeds United,Chelsea,H,0.42894736842105263,0.23157894736842105,0.33947368421052632,0.40166851373612061,0.24540189457361949,0.35292959169025995,0.38938105019344471,0.2456876815137233,0.36493126829283201,0.3454395529695411,0.23723764437415876,0.41732280265630017,0.15101133978904271,0.18501814608202971,0.6639705141289276,0.14555630851427476,0.19592820863156563,0.65851548285415951
407,2022-2023,2022-08-21,Newcastle,Manchester City,D,0.42894736842105263,0.23157894736842105,0.33947368421052632,0.30251267977918816,0.24065098939494539,0.45683633082586639,0.29169507948535434,0.23962654123984378,0.46867837927480188,0.3237410171742513,0.23591536645983502,0.44034361636591357,0.10465712045204721,0.18022907437353741,0.71511380517441536,0.09915418015410471,0.19123495496942239,0.70961086487647285
408,2022-2023,2022-08-21,West Ham,Brighton,A,0.42894736842105263,0.23157894736842105,0.33947368421052632,0.23234960165765839,0.24566911444754369,0.52198128389479792,0.2378470797168285,0.24811749653928311,0.51403542374388844,0.40945188441774633,0.23754758931676528,0.35300052626548822,0.36010183526134221,0.29898902224624962,0.34090914249240795,0.3514128259244822,0.31636704091996964,0.33222013315554799
409,2022-2023,2022-08-22,Manchester Utd,Liverpool,H,0.42894736842105263,0.23157894736842105,0.33947368421052632,0.28580897335365363,0.27590972602615366,0.4382813006201926,0.27684715016403827,0.27449293579391415,0.44865991404204764,0.30380316393951862,0.23410978213758557,0.46208705392289584,0.090997941538325397,0.15383373180672133,0.75516832665495337,0.086497494514584675,0.1628346258542028,0.75066787963121251
410,2022-2023,2022-08-27,Arsenal,Fulham,H,0.42894736842105263,0.23157894736842105,0.33947368421052632,0.52696070333682266,0.22489635725076479,0.24814293941241258,0.52529002249197221,0.2257179625955944,0.24899201491243333,0.51405743014272554,0.22767024331801058,0.25827232653926407,0.48438089841286935,0.21532503720813412,0.30029406437899669,0.47906654577114727,0.22595374249157824,0.29497971173727461
411,2022-2023,2022-08-27,Brentford,Everton,D,0.42894736842105263,0.23157894736842105,0.33947368421052632,0.55178251318090477,0.25178923664038294,0.19642825017871221,0.54848333522164316,0.25306460511522172,0.19845205966313523,0.49669607575223357,0.23014985875151159,0.27315406549625476,0.63184794604589845,0.20349794738405952,0.16465410657004229,0.62610075547803989,0.2149923285197764,0.15890691600218385
412,2022-2023,2022-08-27,Brighton,Leeds United,H,0.42894736842105263,0.23157894736842105,0.33947368421052632,0.4122559565234214,0.25603362760646975,0.33171041587010885,0.41782698812681079,0.25684539513515081,0.32532761673803845,0.49819116719004647,0.22994919464307439,0.27185963816687908,0.59384130587141537,0.23026346426641559,0.17589522986216918,0.58729642896402234,0.24335321808120169,0.16935035295477616
413,2022-2023,2022-08-27,Chelsea,Leicester City,H,0.42894736842105263,0.23157894736842105,0.33947368421052632,0.48608876303077109,0.26875056512299011,0.24516067184623885,0.49129977718252144,0.26836725506190251,0.24033296775557597,0.53028380938362341,0.22505839836386254,0.24465779225251416,0.58494599904201094,0.20547598906465811,0.20957801189333108,0.57946290728578886,0.21644217257710216,0.20409492013710906
414,2022-2023,2022-08-27,Liverpool,Bournemouth,H,0.42894736842105263,0.23157894736842105,0.33947368421052632,0.50286544540715628,0.27379862042693853,0.2233359341659053,0.514246019325722,0.27248704584227718,0.21326693483200074,0.57667956778434681,0.2160314254852459,0.20728900673040723,0.86526024557210124,0.10335407378888602,0.031385680639012745,0.8625337169047097,0.10880713112366906,0.028659151971621222
415,2022-2023,2022-08-27,Manchester City,Crystal Palace,H,0.42894736842105263,0.23157894736842105,0.33947368421052632,0.54157226227552724,0.23870166590677178,0.21972607181770101,0.55111585920710715,0.23785044009134096,0.21103370070155192,0.59364545420205406,0.21215371118489618,0.19420083461304971,0.74238307075316412,0.16188982757085049,0.095727101675985429,0.73777021609769922,0.17111553688178036,0.091114247020520511
416,2022-2023,2022-08-27,Southampton,Manchester Utd,A,0.42894736842105263,0.23157894736842105,0.33947368421052632,0.49784993077504275,0.27388377376742423,0.22826629545753316,0.48890386372221734,0.27561792938884488,0.23547820688893784,0.40568973063011482,0.23766973094513999,0.35664053842474519,0.37429007426715932,0.23097439547189616,0.39473553026094454,0.36822240532087325,0.24310973336446814,0.38866786131465852
417,2022-2023,2022-08-28,Aston Villa,West Ham,A,0.42894736842105263,0.23157894736842105,0.33947368421052632,0.49702561953294644,0.25060837263549124,0.25236600783156216,0.4906906106595636,0.25165111509886373,0.25765827424157278,0.44120507083466032,0.23585402413257775,0.32294090503276202,0.41069978051256106,0.26255104249307931,0.32674917699435957,0.40595040175804825,0.27204980000210482,0.32199979823984681
418,2022-2023,2022-08-28,Nottingham,Tottenham,A,0.42894736842105263,0.23157894736842105,0.33947368421052632,0.35265619187295311,0.26733684102731492,0.38000696709973197,0.34433567053974107,0.26728733132038179,0.38837699813987714,0.3679181632980536,0.23793829093708982,0.39414354576485661,0.13253205628798154,0.26552894651866904,0.6019389971933492,0.12852560008558209,0.27354185892346794,0.59793254099094983
419,2022-2023,2022-08-28,Wolves,Newcastle,D,0.42894736842105263,0.23157894736842105,0.33947368421052632,0.31952927587510849,0.25792443399370918,0.42254629013118228,0.3164547079783675,0.2581618462337989,0.42538344578783366,0.38362201281214386,0.2380413787040695,0.3783366084837867,0.30813091768562201,0.31007690824425271,0.38179217407012511,0.30301072650527566,0.32031729060494557,0.37667198288977882
420,2022-2023,2022-08-30,Crystal Palace,Brentford,D,0.42894736842105263,0.23157894736842105,0.33947368421052632,0.36483420592940696,0.27454337348101726,0.36062242058957583,0.36783532857745804,0.27537314136782409,0.35679153005471786,0.4654227718059013,0.23378577174043325,0.30079145645366556,0.46565268845115271,0.2508060501336889,0.28354126141515851,0.46173750219751231,0.2586364226409697,0.27962607516151811
421,2022-2023,2022-08-30,Fulham,Brighton,H,0.42894736842105263,0.23157894736842105,0.33947368421052632,0.27818591310901203,0.24371854339328547,0.4780955434977025,0.28104720128119792,0.2453175996809957,0.47363519903780626,0.41308398280920905,0.23741367760636062,0.34950233958443033,0.42958323506202517,0.2822355485738185,0.28818121636415656,0.42527308213250503,0.29085585443285883,0.28387106343463636
422,2022-2023,2022-08-30,Leeds United,Everton,D,0.42894736842105263,0.23157894736842105,0.33947368421052632,0.52139729147321034,0.24259013516958028,0.2360125733572094,0.51894725386124163,0.24334049440699698,0.2377122517317613,0.4857853079620168,0.23154042997186902,0.28267426206611407,0.49771998913104482,0.23923657090197753,0.26304343996697777,0.49401814396910282,0.2466402612258615,0.25934159480503577
423,2022-2023,2022-08-30,Southampton,Chelsea,H,0.42894736842105263,0.23157894736842105,0.33947368421052632,0.34374750622132627,0.26315429499777604,0.39309819878089763,0.33377081556629695,0.26262523357489298,0.40360395085881012,0.33050450005319315,0.23639767625202682,0.43309782369477995,0.19919584134114862,0.21797703469797935,0.58282712396087188,0.19582906176798823,0.2247105938443002,0.57946034438771143
424,2022-2023,2022-08-31,Arsenal,Aston Villa,H,0.42894736842105263,0.23157894736842105,0.33947368421052632,0.64347421686230422,0.21016270558918515,0.1463630775485105,0.64539157949567982,0.20997522538540489,0.14463319511891543,0.5812244796874988,0.21502301312915584,0.20375250718334534,0.69618224606000212,0.17810617756288405,0.12571157637711389,0.69073390193517192,0.18900286581254447,0.12026323225228365
425,2022-2023,2022-08-31,Bournemouth,Wolves,D,0.42894736842105263,0.23157894736842105,0.33947368421052632,0.32819645615301751,0.27482601824591318,0.3969775256010693,0.33147327734921128,0.27541452542876543,0.39311219722202334,0.47062317950390908,0.23325593022549365,0.2961208902705974,0.11993946124966283,0.24574289522420065,0.63431764352613673,0.11337594636117541,0.25886992500117556,0.62775412863764934
426,2022-2023,2022-08-31,Liverpool,Newcastle,H,0.42894736842105263,0.23157894736842105,0.33947368421052632,0.49537119549114172,0.26272228956519139,0.24190651494366688,0.50074441466539621,0.26291112468313071,0.2363444606514731,0.54836515782948281,0.22181475533874093,0.22982008683177613,0.75508156084793232,0.15492832726879391,0.089990111883273619,0.75029608658135205,0.1644992758019545,0.085204637616693307
427,2022-2023,2022-08-31,Manchester City,Nottingham,H,0.42894736842105263,0.23157894736842105,0.33947368421052632,0.60826912203312122,0.22492543511262317,0.16680544285425558,0.61691730034330972,0.22338085814515266,0.15970184151153766,0.60869306994724492,0.20845443453986717,0.18285249551288804,0.86807723320981534,0.10165561857169129,0.030267148218493328,0.86518109747634087,0.10744789003864035,0.027371012485018813
428,2022-2023,2022-08-31,West Ham,Tottenham,D,0.42894736842105263,0.23157894736842105,0.33947368421052632,0.22750740368983802,0.24444584829791186,0.52804674801225004,0.2254264423004019,0.24434812938845593,0.53022542831114206,0.33991270673264773,0.23696242654648678,0.42312486672086552,0.17749682174864936,0.22771337670434585,0.59478980154700489,0.17045756849191857,0.24179188321780748,0.58775054829027407
429,2022-2023,2022-09-01,Leicester City,Manchester Utd,A,0.42894736842105263,0.23157894736842105,0.33947368421052632,0.33867530331568696,0.27624249547784424,0.38508220120646885,0.33783734832953571,0.27684898037135136,0.38531367129911287,0.40421161876511014,0.23771308583015241,0.35807529540473743,0.5067719720303886,0.21931488127302409,0.27391314669658751,0.49860646053179603,0.23564590427020918,0.26574763519799494
430,2022-2023,2022-09-03,Aston Villa,Manchester City,D,0.42894736842105263,0.23157894736842105,0.33947368421052632,0.20584059599497825,0.25102046271311729,0.54313894129190443,0.19491117440762298,0.24719671833650256,0.55789210725587446,0.24465189914015753,0.22505719394997531,0.53029090690986724,0.092694063644783511,0.13383787569450609,0.77346806066071039,0.089372690842656005,0.14048062129876107,0.77014668785858287
431,2022-2023,2022-09-03,Brentford,Leeds United,H,0.42894736842105263,0.23157894736842105,0.33947368421052632,0.42215791411773745,0.27032293468691559,0.30751915119534701,0.42146050894211373,0.27110159708929887,0.30743789396858734,0.45754297896258039,0.23453115699198163,0.30792586404543798,0.60534095443288383,0.20121170317212983,0.19344734239498618,0.60015756404246001,0.21157848395297746,0.18826395200456236
432,2022-2023,2022-09-03,Chelsea,West Ham,H,0.42894736842105263,0.23157894736842105,0.33947368421052632,0.42048627533628147,0.2501949927729662,0.32931873189075245,0.42654674701512113,0.25055780408184608,0.32289544890303279,0.51868004382646105,0.226955060542292,0.25436489563124692,0.53916818846877845,0.24670996394816078,0.2141218475830606,0.53245839160779962,0.26012955767011864,0.20741205072208169
433,2022-2023,2022-09-03,Everton,Liverpool,D,0.42894736842105263,0.23157894736842105,0.33947368421052632,0.29035718800536181,0.27053319708804136,0.43910961490659695,0.2752016878770282,0.26782534079007964,0.45697297133289211,0.26071926459807704,0.22810430665833353,0.51117642874358948,0.082462728125587983,0.15157775501916632,0.76595951685524588,0.078328154492848343,0.1598469022846456,0.76182494322250627
434,2022-2023,2022-09-03,Newcastle,Crystal Palace,D,0.42894736842105263,0.23157894736842105,0.33947368421052632,0.45104597987669975,0.26537047790072416,0.28358354222257609,0.45115968535121309,0.26573857199159323,0.28310174265719368,0.47563543597228736,0.23271687837894767,0.29164768564876503,0.41783067899718901,0.27901294849634573,0.30315637250646549,0.41033474798068964,0.29400481052934446,0.29566044148996612
435,2022-2023,2022-09-03,Nottingham,Bournemouth,A,0.42894736842105263,0.23157894736842105,0.33947368421052632,0.53866750899819227,0.28026492949348353,0.18106756150832418,0.53387039297190253,0.28161399591530933,0.18451561111278816,0.44907032641320238,0.2352548819522893,0.31567479163450818,0.4390455141209661,0.37290046686200756,0.18805401901702637,0.43281625687288527,0.38535898135816921,0.18182476176894555
436,2022-2023,2022-09-03,Tottenham,Fulham,H,0.42894736842105263,0.23157894736842105,0.33947368421052632,0.48860247806495094,0.24290988744209457,0.26848763449295454,0.49063757844172257,0.24326483542018287,0.26609758613809448,0.52279200168712425,0.22629952601108044,0.2509084723017953,0.58484950384069623,0.2077480792861118,0.2074024168731918,0.57947420117222059,0.21849868462306318,0.20202711420471614
437,2022-2023,2022-09-03,Wolves,Southampton,H,0.42894736842105263,0.23157894736842105,0.33947368421052632,0.38031400390325237,0.27457594844260469,0.34511004765414288,0.38210138922589504,0.27506074407802478,0.34283786669608018,0.45261739346134733,0.23496174008433579,0.31242086645431688,0.4317944708229246,0.29813081663776309,0.27007471253931215,0.4242200467763963,0.31327966473081981,0.26250028849278384
438,2022-2023,2022-09-04,Brighton,Leicester City,H,0.42894736842105263,0.23157894736842105,0.33947368421052632,0.56571175187164169,0.23825200891529302,0.19603623921306532,0.56513726063748315,0.23850956640728546,0.19635317295523133,0.51833090230587431,0.22700988217136653,0.25465921552275911,0.54422010063389226,0.24890859257942805,0.20687130678667995,0.53244368318732815,0.27246142747255603,0.1950948893401159
439,2022-2023,2022-09-04,Manchester Utd,Arsenal,H,0.42894736842105263,0.23157894736842105,0.33947368421052632,0.25181446918653749,0.23770241049953153,0.51048312031393095,0.25202802514620132,0.23846915564337492,0.50950281921042384,0.38136644145183418,0.23804564778354079,0.38058791076462506,0.29121243270009389,0.24049023333448169,0.46829733396542472,0.27997080398787949,0.26297349075891052,0.45705570525321032
440,2022-2023,2022-09-16,Aston Villa,Southampton,H,0.42894736842105263,0.23157894736842105,0.33947368421052632,0.39905344202546328,0.27309857891548323,0.32784797905905355,0.39963443282105182,0.27358056053868912,0.326785006640259,0.44453731137085073,0.2356087735791747,0.3198539150499744,0.53854751067042483,0.24082070260728378,0.2206317867222915,0.52683004267874456,0.26425563859064433,0.2089143187306112
441,2022-2023,2022-09-16,Nottingham,Fulham,A,0.42894736842105263,0.23157894736842105,0.33947368421052632,0.32980872408610962,0.2668133868557559,0.4033778890581346,0.32670104018213381,0.26652666517140761,0.40677229464645853,0.41133557924352432,0.23748009503286843,0.35118432572360714,0.07635557434168036,0.14396016262172323,0.77968426303659644,0.069352093526467665,0.15796712425214868,0.77268078222138381
442,2022-2023,2022-09-17,Newcastle,Bournemouth,D,0.42894736842105263,0.23157894736842105,0.33947368421052632,0.546149475049029,0.26211894472066471,0.19173158023030634,0.54330647786072905,0.26316183031609675,0.19353169182317415,0.46949633427231297,0.23337328772929888,0.2971303779983881,0.79171344944807354,0.13706152990286302,0.071225020649063497,0.78574943025057264,0.14898956829786483,0.065261001451562592
443,2022-2023,2022-09-17,Tottenham,Leicester City,H,0.42894736842105263,0.23157894736842105,0.33947368421052632,0.6468369194010325,0.21949119782297652,0.13367188277599101,0.64989475828573517,0.21871566379351826,0.13138957792074657,0.59088735939336667,0.21280520258491745,0.19630743802171588,0.79464068602712723,0.12524964851968504,0.080109665453187776,0.78958016136689724,0.13537069784014502,0.075049140792957797
444,2022-2023,2022-09-17,Wolves,Manchester City,A,0.42894736842105263,0.23157894736842105,0.33947368421052632,0.30002522387842651,0.26345895714357176,0.43651581897800168,0.28522073906046225,0.2612143543304139,0.45356490660912391,0.27354634066318251,0.23021011580698181,0.49624354352983563,0.12002847058279804,0.21049696984684935,0.66947455957035273,0.11115060524734192,0.22825270051776159,0.66059669423489664
445,2022-2023,2022-09-18,Brentford,Arsenal,A,0.42894736842105263,0.23157894736842105,0.33947368421052632,0.39900520302204207,0.26694474817255581,0.33405004880540212,0.38953694440743958,0.26762245943395274,0.34284059615860757,0.35669779999352852,0.23767151298762476,0.4056306870188468,0.41296295225167706,0.22331950025647987,0.36371754749184299,0.40337196394841962,0.24250147686299475,0.35412655918858549
446,2022-2023,2022-09-18,Everton,West Ham,H,0.42894736842105263,0.23157894736842105,0.33947368421052632,0.41666456866899182,0.26032358084040957,0.32301185049059861,0.41257021976640207,0.26059707404064864,0.32683270619294935,0.41326249782561847,0.23740669240726373,0.34933080976711783,0.32605003672969679,0.31170486220158172,0.36224510106872171,0.31217077130291854,0.33946339305513817,0.34836583564194351
447,2022-2023,2022-10-01,Arsenal,Tottenham,H,0.42894736842105263,0.23157894736842105,0.33947368421052632,0.41337329873335316,0.24711840349523517,0.33950829777141173,0.41037446778406078,0.24785771632737311,0.34176781588856614,0.43576168074913058,0.23622736532035249,0.32801095393051694,0.3666126624884774,0.23649178816639541,0.39689554934512727,0.3570645905921736,0.25558793195900292,0.38734747744882359
448,2022-2023,2022-10-01,Bournemouth,Brentford,D,0.42894736842105263,0.23157894736842105,0.33947368421052632,0.34449875086965326,0.27321181254927857,0.38228943658106823,0.34817247178240762,0.27371434418772711,0.37811318402986521,0.46806113909361929,0.2335207183598059,0.29841814254657484,0.19534061512536083,0.19339487448575779,0.61126451038888119,0.18790472759619739,0.20826664954408461,0.60382862285971783
449,2022-2023,2022-10-01,Crystal Palace,Chelsea,A,0.42894736842105263,0.23157894736842105,0.33947368421052632,0.38199410093121255,0.26146430069285098,0.35654159837593646,0.37538382046134461,0.26177547859518691,0.36284070094346849,0.38154428008542213,0.23804554155050475,0.38041017836407309,0.40938354891666356,0.2747952837377165,0.3158211673456201,0.39775409153146951,0.29805419850810461,0.30419170996042605
450,2022-2023,2022-10-01,Fulham,Newcastle,A,0.42894736842105263,0.23157894736842105,0.33947368421052632,0.44879170746753938,0.25139866637167335,0.29980962616078727,0.44759003399635761,0.25208943777768367,0.30032052822595878,0.45199390833422465,0.23501429611567176,0.31299179555010359,0.57256776995768888,0.22369959227623185,0.20373263776607944,0.56309548228467865,0.24264416762225224,0.19426035009306927
451,2022-2023,2022-10-01,Liverpool,Brighton,D,0.42894736842105263,0.23157894736842105,0.33947368421052632,0.41272923200618095,0.2595986661140845,0.32767210187973461,0.42234492452565214,0.26043923297669835,0.31721584249764961,0.54238838538349199,0.22292572710295608,0.23468588751355191,0.66567247719320499,0.20703434266150558,0.12729318014528931,0.65695856721436618,0.22446216261918314,0.11857927016645053
452,2022-2023,2022-10-01,Southampton,Everton,A,0.42894736842105263,0.23157894736842105,0.33947368421052632,0.36920509085788655,0.25746571809732344,0.37332919104479007,0.36934355039347533,0.25798826481081089,0.37266818479571379,0.43782502419641717,0.23608984299176522,0.32608513281181761,0.38810944879782816,0.29615793049198202,0.3157326207101897,0.37607824557119618,0.32022033694524599,0.30370141748355772
453,2022-2023,2022-10-01,West Ham,Wolves,H,0.42894736842105263,0.23157894736842105,0.33947368421052632,0.36228745036506638,0.25686902653649579,0.38084352309843789,0.36483304360517077,0.25744507197258282,0.37772188442224652,0.44690880388710774,0.23542653906972355,0.31766465704316871,0.44101999162833139,0.34219291624940451,0.21678709212226402,0.43012950365605213,0.36397389219396298,0.20589660414998479
454,2022-2023,2022-10-02,Leeds United,Aston Villa,D,0.42894736842105263,0.23157894736842105,0.33947368421052632,0.46670923768706929,0.25995306991178407,0.27333769240114675,0.46300008639444656,0.26066686862833921,0.27633304497721412,0.45129638145279066,0.23507257362158043,0.31363104492562899,0.37978255056533455,0.25003354790426952,0.37018390153039588,0.36702141451215103,0.27555582001063661,0.3574227654772123
455,2022-2023,2022-10-02,Manchester City,Manchester Utd,H,0.42894736842105263,0.23157894736842105,0.33947368421052632,0.55146712941930753,0.24238149836969358,0.20615137221099891,0.55852121244217634,0.24186177620892851,0.19961701134889512,0.57378645263492778,0.21666178533505806,0.20955176203001416,0.82956335857930796,0.10815252996418229,0.062284111456509798,0.82432880009233667,0.11862164693812494,0.057049552969538467
456,2022-2023,2022-10-03,Leicester City,Nottingham,H,0.42894736842105263,0.23157894736842105,0.33947368421052632,0.41209215002212768,0.28785638061004803,0.30005146936782429,0.41191481116556938,0.28832432971434224,0.29976085912008832,0.4335940276726134,0.23636657107456333,0.33003940125282316,0.73098153027678114,0.14945383146338795,0.11956463825983089,0.72333844362323074,0.1647400047704885,0.11192155160628063
457,2022-2023,2022-10-08,Bournemouth,Leicester City,H,0.42894736842105263,0.23157894736842105,0.33947368421052632,0.46074853605013283,0.27514038253757866,0.26411108141228851,0.46128742043479926,0.27511094996408364,0.2636016296011171,0.48909129621209418,0.23113282043897371,0.27977588334893216,0.21235962717284584,0.2077872160478674,0.57985315677928673,0.20112104832412614,0.23026437374530676,0.56861457793056713
458,2022-2023,2022-10-08,Brighton,Tottenham,A,0.42894736842105263,0.23157894736842105,0.33947368421052632,0.42495936472590712,0.25185428548792482,0.32318634978616795,0.41728928673534899,0.25257382498428327,0.33013688828036769,0.39503851023554454,0.23792325183254126,0.36703823793191415,0.36405799861601412,0.25415874295559937,0.38178325842838651,0.34955300154245306,0.2831687371027215,0.3672782613548255
459,2022-2023,2022-10-08,Chelsea,Wolves,H,0.42894736842105263,0.23157894736842105,0.33947368421052632,0.51044828325801905,0.24268033022804258,0.24687138651393828,0.5181695178063469,0.24214431848711465,0.23968616370653847,0.56189286124705051,0.21915886207522697,0.21894827667772263,0.63112822604463636,0.2441591800792639,0.12471259387609961,0.61874285876797464,0.26892991463258736,0.11232722659943788
460,2022-2023,2022-10-08,Manchester City,Southampton,H,0.42894736842105263,0.23157894736842105,0.33947368421052632,0.65005448927567788,0.20973707498822675,0.14020843573609537,0.66190408390934963,0.20669777118053892,0.1313981449101114,0.67315499436463389,0.18978823770461226,0.13705676793075383,0.9358309047077914,0.044247024320233592,0.019922070971974987,0.93369514065264292,0.048518552430530631,0.017786306916826464
461,2022-2023,2022-10-08,Newcastle,Brentford,H,0.42894736842105263,0.23157894736842105,0.33947368421052632,0.43614908486436632,0.25991549622767968,0.30393541890795411,0.43936273135878995,0.26027798323325163,0.30035928540795831,0.49547344757564715,0.23031214545381257,0.27421440697054028,0.50324283204469955,0.25115065331704589,0.2456065146382545,0.48881475090838994,0.28000681558966539,0.23117843350194478
462,2022-2023,2022-10-09,Arsenal,Liverpool,H,0.42894736842105263,0.23157894736842105,0.33947368421052632,0.5000302672952075,0.24441715101960099,0.25555258168519146,0.49067632572727388,0.24594440013465252,0.26337927413807344,0.42100535797636818,0.23706753797800828,0.34192710404562349,0.34556197638326974,0.22945690882799502,0.4249811147887354,0.33468541513764782,0.2512100313192388,0.41410455354311348
463,2022-2023,2022-10-09,Crystal Palace,Leeds United,H,0.42894736842105263,0.23157894736842105,0.33947368421052632,0.39126841990896954,0.26896456365899918,0.33976701643203122,0.39418366810894773,0.26964135444057197,0.33617497745048025,0.47294443406773073,0.23300974286869397,0.29404582306357541,0.61423194502939393,0.22055686034304894,0.16521119462755726,0.60286963173829344,0.24328148692524981,0.15384888133645683
464,2022-2023,2022-10-09,Everton,Manchester Utd,A,0.42894736842105263,0.23157894736842105,0.33947368421052632,0.45921183303815094,0.26505593741043204,0.27573222955141702,0.45122314638176875,0.26596272595447551,0.28281412766375569,0.38200364566211981,0.23804508447784239,0.3799512698600378,0.35054543960072615,0.27152329117175589,0.37793126922751796,0.33657934722422661,0.29945547592475497,0.36396517685101853
465,2022-2023,2022-10-09,West Ham,Fulham,H,0.42894736842105263,0.23157894736842105,0.33947368421052632,0.40799616389211868,0.25935660401076516,0.33264723209711605,0.40475502812299446,0.25970991331463061,0.33553505856237498,0.4161048226158951,0.23729039689440415,0.34660478048970078,0.47159105680388097,0.23748466761676418,0.29092427557935513,0.45967321177399884,0.26132035767652811,0.27900643054947305
466,2022-2023,2022-10-10,Nottingham,Aston Villa,D,0.42894736842105263,0.23157894736842105,0.33947368421052632,0.32725536985434495,0.27228370729425289,0.40046092285140217,0.32820337901390895,0.27264374611506054,0.39915287487103057,0.43783347309800269,0.23608926983152376,0.32607725707047358,0.17954799711107344,0.2626858552072428,0.55776614768168398,0.16719027347954982,0.28740130247028994,0.54540842405016032
467,2022-2023,2022-10-14,Brentford,Brighton,H,0.42894736842105263,0.23157894736842105,0.33947368421052632,0.3588019842987249,0.26504075766418872,0.37615725803708644,0.35500343061518769,0.26538947559187337,0.37960709379293889,0.39150286904594844,0.23797696163484278,0.37052016931920873,0.31599458203368608,0.25463166467745685,0.42937375328885691,0.30158893608789916,0.28344295656903074,0.41496810734306994
468,2022-2023,2022-10-15,Fulham,Bournemouth,D,0.42894736842105263,0.23157894736842105,0.33947368421052632,0.46074819774795689,0.26559133071294139,0.27366047153910167,0.45956365748993938,0.26622893226763789,0.27420741024242268,0.43968240173354978,0.2359618749400281,0.32435572332642204,0.70051461692114958,0.16678923345101987,0.13269614962783036,0.69173345499007854,0.18435155731316208,0.12391498769675927
469,2022-2023,2022-10-15,Leicester City,Crystal Palace,D,0.42894736842105263,0.23157894736842105,0.33947368421052632,0.35688599800925741,0.27381657603241338,0.36929742595832915,0.35469814452746928,0.27421821746297065,0.37108363800955996,0.40167784763583642,0.23778129918261365,0.36054085318154983,0.38702078804280066,0.24263456666999719,0.37034464528720207,0.37374337445899874,0.26918939383760115,0.35706723170340005
470,2022-2023,2022-10-15,Tottenham,Everton,H,0.42894736842105263,0.23157894736842105,0.33947368421052632,0.53237914292568789,0.24009566415852984,0.22752519291578227,0.54257838560634752,0.23911646593535851,0.21830514845829402,0.5954784510119131,0.21171619612072107,0.19280535286736589,0.76197887174035639,0.15987455483296162,0.078146573426681853,0.7530617771350715,0.1777087440435314,0.069229478821396975
471,2022-2023,2022-10-15,Wolves,Nottingham,H,0.42894736842105263,0.23157894736842105,0.33947368421052632,0.48452767063447816,0.26077303032833959,0.25469929903718219,0.48160227522989196,0.26142029008774326,0.25697743468236472,0.45063104306548035,0.23512764994759802,0.3142413069869216,0.53013704496411329,0.29951830971625337,0.17034464531963339,0.51638742747609478,0.32701754469228983,0.15659502783161505
472,2022-2023,2022-10-16,Aston Villa,Chelsea,A,0.42894736842105263,0.23157894736842105,0.33947368421052632,0.3498124147411929,0.26167371217379898,0.38851387308500807,0.33981354381173395,0.26134052262576213,0.39884593356250397,0.33169053939183513,0.23647562847292608,0.43183383213523879,0.28877129677243241,0.27313495939164945,0.43809374383591815,0.27132462412216535,0.30802830469218356,0.42064707118565109
473,2022-2023,2022-10-16,Leeds United,Arsenal,A,0.42894736842105263,0.23157894736842105,0.33947368421052632,0.26935787780813081,0.2487787794139541,0.48186334277791515,0.25993204117241764,0.24723071464141688,0.49283724418616548,0.29301171129878562,0.23288455682737955,0.47410373187383487,0.18399686744331198,0.1875457234712396,0.62845740908544834,0.17316984524766976,0.20919976786252403,0.6176303868898062
474,2022-2023,2022-10-16,Liverpool,Manchester City,H,0.42894736842105263,0.23157894736842105,0.33947368421052632,0.30237791101740807,0.25153072158373169,0.44609136739886024,0.29950405321670959,0.25199626941718184,0.44849967736610868,0.39064407994657563,0.23798769739289058,0.37136822266053371,0.42105281283719809,0.20265626431032221,0.37629092285247984,0.41184527264254583,0.22107134469962672,0.36708338265782764
475,2022-2023,2022-10-16,Manchester Utd,Newcastle,D,0.42894736842105263,0.23157894736842105,0.33947368421052632,0.38846764837604969,0.24696853289056836,0.36456381873338201,0.38942162058636076,0.24762044986352855,0.36295792955011064,0.45283512468352433,0.23494328338902823,0.31222159192744742,0.3975898900432801,0.24581417529444008,0.3565959346622799,0.38208495726379194,0.27682404085341639,0.34109100188279179
476,2022-2023,2022-10-16,Southampton,West Ham,D,0.42894736842105263,0.23157894736842105,0.33947368421052632,0.33755682695927813,0.25771165934500168,0.40473151369572014,0.33366041456431017,0.25775590185272118,0.4085836835829687,0.38807862504123708,0.23801436916603602,0.37390700579272695,0.28133837561186237,0.27911516252125379,0.43954646186688373,0.26370629101589121,0.31437933171319615,0.42191437727091252
477,2022-2023,2022-10-18,Brighton,Nottingham,D,0.42894736842105263,0.23157894736842105,0.33947368421052632,0.56116410210454504,0.24075755660712073,0.19807834128833438,0.5627335113396118,0.24088905700105687,0.1963774316593313,0.52683782700774917,0.22563677100220381,0.24752540199004694,0.8277508294199698,0.12543947231043071,0.046809698269599395,0.82048516983184983,0.13997079148667077,0.039544038681479349
478,2022-2023,2022-10-18,Crystal Palace,Wolves,H,0.42894736842105263,0.23157894736842105,0.33947368421052632,0.44183411321174848,0.24953807383410512,0.30862781295414643,0.44388771432450652,0.25003885368467393,0.3060734319908196,0.48104370663337342,0.23210412205039122,0.28685217131623547,0.55417993916655872,0.31203303926733561,0.13378702156610586,0.54131770209002916,0.33775751342039428,0.12092478448957644
479,2022-2023,2022-10-19,Bournemouth,Southampton,A,0.42894736842105263,0.23157894736842105,0.33947368421052632,0.47000689063507217,0.25084336203545538,0.27914974732947256,0.47491799393050854,0.25072220471570589,0.27435980135378552,0.52819043478022498,0.22541127123275409,0.2463982939870209,0.44811284145011288,0.26316432240852228,0.28872283614136496,0.43036917440288502,0.29865165650297792,0.27097916909413711
480,2022-2023,2022-10-19,Brentford,Chelsea,D,0.42894736842105263,0.23157894736842105,0.33947368421052632,0.38135236360744512,0.2621732007321953,0.35647443566035952,0.37125998828749851,0.262446941413016,0.36629307029948543,0.34396165774415183,0.23716810434839442,0.4188702379074537,0.30870531620932284,0.23023090067732049,0.46106378311335661,0.29410873150318084,0.25942407008960455,0.44646719840721455
481,2022-2023,2022-10-19,Liverpool,West Ham,H,0.42894736842105263,0.23157894736842105,0.33947368421052632,0.51068255894447212,0.24462842968240178,0.2446890113731261,0.52130741873163666,0.24389232144306294,0.23480025982530042,0.58741968470106432,0.21361266474537641,0.19896765055355925,0.75112338092318942,0.15914987712083239,0.089726741955978323,0.74038185772427256,0.18063292351866617,0.078985218757061437
482,2022-2023,2022-10-19,Manchester Utd,Tottenham,H,0.42894736842105263,0.23157894736842105,0.33947368421052632,0.33743155709592265,0.24490603461574592,0.41766240828833157,0.33255705919900069,0.24501328084214399,0.4224296599588554,0.37713245820674457,0.23803648417253476,0.38483105762072062,0.26269532521996652,0.23291496729149572,0.50438970748853762,0.24735527803158289,0.26359506166826302,0.48904966030015395
483,2022-2023,2022-10-19,Newcastle,Everton,H,0.42894736842105263,0.23157894736842105,0.33947368421052632,0.49315350888238363,0.24363216622727205,0.26321432489034419,0.49895245494805779,0.24357245992908974,0.25747508512285233,0.53776265969852188,0.22375927820587899,0.2384780620955993,0.63239729796069466,0.23399777556841517,0.13360492647089012,0.6175998859063937,0.26359259967701726,0.1188075144165891
484,2022-2023,2022-10-20,Fulham,Aston Villa,H,0.42894736842105263,0.23157894736842105,0.33947368421052632,0.42682824426997568,0.25874811142280835,0.31442364430721609,0.4309411148836777,0.25904351719757707,0.3100153679187454,0.49101724207501751,0.2308898501355566,0.27809290778942591,0.49792946306892832,0.22614913322543331,0.2759214037056385,0.4847876785278456,0.25243270230759873,0.26277961916455578
485,2022-2023,2022-10-20,Leicester City,Leeds United,H,0.42894736842105263,0.23157894736842105,0.33947368421052632,0.4126187749142593,0.2770871383392256,0.3102940867465151,0.41327228855324621,0.27760276777872278,0.30912494366803106,0.45190677505326959,0.2350216060033328,0.31307161894339774,0.60195493112744725,0.18979771153526059,0.20824735733729222,0.5920791099590661,0.20954935387202278,0.19837153616891112
486,2022-2023,2022-10-22,Chelsea,Manchester Utd,D,0.42894736842105263,0.23157894736842105,0.33947368421052632,0.46928058620533941,0.24121101443673412,0.28950839935792644,0.47053242362899439,0.24173745002775607,0.28773012634324963,0.4847049344547662,0.23167103793827934,0.28362402760695438,0.58802163081845005,0.21957483695359944,0.19240353222795051,0.57434532394146376,0.24692745070757199,0.17872722535096427
487,2022-2023,2022-10-22,Everton,Crystal Palace,H,0.42894736842105263,0.23157894736842105,0.33947368421052632,0.37346179392300366,0.25446767766943501,0.37207052840756133,0.36851580624172686,0.25463485431404265,0.37684933944423044,0.38717061493265331,0.23802186594571298,0.37480751912163379,0.30181127894682486,0.31933170557594404,0.37885701547723111,0.28415198342111186,0.35465029662737002,0.36119771995151811
488,2022-2023,2022-10-22,Manchester City,Brighton,H,0.42894736842105263,0.23157894736842105,0.33947368421052632,0.55532906057592735,0.23097099597583809,0.21369994344823465,0.56473224556735591,0.23013021550751026,0.20513753892513381,0.59333483178062318,0.21222749368772881,0.19443767453164798,0.79441904091128412,0.13073922563839357,0.074841733450322356,0.78638195831761926,0.1468133908257232,0.066804650856657544
489,2022-2023,2022-10-22,Nottingham,Liverpool,H,0.42894736842105263,0.23157894736842105,0.33947368421052632,0.27336854507782493,0.26266021741728118,0.46397123750489389,0.25910389186835264,0.25958211369374273,0.48131399443790457,0.26619014447216127,0.22903693534732555,0.50477292018051323,0.042014484370566492,0.11192907909414007,0.84605643653529339,0.035150705030929451,0.12565663777341415,0.83919265719565628
490,2022-2023,2022-10-23,Aston Villa,Brentford,H,0.42894736842105263,0.23157894736842105,0.33947368421052632,0.38167390953874902,0.26022371247883469,0.35810237798241629,0.37796694439253237,0.26050488333592881,0.36152817227153883,0.40615468304523733,0.23765555196706722,0.3561897649876955,0.36225598174042112,0.27816587736958687,0.35957814088999196,0.34829114397427618,0.30609555290187673,0.34561330312384703
491,2022-2023,2022-10-23,Leeds United,Fulham,A,0.42894736842105263,0.23157894736842105,0.33947368421052632,0.37820832014566941,0.26320975288074411,0.3585819269735866,0.37091515022846816,0.26334705053068225,0.36573779924084959,0.37808154318905129,0.2380404940925028,0.38387796271844593,0.36742889277388335,0.21334292451471917,0.41922818271139745,0.3587248319000621,0.23075104626236162,0.41052412183757625
492,2022-2023,2022-10-23,Southampton,Arsenal,D,0.42894736842105263,0.23157894736842105,0.33947368421052632,0.24782369942183496,0.2454300254387855,0.50674627513937953,0.2385020261862334,0.24345405587510463,0.518043917938662,0.27660359293235098,0.23067095807134366,0.49272544899630522,0.17449801836239875,0.20789254980656954,0.61760943183103156,0.16408175804197894,0.2287250704474092,0.6071931715106117
493,2022-2023,2022-10-23,Tottenham,Newcastle,A,0.42894736842105263,0.23157894736842105,0.33947368421052632,0.43310518578116347,0.24274195536962681,0.32415285884920991,0.43711692542636216,0.24349541061141824,0.31938766396221951,0.50147208807503907,0.22950032490784691,0.26902758701711393,0.57284646688345064,0.23613854680651525,0.1910149863100343,0.56091091136024851,0.26000965785291941,0.17907943078683219
494,2022-2023,2022-10-23,Wolves,Leicester City,A,0.42894736842105263,0.23157894736842105,0.33947368421052632,0.43508152293538005,0.2714462233553242,0.29347225370929575,0.43257445668118821,0.27184780496871569,0.29557773835009604,0.44415724039284354,0.23563738544704965,0.32020537416010675,0.33739443838121996,0.27994162212085621,0.38266393949792399,0.32338527495056513,0.30795994898216589,0.36865477606726915
495,2022-2023,2022-10-24,West Ham,Bournemouth,H,0.42894736842105263,0.23157894736842105,0.33947368421052632,0.49075801114704065,0.25554988412610785,0.2536921047268515,0.48776311580027631,0.25633485856467514,0.25590202563504855,0.43652467051191468,0.23617708118261352,0.32729824830547183,0.65322561998994177,0.22666375636007025,0.1201106236499879,0.64154196571535971,0.25003106490923432,0.10842696937540587
496,2022-2023,2022-10-29,Bournemouth,Tottenham,A,0.42894736842105263,0.23157894736842105,0.33947368421052632,0.31883864473400103,0.25191956662374954,0.42924178864224932,0.31072152350357535,0.25112282732255969,0.4381556491738649,0.34558935401064772,0.2372445285825838,0.4171661174067684,0.1220913544612343,0.19561993979975889,0.68228870573900691,0.11121411789461046,0.21737441293300663,0.67141146917238304
497,2022-2023,2022-10-29,Brentford,Wolves,D,0.42894736842105263,0.23157894736842105,0.33947368421052632,0.49768431826827736,0.24792506639488548,0.25439061533683727,0.4975891382568795,0.24841654076029346,0.25399432098282715,0.48339059777470689,0.23182820368765528,0.28478119853763778,0.62432791252684661,0.23449848600523085,0.14117360146792271,0.61188190082270921,0.25939050941350583,0.12872758976378523
498,2022-2023,2022-10-29,Brighton,Chelsea,H,0.42894736842105263,0.23157894736842105,0.33947368421052632,0.35497308152992763,0.25784844499042814,0.38717847347964418,0.34910333003257599,0.25806342155994683,0.39283324840747719,0.37202206949238104,0.23799534942483611,0.38998258108278283,0.36744431309575537,0.29283370961265137,0.33972197729159309,0.35169480310735513,0.32433272958945208,0.32397246730319285
499,2022-2023,2022-10-29,Crystal Palace,Southampton,H,0.42894736842105263,0.23157894736842105,0.33947368421052632,0.44827873458788486,0.24529226477062602,0.30642900064148915,0.45138772777539066,0.24565059807303205,0.30296167415157738,0.49497264214029024,0.23037815023428262,0.27464920762542716,0.57905063074989893,0.25044234556346001,0.17050702368664111,0.56565439976304588,0.27723480753716617,0.157110792699788
500,2022-2023,2022-10-29,Fulham,Everton,D,0.42894736842105263,0.23157894736842105,0.33947368421052632,0.43386730953736458,0.24950440342889457,0.31662828703374091,0.43995887258527094,0.24989824366254362,0.31014288375218535,0.50941581775351608,0.22836515131219695,0.26221903093428689,0.56739912225625033,0.2053769444523203,0.22722393329142937,0.55702235830342295,0.22613047235797504,0.21684716933860201
501,2022-2023,2022-10-29,Leicester City,Manchester City,A,0.42894736842105263,0.23157894736842105,0.33947368421052632,0.29648962083931441,0.25337858546290354,0.45013179369778206,0.28091215337095632,0.25105313290001019,0.46803471372903344,0.25787810966726993,0.2275993234463356,0.51452256688639442,0.1395740765403003,0.13797074993942079,0.72245517352027888,0.13476112271690929,0.14759665758620286,0.71764221969688791
502,2022-2023,2022-10-29,Liverpool,Leeds United,A,0.42894736842105263,0.23157894736842105,0.33947368421052632,0.54785857381769931,0.23990819111956449,0.21223323506273609,0.56130212303315952,0.23799515841765712,0.2007027185491834,0.63634868497891806,0.20101196367497962,0.16263935134610238,0.88169015270754947,0.082993500376029955,0.035316346916420563,0.87709765882336588,0.092178488144397316,0.030723853032236886
503,2022-2023,2022-10-29,Newcastle,Aston Villa,H,0.42894736842105263,0.23157894736842105,0.33947368421052632,0.55135813189476401,0.22768069701415436,0.22096117109108165,0.55547916101758876,0.22749619878559563,0.21702464019681555,0.55276023027485777,0.2209733709330548,0.22626639879208751,0.62437683203718986,0.23594474106137342,0.13967842690143692,0.61194181811180703,0.26081476891213845,0.12724341297605432
504,2022-2023,2022-10-30,Arsenal,Nottingham,H,0.42894736842105263,0.23157894736842105,0.33947368421052632,0.62205340637422402,0.20631355002834512,0.17163304359743084,0.62851094016270392,0.20528194810522041,0.16620711173207559,0.60186057031368656,0.21016452071004701,0.1879749089762664,0.85238227498570363,0.107895479676293,0.039722245338003517,0.84645361489550186,0.11975279985669651,0.033793585247801766
505,2022-2023,2022-10-30,Manchester Utd,West Ham,H,0.42894736842105263,0.23157894736842105,0.33947368421052632,0.43679110008658684,0.24402140647618714,0.31918749343722602,0.44211016175674978,0.24446086544845741,0.3134289727947927,0.51216852309326155,0.22795584600004526,0.25987563090669319,0.5072013604773552,0.26275533903308912,0.2300433004895556,0.49266378820069079,0.291830483586418,0.21550572821289116
506,2022-2023,2022-11-05,Everton,Leicester City,A,0.42894736842105263,0.23157894736842105,0.33947368421052632,0.46375176655021666,0.26380459288968133,0.27244364056010217,0.46071364928392777,0.26435990246279145,0.27492644825328089,0.44246333459005494,0.2357629037276493,0.32177376168229577,0.41865022802028562,0.26694230464904023,0.31440746733067404,0.40512694940529015,0.2939888618790315,0.30088418871567846
507,2022-2023,2022-11-05,Leeds United,Bournemouth,H,0.42894736842105263,0.23157894736842105,0.33947368421052632,0.50982438494931703,0.25937091227756726,0.23080470277311571,0.50366347265567268,0.26066191012019296,0.23567461722413433,0.41604222175247424,0.23729306099079275,0.34666471725673309,0.60147642822525627,0.2187917397746518,0.17973183200009196,0.59039625899121895,0.24095207824272652,0.16865166276605462
508,2022-2023,2022-11-05,Manchester City,Fulham,H,0.42894736842105263,0.23157894736842105,0.33947368421052632,0.60591735014371106,0.21758348512796014,0.17649916472832886,0.61407964810468807,0.21636917419475293,0.16955117770055902,0.60883867336062603,0.20841744029427611,0.18274388634509775,0.92514077074503243,0.048765358146670996,0.026093871108296696,0.92338981061718317,0.052267278402369458,0.024342910980447472
509,2022-2023,2022-11-05,Nottingham,Brentford,D,0.42894736842105263,0.23157894736842105,0.33947368421052632,0.37499086498289796,0.26153132398916595,0.36347781102793614,0.37322966319898065,0.26176747205176443,0.36500286474925492,0.42827267592290541,0.23668532158305897,0.33504200249403571,0.23149953389741371,0.26517907470000657,0.50332139140257959,0.21828957652324626,0.29159898944834145,0.49011143402841223
510,2022-2023,2022-11-05,Wolves,Brighton,A,0.42894736842105263,0.23157894736842105,0.33947368421052632,0.32502011198029807,0.25296849941802002,0.42201138860168186,0.31998644874981902,0.25272731623365946,0.42728623501652152,0.3696532753333151,0.23796503935568683,0.39238168531099804,0.19869088423582065,0.30267084578525244,0.49863826997892707,0.18563432706463767,0.32878396012761846,0.48558171280774409
511,2022-2023,2022-11-06,Aston Villa,Manchester Utd,H,0.42894736842105263,0.23157894736842105,0.33947368421052632,0.3501242869534138,0.2610982937390155,0.3887774193075707,0.34127478757881952,0.26092335303818914,0.39780185938299145,0.33553632943956474,0.23671493336516611,0.42774873719526924,0.31406396000389514,0.27163759282161776,0.41429844717448716,0.30029365202058156,0.29917820878824486,0.40052813919117358
512,2022-2023,2022-11-06,Chelsea,Arsenal,A,0.42894736842105263,0.23157894736842105,0.33947368421052632,0.30521779555628969,0.23703070343010602,0.4577515010136044,0.30439881469512381,0.23770842848706528,0.45789275681781094,0.39973333378841552,0.23782840194005281,0.3624382642715317,0.38389841364151917,0.24156565238770925,0.37453593397077145,0.37203100247451426,0.26530047472171925,0.36266852280376649
513,2022-2023,2022-11-06,Southampton,Newcastle,A,0.42894736842105263,0.23157894736842105,0.33947368421052632,0.27325905097389286,0.2415191317712323,0.4852218172548749,0.26656945220579598,0.24064041112776902,0.49279013666643495,0.31972691711691026,0.23559839111115902,0.4446746917719307,0.18825098923528211,0.25648948100707447,0.55525952975764337,0.17563637672215382,0.28171870603333121,0.54264491724451513
514,2022-2023,2022-11-06,Tottenham,Liverpool,A,0.42894736842105263,0.23157894736842105,0.33947368421052632,0.50537178535328697,0.24659283126034329,0.24803538338636977,0.49935684454563156,0.2478963318798445,0.25274682357452405,0.44097499482713504,0.23587049030158544,0.32315451487127944,0.45775179410812117,0.23639669615396319,0.30585150973791569,0.446153659764217,0.25959296484177158,0.29425337539401153
515,2022-2023,2022-11-06,West Ham,Crystal Palace,A,0.42894736842105263,0.23157894736842105,0.33947368421052632,0.41438860163777846,0.25196157169745609,0.33364982666476545,0.41233591755411819,0.25254154157424347,0.33512254087163845,0.4306574236094689,0.23654652213778646,0.33279605425274444,0.44887954906657618,0.31457076707403181,0.23654968385939182,0.43513977209214161,0.34205032102290095,0.22280990688495725
516,2022-2023,2022-11-12,Bournemouth,Everton,H,0.42894736842105263,0.23157894736842105,0.33947368421052632,0.35625346670299235,0.2574530801907709,0.38629345310623681,0.36033801092866014,0.25816603671205285,0.38149595235928713,0.46605227156354939,0.23372323500971637,0.3002244934267343,0.36134397936621582,0.28417680529133782,0.35447921534244659,0.3497038314577614,0.30745710110824653,0.34283906743399217
517,2022-2023,2022-11-12,Liverpool,Southampton,H,0.42894736842105263,0.23157894736842105,0.33947368421052632,0.56642146250181724,0.22939266021340204,0.20418587728478074,0.57922080793394248,0.22742261488601556,0.19335657718004196,0.62821858708123346,0.20328701469528312,0.16849439822348333,0.8481790542254023,0.10630623423042819,0.045514711544169598,0.84374466695887651,0.11517500876347968,0.041080324277643854
518,2022-2023,2022-11-12,Manchester City,Brentford,A,0.42894736842105263,0.23157894736842105,0.33947368421052632,0.64308851346562346,0.2071986097884016,0.1497128767459748,0.65277586644155228,0.20509346587616939,0.14213066768227833,0.64605289767169716,0.19820052736615759,0.15574657496214517,0.90345170858148127,0.065151382506683328,0.031396908911835462,0.90101217711370685,0.070030445442232178,0.028957377444061034
519,2022-2023,2022-11-12,Newcastle,Chelsea,H,0.42894736842105263,0.23157894736842105,0.33947368421052632,0.54402896524559685,0.22777672228328466,0.22819431247111857,0.53958960705087244,0.22901639807675461,0.23139399487237294,0.46176841765973742,0.23414008264486688,0.30409149969539562,0.57110979983035026,0.23524861733555022,0.19364158283409955,0.56130585968633784,0.25485649762357498,0.18383764269008721
520,2022-2023,2022-11-12,Nottingham,Crystal Palace,H,0.42894736842105263,0.23157894736842105,0.33947368421052632,0.33340604790366968,0.25665141097700772,0.40994254111932255,0.3303152048568696,0.25673302000706016,0.41295177513607023,0.38734993580441734,0.2380204660950114,0.37462959810057123,0.20165636364907877,0.28047655300924978,0.51786708334167175,0.19087267582480039,0.30204392865780649,0.50708339551739334
521,2022-2023,2022-11-12,Tottenham,Leeds United,H,0.42894736842105263,0.23157894736842105,0.33947368421052632,0.48998063088215593,0.24555173816351333,0.26446763095433079,0.49991914037264801,0.24518114346467484,0.25489971616267704,0.57747050927863552,0.21585752858480839,0.20667196213655603,0.79066590685146643,0.12578245298775964,0.083551640160773821,0.78589520543510882,0.1353238558204749,0.07878093874441619
522,2022-2023,2022-11-12,West Ham,Leicester City,A,0.42894736842105263,0.23157894736842105,0.33947368421052632,0.40371197156857141,0.25891781197523267,0.33737021645619586,0.40355702771069907,0.25938271174373922,0.3370602605455616,0.44306920308186687,0.23571838431880124,0.32121241259933186,0.43129820528718532,0.26296966698303564,0.30573212772977926,0.42032872306093277,0.28490863143554074,0.29476264550352665
523,2022-2023,2022-11-12,Wolves,Arsenal,A,0.42894736842105263,0.23157894736842105,0.33947368421052632,0.20773630877726298,0.22259884891384377,0.56966484230889325,0.19895809732519995,0.22000061867557411,0.58104128399922605,0.25669931270329766,0.22738560992079265,0.51591507737590969,0.1222622272234286,0.21362091174937434,0.66411686102719714,0.11365411810513168,0.2308371299859682,0.65550875190890023
524,2022-2023,2022-11-13,Brighton,Aston Villa,A,0.42894736842105263,0.23157894736842105,0.33947368421052632,0.51827839448901869,0.24243408998498109,0.23928751552600014,0.52061981136474234,0.24265772398402954,0.23672246465122818,0.51875566342471657,0.22694316956623531,0.25430116700904803,0.60909054152584097,0.22265269759388279,0.16825676088027619,0.60300274527561615,0.23482829009433243,0.16216896463005137
525,2022-2023,2022-11-13,Fulham,Manchester Utd,A,0.42894736842105263,0.23157894736842105,0.33947368421052632,0.42702826156611712,0.25013622816442377,0.32283551026945911,0.4223586806250853,0.25081463217800765,0.32682668719690705,0.40395422589070717,0.23772036751234976,0.3583254065969429,0.48076749555153669,0.22260752513247525,0.29662497931598797,0.47521256877786988,0.23371737867980907,0.29107005254232116
526,2022-2023,2022-12-26,Arsenal,West Ham,H,0.42894736842105263,0.23157894736842105,0.33947368421052632,0.6135763737565797,0.20441272225944188,0.18201090398397843,0.62207512177669311,0.20307264493595839,0.17485223328734856,0.62488905381772208,0.20419769644251848,0.17091324973975949,0.7136543238064067,0.1885694413531987,0.09777623484039473,0.70863600775700253,0.19860607345200668,0.092757918790990726
527,2022-2023,2022-12-26,Aston Villa,Liverpool,A,0.42894736842105263,0.23157894736842105,0.33947368421052632,0.39601400916162971,0.25364797029578445,0.35033802054258573,0.38082220828422253,0.25372508874931721,0.36545270296646032,0.30738558165168128,0.23447738404558524,0.4581370343027335,0.22024530645249979,0.23869211704673907,0.54106257650076117,0.21370768679734242,0.25176735635705377,0.53452495684560375
528,2022-2023,2022-12-26,Brentford,Tottenham,D,0.42894736842105263,0.23157894736842105,0.33947368421052632,0.38375625217758558,0.25093916864942573,0.36530457917298886,0.3740713927194223,0.25111858848144575,0.37481001879913195,0.35184697926209696,0.23750522796594686,0.41064779277195623,0.30757271450797807,0.22072116560948052,0.47170611988254146,0.30217606140641856,0.23151447181259965,0.4663094667809819
529,2022-2023,2022-12-26,Crystal Palace,Fulham,A,0.42894736842105263,0.23157894736842105,0.33947368421052632,0.44406179535700963,0.23992772385117525,0.3160104807918151,0.44288146948896745,0.24041999702540126,0.31669853348563115,0.45478183049915477,0.23477589113934547,0.31044227836149985,0.45175305720602149,0.25480908716683176,0.29343785562714692,0.44477937535672085,0.26875645086543298,0.28646417377784633
530,2022-2023,2022-12-26,Everton,Wolves,A,0.42894736842105263,0.23157894736842105,0.33947368421052632,0.46964470162718375,0.24554545721222254,0.28480984116059366,0.4679712519341257,0.24602831718446588,0.28600043088140842,0.45822065919362015,0.23446978267560376,0.30730955813077609,0.46994502460612081,0.32878970034216165,0.20126527505171762,0.46301271622919221,0.34265431709601885,0.19433296667478903
531,2022-2023,2022-12-26,Leicester City,Newcastle,A,0.42894736842105263,0.23157894736842105,0.33947368421052632,0.34251829521464289,0.24366575953852782,0.41381594524682924,0.33729566169455805,0.24388961955289684,0.41881471875254511,0.35083140343352248,0.23746647129926454,0.41170212526721295,0.31923098281874923,0.24882309528126861,0.43194592189998199,0.31248692825725555,0.26231120440425604,0.42520186733848825
532,2022-2023,2022-12-26,Southampton,Brighton,A,0.42894736842105263,0.23157894736842105,0.33947368421052632,0.32888898239937059,0.255080613407348,0.41603040419328136,0.32330004325396644,0.25482059937310741,0.42187935737292614,0.35409822301848493,0.23758626371457772,0.40831551326693727,0.24710577849457407,0.25013890633955738,0.50275531516586847,0.2402526755882308,0.26384511215224399,0.49590221225952519
533,2022-2023,2022-12-27,Chelsea,Bournemouth,H,0.42894736842105263,0.23157894736842105,0.33947368421052632,0.49160679553090963,0.25063168672597341,0.25776151774311695,0.49632873004711026,0.25063607020539946,0.25303519974749011,0.53045240032940222,0.22502977471975619,0.24451782495084162,0.68313784106328934,0.183006383187265,0.13385577574944554,0.67821713344539758,0.19284779842304861,0.12893506813155373
534,2022-2023,2022-12-27,Manchester Utd,Nottingham,H,0.42894736842105263,0.23157894736842105,0.33947368421052632,0.57497406558876085,0.22887595782000769,0.19614997659123165,0.57870292281998081,0.22858837705905335,0.19270870012096583,0.54568084337962208,0.22231845545166273,0.23200070116871518,0.72478765835586589,0.1791406877660105,0.096071653878123678,0.71996846844693707,0.1887790675838682,0.091252463969194827
535,2022-2023,2022-12-28,Leeds United,Manchester City,A,0.42894736842105263,0.23157894736842105,0.33947368421052632,0.2889889813525448,0.24174465508103352,0.46926636356642176,0.27222037887642253,0.23893039549631692,0.48884922562726041,0.24219754409079539,0.22454989501390829,0.53325256089529638,0.10492878243792837,0.13314499201615485,0.7619262255459166,0.10203628207837206,0.13892999273526749,0.75903372518636025
536,2022-2023,2022-12-30,Liverpool,Leicester City,H,0.42894736842105263,0.23157894736842105,0.33947368421052632,0.54175890318051323,0.23617578859008728,0.22206530822939946,0.55255350000842429,0.23492275022131268,0.21252374977026298,0.59546832602004129,0.21171862280539702,0.19281305117456174,0.72957512311826622,0.15572985289104374,0.11469502399069001,0.72569427833461297,0.16349154245835026,0.11081417920703676
537,2022-2023,2022-12-30,West Ham,Brentford,A,0.42894736842105263,0.23157894736842105,0.33947368421052632,0.39734032298516603,0.2540476657066188,0.34861201130821518,0.39371133893228943,0.25446424520264177,0.35182441586506885,0.40731323055855739,0.23761909620613933,0.35506767323530319,0.40078900734913686,0.270657466571743,0.32855352607911997,0.39361903462447728,0.28499741202106255,0.32138355335446028
538,2022-2023,2022-12-31,Bournemouth,Crystal Palace,A,0.42894736842105263,0.23157894736842105,0.33947368421052632,0.39288459122923697,0.25733741666440596,0.34977799210635707,0.39154446525779235,0.25777097827059814,0.35068455647160957,0.42325682311949547,0.23695570890140993,0.3397874679790947,0.37205291492369974,0.27092593614979654,0.35702114892650366,0.364703226249811,0.28562531349757397,0.34967146025261497
539,2022-2023,2022-12-31,Brighton,Arsenal,A,0.42894736842105263,0.23157894736842105,0.33947368421052632,0.31990500682413575,0.23710303202171346,0.44299196115415068,0.31245999336357261,0.23690962890166017,0.45063037773476716,0.3309229397172706,0.23642540240354198,0.43265165787918741,0.29933411334323629,0.24161878179346558,0.45904710486329808,0.29289670893815872,0.25449359060362076,0.45260970045822052
540,2022-2023,2022-12-31,Fulham,Southampton,H,0.42894736842105263,0.23157894736842105,0.33947368421052632,0.52879832329449583,0.23512172841189691,0.23607994829360732,0.53446548252251758,0.23476428049440828,0.23077023698307414,0.54234127527214271,0.22293433193040188,0.23472439279745552,0.73346388819267927,0.15591753752557677,0.11061857428174397,0.7294207510372841,0.164003811836367,0.10657543712634884
541,2022-2023,2022-12-31,Manchester City,Everton,D,0.42894736842105263,0.23157894736842105,0.33947368421052632,0.63615760975097613,0.202551755119355,0.16129063512966904,0.65045708254696988,0.1994815349554995,0.15006138249753073,0.67999759182795838,0.18753181117471771,0.13247059699732397,0.86656201327403348,0.095942270838607013,0.03749571588735947,0.86396000481781998,0.10114628775103397,0.034893707431145976
542,2022-2023,2022-12-31,Newcastle,Leeds United,D,0.42894736842105263,0.23157894736842105,0.33947368421052632,0.61956405547582361,0.21221722354172678,0.16821872098244972,0.62608920008547309,0.21107011364736883,0.16284068626715809,0.60136290134855785,0.21028710282490121,0.18834999582654094,0.78963068372094047,0.13361682566816846,0.076752490610891122,0.78605829763031176,0.14076159784942588,0.073180104520262385
543,2022-2023,2022-12-31,Wolves,Manchester Utd,A,0.42894736842105263,0.23157894736842105,0.33947368421052632,0.32264468928059931,0.25423607196894393,0.42311923875045665,0.31408839878053785,0.25358535899776946,0.43232624222169269,0.32012017522595226,0.23563046581858438,0.44424935895546336,0.21157870311210278,0.26021731693221101,0.52820397995568635,0.20465712388042037,0.27406047539557582,0.52128240072400389
544,2022-2023,2023-01-01,Nottingham,Chelsea,D,0.42894736842105263,0.23157894736842105,0.33947368421052632,0.33418242853291441,0.24191893451882976,0.42389863694825586,0.32548561294795975,0.24128215494433811,0.43323223210770218,0.34428146702493512,0.2371834025096225,0.4185351304654425,0.12445834419433041,0.23125575246107458,0.64428590334459512,0.11672912373744772,0.24671419337483994,0.6365566828877125
545,2022-2023,2023-01-01,Tottenham,Aston Villa,A,0.42894736842105263,0.23157894736842105,0.33947368421052632,0.53567051345863548,0.23543228311786779,0.22889720342349679,0.54304143869900667,0.23488363404501872,0.22207492725597461,0.56700078393216347,0.218105028344795,0.21489418772304153,0.67095967512361987,0.17927822971423599,0.14976209516214434,0.66484292212995022,0.19151173570157509,0.14364534216847477
546,2022-2023,2023-01-02,Brentford,Liverpool,H,0.42894736842105263,0.23157894736842105,0.33947368421052632,0.39199422305700132,0.25097889554374692,0.35702688139925176,0.37926710291865773,0.25115822617908823,0.36957467090225404,0.32071308788044028,0.23567840425921621,0.44360850786034356,0.22204764284672576,0.21592133095503646,0.56203102619823775,0.21318220098258878,0.23365221468331043,0.55316558433410079
547,2022-2023,2023-01-03,Arsenal,Newcastle,D,0.42894736842105263,0.23157894736842105,0.33947368421052632,0.48852540196096766,0.22203286483755255,0.28944173320147981,0.49312187924554313,0.22253111955762439,0.28434700119683248,0.51352627755432634,0.22775094301613713,0.25872277942953653,0.44093393364973632,0.26303827271680885,0.29602779363345494,0.42979008186646739,0.28532597628334677,0.28488394185018601
548,2022-2023,2023-01-03,Everton,Brighton,A,0.42894736842105263,0.23157894736842105,0.33947368421052632,0.3544786877787271,0.2590586640775992,0.38646264814367381,0.34832975678099171,0.25902005971510522,0.39265018350390313,0.35980875012085978,0.23776187260464576,0.40242937727449446,0.26457505915658114,0.26759682594996465,0.46782811489345438,0.25332901914472888,0.29008890597366915,0.45658207488160213
549,2022-2023,2023-01-03,Leicester City,Fulham,A,0.42894736842105263,0.23157894736842105,0.33947368421052632,0.37062093176938921,0.24462071467461205,0.38475835355599863,0.36858004364561781,0.24508774745526393,0.38633220889911818,0.40535212225427969,0.23767986423959694,0.35696801350612334,0.42856018171127069,0.21747306791281026,0.35396675037591896,0.42079536597702333,0.23300269938130508,0.34620193464167154
550,2022-2023,2023-01-03,Manchester Utd,Bournemouth,H,0.42894736842105263,0.23157894736842105,0.33947368421052632,0.61692224719300692,0.21473832133484408,0.168339431472149,0.62099899972956218,0.21413112854122038,0.16486987172921747,0.57192291509185822,0.21706306077751955,0.21101402413062215,0.73121889791043893,0.1618037604069732,0.10697734168258789,0.72446876522494619,0.17530402577795848,0.10022720899709527
551,2022-2023,2023-01-04,Aston Villa,Wolves,D,0.42894736842105263,0.23157894736842105,0.33947368421052632,0.51394657209734163,0.23558298452234622,0.2504704433803121,0.51618457685860009,0.23575780656106321,0.24805761658033673,0.50223245462803368,0.22939462841021024,0.26837291696175603,0.58222905393308078,0.25724300391587052,0.16052794215104865,0.57338139333563687,0.2749383251107585,0.15168028155360466
552,2022-2023,2023-01-04,Crystal Palace,Tottenham,A,0.42894736842105263,0.23157894736842105,0.33947368421052632,0.40433018920066832,0.23959171957631228,0.35607809122301942,0.39676331478594085,0.23989827392331553,0.36333841129074357,0.37669854088853194,0.23803427326539994,0.38526718584606817,0.28563053797889959,0.2507868915458451,0.46358257047525542,0.2763346297210203,0.26937870806160358,0.45428666221737618
553,2022-2023,2023-01-04,Leeds United,West Ham,D,0.42894736842105263,0.23157894736842105,0.33947368421052632,0.45976389531098899,0.23722144331059575,0.30301466137841521,0.4579265540376582,0.23775872331091386,0.304314722651428,0.45089059799779591,0.23510622361857883,0.31400317838362518,0.45116255946573836,0.26460006254145102,0.28423737799281057,0.44134877555125507,0.28422763037041759,0.27442359407832728
554,2022-2023,2023-01-04,Southampton,Nottingham,A,0.42894736842105263,0.23157894736842105,0.33947368421052632,0.43369333035297009,0.26024075868239999,0.30606591096462998,0.42812856260282511,0.26087017397116474,0.31100126342601025,0.39590668712578087,0.23790773010295579,0.36618558277126334,0.49220006631908064,0.27336399323880506,0.23443594044211433,0.48235548098762304,0.2930531639017202,0.22459135511065673
555,2022-2023,2023-01-05,Chelsea,Manchester City,A,0.42894736842105263,0.23157894736842105,0.33947368421052632,0.3143438289667857,0.24355797978150806,0.44209819125170635,0.30682976714025884,0.24311922928546773,0.45005100357427352,0.34472985588915989,0.23720461863287043,0.41806552547796966,0.2285005922272304,0.23160403793439732,0.53989536983837239,0.21998355026861166,0.24863812185163472,0.53137832787975359
556,2022-2023,2023-01-12,Fulham,Chelsea,H,0.42894736842105263,0.23157894736842105,0.33947368421052632,0.464625746401234,0.23753952065717177,0.29783473294159418,0.46041034145893256,0.23836892795250217,0.30122073058856524,0.42399288979484906,0.23691786430173267,0.33908924590341821,0.40536626168256268,0.26780449612486268,0.32682924219257453,0.39688538930224088,0.28476624088550617,0.31834836981225278
557,2022-2023,2023-01-13,Aston Villa,Leeds United,H,0.42894736842105263,0.23157894736842105,0.33947368421052632,0.4779691803673024,0.2398448941750535,0.28218592545764404,0.47907737748533197,0.24021597499071323,0.28070664752395491,0.48571701658235411,0.23154872370882085,0.28273425970882504,0.49973997193882819,0.23322596382268729,0.26703406423848441,0.49244898448852387,0.2478079387232959,0.25974307678818009
558,2022-2023,2023-01-14,Brentford,Bournemouth,H,0.42894736842105263,0.23157894736842105,0.33947368421052632,0.60156133906460019,0.22078357871853865,0.17765508221686116,0.60198393929690397,0.22114321486266286,0.17687284584043328,0.51982437364555156,0.22677445881112382,0.25340116754332465,0.7451696424248867,0.14993374028770767,0.10489661728740561,0.74061018311604698,0.15905265890538714,0.10033715797856588
559,2022-2023,2023-01-14,Brighton,Liverpool,H,0.42894736842105263,0.23157894736842105,0.33947368421052632,0.43478436670948017,0.24789340909013213,0.31732222420038769,0.42502787907061546,0.24872275626822202,0.32624936466116256,0.35536168544538876,0.23762880865776637,0.40700950589684481,0.33112000372414635,0.22013515682494789,0.44874483945090599,0.32495189764802668,0.23247136897718701,0.44257673337478626
560,2022-2023,2023-01-14,Everton,Southampton,A,0.42894736842105263,0.23157894736842105,0.33947368421052632,0.44253266197271662,0.24808617442124858,0.30938116360603468,0.4436623131084681,0.24840725515405118,0.30793043173748069,0.47254661278191362,0.23305235866052995,0.29440102855755657,0.45354716999882089,0.28940544982316452,0.25704738017801454,0.44474742240941811,0.30700494500197012,0.24824763258861177
561,2022-2023,2023-01-14,Manchester Utd,Manchester City,H,0.42894736842105263,0.23157894736842105,0.33947368421052632,0.38319748952747801,0.23287767232147707,0.38392483815104489,0.37381689560274983,0.23308361917088918,0.39309948522636101,0.3578965323240314,0.23770783118083244,0.40439563649513627,0.22877999579531558,0.22421172410651727,0.54700828009816704,0.22174214345154622,0.23828742879405596,0.53997042775439774
562,2022-2023,2023-01-14,Nottingham,Leicester City,H,0.42894736842105263,0.23157894736842105,0.33947368421052632,0.42838440956287932,0.25067623790285859,0.32093935253426203,0.42864640877026955,0.2509138209498315,0.32043977027989906,0.45645007957641942,0.23462905009737475,0.30892087032620585,0.20607548299763037,0.24850978016110434,0.54541473684126551,0.19815379747399184,0.26435315120838138,0.53749305131762692
563,2022-2023,2023-01-14,Wolves,West Ham,H,0.42894736842105263,0.23157894736842105,0.33947368421052632,0.38961005663230086,0.24283032220039846,0.36755962116730062,0.3890086405926711,0.24315970771401341,0.3678316516933155,0.43703344064878219,0.2361431797627733,0.3268233795884446,0.30267418338096713,0.32553303104774522,0.37179278557128775,0.29365626398994171,0.34356886982979606,0.36277486618026233
564,2022-2023,2023-01-15,Chelsea,Crystal Palace,H,0.42894736842105263,0.23157894736842105,0.33947368421052632,0.4484088921461199,0.24505644291254466,0.30653466494133541,0.45248609672570989,0.24547702053359888,0.30203688274069129,0.49817732909867224,0.22995106307815974,0.27187160782316799,0.57249536386409339,0.25812593125684702,0.16937870487905965,0.56616315437840647,0.27079035022822073,0.16304649539337276
565,2022-2023,2023-01-15,Newcastle,Fulham,H,0.42894736842105263,0.23157894736842105,0.33947368421052632,0.49052294840870825,0.22519486318101634,0.28428218841027525,0.49332330379280892,0.22567946132664435,0.28099723488054668,0.50538841231072973,0.22894922190024106,0.26566236578902919,0.58799193352550094,0.23888141878090563,0.17312664769359357,0.58184015883437312,0.25118496816316116,0.1669748730024658
566,2022-2023,2023-01-15,Tottenham,Arsenal,A,0.42894736842105263,0.23157894736842105,0.33947368421052632,0.34799607359915569,0.24056887273084573,0.41143505366999861,0.34457402244359731,0.24115343797130268,0.41427253958510002,0.37842583055078066,0.2380416688502893,0.38353250059893007,0.33615885147166236,0.22422773861301062,0.43961340991532699,0.33091009252170012,0.23472525651293516,0.43436465096536475
567,2022-2023,2023-01-18,Crystal Palace,Manchester Utd,D,0.42894736842105263,0.23157894736842105,0.33947368421052632,0.30679238250778346,0.24142547010152277,0.45178214739069378,0.30036876272646973,0.24104066518638045,0.45859057208714976,0.33558838595089707,0.23671803207816028,0.42769358197094265,0.21493986464501241,0.25994537429299558,0.52511476106199217,0.21115438020792571,0.26751634316716894,0.52132927662490536
568,2022-2023,2023-01-19,Manchester City,Tottenham,H,0.42894736842105263,0.23157894736842105,0.33947368421052632,0.50446366036006618,0.22695140763107632,0.26858493200885752,0.50991801205779608,0.22721215820430626,0.26286982973789763,0.53783049980636477,0.22374721928224967,0.23842228091138554,0.65406262984232888,0.17594052153341055,0.16999684862426054,0.65082489116488429,0.18241599888829985,0.16675910994681589
569,2022-2023,2023-01-21,Bournemouth,Nottingham,D,0.42894736842105263,0.23157894736842105,0.33947368421052632,0.42151408231065413,0.2551518735128589,0.32333404417648709,0.41763339006957506,0.25564551661520368,0.32672109331522131,0.40781412565673997,0.23760283793813708,0.35458303640512301,0.35538063768820416,0.28715994994930499,0.35745941236249079,0.34986024633968943,0.29820073264633445,0.35193902101397601
570,2022-2023,2023-01-21,Crystal Palace,Newcastle,D,0.42894736842105263,0.23157894736842105,0.33947368421052632,0.26688111699598055,0.22650668851427777,0.5066121944897416,0.26202096050871099,0.22605657774094684,0.51192246175034217,0.33123838337867417,0.23644614224429095,0.43231547437703488,0.14032763935136419,0.27959637278499888,0.58007598786363701,0.13587643377371034,0.28849878394030659,0.57562478228598313
571,2022-2023,2023-01-21,Leicester City,Brighton,D,0.42894736842105263,0.23157894736842105,0.33947368421052632,0.31464336148567007,0.24728468939910264,0.43807194911522723,0.31046856520771865,0.24726411440876253,0.44226732038351885,0.35934583390478003,0.2377492283177314,0.40290493777748865,0.28335383600567288,0.21784937158698103,0.49879679240734603,0.27950146795230857,0.22555410769370965,0.49494442435398167
572,2022-2023,2023-01-21,Liverpool,Chelsea,D,0.42894736842105263,0.23157894736842105,0.33947368421052632,0.47222391650864476,0.22847278000169699,0.29930330348965822,0.47638356728701076,0.22897355277125836,0.29464287994173088,0.50954253648763659,0.22834648915896175,0.26211097435340158,0.50852070494416002,0.25324637201801542,0.23823292303782459,0.50354325316289972,0.26320127558053602,0.23325547125656423
573,2022-2023,2023-01-21,Southampton,Aston Villa,A,0.42894736842105263,0.23157894736842105,0.33947368421052632,0.36120469042967007,0.25369987921989029,0.38509543035043958,0.35596469121807289,0.25377461347140468,0.39026069531052232,0.36794288559509347,0.23793869912896795,0.39411841527593866,0.26523970233441446,0.26027082436513155,0.47448947330045388,0.26012412920772421,0.27050197061851233,0.46937390017376363
574,2022-2023,2023-01-21,West Ham,Everton,H,0.42894736842105263,0.23157894736842105,0.33947368421052632,0.40886047535207509,0.24662637584629435,0.34451314880163042,0.41177949085060533,0.24710231186111245,0.34111819728828219,0.4758838856926102,0.23268943585252513,0.29142667845486464,0.46264435007926175,0.30014159223826248,0.23721405768247575,0.45730906564613077,0.31081216110452431,0.23187877324934481
575,2022-2023,2023-01-22,Arsenal,Manchester Utd,H,0.42894736842105263,0.23157894736842105,0.33947368421052632,0.54526033964305209,0.21781249815827453,0.23692716219867335,0.54784050993380262,0.21824219877130963,0.2339172912948877,0.51681684029286667,0.22724609702106005,0.2559370626860733,0.62908623143916764,0.20819741369537276,0.16271635486545957,0.62244454694950779,0.22148078267469246,0.15607467037579972
576,2022-2023,2023-01-22,Leeds United,Brentford,D,0.42894736842105263,0.23157894736842105,0.33947368421052632,0.35102220643541354,0.25068274230272802,0.39829505126185843,0.34526290031651086,0.25081306746081539,0.40392403222267381,0.35707789804195755,0.23768323293584612,0.40523886902219619,0.32601605429223102,0.22234963975097505,0.4516343059567941,0.3196918965716965,0.23499795519204403,0.44531014823625958
577,2022-2023,2023-01-22,Manchester City,Wolves,H,0.42894736842105263,0.23157894736842105,0.33947368421052632,0.62293482611311823,0.20566347206060578,0.17140170182627604,0.63659163303278221,0.20304814128763302,0.1603602256795848,0.66201002549302457,0.19334834262065873,0.14464163188631668,0.8422436430002288,0.11100136585891847,0.046754991140852652,0.83870119228892948,0.11808626728151715,0.043212540429553317
578,2022-2023,2023-01-23,Fulham,Tottenham,A,0.42894736842105263,0.23157894736842105,0.33947368421052632,0.43790228267057479,0.22411790792931205,0.33797980940011318,0.43277259908953669,0.22473181154464975,0.34249558936581359,0.41115617547754429,0.2374867049393965,0.35135711958305932,0.43305958205468897,0.21845621445805971,0.34848420348725118,0.42531723997127346,0.2339408986248909,0.34074186140383567
579,2022-2023,2023-02-03,Chelsea,Fulham,D,0.42894736842105263,0.23157894736842105,0.33947368421052632,0.43148203694777687,0.23917128813046767,0.32934667492175551,0.43456947854682298,0.23969127206452109,0.325739249388656,0.48276115888846555,0.23190279917873621,0.28533604193279821,0.43846370606950819,0.28779010611913325,0.27374618781135873,0.42998758621829075,0.30474234582156801,0.26527006796014135
580,2022-2023,2023-02-04,Aston Villa,Leicester City,A,0.42894736842105263,0.23157894736842105,0.33947368421052632,0.50974876631972299,0.23037865696174817,0.25987257671852876,0.51057758096265426,0.2306953626558757,0.25872705638147009,0.49463134220039096,0.23042297602460809,0.27494568177500089,0.47907264774499797,0.24454913694773717,0.27637821530726486,0.46997722148915116,0.26273998945943061,0.26728278905141817
581,2022-2023,2023-02-04,Brentford,Southampton,H,0.42894736842105263,0.23157894736842105,0.33947368421052632,0.5645222160974005,0.21741439277562796,0.21806339112697151,0.57142737654192399,0.21673910669708793,0.21183351676098819,0.57298802494990808,0.21683416701631222,0.21017780803377972,0.69378433322930799,0.18704743575074548,0.11916823101994659,0.68677531102469247,0.20106548015997641,0.11215920881533112
582,2022-2023,2023-02-04,Brighton,Bournemouth,H,0.42894736842105263,0.23157894736842105,0.33947368421052632,0.5984789979056313,0.21339079478698803,0.1881302073073807,0.60231167679058573,0.21310577455027066,0.18458254865914361,0.54908444555191516,0.22167847252193479,0.22923708192615003,0.84622266548153691,0.098625382714133542,0.055151951804329594,0.84280615876316745,0.10545839615087249,0.051735445085960126
583,2022-2023,2023-02-04,Everton,Arsenal,H,0.42894736842105263,0.23157894736842105,0.33947368421052632,0.20022189217509379,0.21669271796453085,0.58308538986037528,0.1868719724399682,0.21214113082624533,0.60098689673378647,0.2006436963269414,0.21411277659835284,0.58524352707470573,0.081357349791327027,0.15603628089032917,0.76260636931834402,0.075523796521228523,0.16770338743052612,0.75677281604824542
584,2022-2023,2023-02-04,Manchester Utd,Crystal Palace,H,0.42894736842105263,0.23157894736842105,0.33947368421052632,0.52678032713611778,0.2204401270109243,0.25277954585295792,0.53307623419814787,0.22029856991094857,0.24662519589090365,0.54911391999575976,0.22167287620239548,0.22921320380184484,0.63190883012922106,0.222976194833683,0.145114975037096,0.62370081696883739,0.23939222115445016,0.13690696187671245
585,2022-2023,2023-02-04,Newcastle,West Ham,D,0.42894736842105263,0.23157894736842105,0.33947368421052632,0.55831242692834493,0.21560332010275279,0.22608425296890222,0.56728578901791626,0.21480857262848169,0.21790563835360205,0.60180288337875143,0.21017874347303542,0.18801837314821329,0.66684258244573136,0.23842995766775341,0.094727459886515097,0.65976362863818883,0.2525878652828385,0.087648506078972552
586,2022-2023,2023-02-04,Wolves,Liverpool,H,0.42894736842105263,0.23157894736842105,0.33947368421052632,0.34125998926462975,0.24084787023752632,0.41789214049784401,0.32670680751464071,0.23960836686252998,0.43368482562282934,0.28553910672990768,0.23192997675603239,0.48253091651405994,0.15781011500014611,0.24221340896519183,0.59997647603466231,0.14909713844555827,0.25963936207436744,0.59126349948007439
587,2022-2023,2023-02-05,Nottingham,Leeds United,H,0.42894736842105263,0.23157894736842105,0.33947368421052632,0.44589984863885695,0.24264493693993827,0.31145521442120483,0.44831753233799682,0.24291374004434793,0.30876872761765534,0.49219301116042952,0.23073952714388196,0.27706746169568858,0.34566647269786582,0.27123467166599163,0.38309885563614249,0.34030760830445378,0.28195240045281561,0.3777399912427305
588,2022-2023,2023-02-05,Tottenham,Manchester City,H,0.42894736842105263,0.23157894736842105,0.33947368421052632,0.34024149410835131,0.23769082249567533,0.42206768339597345,0.33317734373689173,0.23774606520617667,0.42907659105693158,0.35231783699413177,0.23752273222263537,0.41015943078323286,0.29131361759042451,0.20684523966872573,0.50184114274084979,0.28797746446999528,0.21351754590958416,0.49850498962042061
589,2022-2023,2023-02-08,Manchester Utd,Leeds United,D,0.42894736842105263,0.23157894736842105,0.33947368421052632,0.5856478377105041,0.21862040973916116,0.1957317525503347,0.59489383235787618,0.21721503469630909,0.18789113294581469,0.60961653195050025,0.20821941506119074,0.18216405298830901,0.70293904902456261,0.17056036352364098,0.12650058745179632,0.70255629014356624,0.17132588128563378,0.12611782857079995
590,2022-2023,2023-02-11,Arsenal,Brentford,D,0.42894736842105263,0.23157894736842105,0.33947368421052632,0.52362751031549237,0.21902387808006576,0.25734861160444189,0.53214996216348143,0.21883250506472285,0.24901753277179564,0.56969667234261667,0.21753755325321125,0.21276577440417208,0.65348305448565103,0.19269551654156161,0.15382142897278739,0.65309673144964819,0.19346816261356722,0.15343510593678455
591,2022-2023,2023-02-11,Bournemouth,Newcastle,D,0.42894736842105263,0.23157894736842105,0.33947368421052632,0.25341655914559402,0.2304728080095145,0.51611063284489145,0.2453050128020999,0.22892991879592561,0.52576506840197446,0.29010350261950896,0.2325235316133992,0.47737296576709171,0.09667813931241423,0.22198069443567753,0.68134116625190833,0.096287276030800673,0.22276242099890464,0.6809503029702948
592,2022-2023,2023-02-11,Crystal Palace,Brighton,D,0.42894736842105263,0.23157894736842105,0.33947368421052632,0.30710258571477927,0.23956211484833495,0.45333529943688583,0.30474255446204007,0.23976895988295172,0.45548848565500821,0.37958699007507635,0.23804453393637423,0.38236847598854928,0.25544329358216494,0.25540918994033662,0.48914751647749821,0.2549214640992471,0.25645284890617237,0.48862568699458042
593,2022-2023,2023-02-11,Fulham,Nottingham,H,0.42894736842105263,0.23157894736842105,0.33947368421052632,0.50525789099320539,0.23493209393074493,0.25981001507604973,0.50600670906120893,0.23551871996938406,0.25847457096940696,0.48033802323213898,0.23218590347351348,0.28747607329434749,0.63725769233346863,0.231830821758017,0.13091148590851442,0.63681358320198056,0.2327190400209932,0.13046737677702633
594,2022-2023,2023-02-11,Leicester City,Tottenham,H,0.42894736842105263,0.23157894736842105,0.33947368421052632,0.34783485434260453,0.24153426096072317,0.41063088469667225,0.3397152379389996,0.24136258009952885,0.41892218196147152,0.32725174241773719,0.23617377512882337,0.43657448245343961,0.30901135206822627,0.21368218373815107,0.47730646419362249,0.30864192873917062,0.2144210303962624,0.47693704086456695
595,2022-2023,2023-02-11,Southampton,Wolves,A,0.42894736842105263,0.23157894736842105,0.33947368421052632,0.36829643450194022,0.24371190380772231,0.3879916616903375,0.3644525336088798,0.24387845951521966,0.39166900687590056,0.38719227381336779,0.23802169897710121,0.37478602720953119,0.30778341457226832,0.30449463372742763,0.3877219517003041,0.3072051594851945,0.30565114390157527,0.38714369661323023
596,2022-2023,2023-02-11,West Ham,Chelsea,D,0.42894736842105263,0.23157894736842105,0.33947368421052632,0.38864102577947968,0.23884239037905461,0.3725165838414658,0.3796172324590858,0.23900399214145793,0.3813787753994563,0.34774179793274584,0.23734011354371753,0.41491808852353662,0.28530835244954444,0.33157639584050519,0.38311525170995037,0.28474159930281706,0.33270990213396007,0.38254849856322298
597,2022-2023,2023-02-12,Leeds United,Manchester Utd,A,0.42894736842105263,0.23157894736842105,0.33947368421052632,0.35671986860838234,0.24210869451164943,0.4011714368799682,0.34400939296534594,0.24162987330963873,0.41436073372501531,0.29756534496773079,0.23342337040027217,0.46901128463199698,0.2895948281095212,0.22835002856097847,0.48205514332950011,0.2852808383580821,0.23697800806385683,0.47774115357806107
598,2022-2023,2023-02-12,Manchester City,Aston Villa,H,0.42894736842105263,0.23157894736842105,0.33947368421052632,0.59200320913251803,0.21151811375073307,0.19647867711674891,0.60251242610347266,0.21015431928943418,0.18733325460709321,0.61841951268054451,0.20593244113759268,0.17564804618186278,0.80859997621734969,0.12145092914051304,0.069949094642137236,0.80625374217113666,0.12614339723293888,0.067602860595924311
599,2022-2023,2023-02-13,Liverpool,Everton,H,0.42894736842105263,0.23157894736842105,0.33947368421052632,0.49819828636435193,0.23096197680096775,0.27083973683468038,0.51310659263144254,0.23010449086641652,0.25678891650214103,0.62022497953193356,0.20545293420591709,0.1743220862621494,0.70022024230057678,0.1887963795308211,0.11098337816860214,0.69646607460634569,0.19630471491928339,0.10722921047437101
600,2022-2023,2023-02-15,Arsenal,Manchester City,A,0.42894736842105263,0.23157894736842105,0.33947368421052632,0.42148504082179911,0.22251296588700431,0.35600199329119658,0.41796087369382867,0.22337136544879813,0.35866776085737317,0.43050937448809179,0.23655533068195903,0.33293529482994916,0.41674410858093158,0.23504275446200937,0.34821313695705919,0.41229906883944317,0.24393283394498619,0.34376809721557078
601,2022-2023,2023-02-18,Aston Villa,Arsenal,A,0.42894736842105263,0.23157894736842105,0.33947368421052632,0.30074484481673885,0.22054064679313995,0.4787145083901212,0.29034460432489634,0.21943170399000031,0.49022369168510344,0.29572731976501165,0.23320974947705633,0.47106293075793193,0.22834545926736369,0.22316075827803572,0.54849378245460056,0.22407393265124734,0.23170381151026853,0.54422225583848427
602,2022-2023,2023-02-18,Brentford,Crystal Palace,D,0.42894736842105263,0.23157894736842105,0.33947368421052632,0.53314101626367327,0.21741437933775842,0.24944460439856822,0.53446058025793697,0.21786471365903021,0.24767470608303274,0.50517263904411569,0.22898001837374313,0.26584734258214121,0.592349887445072,0.24362165085977119,0.16402846169515695,0.58773277625678888,0.2528558732363374,0.15941135050687386
603,2022-2023,2023-02-18,Brighton,Fulham,A,0.42894736842105263,0.23157894736842105,0.33947368421052632,0.45887972753052336,0.21930679603376788,0.32181347643570862,0.45994542862603349,0.2199436623739198,0.32011090900004674,0.46631176657439788,0.23369732745167293,0.29999090597392913,0.4713800678459763,0.24476281477955897,0.28385711737446456,0.46661930697598664,0.2542843365195383,0.2790963565044749
604,2022-2023,2023-02-18,Chelsea,Southampton,A,0.42894736842105263,0.23157894736842105,0.33947368421052632,0.54247052648281047,0.22622719128002425,0.23130228223716542,0.55412206518661289,0.22490388177801465,0.22097405303537243,0.61035024437695862,0.20803202534779297,0.18161773027524841,0.70015190757876755,0.20639040827622968,0.093457684145002801,0.69649081873629859,0.21371258596116771,0.089796595302533797
605,2022-2023,2023-02-18,Everton,Leeds United,H,0.42894736842105263,0.23157894736842105,0.33947368421052632,0.42216557691913864,0.24290359021412047,0.3349308328667408,0.41996376463502039,0.24329519326541635,0.33674104209956335,0.43222533340629316,0.23645168105547007,0.3313229855382368,0.35543194906119485,0.2869405245909169,0.35762752634788841,0.34992990282239184,0.2979446170685231,0.35212548010908529
606,2022-2023,2023-02-18,Newcastle,Liverpool,A,0.42894736842105263,0.23157894736842105,0.33947368421052632,0.50387544535213458,0.22918065634629087,0.26694389830157456,0.49786943354347374,0.2304622969808732,0.27166826947565309,0.44214100576119619,0.23578641804692066,0.32207257619188306,0.52112105123624486,0.27261494953682519,0.20626399922693001,0.51605036060338227,0.28275633080255019,0.20119330859406753
607,2022-2023,2023-02-18,Nottingham,Manchester City,D,0.42894736842105263,0.23157894736842105,0.33947368421052632,0.27030516650600706,0.21367745228423562,0.51601738120975726,0.25623679770667607,0.211084362644166,0.53267883964915796,0.25814313423511437,0.22764703189453386,0.51420983387035168,0.082818296240803196,0.16249071585641109,0.75469098790278588,0.079654872213308567,0.16881756391140038,0.75152756387529118
608,2022-2023,2023-02-18,Wolves,Bournemouth,A,0.42894736842105263,0.23157894736842105,0.33947368421052632,0.53350091682771339,0.22784049637806264,0.23865858679422386,0.53248423955069246,0.22834491428259118,0.2391708461667163,0.47719162211668376,0.23254386663884954,0.29026451124446667,0.54709244513908328,0.26287392081752897,0.19003363404338774,0.54217231599459126,0.27271417910651302,0.18511350489889575
609,2022-2023,2023-02-19,Manchester Utd,Leicester City,H,0.42894736842105263,0.23157894736842105,0.33947368421052632,0.52934835403819858,0.22911010578811522,0.24154154017368623,0.53634902092621339,0.22870372472495623,0.23494725434883035,0.56322925217624387,0.21888584748674125,0.21788490033701483,0.56038350098298639,0.20160769053878361,0.23800880847822994,0.56055111898955745,0.20127245452564152,0.238176426484801
610,2022-2023,2023-02-19,Tottenham,West Ham,H,0.42894736842105263,0.23157894736842105,0.33947368421052632,0.49462296557185853,0.22986970467242226,0.27550732975571929,0.50487112676300572,0.22956195870010923,0.26556691453688508,0.57339832957781178,0.21674566711190962,0.20985600331027851,0.6229080782060511,0.20863077840182251,0.16846114339212648,0.62310808510748072,0.20823076459896314,0.16866115029355616
611,2022-2023,2023-02-24,Fulham,Wolves,D,0.42894736842105263,0.23157894736842105,0.33947368421052632,0.52241801855572367,0.23060840840134375,0.24697357304293249,0.52856496972778955,0.23041830923509479,0.24101672103711563,0.53928951080893794,0.22348667801341482,0.23722381117764732,0.61992255339866031,0.24570211204700992,0.13437533455432998,0.6195852986148398,0.24637662161465099,0.13403807977050944
612,2022-2023,2023-02-25,Bournemouth,Manchester City,A,0.42894736842105263,0.23157894736842105,0.33947368421052632,0.27298115892147462,0.22868934190208773,0.49832949917643754,0.25738038927480983,0.22565021629878651,0.51696939442640366,0.23583948412519318,0.2231822624245216,0.54097825345028527,0.072415399735710526,0.13076306244327388,0.79682153782101561,0.071503183846129359,0.13258749422243613,0.79590932193143427
613,2022-2023,2023-02-25,Crystal Palace,Liverpool,D,0.42894736842105263,0.23157894736842105,0.33947368421052632,0.35581938240873878,0.23912774160193284,0.40505287598932838,0.34448092349452053,0.23868607407871145,0.41683300242676796,0.32189364057751652,0.23577235258941384,0.4423340068330695,0.2404204649344861,0.26455144738362235,0.49502808768189166,0.23857689793311712,0.26823858138636031,0.49318452068052265
614,2022-2023,2023-02-25,Everton,Aston Villa,A,0.42894736842105263,0.23157894736842105,0.33947368421052632,0.44684644932869766,0.2401215312365311,0.31303201943477127,0.44001117238204207,0.24074430652047565,0.31924452109748219,0.39478500414990914,0.23792761093716178,0.367287384912929,0.31329388820012599,0.28117948722208214,0.40552662457779193,0.31134246735093096,0.28508232892047219,0.40357520372859695
615,2022-2023,2023-02-25,Leeds United,Southampton,H,0.42894736842105263,0.23157894736842105,0.33947368421052632,0.42791191647935195,0.24089422290560156,0.33119386061504641,0.42989180129942273,0.24142063396769925,0.32868756473287802,0.46491332330845514,0.23383605905039564,0.30125061764114908,0.53562417250481653,0.24305413492036421,0.22132169257481921,0.53390882393839501,0.2464848320532072,0.21960634400839771
616,2022-2023,2023-02-25,Leicester City,Arsenal,A,0.42894736842105263,0.23157894736842105,0.33947368421052632,0.27847733407505126,0.21660184253900433,0.50492082338594446,0.26872860979318203,0.21535137694383558,0.51592001326298242,0.28213289097872557,0.23146533056910937,0.48640177845216515,0.26322270168675466,0.19973702169980201,0.53704027661344322,0.26209322964312881,0.20199596578705376,0.53591080456981743
617,2022-2023,2023-02-25,West Ham,Nottingham,H,0.42894736842105263,0.23157894736842105,0.33947368421052632,0.46984757766439544,0.23928888397297896,0.29086353836262568,0.46438065374099846,0.24014084873154298,0.29547849752745847,0.40792842192873302,0.23759908608079633,0.35447249199047065,0.46014417172125927,0.31229759234019733,0.22755823593854335,0.45825738218134665,0.31607117142002256,0.22567144639863074
618,2022-2023,2023-02-26,Tottenham,Chelsea,H,0.42894736842105263,0.23157894736842105,0.33947368421052632,0.50943344282809155,0.2260380410669306,0.26452851610497791,0.51228257590754356,0.22643431317063864,0.26128311092181788,0.49957195799827053,0.22976171154924926,0.27066633045248023,0.50486215773280407,0.26433589608873692,0.23080194617845917,0.50601401276375046,0.26203218602684397,0.23195380120940567
619,2022-2023,2023-03-01,Arsenal,Everton,H,0.42894736842105263,0.23157894736842105,0.33947368421052632,0.60781473546306264,0.20793782285144413,0.1842474416854932,0.62418639599363102,0.20491544990612881,0.17089815410024012,0.6776070562311638,0.18832626651242013,0.13406667725641613,0.80982440215544482,0.13483900742761129,0.055336590416943818,0.81024845909297016,0.13399089355256083,0.055760647354469062
620,2022-2023,2023-03-01,Liverpool,Wolves,H,0.42894736842105263,0.23157894736842105,0.33947368421052632,0.54680334915731921,0.21866144470638238,0.23453520613629847,0.55775067219887031,0.21766074118918918,0.2245885866119405,0.59842286890732221,0.21100579859126758,0.19057133250141001,0.65325511476467246,0.21870607847271467,0.12803880676261312,0.65393644465977208,0.21734341868251528,0.12872013665771279
621,2022-2023,2023-03-04,Arsenal,Bournemouth,H,0.42894736842105263,0.23157894736842105,0.33947368421052632,0.6793351705680527,0.18844811907397679,0.1322167103579705,0.68861101335316355,0.18613398297579914,0.1252550036710374,0.65257702595255451,0.19625132001501447,0.15117165403243102,0.87759112654614957,0.085208727850469804,0.037200145603380752,0.87790261091924404,0.08458575910428083,0.037511629976475232
622,2022-2023,2023-03-04,Aston Villa,Crystal Palace,H,0.42894736842105263,0.23157894736842105,0.33947368421052632,0.45528970677878933,0.23277783203115285,0.31193246119005774,0.45489891403802057,0.2333589785137089,0.31174210744827047,0.44692098833385785,0.23542558628412319,0.31765342538201891,0.48203854122499495,0.27095020113138324,0.24701125764362172,0.48302023781479514,0.26898680795178276,0.24799295423342196
623,2022-2023,2023-03-04,Brighton,West Ham,H,0.42894736842105263,0.23157894736842105,0.33947368421052632,0.48418656110186209,0.22200617171772585,0.293807267180412,0.49008180758677522,0.22224000568695665,0.2876781867262681,0.52724607829770731,0.22556891667914103,0.2471850050231516,0.56628120179432406,0.22863841421948061,0.20508038398619519,0.56712419911435752,0.22695241957941376,0.20592338130622864
624,2022-2023,2023-03-04,Chelsea,Leeds United,H,0.42894736842105263,0.23157894736842105,0.33947368421052632,0.46091577977711595,0.23581321770452252,0.30327100251836153,0.46890980109698532,0.23593993714406611,0.29515026175894854,0.5466419443738133,0.22213899627714492,0.2312190593490418,0.54258813076788293,0.27646905541845618,0.18094281381366081,0.54351208777942217,0.27462114139537769,0.18186677082520006
625,2022-2023,2023-03-04,Manchester City,Newcastle,H,0.42894736842105263,0.23157894736842105,0.33947368421052632,0.53317441796154474,0.21953051654378575,0.24729506549466954,0.54016257521347055,0.21959060954251625,0.24024681524401312,0.55007354189437141,0.22149016412461134,0.22843629398101722,0.56785159698442988,0.24358334883853955,0.18856505417703054,0.56874197815594274,0.24180258649551389,0.18945543534854339
626,2022-2023,2023-03-04,Southampton,Leicester City,H,0.42894736842105263,0.23157894736842105,0.33947368421052632,0.36877808758448866,0.2447905689707669,0.38643134344474445,0.36329426305959506,0.2447231406359264,0.39198259630447857,0.3715942123419998,0.23799040368709487,0.39041538397090542,0.2251306275125555,0.23017034512947879,0.54469902735796583,0.22597385273893011,0.22848389467672955,0.54554225258434041
627,2022-2023,2023-03-04,Wolves,Tottenham,H,0.42894736842105263,0.23157894736842105,0.33947368421052632,0.32118596605590288,0.22720170010350194,0.45161233384059507,0.31127727142409278,0.22634480739628846,0.46237792117961873,0.30939226643792478,0.23467491449007807,0.45593281907199712,0.21247592579511218,0.2490506367300365,0.53847343747485132,0.21339142369323619,0.24721964093378843,0.53938893537297539
628,2022-2023,2023-03-05,Liverpool,Manchester Utd,H,0.42894736842105263,0.23157894736842105,0.33947368421052632,0.47094593288779435,0.22748379487367032,0.30157027223853522,0.4702029848850704,0.22832650019801967,0.30147051491690996,0.45902513775469722,0.2343962564153953,0.30657860582990754,0.48913534984129031,0.24081514468828197,0.27004950547042761,0.49611752922056335,0.22685078592973587,0.27703168484970064
629,2022-2023,2023-03-05,Nottingham,Everton,D,0.42894736842105263,0.23157894736842105,0.33947368421052632,0.45483307122339178,0.23398375144799904,0.31118317732860928,0.46056668592529143,0.23416354870169215,0.30526976537301637,0.51664213549314353,0.22727319433330825,0.25608467017354819,0.41929681431761184,0.33111333621382044,0.24958984946856785,0.42721508166741479,0.31527680151421422,0.25750811681837088
630,2022-2023,2023-03-06,Brentford,Fulham,H,0.42894736842105263,0.23157894736842105,0.33947368421052632,0.46097459889558046,0.22129697992018127,0.31772842118423839,0.45942034240158469,0.22204633763623052,0.31853331996218481,0.44273202168975706,0.23574321213362273,0.32152476617662018,0.44238156198181211,0.27161083179557599,0.28600760622261184,0.45029557976414747,0.25578279623090527,0.2939216240049472
631,2022-2023,2023-03-11,Bournemouth,Liverpool,H,0.42894736842105263,0.23157894736842105,0.33947368421052632,0.29522084851388813,0.23416226949696176,0.47061688198915008,0.2823353908862572,0.2323114491622463,0.48535315995149653,0.2703159585292364,0.2297062077541511,0.49997783371661253,0.13230555573535754,0.18354899923855511,0.68414544502608743,0.13727711729714487,0.17360587611498041,0.68911700658787478
632,2022-2023,2023-03-11,Crystal Palace,Manchester City,A,0.42894736842105263,0.23157894736842105,0.33947368421052632,0.23928296216826339,0.21142728628635704,0.54928975154537962,0.22686344019142426,0.20858662047415311,0.56454993933442266,0.24647219696615161,0.22542612930735095,0.52810167372649752,0.13680796500139072,0.22503752284920883,0.63815451214940078,0.14275683830560779,0.21313977624077471,0.64410338545361778
633,2022-2023,2023-03-11,Everton,Brentford,H,0.42894736842105263,0.23157894736842105,0.33947368421052632,0.34138675347160824,0.24222107154578343,0.41639217498260839,0.33078682892288891,0.24157018701996147,0.42764298405714962,0.31595934387899227,0.23527978162798602,0.44876087449302171,0.20336446661254448,0.25133838404107361,0.54529714934638196,0.21015496251763929,0.23775739223088396,0.5520876452514768
634,2022-2023,2023-03-11,Leeds United,Brighton,D,0.42894736842105263,0.23157894736842105,0.33947368421052632,0.32435123104739449,0.23825217563506676,0.43739659331753877,0.31573847101250885,0.23768873000441393,0.44657279898307722,0.32642912291307108,0.23611479140466493,0.43745608568226391,0.2230367417627705,0.23091461602388488,0.54604864221334481,0.22931179971848134,0.21836450011246322,0.55232370016905563
635,2022-2023,2023-03-11,Leicester City,Chelsea,A,0.42894736842105263,0.23157894736842105,0.33947368421052632,0.39366999545925352,0.2309403458774987,0.3753896586632478,0.38797592287982247,0.2314227222703451,0.38060135484983232,0.37202721389308219,0.23799540747406703,0.38997737863285081,0.40349317710229782,0.2961787799608735,0.30032804293682852,0.41118294775919423,0.28079923864708056,0.30801781359372499
636,2022-2023,2023-03-11,Tottenham,Nottingham,H,0.42894736842105263,0.23157894736842105,0.33947368421052632,0.59335216539506086,0.20907226387370556,0.19757557073123355,0.5975814298642933,0.2088565958726363,0.1935619742630704,0.55527464347988953,0.22048271061751476,0.22424264590259579,0.7847097003675384,0.1419814478758995,0.073308851756562252,0.78859466173715831,0.13421152513665977,0.077193813126182106
637,2022-2023,2023-03-12,Fulham,Arsenal,A,0.42894736842105263,0.23157894736842105,0.33947368421052632,0.30014210097835758,0.21141962929227001,0.48843826972937254,0.29248292805511855,0.21099684343800437,0.4965202285068771,0.31704058809731911,0.23537332200716393,0.44758608989551696,0.34403742563157552,0.24864144594454063,0.40732112842388396,0.35579121933070235,0.22513385854628698,0.41907492212301062
638,2022-2023,2023-03-12,Manchester Utd,Southampton,D,0.42894736842105263,0.23157894736842105,0.33947368421052632,0.56942766222955654,0.20789816855929935,0.22267416921114408,0.58319649298762077,0.20622390676583496,0.21057960024654424,0.63327795270722009,0.2018798275904892,0.16484221970229068,0.74340783630325158,0.16078383981620289,0.095808323880545679,0.75110736157196611,0.1453847892787736,0.10350784914926033
639,2022-2023,2023-03-12,Newcastle,Wolves,H,0.42894736842105263,0.23157894736842105,0.33947368421052632,0.51332363181424023,0.22136747497439346,0.26530889321136636,0.52067337063910257,0.22125857736413312,0.2580680519967643,0.55718501510445684,0.2201053947893,0.22270959010624325,0.59150359304069011,0.28517785497090486,0.12331855198840518,0.60161184284414415,0.26496135536399684,0.13342680179185917
640,2022-2023,2023-03-12,West Ham,Aston Villa,D,0.42894736842105263,0.23157894736842105,0.33947368421052632,0.40870898428778868,0.23250976482279248,0.35878125088941892,0.40415993464390587,0.23300457169462266,0.36283549366147139,0.40165035500169638,0.2377819969468562,0.36056764805144742,0.43466350189138597,0.256946060106645,0.30839043800196908,0.44697665738895281,0.23231974911151121,0.32070359349953592
641,2022-2023,2023-03-15,Brighton,Crystal Palace,H,0.42894736842105263,0.23157894736842105,0.33947368421052632,0.53512633531276632,0.2139818087680303,0.25089185591920343,0.53922784986420069,0.21411749812473913,0.24665465201106029,0.51886838517976264,0.226925432936016,0.25420618188422134,0.63866856978981279,0.22671322307455039,0.13461820713563696,0.64532764326967129,0.21339507611483344,0.14127728061549544
642,2022-2023,2023-03-15,Southampton,Brentford,A,0.42894736842105263,0.23157894736842105,0.33947368421052632,0.36074714935476421,0.23683553929267231,0.40241731135256348,0.35067247380782351,0.23644436886375314,0.4128831573284234,0.3277537245187172,0.23620929932516405,0.43603697615611869,0.21863874366536379,0.26727259807075698,0.51408865826387917,0.226587919431669,0.25137424653814661,0.52203783403018444
643,2022-2023,2023-03-17,Nottingham,Newcastle,A,0.42894736842105263,0.23157894736842105,0.33947368421052632,0.28656940464860892,0.22603054169395317,0.48740005365743783,0.28046783552709953,0.22549301169126096,0.49403915278163946,0.33282115324157713,0.23654811192429356,0.43063073483412928,0.1677330246367546,0.27355621032466049,0.55871076503858486,0.17618598926423668,0.25665028106969634,0.56716372966606687
644,2022-2023,2023-03-18,Aston Villa,Bournemouth,H,0.42894736842105263,0.23157894736842105,0.33947368421052632,0.51791255758424704,0.2244968178687258,0.25759062454702714,0.51916036421375333,0.22487361266612732,0.25596602312011935,0.48917440422366426,0.23112241955490109,0.27970317622143465,0.60642744528159298,0.21314064463750515,0.18043191008090195,0.61360375079066709,0.19878803361935704,0.18760821558997601
645,2022-2023,2023-03-18,Brentford,Leicester City,D,0.42894736842105263,0.23157894736842105,0.33947368421052632,0.56282524904744624,0.21805000077113662,0.21912475018141714,0.56674352157031904,0.21791648442591818,0.2153399940037628,0.54259119626733265,0.22288865581520811,0.23452014791745934,0.62644043691144591,0.19422331028313608,0.17933625280541807,0.63263956115179421,0.18182506180243946,0.18553537704576636
646,2022-2023,2023-03-18,Chelsea,Everton,D,0.42894736842105263,0.23157894736842105,0.33947368421052632,0.52059958825983721,0.22340609991703386,0.25599431182312898,0.52922586274135774,0.22296455644206692,0.24780958081657534,0.56648966597279971,0.21821173811904335,0.21529859590815698,0.60683288272285363,0.27064990548229967,0.12251721179484686,0.61404569291579703,0.25622428509641298,0.12973002198779021
647,2022-2023,2023-03-18,Southampton,Tottenham,D,0.42894736842105263,0.23157894736842105,0.33947368421052632,0.30322180827892009,0.2208139149141824,0.47596427680689751,0.2897778579011478,0.21903196494099439,0.49119017715785784,0.26976909773906294,0.2296191625143974,0.50061173974653972,0.16206542190325199,0.23069707830381653,0.60723749979293129,0.16979055135952889,0.21524681939126269,0.61496262924920819
648,2022-2023,2023-03-18,Wolves,Leeds United,A,0.42894736842105263,0.23157894736842105,0.33947368421052632,0.43000478529526537,0.23620157818549486,0.33379363651923988,0.43345093663884737,0.23662248117994381,0.32992658218120885,0.48497039928407482,0.23163906411210836,0.2833905366038168,0.46259607959586829,0.28868362008531029,0.24872030031882156,0.47183196748855144,0.27021184429994405,0.25795618821150468
649,2022-2023,2023-03-19,Arsenal,Crystal Palace,H,0.42894736842105263,0.23157894736842105,0.33947368421052632,0.65509535278562447,0.18086460844097682,0.16404003877339876,0.66599400276542531,0.17885358306000854,0.1551524141745661,0.64800353345206307,0.19762273405287401,0.15437373249506289,0.73129973542431725,0.18750992051787257,0.081190344057810324,0.73676458518427246,0.17658022099796211,0.086655193817765555
650,2022-2023,2023-04-01,Arsenal,Leeds United,H,0.42894736842105263,0.23157894736842105,0.33947368421052632,0.64889795662277283,0.18519451271393281,0.16590753066329439,0.66266372186855815,0.18252390050540415,0.15481237762603783,0.67438165017459084,0.18938770786252832,0.13623064196288096,0.82991838552865327,0.10720576098239332,0.062875853488953234,0.83301111843765863,0.10102029516438282,0.065968586397958467
651,2022-2023,2023-04-01,Bournemouth,Fulham,H,0.42894736842105263,0.23157894736842105,0.33947368421052632,0.35835264019864915,0.22956609778735854,0.41208126201399237,0.35398008131040437,0.22967329024984412,0.41634662843975162,0.37257365444447804,0.23800138194115561,0.38942496361436624,0.26429793270337071,0.26536165686898894,0.47034041042764047,0.272536552526289,0.24888441722315235,0.47857903025055881
652,2022-2023,2023-04-01,Brighton,Brentford,D,0.42894736842105263,0.23157894736842105,0.33947368421052632,0.49270570811617787,0.2222247768261576,0.28506951505766454,0.49214255073265456,0.22298383649198841,0.28487361277535689,0.45980816514365785,0.23432399438225823,0.30586784047408389,0.52192741005521692,0.23236141276847325,0.2457111771763098,0.52907142183211353,0.21807338921467992,0.25285518895320641
653,2022-2023,2023-04-01,Chelsea,Aston Villa,A,0.42894736842105263,0.23157894736842105,0.33947368421052632,0.45300689060471233,0.22721638082666881,0.31977672856861894,0.45513196389198746,0.22776973694844938,0.31709829915956317,0.48244806577156729,0.23193974212555402,0.28561219210287869,0.47302933356532201,0.27638922910998692,0.25058143732469107,0.48142219114478929,0.25960351395105252,0.25897429490415824
654,2022-2023,2023-04-01,Crystal Palace,Leicester City,H,0.42894736842105263,0.23157894736842105,0.33947368421052632,0.40987551755707485,0.23749286321866264,0.35263161922426256,0.41040915481054169,0.23793293008421029,0.35165791510524808,0.45626841870017565,0.23464519182644519,0.30908638947337913,0.355899687171009,0.29708325558653303,0.34701705724245807,0.36475219922804852,0.27937823147245405,0.35586956929949753
655,2022-2023,2023-04-01,Manchester City,Liverpool,H,0.42894736842105263,0.23157894736842105,0.33947368421052632,0.60092759840908039,0.20450344373997842,0.19456895785094125,0.60227925967490681,0.2050194272964759,0.19270131302861726,0.53478384613403673,0.22428390933681838,0.24093224452914486,0.60609481691885048,0.21014607283195352,0.183759110249196,0.61256031286451129,0.197215080940632,0.19022460619485676
656,2022-2023,2023-04-01,Nottingham,Wolves,D,0.42894736842105263,0.23157894736842105,0.33947368421052632,0.42971120064795526,0.23287545958623801,0.33741333976580673,0.43044123468499812,0.23329966400487839,0.33625910131012332,0.45875181606698207,0.23442131832249552,0.30682686561052236,0.35801422193092591,0.29852508961197971,0.34346068845709443,0.36687446127472451,0.28080461092438241,0.35232092780089297
657,2022-2023,2023-04-02,Newcastle,Manchester Utd,H,0.42894736842105263,0.23157894736842105,0.33947368421052632,0.50801574130739979,0.2253394741775705,0.26664478451502971,0.50457050052670094,0.22640799746290177,0.26902150201039737,0.44904060195436851,0.23525727840034705,0.3157021196452845,0.54532752376455518,0.25497687326350305,0.19969560297194186,0.55092024546705576,0.24379142985850194,0.20528832467444244
658,2022-2023,2023-04-02,West Ham,Southampton,H,0.42894736842105263,0.23157894736842105,0.33947368421052632,0.47905775683917384,0.22503775161704839,0.29590449154377779,0.48231343311232022,0.22532880012488529,0.2923577667627944,0.49304393457838941,0.23062979458961813,0.27632627083199246,0.55031825070825735,0.26780316239491009,0.18187858689683253,0.55589908660807474,0.25664149059527547,0.18745942279664982
659,2022-2023,2023-04-03,Everton,Tottenham,D,0.42894736842105263,0.23157894736842105,0.33947368421052632,0.34773051557686274,0.23114256834115457,0.42112691608198266,0.33540476471232239,0.23038716261970141,0.43420807266797617,0.29738249675770839,0.23340235249553493,0.46921515074675668,0.22073924160517344,0.23534550368498341,0.54391525470984314,0.22674071795264111,0.22334255099004807,0.54991673105731076
660,2022-2023,2023-04-04,Bournemouth,Brighton,A,0.42894736842105263,0.23157894736842105,0.33947368421052632,0.3475491522125333,0.24004338217432311,0.41240746561314351,0.34209450407724884,0.2400220178525683,0.41788347807018289,0.35938153597395106,0.23775021345136207,0.40286825057468673,0.23561533046501382,0.22215825644535717,0.54222641308962893,0.23977313908728271,0.21384263920081939,0.54638422171189782
661,2022-2023,2023-04-04,Chelsea,Liverpool,D,0.42894736842105263,0.23157894736842105,0.33947368421052632,0.43035945404956449,0.23015066331006312,0.33948988264037233,0.42027783513903549,0.23074369313937729,0.34897847172158719,0.36812835683083173,0.23794173647277603,0.39392990669639222,0.29643626591061101,0.28624865774535385,0.41731507634403503,0.30181888218712266,0.27548342519233054,0.42269769262054674
662,2022-2023,2023-04-04,Leeds United,Nottingham,H,0.42894736842105263,0.23157894736842105,0.33947368421052632,0.51630675635774059,0.22269225275978158,0.26100099088247786,0.51053311279439295,0.22379568902880842,0.26567119817679863,0.4260556818871809,0.23680844168623555,0.33713587642658355,0.59145538608215209,0.22327612886358181,0.18526848505426616,0.59577939413120773,0.21462811276547025,0.18959249310332191
663,2022-2023,2023-04-04,Leicester City,Aston Villa,A,0.42894736842105263,0.23157894736842105,0.33947368421052632,0.3535377013095663,0.23794112646647375,0.40852117222395989,0.34986565984755325,0.23831055709173932,0.41182378306070749,0.37132696754189476,0.23798719633293802,0.39068583612516722,0.39973154804901284,0.23752816910844018,0.36274028284254684,0.40411048194813093,0.22877030131020396,0.36711921674166492
664,2022-2023,2023-04-05,Manchester Utd,Brentford,H,0.42894736842105263,0.23157894736842105,0.33947368421052632,0.47611516361367717,0.22097605128019462,0.30290878510612829,0.47804032609092761,0.2215188597636035,0.30044081414546875,0.48971992071794007,0.23105396120820351,0.27922611807385656,0.4245210669065958,0.24132981005735338,0.33414912303605077,0.42781784824618957,0.23473624737816581,0.33744590437564459
665,2022-2023,2023-04-05,West Ham,Newcastle,A,0.42894736842105263,0.23157894736842105,0.33947368421052632,0.34163596115974521,0.22658872404648375,0.43177531479377096,0.33139279671963962,0.22619308738442023,0.44241411589594021,0.30736108924824168,0.23447493606338279,0.45816397468837544,0.24102414894232507,0.31511713127337282,0.44385871978430208,0.24484412282936863,0.30747718349928577,0.44767869367134561
666,2022-2023,2023-04-08,Aston Villa,Nottingham,H,0.42894736842105263,0.23157894736842105,0.33947368421052632,0.61060516521514896,0.19871181417500045,0.19068302060985065,0.6121561903085021,0.19886424210877007,0.18897956758272788,0.53276455092221142,0.22463413389756051,0.24260131518022798,0.71179748222338968,0.17980512728111128,0.10839739049549894,0.71545024873044383,0.17249959426700306,0.11205015700255307
667,2022-2023,2023-04-08,Brentford,Newcastle,A,0.42894736842105263,0.23157894736842105,0.33947368421052632,0.35759897990432166,0.22596931944572166,0.41643170064995672,0.35287995121674715,0.22649381518722608,0.42062623359602669,0.36939240605147433,0.23796126380296317,0.39264633014556255,0.31678798086091964,0.2829457669515732,0.40026625218750705,0.32242964407079361,0.2716624405318252,0.40590791539738108
668,2022-2023,2023-04-08,Fulham,West Ham,A,0.42894736842105263,0.23157894736842105,0.33947368421052632,0.48044326791793479,0.22771486299500854,0.29184186908705673,0.48445747171666459,0.22803538534555071,0.28750714293778468,0.51040718042966582,0.2282186875413115,0.26137413202902271,0.56457205251246267,0.24004021857461402,0.1953877289129233,0.56943355716630595,0.23031720926692745,0.2002492335667666
669,2022-2023,2023-04-08,Leicester City,Bournemouth,A,0.42894736842105263,0.23157894736842105,0.33947368421052632,0.48586881725226821,0.23803556028851458,0.27609562245921709,0.48316950283981874,0.23879025295974904,0.27804024420043233,0.43073901363636519,0.2365416569078653,0.33271932945576949,0.60031080416915672,0.21404601602894641,0.18564317980189682,0.60461997789554511,0.20542766857616954,0.18995235352828524
670,2022-2023,2023-04-08,Manchester Utd,Everton,H,0.42894736842105263,0.23157894736842105,0.33947368421052632,0.58101745655135018,0.21022412829135231,0.20875841515729743,0.59044031951773424,0.2090737579444939,0.20048592253777184,0.60193774320726612,0.210145488030068,0.18791676876266594,0.62901514064611586,0.22453534489022134,0.14644951446366286,0.63349330849748908,0.21557900918747513,0.15092768231503598
671,2022-2023,2023-04-08,Southampton,Manchester City,A,0.42894736842105263,0.23157894736842105,0.33947368421052632,0.20987341619432845,0.20300697142502977,0.58711961238064181,0.19266653284077648,0.19758941367810953,0.60974405348111405,0.17569665239766413,0.20594992650247579,0.61835342109986013,0.066211299751542885,0.14002159707580814,0.79376710317264909,0.069044819196425106,0.13435455818604375,0.79660062261753117
672,2022-2023,2023-04-08,Tottenham,Brighton,H,0.42894736842105263,0.23157894736842105,0.33947368421052632,0.43030202275629575,0.22742315893886023,0.34227481830484402,0.43328512937357883,0.22821119172212745,0.33850367890429373,0.47135798644173971,0.23317864386754306,0.29546336969071724,0.47577616565958442,0.215985735397941,0.30823809894247445,0.47956194556649306,0.20841417558412353,0.31202387884938321
673,2022-2023,2023-04-08,Wolves,Chelsea,H,0.42894736842105263,0.23157894736842105,0.33947368421052632,0.37001317311047655,0.23058360795897723,0.3994032189305462,0.36525762702441661,0.23083481683277596,0.40390755614280749,0.36976448361604786,0.23796662243537325,0.39226889394857889,0.30770523358850715,0.34199787574702539,0.35029689066446751,0.31331944308087417,0.33076945676229136,0.35591110015683453
674,2022-2023,2023-04-09,Leeds United,Crystal Palace,A,0.42894736842105263,0.23157894736842105,0.33947368421052632,0.4688216811930826,0.22471473976916617,0.30646357903775118,0.46510986639974011,0.22545860006525439,0.30943153353500541,0.42134033324979225,0.23705127539746312,0.34160839135274457,0.44352919140448371,0.28660284461524349,0.26986796398027291,0.45394186352377158,0.2657775003766677,0.28028063609956083
675,2022-2023,2023-04-09,Liverpool,Arsenal,D,0.42894736842105263,0.23157894736842105,0.33947368421052632,0.34907407036026522,0.21923625279220335,0.4316896768475314,0.34468761243652513,0.21982091449002772,0.43549147307344716,0.37027984755761539,0.23797375261133119,0.39174639983105342,0.39662886854076917,0.23626664972140504,0.36710448173782595,0.40508637114571489,0.21935164451151359,0.37556198434277166
676,2022-2023,2023-04-15,Aston Villa,Newcastle,H,0.42894736842105263,0.23157894736842105,0.33947368421052632,0.37885208595686487,0.21742624825795179,0.40372166578518337,0.37368876835121179,0.2179218341488372,0.4083893974999509,0.36344836252485424,0.23785157183435307,0.39870006564079263,0.29290278151204996,0.2760218659515607,0.43107535253638946,0.30262260439273309,0.2565822201901945,0.44079517541707264
677,2022-2023,2023-04-15,Chelsea,Brighton,A,0.42894736842105263,0.23157894736842105,0.33947368421052632,0.38776222960020673,0.23277809945987551,0.37945967093991789,0.38523077028291025,0.23327617401108727,0.38149305570600256,0.41239948175899122,0.23744011185260405,0.35016040638840462,0.31801929089466613,0.29180406545668425,0.39017664364864935,0.32804591024941876,0.2717508267471791,0.40020326300340198
678,2022-2023,2023-04-15,Everton,Fulham,A,0.42894736842105263,0.23157894736842105,0.33947368421052632,0.39202549431651929,0.22508074197882666,0.38289376370465411,0.38605514186263834,0.22528939442384197,0.38865546371351967,0.37757905362927258,0.23803851217455282,0.38438243419617468,0.29264820962255267,0.30242898913230259,0.40492280124514468,0.30267827258448132,0.28236886320844545,0.41495286420707345
679,2022-2023,2023-04-15,Manchester City,Leicester City,H,0.42894736842105263,0.23157894736842105,0.33947368421052632,0.70440242860181634,0.16683170524179294,0.1287658661563906,0.71866332655706799,0.16315715757989824,0.11817951586303362,0.71301522693104447,0.17587114259770259,0.11111363047125282,0.88381018211968743,0.077614340078118613,0.038575477802193996,0.88636943596896367,0.072495832379565694,0.041134731651470448
680,2022-2023,2023-04-15,Southampton,Crystal Palace,A,0.42894736842105263,0.23157894736842105,0.33947368421052632,0.33994956829853296,0.22648551103194864,0.43356492066951852,0.33472866259879158,0.22638951180145764,0.43888182559975081,0.35878861450029287,0.23773363712118864,0.40347774837851857,0.25271341362575567,0.30679230324478746,0.44049428312945693,0.26251266145409519,0.28719380758810853,0.4502935309577964
681,2022-2023,2023-04-15,Tottenham,Bournemouth,A,0.42894736842105263,0.23157894736842105,0.33947368421052632,0.60703299798435717,0.20389857548583173,0.18906842652981115,0.6136204327425977,0.20314034988067362,0.18323921737672874,0.57512891295422519,0.21637040384047229,0.20850068320530249,0.72205466353369885,0.16794302297813951,0.11000231348816179,0.72799538468795255,0.15606158066963219,0.11594303464241545
682,2022-2023,2023-04-15,Wolves,Brentford,H,0.42894736842105263,0.23157894736842105,0.33947368421052632,0.41015933119699677,0.22755959747553622,0.36228107132746701,0.40453956269111352,0.22792453953123237,0.36753589777765405,0.38561595143175759,0.23803233553135142,0.37635171303689108,0.29309044294121933,0.28019533671135899,0.42671422034742168,0.30289230198734562,0.26059161861910651,0.43651607939354797
683,2022-2023,2023-04-16,Nottingham,Manchester Utd,A,0.42894736842105263,0.23157894736842105,0.33947368421052632,0.3341316315069971,0.2336066939218262,0.43226167457117665,0.32206583476033762,0.23278571421416719,0.44514845102549511,0.29476907895827126,0.2330963086893327,0.47213461235239595,0.20888407597026709,0.2542588593811575,0.53685706464857541,0.21783730259168241,0.23635240613832684,0.5458102912699907
684,2022-2023,2023-04-16,West Ham,Arsenal,D,0.42894736842105263,0.23157894736842105,0.33947368421052632,0.27766644834988707,0.2119699793504522,0.51036357229966067,0.26389228137695014,0.20976274667914255,0.52634497194390728,0.24258630108354615,0.22463100703222699,0.53278269188422689,0.15510511145040298,0.19551559982297897,0.6493792887266181,0.16198188768964752,0.18176204734448989,0.65625606496586264
685,2022-2023,2023-04-17,Leeds United,Liverpool,A,0.42894736842105263,0.23157894736842105,0.33947368421052632,0.38218697910366722,0.22503828254117619,0.39277473835515664,0.36518351688589279,0.22448553564432744,0.41033094746977983,0.27953759021001662,0.23109869994758461,0.48936370984239885,0.17969727157896109,0.19537924695798142,0.62492348146305765,0.18637591463440917,0.18202196084708533,0.63160212451850561
686,2022-2023,2023-04-21,Arsenal,Southampton,D,0.42894736842105263,0.23157894736842105,0.33947368421052632,0.68483675764945184,0.17147979190198961,0.14368345044855857,0.70076294833490294,0.16773179177126057,0.13150525989383635,0.7162572677482717,0.17465566303664024,0.10908706921508798,0.8784310704428131,0.086201158076205556,0.035367771480981317,0.88131513835350506,0.080433022254821518,0.038251839391673328
687,2022-2023,2023-04-22,Brentford,Aston Villa,D,0.42894736842105263,0.23157894736842105,0.33947368421052632,0.41210061305199752,0.23091002113153328,0.35698936581646917,0.40908325824060282,0.23168311915666931,0.35923362260272801,0.40942336969906901,0.23754857858589526,0.35302805171503576,0.37021673525896442,0.25768178432933891,0.37210148041169649,0.37919052099493794,0.23973421285739172,0.38107526614767007
688,2022-2023,2023-04-22,Crystal Palace,Everton,D,0.42894736842105263,0.23157894736842105,0.33947368421052632,0.51721514702679372,0.21823649918515542,0.26454835378805081,0.52233375816304439,0.21820016320226301,0.25946607863469251,0.52379055901210914,0.2261375871101691,0.25007185387772174,0.57060115352590057,0.27228430625540945,0.15711454021868984,0.57890497549896536,0.25567666230928005,0.16541836219175451
689,2022-2023,2023-04-22,Fulham,Leeds United,H,0.42894736842105263,0.23157894736842105,0.33947368421052632,0.51525815768840277,0.22423014149939624,0.26051170081220099,0.52097171349808025,0.22416745772411778,0.25486082877780203,0.53294173809671253,0.22460357791801433,0.24245468398527323,0.63590042008009773,0.19244175898045823,0.17165782093944415,0.64227907742061996,0.17968444429941399,0.17803647827996627
690,2022-2023,2023-04-22,Leicester City,Wolves,H,0.42894736842105263,0.23157894736842105,0.33947368421052632,0.39685460202862755,0.23384267031607375,0.3693027276552987,0.39342826004721904,0.23438482362755492,0.37218691632522599,0.3933605423939579,0.2379506468591415,0.36868881074690057,0.43257766512149831,0.27506971422630916,0.29235262065219242,0.44207558988288925,0.25607386470352739,0.3018505454135833
691,2022-2023,2023-04-22,Liverpool,Nottingham,H,0.42894736842105263,0.23157894736842105,0.33947368421052632,0.65696378942548272,0.19426639300012041,0.14876981757439695,0.66486357382026329,0.19268666677749316,0.14244975940224358,0.62544967334755164,0.20404521087052216,0.17050511578192609,0.84357645144438631,0.11064230014793142,0.045781248407682308,0.84742640039398764,0.10294240224872878,0.049631197357283628
692,2022-2023,2023-04-23,Bournemouth,West Ham,A,0.42894736842105263,0.23157894736842105,0.33947368421052632,0.45271070132388058,0.2287659000605978,0.31852339861552165,0.45321047658880165,0.22923248614562122,0.31755703726557699,0.45730621152400125,0.23455247846809224,0.30814131000790657,0.3925720088917824,0.27604492859564689,0.3313830625125706,0.39972352598828265,0.26174189440264634,0.33853457960907085
693,2022-2023,2023-04-23,Newcastle,Tottenham,H,0.42894736842105263,0.23157894736842105,0.33947368421052632,0.51430299449506534,0.20566337706770793,0.28003362843722657,0.51453288456222523,0.20633144539699719,0.27913567004077749,0.48368977109291689,0.23179259580596609,0.28451763310111705,0.54936477799147343,0.22739272493009141,0.22324249707843519,0.55522771204645582,0.21566685682012662,0.22910543113341758
694,2022-2023,2023-04-25,Aston Villa,Fulham,H,0.42894736842105263,0.23157894736842105,0.33947368421052632,0.4775856029090107,0.20743630665918203,0.31497809043180741,0.4802251473015054,0.20803618459934969,0.31173866809914486,0.48239864371850028,0.23194556376422748,0.2856557925172723,0.53446816962396604,0.24514660419247686,0.2203852261835571,0.54092161971017838,0.23223970402005195,0.22683867626976956
695,2022-2023,2023-04-25,Leeds United,Leicester City,D,0.42894736842105263,0.23157894736842105,0.33947368421052632,0.40860968509706619,0.22438194001660675,0.36700837488632698,0.40871672138031723,0.22484006058857167,0.36644321803111107,0.43619577702526119,0.23619883858232049,0.32760538439241832,0.35844737962375728,0.22372107637816618,0.41783154399807659,0.36365178140549193,0.21331227281469683,0.4230359457798113
696,2022-2023,2023-04-25,Wolves,Crystal Palace,H,0.42894736842105263,0.23157894736842105,0.33947368421052632,0.4127084519823036,0.22154809347203255,0.36574345454566382,0.41150788890706941,0.22207634835619669,0.36641576273673399,0.41930014718852265,0.23714828519562528,0.34355156761585198,0.32973841922039776,0.3368826658167931,0.33337891496280936,0.33708581796879977,0.32218786831998902,0.34072631371121143
697,2022-2023,2023-04-26,Chelsea,Brentford,A,0.42894736842105263,0.23157894736842105,0.33947368421052632,0.42147408772256023,0.22329842523277274,0.355227487044667,0.42007475881791678,0.22390181265603279,0.35602342852605046,0.44063647490636093,0.2358946077283316,0.32346891736530753,0.36021408307755198,0.3142168475655609,0.32556906935688706,0.36711036610318437,0.30042428151429612,0.33246535238251945
698,2022-2023,2023-04-26,Manchester City,Arsenal,H,0.42894736842105263,0.23157894736842105,0.33947368421052632,0.52456406038730974,0.19379979368226033,0.28163614593042996,0.52635019655341486,0.19465647602568079,0.27899332742090438,0.49238036932247164,0.23071543383461113,0.27690419684291723,0.64441371283871551,0.17516287869694985,0.18042340846433466,0.64788689632084318,0.16821651173269464,0.18389659194646224
699,2022-2023,2023-04-26,Nottingham,Brighton,H,0.42894736842105263,0.23157894736842105,0.33947368421052632,0.28753847725699933,0.23112306108324315,0.48133846165975747,0.28026388025338528,0.23030516730879655,0.4894309524378182,0.31331678145163294,0.23504399850215765,0.45163922004620943,0.15918291830726175,0.20648358097487837,0.63433350071785999,0.16418562120772254,0.1964781751739568,0.63933620361832078
700,2022-2023,2023-04-26,West Ham,Liverpool,A,0.42894736842105263,0.23157894736842105,0.33947368421052632,0.40104654610279705,0.22031863722387521,0.37863481667332777,0.38750521403561111,0.22038652666285935,0.39210825930152943,0.3135347095888506,0.23506382949593529,0.4514014609152141,0.25611867797432442,0.23344286951952187,0.51043845250615383,0.26167966216877514,0.22232090113062047,0.51599943670060455
701,2022-2023,2023-04-27,Everton,Newcastle,A,0.42894736842105263,0.23157894736842105,0.33947368421052632,0.26655402569376846,0.21773587747955547,0.51571009682667612,0.25498881332114237,0.2157133234200618,0.5292978632587958,0.25928527718878652,0.22785121200267711,0.51286351080853632,0.12207823237682802,0.22639643699637402,0.65152533062679796,0.12705732226038635,0.21643825722925727,0.6565044205103564
702,2022-2023,2023-04-27,Southampton,Bournemouth,A,0.42894736842105263,0.23157894736842105,0.33947368421052632,0.42912661993335066,0.23510378152482764,0.33576959854182181,0.42305281299320585,0.23558586649649613,0.34136132051029811,0.37331199383776459,0.2380088521871695,0.38867915397506592,0.3994741105669094,0.27906604044693584,0.32145984898615476,0.40598269683665544,0.26604886790744386,0.32796843525590075
703,2022-2023,2023-04-27,Tottenham,Manchester Utd,D,0.42894736842105263,0.23157894736842105,0.33947368421052632,0.44035134464847925,0.22507007521028036,0.33457858014124048,0.43677721687240251,0.22599651000934276,0.33722627311825459,0.40935069418804915,0.23755109555869944,0.35309821025325144,0.42267956959514341,0.22974499011591659,0.34757544028894,0.42767133705197613,0.21976145520225107,0.35256720774577271
704,2022-2023,2023-04-29,Brentford,Nottingham,H,0.42894736842105263,0.23157894736842105,0.33947368421052632,0.59015441175370864,0.20940206565156133,0.20044352259472997,0.59168569329371856,0.20970729277560482,0.19860701393067673,0.53241661546148999,0.22469403738693347,0.24288934715157648,0.64586548477891326,0.2095307033204041,0.14460381190068253,0.65133983685945362,0.19858199915932337,0.1500781639812229
705,2022-2023,2023-04-29,Brighton,Wolves,H,0.42894736842105263,0.23157894736842105,0.33947368421052632,0.51585212581109474,0.20904051515854966,0.27510735903035566,0.52157388406893146,0.20921161143468522,0.26921450449638323,0.52665014500836771,0.22566790498686443,0.24768195000476789,0.56278788463084894,0.23428425936372557,0.20292785600542546,0.5689198944133631,0.22202023979869714,0.20905986578793964
706,2022-2023,2023-04-29,Crystal Palace,West Ham,H,0.42894736842105263,0.23157894736842105,0.33947368421052632,0.45535633447603829,0.21789611948189272,0.32674754604206896,0.45469499676392572,0.21841243604904659,0.32689256718702775,0.45351130396113842,0.23488562423442802,0.31160307180443364,0.38801065859496026,0.30484261559712023,0.30714672580791957,0.39541280278557589,0.29003832721588896,0.31454886999853521
707,2022-2023,2023-04-30,Bournemouth,Leeds United,H,0.42894736842105263,0.23157894736842105,0.33947368421052632,0.47747349536473427,0.219074628006797,0.30345187662846879,0.48248343970586238,0.21920699799345575,0.29830956230068179,0.50896103490922429,0.22843198515781676,0.26260697993295889,0.46614344268064856,0.24253017332914006,0.29132638399021149,0.47249783276647617,0.22982139315748468,0.29768077407603916
708,2022-2023,2023-04-30,Fulham,Manchester City,A,0.42894736842105263,0.23157894736842105,0.33947368421052632,0.27173778090490441,0.20879075253144999,0.51947146656364562,0.25747510111582694,0.20647971853971178,0.53604518034446125,0.24479556334771993,0.22508653697503708,0.53011789967724299,0.14632900021145329,0.19952720489831835,0.65414379489022823,0.15162792163076028,0.18892936205970431,0.6594427163095351
709,2022-2023,2023-04-30,Liverpool,Tottenham,H,0.42894736842105263,0.23157894736842105,0.33947368421052632,0.56644575106173323,0.20182476989954118,0.23172947903872565,0.56773727758664361,0.20238995945856694,0.22987276295478937,0.51024388205802806,0.22824288633783574,0.2615132316041362,0.68149659046973121,0.16352611679881798,0.15497729273145081,0.68506003330848408,0.15639923112131215,0.15854073557020371
710,2022-2023,2023-04-30,Manchester Utd,Aston Villa,H,0.42894736842105263,0.23157894736842105,0.33947368421052632,0.49657446744303979,0.20746316330910045,0.29596236924785979,0.49903076550704895,0.20802205070438068,0.29294718378857043,0.49511096727647036,0.23035994667914675,0.27452908604438292,0.39672560685856084,0.27152835282907861,0.33174604031236049,0.40392778306408678,0.2571240004180268,0.33894821651788642
711,2022-2023,2023-04-30,Newcastle,Southampton,H,0.42894736842105263,0.23157894736842105,0.33947368421052632,0.66865015393758243,0.17753954143494796,0.15381030462746964,0.6818697786776563,0.17467423778767219,0.14345598353467146,0.67805569018397749,0.18817767469704139,0.13376663511898104,0.8259792503359128,0.12423968808820168,0.049781061575885355,0.82921918655737337,0.11775981564528054,0.053020997797345912
712,2022-2023,2023-05-01,Leicester City,Everton,D,0.42894736842105263,0.23157894736842105,0.33947368421052632,0.48001864094301649,0.22450538362112152,0.29547597543586207,0.48047113714049661,0.22502979179822397,0.29449907106127943,0.46417594062528134,0.23390833333743816,0.30191572603728051,0.57555232244228471,0.24410891052550546,0.18033876703220986,0.58253430424686969,0.23014494691633561,0.18732074883679478
713,2022-2023,2023-05-02,Arsenal,Chelsea,H,0.42894736842105263,0.23157894736842105,0.33947368421052632,0.59058550246636377,0.19735853312592688,0.21205596440770927,0.60141300077226056,0.19626358214538514,0.20232341708235427,0.61472937946256534,0.20690140804051371,0.17836921249692109,0.67334357949684287,0.20106139230865655,0.12559502819450058,0.67913099682559597,0.18948655765115033,0.1313824455232537
714,2022-2023,2023-05-03,Liverpool,Fulham,H,0.42894736842105263,0.23157894736842105,0.33947368421052632,0.5858682461745619,0.19655101036048894,0.21758074346494907,0.59456185658951344,0.19582978029338036,0.20960836311710629,0.58087506575402936,0.21510132782719291,0.20402360641877776,0.64053127907666008,0.2021444995616459,0.15732422136169391,0.64624984527286089,0.19070736716924427,0.16304278755789472
715,2022-2023,2023-05-03,Manchester City,West Ham,H,0.42894736842105263,0.23157894736842105,0.33947368421052632,0.70113460981184872,0.1656096017617891,0.13325578842636204,0.71346848652132611,0.1627239989620218,0.12380751451665221,0.69357964313981646,0.18289159009204295,0.12352876676814058,0.83816886591201489,0.1049106154006333,0.056920518687351734,0.84101910072489361,0.09921014577487558,0.059770753500230582
716,2022-2023,2023-05-04,Brighton,Manchester Utd,H,0.42894736842105263,0.23157894736842105,0.33947368421052632,0.49558991738171926,0.21680911675003847,0.2876009658682423,0.48911549703637447,0.21817571370757716,0.29270878925604826,0.39059727197750699,0.23798825652733441,0.37141447149515872,0.5122581272890554,0.23154636398490211,0.25619550872604246,0.51943259809947495,0.21719742236406303,0.26336997953646202
717,2022-2023,2023-05-06,Bournemouth,Chelsea,A,0.42894736842105263,0.23157894736842105,0.33947368421052632,0.46386371457260001,0.21372945821698303,0.32240682721041691,0.46314536316268773,0.21423307356915805,0.32262156326815422,0.44550948477529551,0.23553484067769184,0.31895567454701262,0.37980084384058821,0.31177401940830868,0.30842513675110295,0.3901241587717853,0.29112738954591461,0.31874845168230004
718,2022-2023,2023-05-06,Liverpool,Brentford,H,0.42894736842105263,0.23157894736842105,0.33947368421052632,0.57797968609170136,0.19301099622002449,0.22900931768827407,0.58411629404128784,0.1928694747531596,0.2230142312055525,0.55804781663453018,0.21993370198377454,0.2220184813816953,0.60709312089971401,0.2080726876151387,0.18483419148514724,0.6145244902443241,0.1932099489259187,0.19226556082975721
719,2022-2023,2023-05-06,Manchester City,Leeds United,H,0.42894736842105263,0.23157894736842105,0.33947368421052632,0.74941743381217818,0.14780812426937817,0.10277444191844375,0.76237397054000844,0.14396877606050218,0.093657253399489382,0.73729170059087779,0.16645338731010439,0.096254912099017709,0.94757435582307792,0.037463133792415344,0.014962510384506671,0.94878962195625172,0.0350326015260677,0.01617777651768049
720,2022-2023,2023-05-06,Tottenham,Crystal Palace,H,0.42894736842105263,0.23157894736842105,0.33947368421052632,0.47943468092435015,0.21627147671845359,0.30429384235719631,0.48627522340350077,0.21663329331162967,0.29709148328486951,0.51834916761720418,0.22700701743936899,0.25464381494342692,0.5327050750871799,0.22195964254160999,0.24533528237121013,0.54044468879785157,0.20648041512026666,0.25307489608188183
721,2022-2023,2023-05-06,Wolves,Aston Villa,H,0.42894736842105263,0.23157894736842105,0.33947368421052632,0.40132580560226222,0.21532444318568483,0.383349751212053,0.39388086560859747,0.21557383447488956,0.39054529991651299,0.36095726710516374,0.23779203740591992,0.4012506954889164,0.24660222042295435,0.28195424230990207,0.47144353726714339,0.25645445946788692,0.26224976422003715,0.48129577631207598
722,2022-2023,2023-05-07,Newcastle,Arsenal,A,0.42894736842105263,0.23157894736842105,0.33947368421052632,0.45418371038869826,0.20137199530838801,0.34444429430291368,0.44930777018128881,0.20235090145281975,0.34834132836589138,0.40966200413960074,0.23754026972137954,0.35279772613901966,0.52878033600148278,0.20942088136708234,0.26179878263143469,0.53844177763232248,0.19009799810540312,0.27146022426227434
723,2022-2023,2023-05-07,West Ham,Manchester Utd,H,0.42894736842105263,0.23157894736842105,0.33947368421052632,0.37934342449725089,0.22663194303216361,0.3940246324705855,0.36849128231012318,0.22668348188706766,0.40482523580280921,0.30879405904583274,0.23461665570016627,0.456589285254001,0.33789015722732485,0.26839397093996226,0.39371587183271295,0.35204246527107319,0.24008935485246558,0.40786817987646123
724,2022-2023,2023-05-08,Brighton,Everton,A,0.42894736842105263,0.23157894736842105,0.33947368421052632,0.62225980495413569,0.19050520006055169,0.18723499498531251,0.63000051931529866,0.189533832657581,0.18046564802712028,0.59637798816238241,0.21150015954036441,0.19212185229725301,0.77155238448471275,0.14665994816537223,0.081787667349914966,0.78012162965274234,0.12952145782931315,0.090356912517944518
725,2022-2023,2023-05-08,Fulham,Leicester City,H,0.42894736842105263,0.23157894736842105,0.33947368421052632,0.48934152146644899,0.21518608236217143,0.29547239617137966,0.4941902817513944,0.21542817270185358,0.29038154554675211,0.51540787462138349,0.2274636944174058,0.25712843096121069,0.51195398169552397,0.2526641713371035,0.23538184696737244,0.52671617224553924,0.22313979023707303,0.25014403751738767
726,2022-2023,2023-05-08,Nottingham,Southampton,H,0.42894736842105263,0.23157894736842105,0.33947368421052632,0.47375851225016063,0.22136641302513577,0.30487507472470365,0.47805861601633504,0.22156229711879225,0.30037908686487269,0.50339793871377558,0.2292313995101303,0.2673706617760942,0.47838097158578946,0.27167926685665789,0.24993976155755251,0.49397421691268956,0.24049277620285772,0.26553300688445269
727,2022-2023,2023-05-13,Aston Villa,Tottenham,H,0.42894736842105263,0.23157894736842105,0.33947368421052632,0.4605496582578088,0.20956971357669577,0.32988062816549552,0.45587501475010817,0.21045982591853349,0.33366515933135843,0.42070878521354277,0.23708182649932469,0.34220938828713243,0.51739442352744325,0.22655494960316666,0.25605062686939012,0.53049973509358361,0.20034432647088599,0.26915593843553043
728,2022-2023,2023-05-13,Chelsea,Nottingham,D,0.42894736842105263,0.23157894736842105,0.33947368421052632,0.53716854139142545,0.21838633075334957,0.24444512785522501,0.53843400225491367,0.21876178112889966,0.24280421661618665,0.50730831213143701,0.22867298082955823,0.26401870703900476,0.51884047453822424,0.26708866504469903,0.21407086041707674,0.53437102424009597,0.23602756564095567,0.22960141011894841
729,2022-2023,2023-05-13,Crystal Palace,Bournemouth,H,0.42894736842105263,0.23157894736842105,0.33947368421052632,0.50517825120002924,0.21464415989240188,0.28017758890756894,0.50430677409529057,0.21525458617256685,0.28043863973214261,0.45768179864468922,0.23451862669716217,0.30779957465814861,0.51514122949338903,0.26620781515985192,0.21865095534675932,0.53070447110679531,0.23508133193303921,0.23421419696016565
730,2022-2023,2023-05-13,Leeds United,Newcastle,D,0.42894736842105263,0.23157894736842105,0.33947368421052632,0.26475250305941556,0.2131364107317251,0.52211108620885938,0.25270243510669443,0.21098479527207514,0.53631276962123042,0.24683566437314955,0.22549905592100447,0.52766527970584587,0.13526082389036137,0.17608796903316282,0.68865120707647576,0.14547780818094166,0.1556540004520022,0.69886819136705614
731,2022-2023,2023-05-13,Manchester Utd,Wolves,H,0.42894736842105263,0.23157894736842105,0.33947368421052632,0.56329969730303542,0.2025988540682768,0.23410144862868781,0.56911274048841021,0.20245550374811877,0.22843175576347091,0.56100509197525683,0.21933916870692985,0.21965573931781324,0.54936303220660587,0.27115782116816534,0.17947914662522874,0.56431782575625133,0.24124823406887447,0.19443394017487414
732,2022-2023,2023-05-13,Southampton,Fulham,A,0.42894736842105263,0.23157894736842105,0.33947368421052632,0.29715354473864075,0.21570904240657807,0.48713741285478118,0.29040412582602265,0.21506054550340656,0.49453532867057082,0.31659509387424167,0.235334987231202,0.44806991889455638,0.23834207456120354,0.25045464986160293,0.51120327557719347,0.25339137718677424,0.22035604461046174,0.52625257820276405
733,2022-2023,2023-05-14,Arsenal,Brighton,A,0.42894736842105263,0.23157894736842105,0.33947368421052632,0.56386238291312651,0.20644953330774785,0.22968808377912564,0.5724218934623837,0.20600692147368291,0.22157118506393347,0.57509810285556928,0.21637711287395892,0.20852478427047175,0.66190006559875691,0.16414535264198943,0.17395458175925374,0.66893124079803201,0.15008300224343901,0.18098575695852889
734,2022-2023,2023-05-14,Brentford,West Ham,H,0.42894736842105263,0.23157894736842105,0.33947368421052632,0.51418247825765706,0.2091996977704739,0.27661782397186901,0.51526211070744954,0.20978917949549861,0.27494870979705177,0.49807377913446899,0.22996503790239936,0.27196118296313171,0.50795340016026258,0.25304015553450054,0.2390064443052371,0.52258990624620161,0.22376714336262235,0.25364295039117613
735,2022-2023,2023-05-14,Everton,Manchester City,A,0.42894736842105263,0.23157894736842105,0.33947368421052632,0.22945890396677365,0.20541683448977935,0.56512426154344708,0.21259126768769027,0.20101446044704258,0.58639427186526716,0.17939929262716622,0.20726297134994143,0.61333773602289232,0.094218172923971819,0.15904623252595837,0.74673559455006988,0.10341489830441968,0.14065278176506263,0.75593231993051768
736,2022-2023,2023-05-15,Leicester City,Liverpool,A,0.42894736842105263,0.23157894736842105,0.33947368421052632,0.32202536525699443,0.22049422085013387,0.45748041389287164,0.30517303790490147,0.2187942445977786,0.47603271749731985,0.23488166036849001,0.22296944651183034,0.54214889311967973,0.19770698121729671,0.19537975659759221,0.60691326218511088,0.20813588721028273,0.17452194461162018,0.61734216817809695
737,2022-2023,2023-05-18,Newcastle,Brighton,H,0.42894736842105263,0.23157894736842105,0.33947368421052632,0.48784118830627071,0.20824547525091502,0.30391333644281443,0.4910517473417973,0.20888867871192346,0.30005957394627919,0.495058228391901,0.23036688956325976,0.27457488204483926,0.52854709612086714,0.21953551341722832,0.2519173904619047,0.54065226832469293,0.19532516900957653,0.26402256266573049
738,2022-2023,2023-05-20,Bournemouth,Manchester Utd,A,0.42894736842105263,0.23157894736842105,0.33947368421052632,0.34424664912007397,0.21338936633633526,0.44236398454359088,0.33498143472980152,0.21303376090819595,0.45198480436200261,0.31624193421004154,0.235304393019512,0.44845367277044657,0.22804237639177904,0.26382200207944778,0.50813562152877312,0.24279555666558822,0.23431564153182943,0.52288880180258235
739,2022-2023,2023-05-20,Fulham,Crystal Palace,D,0.42894736842105263,0.23157894736842105,0.33947368421052632,0.47759691091220124,0.21397709813245067,0.30842599095534812,0.47885294336412643,0.2146191920867371,0.3065278645491365,0.46971297646652188,0.23335083448318297,0.29693618905029512,0.46151519810287855,0.28667291025506098,0.25181189164206058,0.47701825554228955,0.25566679537623893,0.26731494908147163
740,2022-2023,2023-05-20,Liverpool,Aston Villa,D,0.42894736842105263,0.23157894736842105,0.33947368421052632,0.58935616865498008,0.1873595236576682,0.22328430768735172,0.59437837131261306,0.18736296787134371,0.21825866081604314,0.55276273683713528,0.22097288517717881,0.22626437798568586,0.55437904179267006,0.24041348842391028,0.20520746978341972,0.568045551198196,0.21308046961285831,0.21887397918894569
741,2022-2023,2023-05-20,Nottingham,Arsenal,H,0.42894736842105263,0.23157894736842105,0.33947368421052632,0.2884760968069332,0.20202409727825166,0.50949980591481514,0.27401205368721226,0.1999514455423331,0.52603650077045461,0.24080529456359848,0.22425705415347741,0.53493765128292414,0.16535096219220294,0.1719934550975947,0.66265558271020242,0.17363656738423372,0.15542224471353316,0.67094118790223312
742,2022-2023,2023-05-20,Tottenham,Brentford,A,0.42894736842105263,0.23157894736842105,0.33947368421052632,0.45078618895212064,0.21519295776812225,0.334020853279757,0.45368076535607554,0.21593977148156471,0.33037946316235967,0.47175333013480258,0.23313681439204889,0.29510985547314844,0.41778157226972901,0.2364164511461655,0.34580197658410572,0.43056486298308094,0.21084986971946162,0.35858526729745765
743,2022-2023,2023-05-20,Wolves,Everton,D,0.42894736842105263,0.23157894736842105,0.33947368421052632,0.47857411855548998,0.21456316131980238,0.30686272012470767,0.48128479435146626,0.21489778889988517,0.30381741674864854,0.48959485013015125,0.23106968540579181,0.27933546446405694,0.42322125815565409,0.29238932980145538,0.28438941204289037,0.43907562439072001,0.26068059733132365,0.30024377827795629
744,2022-2023,2023-05-21,Brighton,Southampton,H,0.42894736842105263,0.23157894736842105,0.33947368421052632,0.61846126847479044,0.18672368972571823,0.19481504179949136,0.63096802505511862,0.18484621375294441,0.18418576119193689,0.63912153674333438,0.20021931472252563,0.16065914853414007,0.77966724984511382,0.13447665675959811,0.085856093395288269,0.78705973225457404,0.11969169194067757,0.093248575804748546
745,2022-2023,2023-05-21,Manchester City,Chelsea,H,0.42894736842105263,0.23157894736842105,0.33947368421052632,0.69658098617828912,0.16310298297128598,0.14031603085042493,0.70806104198591402,0.16074373120935648,0.13119522680472939,0.6776455173456748,0.1883135369501272,0.13404094570419792,0.78757141438683675,0.14672641275585235,0.065702172857310975,0.79589773412815734,0.13007377327321107,0.074028492598631632
746,2022-2023,2023-05-21,West Ham,Leeds United,H,0.42894736842105263,0.23157894736842105,0.33947368421052632,0.4891578072407311,0.21704614461756913,0.29379604814169974,0.49299844573967244,0.21731818466585456,0.28968336959447299,0.50510200948922523,0.22899008809113436,0.2659079024196403,0.57289167530763196,0.21131943510666065,0.21578888958570744,0.58450407244618208,0.18809464082956034,0.22740128672425758
747,2022-2023,2023-05-22,Newcastle,Leicester City,D,0.42894736842105263,0.23157894736842105,0.33947368421052632,0.65261097319623873,0.18448408308056055,0.16290494372320066,0.66371230345508869,0.182349817487993,0.15393787905691825,0.64694516275315228,0.19793675951700582,0.15511807772984187,0.770848886695083,0.13769809479467693,0.091453018510240194,0.77862089021340208,0.12215408775803886,0.09922502202855922
748,2022-2023,2023-05-24,Brighton,Manchester City,D,0.42894736842105263,0.23157894736842105,0.33947368421052632,0.35260282131548287,0.20943445561663712,0.43796272306788009,0.33877913129778414,0.20901967640104327,0.45220119230117256,0.27370961307575481,0.23023512016327133,0.49605526676097406,0.18909058773371895,0.19196894378740961,0.61894046847887152,0.19814973213702708,0.17385065498079336,0.62799961288217965
749,2022-2023,2023-05-25,Manchester Utd,Chelsea,H,0.42894736842105263,0.23157894736842105,0.33947368421052632,0.58180805865692087,0.19869192997829532,0.21950001136478373,0.58699196200643278,0.19849418439785882,0.21451385359570849,0.56017021713042092,0.21950796193064209,0.22032182093893685,0.49123220014265956,0.30560666454904567,0.20316113530829485,0.50343469416576936,0.28120167650282607,0.21536362933140465
750,2022-2023,2023-05-28,Arsenal,Wolves,H,0.42894736842105263,0.23157894736842105,0.33947368421052632,0.62697122267372718,0.1870479575624367,0.18598081976383615,0.63686229648063664,0.18573731622803025,0.1774003872913332,0.62376223920612273,0.20450314033193279,0.17173462046194443,0.720887914231086,0.17055043685432808,0.10856164891458589,0.72876766498293022,0.15479093535063995,0.11644139966642995
751,2022-2023,2023-05-28,Aston Villa,Brighton,H,0.42894736842105263,0.23157894736842105,0.33947368421052632,0.43957719025140229,0.21068764273720766,0.34973516701139012,0.43814464318768942,0.21146389193898546,0.35039146487332506,0.43437119508258287,0.23631728340142802,0.32931152151598903,0.44855183929647285,0.24752838024925963,0.30391978045426765,0.45991038499103715,0.22481128886013105,0.31527832614883189
752,2022-2023,2023-05-28,Brentford,Manchester City,H,0.42894736842105263,0.23157894736842105,0.33947368421052632,0.36855795258953661,0.20622225072844719,0.42521979668201626,0.35163640050754763,0.20570654488110049,0.44265705461135196,0.26104173614348869,0.22816072430921078,0.51079753954730056,0.20347378289615708,0.24266024772047601,0.55386596938336685,0.21468566823150842,0.22023647704977334,0.56507785471871819
753,2022-2023,2023-05-28,Chelsea,Newcastle,D,0.42894736842105263,0.23157894736842105,0.33947368421052632,0.31590013893641961,0.21093922477702134,0.47316063628655891,0.30806780326094785,0.21051148085409926,0.48142071588495289,0.32006340860750543,0.23562584959146279,0.44431074180103186,0.2129412278116877,0.26694170307090526,0.52011706911740718,0.22489888636864089,0.2430263859569988,0.53207472767436037
754,2022-2023,2023-05-28,Crystal Palace,Nottingham,D,0.42894736842105263,0.23157894736842105,0.33947368421052632,0.52413745654023769,0.21173993067366753,0.26412261278609472,0.52411206025558699,0.21231473993213959,0.26357319981227351,0.48177128721524703,0.23201922953841264,0.28620948324634038,0.5240583589079878,0.25434414587564463,0.22159749521636748,0.53575779767554621,0.23094526834052764,0.23329693398392595
755,2022-2023,2023-05-28,Everton,Bournemouth,H,0.42894736842105263,0.23157894736842105,0.33947368421052632,0.47360849604113842,0.21884526222847941,0.3075462417303822,0.47115271290154709,0.21942630368644508,0.3094209834120078,0.42537568907688278,0.23684506000914207,0.3377792509139752,0.47052799386941341,0.26421199145821211,0.26526001467237459,0.48271388047922104,0.23984021823859672,0.27744590128218227
756,2022-2023,2023-05-28,Leeds United,Tottenham,A,0.42894736842105263,0.23157894736842105,0.33947368421052632,0.37039257460775227,0.2187833649708209,0.41082406042142688,0.35890687538857791,0.2184652731617138,0.42262785144970827,0.30997324882251964,0.23473098767146924,0.4552957635060112,0.29205711773249421,0.19504806592395027,0.51289481634355549,0.2984622247881501,0.18223785181263841,0.51929992339921138
757,2022-2023,2023-05-28,Leicester City,West Ham,H,0.42894736842105263,0.23157894736842105,0.33947368421052632,0.41279151195105129,0.22298594216531359,0.36422254588363506,0.40836041674418116,0.22350438101129871,0.36813520224452012,0.39369675634191426,0.23794543308672503,0.36835781057136058,0.39094037723283637,0.24556220775867682,0.36349741500848676,0.40205695820978932,0.22332904580477084,0.37461399598543976
758,2022-2023,2023-05-28,Manchester Utd,Fulham,H,0.42894736842105263,0.23157894736842105,0.33947368421052632,0.55566453106543923,0.20049997721206281,0.24383549172249791,0.5612802248399531,0.20047466252773621,0.23824511263231068,0.54955513901921249,0.22158899059335407,0.22885587038743341,0.5096268302960133,0.25784951692261082,0.23252365278137574,0.52148969664759437,0.23412378421944879,0.24438651913295675
759,2022-2023,2023-05-28,Southampton,Liverpool,D,0.42894736842105263,0.23157894736842105,0.33947368421052632,0.24882138490954459,0.21257800416377926,0.53860061092667622,0.23106446175023915,0.20839700086664359,0.56053853738311721,0.18529185756086886,0.20927722958689046,0.60543091285224071,0.10661471737879516,0.16850442766773988,0.72488085495346499,0.11439662325737099,0.15294061591058822,0.73266276083204074
760,2023-2024,2023-08-11,Burnley,Manchester City,A,0.45657894736842103,0.23026315789473684,0.31315789473684208,0.44465311197291862,0.2371906547180653,0.31815623330901621,0.4245908933370714,0.23869346936529853,0.3367156372976301,0.28791633560860824,0.23248921118175397,0.47959445320963784,0.093484249452245316,0.19430350294800458,0.7122122475997501,0.10214144232075689,0.17698911721098143,0.72086944046826162
761,2023-2024,2023-08-12,Arsenal,Nottingham,H,0.45657894736842103,0.23026315789473684,0.31315789473684208,0.55193640899916607,0.24208990665465352,0.20597368434618046,0.56302477395747286,0.24059836687691744,0.1963768591656096,0.58887179316761729,0.21345835859020756,0.19766984824217515,0.77951252831636286,0.13097766254968207,0.089509809133955287,0.78515626891943369,0.11969018134354044,0.095153549737026083
762,2023-2024,2023-08-12,Bournemouth,West Ham,D,0.45657894736842103,0.23026315789473684,0.31315789473684208,0.4158235760322575,0.28707981800062987,0.29709660596711263,0.41298864148397668,0.28799233661962925,0.29901902189639412,0.4322260638878081,0.23668084464107633,0.33109309147111571,0.31062291186861951,0.26797237370649368,0.42140471442488675,0.32330504543970645,0.24260810656431975,0.43408684799597375
763,2023-2024,2023-08-12,Brighton,Luton Town,H,0.45657894736842103,0.23026315789473684,0.31315789473684208,0.48089385455968259,0.24910961789292513,0.26999652754739217,0.48713110523481706,0.24923842298211274,0.26363047178307014,0.48552516098440379,0.23178811058258228,0.2826867284330139,0.55623934469832326,0.22175102433960955,0.22200963096206741,0.56650939074681961,0.20121093224261702,0.23227967701056371
764,2023-2024,2023-08-12,Everton,Fulham,A,0.45657894736842103,0.23026315789473684,0.31315789473684208,0.41545964215751663,0.27652536223735186,0.30801499560513146,0.41094956853923353,0.27749661093468359,0.31155382052608283,0.40078345432356854,0.23803888506257226,0.3611776606138592,0.30351648550764843,0.26802177560691864,0.42846173888543287,0.31619352927819788,0.2426676880658197,0.44113878265598239
765,2023-2024,2023-08-12,Newcastle,Aston Villa,H,0.45657894736842103,0.23026315789473684,0.31315789473684208,0.51148499164560901,0.24124939375706231,0.24726561459732882,0.51486709900536054,0.24163628889451819,0.24349661210012136,0.48552160250744142,0.23178854283804018,0.28268985465451846,0.50017363474031939,0.26776433555067347,0.23206202970900688,0.51259248756290299,0.24292662990550642,0.24448088253159037
766,2023-2024,2023-08-12,Sheffield United,Crystal Palace,A,0.45657894736842103,0.23026315789473684,0.31315789473684208,0.46513707376462543,0.26639303388927743,0.26846989234609719,0.46512775297083853,0.26731362649845641,0.26755862053070506,0.46093361279581857,0.23444148597988215,0.3046249012242993,0.4388630922168788,0.29329398985393967,0.26784291792918163,0.45197724245003118,0.26706568938763492,0.28095706816233401
767,2023-2024,2023-08-13,Brentford,Tottenham,D,0.45657894736842103,0.23026315789473684,0.31315789473684208,0.47574590314914911,0.25177901240114159,0.27247508444970947,0.47418845153165262,0.25291894238901091,0.27289260607933646,0.45448241021442254,0.23502604948257588,0.31049154030300147,0.56246118721808724,0.21457915218970436,0.22295966059220834,0.57234881580890018,0.19480389500807863,0.23284728918302119
768,2023-2024,2023-08-13,Chelsea,Liverpool,D,0.45657894736842103,0.23026315789473684,0.31315789473684208,0.42949820834235614,0.25847473650301844,0.31202705515462531,0.41572653362495521,0.25988487332611321,0.32438859304893153,0.33143920544151673,0.2367034849519665,0.4318573096065168,0.23795106886488412,0.24892785718560373,0.51312107394951234,0.24997606710026135,0.22487786071484928,0.52514607218488951
769,2023-2024,2023-08-14,Manchester Utd,Wolves,H,0.45657894736842103,0.23026315789473684,0.31315789473684208,0.51423128794634809,0.25604948859838544,0.22971922345526646,0.52339522896062429,0.25537726367641095,0.22122750736296468,0.56387524912180187,0.21894457249717292,0.2171801783810253,0.66367277531260849,0.21954748272233401,0.11677974196505761,0.67233312305369364,0.20222678724016382,0.1254400897061427
770,2023-2024,2023-08-18,Nottingham,Sheffield United,H,0.45657894736842103,0.23026315789473684,0.31315789473684208,0.39359393840843848,0.29063119400861809,0.31577486758294337,0.39216724079928272,0.29129662419475627,0.31653613500596089,0.42075941649425852,0.23731098634910464,0.34192959715663679,0.39697060671085316,0.26206340774693249,0.34096598554221452,0.40861284377245333,0.23877893362373226,0.35260822260381458
771,2023-2024,2023-08-19,Fulham,Brentford,A,0.45657894736842103,0.23026315789473684,0.31315789473684208,0.58819932792588714,0.20494049491251462,0.2068601771615983,0.58005059800768721,0.20674071331443911,0.21320868867787365,0.41769158796767802,0.23745352941952572,0.34485488261279629,0.37731693395700944,0.27911659044178211,0.3435664756012084,0.38875076140915599,0.2562489355374889,0.355000303053355
772,2023-2024,2023-08-19,Liverpool,Bournemouth,H,0.45657894736842103,0.23026315789473684,0.31315789473684208,0.50086674188937008,0.26420138289779466,0.23493187521283532,0.5155703507585776,0.26250285427880699,0.22192679496261536,0.59536003349148225,0.21192435255915928,0.19271561394935857,0.78922298990052842,0.13578296459599223,0.074994045503479226,0.79480648159828771,0.12461598120047353,0.0805775372012386
773,2023-2024,2023-08-19,Manchester City,Newcastle,H,0.45657894736842103,0.23026315789473684,0.31315789473684208,0.49925550285923104,0.22614272965240989,0.27460176748835896,0.51061048870996306,0.22638401016100726,0.26300550112902965,0.53281893588255269,0.22482667763619749,0.24235438648124982,0.59708664587922378,0.21995229570443078,0.18296105841634552,0.60617796491180298,0.20176965763927227,0.19205237744892478
774,2023-2024,2023-08-19,Tottenham,Manchester Utd,H,0.45657894736842103,0.23026315789473684,0.31315789473684208,0.3138204789616435,0.30150246731161395,0.3846770537267426,0.31702723715873504,0.30387861019380158,0.37909415264746343,0.3932830220051623,0.23818846333183993,0.36852851466299769,0.38244401853249371,0.23968600828345923,0.37786997318404708,0.39195512508131558,0.2206637951858155,0.38738107973286889
775,2023-2024,2023-08-19,Wolves,Brighton,A,0.45657894736842103,0.23026315789473684,0.31315789473684208,0.16976592750394359,0.29617114194638011,0.53406293054967624,0.17461537105362632,0.3002462086285998,0.52513842031777391,0.36152666874350287,0.23804756879491942,0.40042576246157785,0.21477311023550566,0.23656668114402687,0.5486602086204676,0.22456519397320451,0.21698251366862911,0.5584522923581664
776,2023-2024,2023-08-20,Aston Villa,Everton,H,0.45657894736842103,0.23026315789473684,0.31315789473684208,0.3535779644731854,0.34598341916970982,0.30043861635710473,0.36394523007090857,0.34713021596879412,0.28892455396029743,0.54288774805690121,0.22303297553574253,0.23407927640735621,0.605610054216561,0.23411074752995328,0.16027919825348588,0.61692915767159295,0.21147254061988946,0.17159830170851781
777,2023-2024,2023-08-20,West Ham,Chelsea,H,0.45657894736842103,0.23026315789473684,0.31315789473684208,0.42081635997842282,0.28538713971015495,0.29379650031142235,0.41982344066236399,0.28623737404418231,0.29393918529345364,0.42936343456477766,0.23685247184853861,0.33378409358668365,0.4224913859359517,0.28868991734146576,0.28881869672258259,0.4362071277266778,0.26125843376001362,0.30253443851330869
778,2023-2024,2023-08-21,Crystal Palace,Arsenal,A,0.45657894736842103,0.23026315789473684,0.31315789473684208,0.41935863101382748,0.23917720071681767,0.34146416826935488,0.4085028065733447,0.24040564750727969,0.35109154591937564,0.33394672605768067,0.23686252141153943,0.42919075253077993,0.27050223974878085,0.25299331919810197,0.47650444105311734,0.2830303077516596,0.22793718319234449,0.4890325090559961
779,2023-2024,2023-08-25,Chelsea,Luton Town,H,0.45657894736842103,0.23026315789473684,0.31315789473684208,0.56618874741587955,0.24032468692989359,0.19348656565422676,0.56048794803689495,0.241608633444655,0.19790341851845,0.43251772180536002,0.23666282654360948,0.33081945165103055,0.63072156897507436,0.20594048352868491,0.16333794749624084,0.64216705314097233,0.18304951519688892,0.17478343166213883
780,2023-2024,2023-08-26,Arsenal,Fulham,D,0.45657894736842103,0.23026315789473684,0.31315789473684208,0.68221829510910059,0.16879805913504531,0.14898364575585404,0.68595773031941698,0.16813740352000175,0.14590486616058126,0.57463511039464044,0.21666532924069354,0.20869956036466608,0.68805219800828776,0.17690677693731255,0.13504102505439988,0.69763531348294416,0.15774054598799916,0.14462414052905651
781,2023-2024,2023-08-26,Bournemouth,Tottenham,A,0.45657894736842103,0.23026315789473684,0.31315789473684208,0.239660466140695,0.30656148563061497,0.45377804822868995,0.23793472855352579,0.30717417611309034,0.45489109533338379,0.34735255245022728,0.2375660843228147,0.41508136322695793,0.22776720334956724,0.21163177409636119,0.56060102255407152,0.23884229132232498,0.1894815981508457,0.57167611052682921
782,2023-2024,2023-08-26,Brentford,Crystal Palace,D,0.45657894736842103,0.23026315789473684,0.31315789473684208,0.52970711922666913,0.22927984018886055,0.24101304058447026,0.53241639546279595,0.22969416828425049,0.2378894362529535,0.5075010167252858,0.2288548384424697,0.26364414483224441,0.56511480895019628,0.27012292574361685,0.16476226530618707,0.57864192652454394,0.24306869059492134,0.17828938288053478
783,2023-2024,2023-08-26,Brighton,West Ham,A,0.45657894736842103,0.23026315789473684,0.31315789473684208,0.6155378026731273,0.22925874857543302,0.15520344875143979,0.61030209077092656,0.23179278942777895,0.15790511980129462,0.5257462240972085,0.22602150997951218,0.24823226592327935,0.61878697139085748,0.18838502303925961,0.19282800556988275,0.62802795847339798,0.16990304887417873,0.2020689926524232
784,2023-2024,2023-08-26,Everton,Wolves,A,0.45657894736842103,0.23026315789473684,0.31315789473684208,0.39159357569837572,0.29558062640592442,0.31282579789569992,0.39210031782785537,0.29553306085455822,0.3123666213175863,0.43006480593771257,0.23681129891362027,0.33312389514866725,0.42020791553107756,0.29894647319449791,0.28084561127442464,0.43583566188434425,0.26769098048796458,0.29647335762769128
785,2023-2024,2023-08-26,Manchester Utd,Nottingham,H,0.45657894736842103,0.23026315789473684,0.31315789473684208,0.49604789372979513,0.27477460326500219,0.22917750300520259,0.50080244116116623,0.27477463385986212,0.22442292497897179,0.55541561979281362,0.22064934489721116,0.22393503530997511,0.59650662026370516,0.23661883307764017,0.16687454665865459,0.60950836307782941,0.21061534744939195,0.1798762894727787
786,2023-2024,2023-08-27,Burnley,Aston Villa,A,0.45657894736842103,0.23026315789473684,0.31315789473684208,0.26677581944429224,0.30616580724948123,0.42705837330622654,0.26893097655844417,0.30720089082666685,0.42386813261488887,0.39832629785169876,0.23809541596140446,0.36357828618689669,0.11129245404270065,0.21739983994692644,0.67130770601037293,0.1222934872336561,0.1953977735650155,0.68230873920132851
787,2023-2024,2023-08-27,Newcastle,Liverpool,A,0.45657894736842103,0.23026315789473684,0.31315789473684208,0.50581888562682797,0.25917898244957388,0.23500213192359815,0.49675056262706385,0.26198674819671869,0.24126268917621752,0.42166891340395024,0.23726660441503739,0.34106448218101237,0.52183585785883113,0.22649963886085289,0.25166450328031598,0.53375105405736323,0.20266924646378875,0.26357969947884802
788,2023-2024,2023-08-27,Sheffield United,Manchester City,A,0.45657894736842103,0.23026315789473684,0.31315789473684208,0.15213084568333152,0.22938870527471517,0.61848044904195332,0.15003464623619578,0.22915936785570551,0.62080598590809866,0.25463155536460325,0.22724970865996827,0.51811873597542846,0.026621488965124198,0.11087282751778445,0.86250568351709145,0.031484245821015118,0.1011473138060026,0.86736844037298222
789,2023-2024,2023-09-01,Luton Town,West Ham,A,0.45657894736842103,0.23026315789473684,0.31315789473684208,0.19433226690969571,0.33282775412972165,0.47283997896058266,0.19947674292404052,0.33579075068588493,0.46473250639007452,0.43629579585768108,0.23642055939726966,0.32728364474504928,0.05013454980960088,0.11266782778234066,0.83719762240805851,0.056380983820815321,0.10017495975991178,0.84344405641927289
790,2023-2024,2023-09-02,Brentford,Bournemouth,D,0.45657894736842103,0.23026315789473684,0.31315789473684208,0.63641147575718604,0.21245933053475949,0.15112919370805439,0.63681747116410925,0.21262890031829468,0.15055362851759624,0.55840238354881122,0.22005622086421486,0.22154139558697389,0.72371430563802763,0.1854080095635933,0.090877684798378974,0.73353171520055638,0.16577319043853589,0.10069509436090768
791,2023-2024,2023-09-02,Brighton,Newcastle,H,0.45657894736842103,0.23026315789473684,0.31315789473684208,0.53015782323545735,0.2264853464985177,0.24335683026602495,0.52196617352546004,0.22833502728709554,0.2496987991874445,0.41987002781163435,0.23735344891442434,0.34277652327394131,0.31941340105130106,0.22279801495051099,0.457788583998188,0.33041512096327469,0.20079457512656373,0.46879030391016152
792,2023-2024,2023-09-02,Burnley,Tottenham,A,0.45657894736842103,0.23026315789473684,0.31315789473684208,0.16021060610008087,0.26108979899724966,0.57869959490266942,0.16441621915270418,0.2642521615933866,0.57133161925390918,0.37159461542511418,0.23823032105374839,0.39017506352113746,0.10443411157516856,0.15109639318738421,0.74446949523744721,0.11237961726145226,0.13520538181481687,0.75241500092373093
793,2023-2024,2023-09-02,Chelsea,Nottingham,A,0.45657894736842103,0.23026315789473684,0.31315789473684208,0.52835502916804411,0.26953056999587416,0.2021144008360817,0.52198754006353565,0.27134587729480697,0.20666658264165741,0.47067412355456395,0.23347067573449654,0.29585520071093946,0.4638246714532569,0.26002096274474507,0.27615436580199809,0.47814651127208102,0.23137728310709668,0.29047620562082227
794,2023-2024,2023-09-02,Manchester City,Fulham,H,0.45657894736842103,0.23026315789473684,0.31315789473684208,0.71746506407930677,0.15773574273740765,0.1247991931832856,0.72374825556590427,0.15611302723737477,0.12013871719672095,0.62728988938752683,0.20370937500855654,0.16900073560391671,0.76717209586623958,0.15414048915552939,0.078687414978231063,0.77563811831684037,0.13720844425432785,0.087153437428831804
795,2023-2024,2023-09-02,Sheffield United,Everton,D,0.45657894736842103,0.23026315789473684,0.31315789473684208,0.50345761302242464,0.27491938103990787,0.22162300593766748,0.50233828617239062,0.27524861562841185,0.22241309819919752,0.49804049450693211,0.23018211084663401,0.27177739464643386,0.40786097849097491,0.31445380737353928,0.27768521413548575,0.42324850411773307,0.28367875612002291,0.29307273976224391
796,2023-2024,2023-09-03,Arsenal,Manchester Utd,H,0.45657894736842103,0.23026315789473684,0.31315789473684208,0.56687433902578488,0.21828079559686539,0.21484486537734979,0.56624957409661447,0.21923409234212587,0.2145163335612596,0.48250613258391395,0.23214983941351197,0.28534402800257402,0.53689583978704725,0.23251711043758355,0.23058704977536923,0.55117495557065144,0.20395887887037506,0.24486616555897348
797,2023-2024,2023-09-03,Crystal Palace,Wolves,H,0.45657894736842103,0.23026315789473684,0.31315789473684208,0.44706269987487163,0.25463800904172307,0.29829929108340519,0.45086293006187295,0.25458459641635101,0.29455247352177605,0.48016298687239539,0.23242367897028537,0.28741333415731918,0.52802159116531866,0.30023648195903352,0.17174192687564785,0.5431268629021837,0.27002593848530348,0.18684719861251289
798,2023-2024,2023-09-03,Liverpool,Aston Villa,H,0.45657894736842103,0.23026315789473684,0.31315789473684208,0.53983621521641001,0.24344300853880552,0.21672077624478442,0.54410877843073469,0.24325344385009884,0.21263777771916645,0.51453476131941589,0.22780514027473114,0.25766009840585291,0.56217625896686529,0.21646099708125807,0.22136274395187663,0.57506862023554628,0.19067627454389605,0.23425510522055765
799,2023-2024,2023-09-16,Aston Villa,Crystal Palace,H,0.45657894736842103,0.23026315789473684,0.31315789473684208,0.43301733005905313,0.30288029341976519,0.26410237652118163,0.43395883572584437,0.30381489209025153,0.26222627218390404,0.49050012289687012,0.23117021671276228,0.27832966039036761,0.47982512712453507,0.27386608012872743,0.24630879274673748,0.49667151800724363,0.24017329836331031,0.26315518362944607
800,2023-2024,2023-09-16,Fulham,Luton Town,H,0.45657894736842103,0.23026315789473684,0.31315789473684208,0.50544017137131214,0.23515300946549364,0.25940681916319414,0.51003345229015384,0.23478697901451773,0.25517956869532837,0.47482083885222143,0.23302537668773812,0.29215378446004042,0.83858473517237853,0.10773548723987394,0.053679777587747612,0.84529034078093468,0.094324276022761513,0.060385383196303828
801,2023-2024,2023-09-16,Manchester Utd,Brighton,A,0.45657894736842103,0.23026315789473684,0.31315789473684208,0.32092914887900037,0.26347676079240417,0.4155940903285954,0.33106255369541071,0.26514573086618465,0.40379171543840459,0.47313819832115767,0.23320836525603186,0.2936534364228105,0.42282949827731076,0.23689138138573637,0.34027912033695284,0.43707975504876118,0.20839086784283559,0.35452937710840321
802,2023-2024,2023-09-16,Newcastle,Brentford,H,0.45657894736842103,0.23026315789473684,0.31315789473684208,0.3822908066997649,0.25998959919433295,0.35771959410590209,0.39085800803482457,0.26070827480650927,0.34843371715866622,0.46476020800213119,0.23407271427970855,0.3011670777181602,0.49854366567989766,0.25098734624901797,0.25046898807108425,0.51438342699915995,0.2193078236104932,0.2663087493903466
803,2023-2024,2023-09-16,Tottenham,Sheffield United,H,0.45657894736842103,0.23026315789473684,0.31315789473684208,0.68063904258462482,0.18893211463697213,0.13042884277840297,0.67937801532936914,0.1896041185262107,0.13101786614442013,0.5479237391540549,0.22209502668107961,0.22998123416486541,0.77842555110120926,0.12729236797426149,0.09428208092452911,0.78519656189192655,0.11375034639282691,0.10105309171524639
804,2023-2024,2023-09-16,West Ham,Manchester City,A,0.45657894736842103,0.23026315789473684,0.31315789473684208,0.30687434404852815,0.2476045211002352,0.44552113485123657,0.29719812986170646,0.24724849380782182,0.45555337633047166,0.26933192541530621,0.22979489716429424,0.5008731774203995,0.15341824967939338,0.21012781347789408,0.63645393684271256,0.16667927824533413,0.18360575634601264,0.64971496540865326
805,2023-2024,2023-09-16,Wolves,Liverpool,A,0.45657894736842103,0.23026315789473684,0.31315789473684208,0.16430176382983375,0.23763682352035528,0.59806141264981105,0.16298956107086693,0.23770457241119805,0.59930586651793505,0.28064142785310064,0.23150191310648777,0.48785665904041159,0.12923791593029493,0.18768315808982786,0.68307892597987729,0.14105739528991895,0.16404419937057987,0.69489840533950131
806,2023-2024,2023-09-17,Bournemouth,Chelsea,D,0.45657894736842103,0.23026315789473684,0.31315789473684208,0.33406232405909897,0.31014084954616555,0.35579682639473553,0.33484219013943167,0.31065140662666141,0.35450640323390692,0.41411281082179158,0.23760580176933679,0.3482813874088716,0.32464466273440301,0.30440831853407235,0.37094701873152464,0.34565044681374574,0.26239675037538701,0.39195280281086736
807,2023-2024,2023-09-17,Everton,Arsenal,A,0.45657894736842103,0.23026315789473684,0.31315789473684208,0.16139326940862084,0.24159383439082824,0.59701289620055087,0.16014875453181085,0.24142586307374994,0.5984253823944391,0.2530900587523997,0.22696067017670496,0.51994927107089528,0.12562877192085903,0.18223079958997906,0.69214042848916202,0.13904596447136466,0.15539641448896788,0.70555762103966768
808,2023-2024,2023-09-18,Nottingham,Burnley,D,0.45657894736842103,0.23026315789473684,0.31315789473684208,0.60567526183430809,0.21280539990001632,0.18151933826567565,0.6010644803124997,0.21371645551905399,0.18521906416844633,0.45563046820102548,0.23492544101224691,0.30944409078672774,0.7256377354758341,0.15404451728263918,0.12031774724152695,0.73566679729973161,0.13398639363484416,0.13034680906542448
809,2023-2024,2023-09-23,Brentford,Everton,A,0.45657894736842103,0.23026315789473684,0.31315789473684208,0.58657335363360108,0.23172742923588865,0.18169921713051027,0.58997344982019873,0.23104232423444707,0.17898422594535429,0.56434728868550998,0.21884718693625804,0.21680552437823189,0.68892402822934884,0.20873177429860271,0.10234419747204837,0.70167716520013101,0.18322550035703827,0.11509733444283057
810,2023-2024,2023-09-23,Burnley,Manchester Utd,A,0.45657894736842103,0.23026315789473684,0.31315789473684208,0.32072212441415204,0.26523324802179366,0.4140446275640543,0.31798914315816906,0.26510336415594493,0.41690749268588601,0.35636292588613244,0.23790285401650679,0.40573422009736076,0.19089745060261071,0.21581858183910416,0.59328396755828505,0.20495728341998959,0.18769891620434637,0.60734380037566393
811,2023-2024,2023-09-23,Crystal Palace,Fulham,D,0.45657894736842103,0.23026315789473684,0.31315789473684208,0.43151106573940351,0.26409343015907699,0.3043955041015195,0.43039478298555972,0.26434489635325525,0.30526032066118508,0.43660688593851849,0.23639987880911686,0.32699323525236468,0.44736525202169281,0.27013684465156174,0.28249790332674557,0.46502196708043642,0.23482341453407443,0.30015461838548924
812,2023-2024,2023-09-23,Luton Town,Wolves,D,0.45657894736842103,0.23026315789473684,0.31315789473684208,0.36543455117225265,0.28643762911136389,0.34812781971638346,0.36805974945729825,0.28625081513906364,0.34568943540363811,0.46364174440318001,0.23418219336915644,0.30217606222766358,0.18184002370353874,0.28159713737673675,0.53656283891972467,0.19834705871742511,0.24858306734896404,0.55306987393361107
813,2023-2024,2023-09-23,Manchester City,Nottingham,H,0.45657894736842103,0.23026315789473684,0.31315789473684208,0.7362787642277675,0.16354167611222128,0.10017955966001132,0.74055777927434852,0.16234842026201801,0.097093800463633514,0.6603793121755388,0.1940104868437279,0.14561020098073341,0.85496021331755478,0.10153243702550656,0.043507349656938657,0.86164535788763941,0.088162147885337355,0.050192494227023259
814,2023-2024,2023-09-24,Arsenal,Tottenham,D,0.45657894736842103,0.23026315789473684,0.31315789473684208,0.47566570894981819,0.22772747200457083,0.29660681904561104,0.48292330027826319,0.22783494900061071,0.28924175072112618,0.50947564841812554,0.22856555544728513,0.26195879613458928,0.60738984329736578,0.18024844687023089,0.21236170983240346,0.61494787659386885,0.16513238027722488,0.21991974312890653
815,2023-2024,2023-09-24,Brighton,Bournemouth,H,0.45657894736842103,0.23026315789473684,0.31315789473684208,0.66886974690478351,0.19956952724040211,0.1315607258548144,0.66892843730728135,0.19984481649154806,0.13122674620117056,0.57232848461393926,0.21716440437549733,0.21050711101056349,0.75587584850760769,0.14770622030760819,0.096417931184784395,0.76383387322372587,0.13179017087537204,0.10437595590090247
816,2023-2024,2023-09-24,Chelsea,Aston Villa,A,0.45657894736842103,0.23026315789473684,0.31315789473684208,0.37745036643034019,0.28312062618673339,0.33942900738292647,0.37129032055636385,0.28334507270658588,0.34536460673705022,0.36862175703162825,0.23818991354513105,0.39318832942324067,0.28124043477812777,0.28069581547078687,0.43806374975108531,0.29649774106343596,0.25018120290017054,0.4533210560363935
817,2023-2024,2023-09-24,Liverpool,West Ham,H,0.45657894736842103,0.23026315789473684,0.31315789473684208,0.59151435936551,0.21865163618696029,0.18983400444752979,0.59850606313154275,0.21745581300585035,0.18403812386260704,0.58174803023612498,0.2150903314935044,0.20316163827037076,0.68727909433886436,0.17025871968176665,0.1424621859793691,0.69597540784887879,0.15286609266173767,0.15115849948938359
818,2023-2024,2023-09-24,Sheffield United,Newcastle,A,0.45657894736842103,0.23026315789473684,0.31315789473684208,0.31339016770232725,0.27836947947907248,0.40824035281860022,0.30739163953042353,0.27803039381069905,0.41457796665887742,0.34058093405929413,0.23724135316911746,0.42217771277158844,0.16146888116739877,0.21725216404003167,0.62127895479256967,0.17355527708226559,0.19307937221029803,0.63336535070743649
819,2023-2024,2023-09-30,Aston Villa,Brighton,H,0.45657894736842103,0.23026315789473684,0.31315789473684208,0.38315993826649181,0.26480216980444632,0.35203789192906199,0.38582753832602296,0.26552073477731158,0.34865172689666551,0.44017327484796742,0.23615485919571272,0.32367186595631992,0.42050710337440961,0.21867460337623848,0.36081829324935222,0.4311581556352157,0.19737249885462593,0.37146934551015837
820,2023-2024,2023-09-30,Bournemouth,Arsenal,A,0.45657894736842103,0.23026315789473684,0.31315789473684208,0.18557036590707104,0.23836198068064202,0.57606765341228683,0.18293314509211125,0.23761981949067817,0.57944703541721054,0.2586300179311673,0.22797956425612914,0.51339041781270367,0.14048243033788854,0.19519449529842575,0.66432307436368587,0.15166165850368535,0.17283603896683206,0.67550230252948262
821,2023-2024,2023-09-30,Everton,Luton Town,A,0.45657894736842103,0.23026315789473684,0.31315789473684208,0.46331418365124727,0.26072520402176891,0.27596061232698377,0.46190979134749943,0.26098468373823519,0.27710552491426549,0.41982715192099784,0.23735547250357245,0.34281737557542974,0.62032465370829459,0.24599141615691178,0.13368393013479374,0.63305320834077705,0.22053430689194697,0.14641248476727614
822,2023-2024,2023-09-30,Manchester Utd,Crystal Palace,A,0.45657894736842103,0.23026315789473684,0.31315789473684208,0.48051364337347635,0.25432828940604729,0.26515806722047652,0.48566948867136261,0.25419855093248767,0.26013196039614961,0.52837302015848031,0.22558403122331638,0.24604294861820328,0.45210893836779786,0.29800898776758572,0.24988207386461639,0.46783162808487971,0.26656360833342202,0.26560476358169821
823,2023-2024,2023-09-30,Newcastle,Burnley,H,0.45657894736842103,0.23026315789473684,0.31315789473684208,0.69210596718130801,0.1768391314333454,0.13105490138534659,0.69514161752066306,0.17611558949191838,0.12874279298741853,0.56302751923304328,0.21911886594054911,0.21785361482640755,0.90570009265988416,0.068221235200345745,0.026078672139770189,0.90959664667535833,0.060428127169397369,0.029975226155244377
824,2023-2024,2023-09-30,Tottenham,Liverpool,H,0.45657894736842103,0.23026315789473684,0.31315789473684208,0.39977659538922161,0.25192989522163695,0.34829350938914139,0.39561411037379424,0.25268551888393254,0.35170037074227323,0.38414644384993085,0.23827757160634747,0.3775759845437216,0.27871953827959772,0.20076113425512768,0.52051932746527474,0.28774313154177228,0.18271394773077865,0.52954292072744935
825,2023-2024,2023-09-30,West Ham,Sheffield United,H,0.45657894736842103,0.23026315789473684,0.31315789473684208,0.5795402891654291,0.21408500309042344,0.20637470774414743,0.57920013630364331,0.21425798294999407,0.20654188074636257,0.49076263342056237,0.23113686001220984,0.27810050656722773,0.81808526262630188,0.1119629608299476,0.069951776543750621,0.82388113191047807,0.10037122226159531,0.075747645827926771
826,2023-2024,2023-09-30,Wolves,Manchester City,H,0.45657894736842103,0.23026315789473684,0.31315789473684208,0.1128904193299856,0.19535355795760756,0.69175602271240688,0.11225490152301436,0.19537193155188712,0.69237316692509854,0.21264034509308599,0.21774407190021319,0.5696155830067009,0.057570175240831412,0.13628808114463276,0.80614174361453583,0.065232923393082398,0.1209625848401308,0.81380449176678682
827,2023-2024,2023-10-01,Nottingham,Brentford,D,0.45657894736842103,0.23026315789473684,0.31315789473684208,0.36877019313018794,0.26270785246390205,0.36852195440590996,0.36808707857203954,0.26268624624322617,0.36922667518473429,0.40143090339345416,0.23802277370006988,0.36054632290647592,0.27665092113659573,0.26029316574287481,0.46305591312052929,0.29364822135657914,0.22629856530290787,0.48005321334051276
828,2023-2024,2023-10-02,Fulham,Chelsea,A,0.45657894736842103,0.23026315789473684,0.31315789473684208,0.41802099417605865,0.27178757786089619,0.31019142796304516,0.42286825303778208,0.27188304034969918,0.30524870661251874,0.49134057452743668,0.23106315657194032,0.27759626890062306,0.42234539266283061,0.30998339463438696,0.26767121270278244,0.43853170096685351,0.27761077802634126,0.28385752100680528
829,2023-2024,2023-10-03,Luton Town,Burnley,A,0.45657894736842103,0.23026315789473684,0.31315789473684208,0.50878689163754964,0.23892341755913871,0.25228969080331159,0.50826203398653669,0.23881226610963213,0.25292569990383118,0.46385986722107769,0.23416095235469647,0.30197918042422572,0.41397308303975677,0.28390652684494261,0.30212039011530067,0.43038561856392421,0.25108145579660768,0.31853292563946811
830,2023-2024,2023-10-07,Burnley,Chelsea,A,0.45657894736842103,0.23026315789473684,0.31315789473684208,0.29408912839550699,0.27538732838126284,0.43052354322323011,0.29964388122275659,0.27650631133399817,0.42384980744324519,0.43839607001656877,0.23627878029798782,0.32532514968544335,0.23354635629031559,0.30032820645118879,0.4661254372584957,0.24960548616914022,0.26820994669353954,0.48218456713732033
831,2023-2024,2023-10-07,Crystal Palace,Nottingham,D,0.45657894736842103,0.23026315789473684,0.31315789473684208,0.48116900714028049,0.25868752550991481,0.26014346734980459,0.48012332725113238,0.25909544719148492,0.2607812255573827,0.48503736025862404,0.23184723510743876,0.28311540463393731,0.45974292819278584,0.29227845385316337,0.24797861795405066,0.47597216633993877,0.2598199775588575,0.26420785610120362
832,2023-2024,2023-10-07,Everton,Bournemouth,H,0.45657894736842103,0.23026315789473684,0.31315789473684208,0.43083358747075029,0.27537721743571569,0.29378919509353391,0.42987766518758008,0.2752676117132774,0.29485472309914246,0.44115582347528903,0.2360847962960512,0.32275938022865974,0.42903884133482856,0.2935783258153441,0.27738283284982751,0.44557572302845105,0.26050456242809905,0.29391971454345001
833,2023-2024,2023-10-07,Fulham,Sheffield United,H,0.45657894736842103,0.23026315789473684,0.31315789473684208,0.51596239560192514,0.22801426370692512,0.25602334069114979,0.52072298261404715,0.22741746841839838,0.25185954896755441,0.49868445379818432,0.23009485172981495,0.27122069447200076,0.71956292122289633,0.17457923697726435,0.10585784179983931,0.72994872183077275,0.15380763576151152,0.11624364240771573
834,2023-2024,2023-10-07,Luton Town,Tottenham,A,0.45657894736842103,0.23026315789473684,0.31315789473684208,0.21433220601800831,0.26147357208521743,0.52419422189677423,0.21251867024410451,0.26117086978765425,0.52631045996824122,0.31932882046569633,0.23581071664124886,0.44486046289305486,0.089001671102822685,0.13306758025022009,0.77793074864695722,0.096333875524357349,0.1184031714071508,0.78526295306849192
835,2023-2024,2023-10-07,Manchester Utd,Brentford,H,0.45657894736842103,0.23026315789473684,0.31315789473684208,0.43554676781410412,0.23857397918296439,0.32587925300293152,0.44044708897546841,0.23862874125029121,0.32092416977424043,0.48845296696940299,0.23142775791854028,0.2801192751120567,0.36811276896644213,0.28574950784363401,0.34613772318992392,0.38475040718944503,0.25247423139762826,0.36277536141292682
836,2023-2024,2023-10-08,Arsenal,Manchester City,H,0.45657894736842103,0.23026315789473684,0.31315789473684208,0.46539636433814746,0.20461758934517715,0.32998604631667527,0.46529411808176835,0.20536471550731311,0.32934116641091865,0.3984374400340816,0.23809301691378085,0.36346954305213747,0.31715479075168124,0.23996839338183182,0.44287681586648692,0.33091293926573201,0.21245209635373027,0.45663496438053769
837,2023-2024,2023-10-08,Brighton,Liverpool,D,0.45657894736842103,0.23026315789473684,0.31315789473684208,0.41649227681389567,0.25234563534600019,0.33116208784010415,0.41109961370469539,0.25329978320340735,0.3356006030918971,0.37973472274696146,0.23828353441836458,0.3819817428346739,0.29670042199667129,0.19259254903259718,0.51070702897073161,0.30439846156741895,0.17719646989110185,0.51840506854147927
838,2023-2024,2023-10-08,West Ham,Newcastle,D,0.45657894736842103,0.23026315789473684,0.31315789473684208,0.32685202163350352,0.26331154883696245,0.40983642952953403,0.32557055082854475,0.26366343749392052,0.41076601167753474,0.3646704768903391,0.23811866263182449,0.39721086047783644,0.20449133624737739,0.22580399295482054,0.56970467079780196,0.21777256114512858,0.19924154315931819,0.58298589569555315
839,2023-2024,2023-10-08,Wolves,Aston Villa,D,0.45657894736842103,0.23026315789473684,0.31315789473684208,0.2674298129190551,0.27286634766639595,0.45970383941454901,0.26510833319242078,0.27274043524200098,0.46215123156557836,0.33922818573495939,0.23716901527599268,0.42360279898904796,0.17374739909801515,0.21132442002815011,0.61492818087383505,0.18616887443967392,0.18648146934483262,0.62734965621549377
840,2023-2024,2023-10-21,Bournemouth,Wolves,A,0.45657894736842103,0.23026315789473684,0.31315789473684208,0.2918815490245712,0.29056858360946308,0.41754986736596572,0.29289843800994397,0.29073852360109431,0.41636303838896183,0.39841946580794502,0.23809340591032591,0.36348712828172908,0.29030596936197151,0.28776815165503145,0.42192587898299694,0.30612230602278478,0.25613547833340494,0.43774221564381022
841,2023-2024,2023-10-21,Brentford,Burnley,H,0.45657894736842103,0.23026315789473684,0.31315789473684208,0.50152431114185758,0.23239673851072468,0.26607895034741774,0.50821087972242773,0.23174528456491128,0.26004383571266099,0.50185615707184428,0.22965848901809963,0.26848535391005607,0.75523599517739437,0.15109496751027393,0.093669037312331546,0.76371946213707254,0.13412803359091741,0.10215250427200978
842,2023-2024,2023-10-21,Chelsea,Arsenal,D,0.45657894736842103,0.23026315789473684,0.31315789473684208,0.27474210851425535,0.23606551126012512,0.48919238022561967,0.27048587756049425,0.23580098705698463,0.4937131353825211,0.29278167999255622,0.23310242088369157,0.47411589912375224,0.2288299972096553,0.25440696866822543,0.51676303412211932,0.24324196019777777,0.22558304269198046,0.53117499711024174
843,2023-2024,2023-10-21,Liverpool,Everton,H,0.45657894736842103,0.23026315789473684,0.31315789473684208,0.61533218574916559,0.23047135995984935,0.15419645429098505,0.62548458312253052,0.22779897215382822,0.14671644472364131,0.64002831361455359,0.20012008086632413,0.15985160551912225,0.78243346545247372,0.13873250075270832,0.078834033794818029,0.79026022697288956,0.1230789777118767,0.086660795315233824
844,2023-2024,2023-10-21,Manchester City,Brighton,H,0.45657894736842103,0.23026315789473684,0.31315789473684208,0.59448521735050697,0.20816868901339641,0.19734609363609662,0.59977787931372128,0.20753559382429243,0.19268652686198631,0.56228604715553765,0.21927068080546411,0.21844327203899838,0.72339742997827894,0.15242865502072919,0.12417391500099188,0.73098669351293111,0.13725012795142491,0.13176317853564404
845,2023-2024,2023-10-21,Newcastle,Crystal Palace,H,0.45657894736842103,0.23026315789473684,0.31315789473684208,0.583044298916925,0.22237446473568218,0.19458123634739283,0.58491575682120456,0.22264382128518934,0.19244042189360619,0.526011002512763,0.22597774908473311,0.24801124840250388,0.62478865549487672,0.2391125039492468,0.13609884055587668,0.63742152634908888,0.2138467622408225,0.14873171141008881
846,2023-2024,2023-10-21,Nottingham,Luton Town,D,0.45657894736842103,0.23026315789473684,0.31315789473684208,0.48148514564900591,0.25314682550036532,0.26536802885062882,0.48430507243992743,0.25297404802638684,0.26272087953368578,0.47296778883027174,0.23322672262838676,0.29380548854134159,0.59738911285285101,0.25556667912534148,0.14704420802180759,0.6105338029773324,0.22927729887637882,0.16018889814628892
847,2023-2024,2023-10-21,Sheffield United,Manchester Utd,A,0.45657894736842103,0.23026315789473684,0.31315789473684208,0.24489638855091231,0.25589657184108605,0.49920703960800167,0.24192688687800956,0.25521798067038054,0.50285513245160984,0.31747158070351328,0.23565525972483786,0.44687315957164891,0.11366100377195645,0.17915599502218854,0.70718300120585509,0.12385825992259056,0.15876148272092039,0.71738025735648925
848,2023-2024,2023-10-22,Aston Villa,West Ham,H,0.45657894736842103,0.23026315789473684,0.31315789473684208,0.5407653107044208,0.25275688864787393,0.20647780064770527,0.54003503789193774,0.25357358947642955,0.20639137263163268,0.51850862246280605,0.22718844919455905,0.25430292834263485,0.60362077146154935,0.20471566785778114,0.19166356068066939,0.61479835567112506,0.18236049943862978,0.2028411448902451
849,2023-2024,2023-10-23,Tottenham,Fulham,H,0.45657894736842103,0.23026315789473684,0.31315789473684208,0.61166138486763255,0.21143154258789196,0.17690707254447557,0.61347128009156437,0.21130358075105046,0.17522513915738513,0.5442856842903907,0.22277533876751368,0.23293897694209564,0.62893916470189115,0.19634705162116989,0.17471378367693896,0.63980009083947209,0.1746251993460079,0.18557470981451998
850,2023-2024,2023-10-27,Crystal Palace,Tottenham,A,0.45657894736842103,0.23026315789473684,0.31315789473684208,0.23936489974269495,0.26238115913209109,0.49825394112521398,0.239392695502888,0.26307037047992388,0.49753693401718829,0.34225182473410587,0.23732725685066169,0.42042091841523238,0.26610561006767736,0.26907175654764637,0.46482263338467616,0.28140433134536252,0.23847431399227606,0.48012135466236133
851,2023-2024,2023-10-28,Arsenal,Sheffield United,H,0.45657894736842103,0.23026315789473684,0.31315789473684208,0.76016459489793042,0.14032082535271176,0.099514579749357734,0.76725712029117155,0.13802318951195816,0.094719690196870293,0.65828813499173922,0.19465976754984554,0.14705209745841522,0.95154353199893726,0.035076772891983653,0.013379695109079196,0.95335962700654431,0.031444582876769558,0.015195790116686241
852,2023-2024,2023-10-28,Bournemouth,Burnley,H,0.45657894736842103,0.23026315789473684,0.31315789473684208,0.36789116718732612,0.26475317447923297,0.3673556583334408,0.36913975103541397,0.26471929940576322,0.36614094955882281,0.4039045243761672,0.23795656379389399,0.35813891182993879,0.47391807975092509,0.26428080879914484,0.26180111144993012,0.48893292043023989,0.23425112744051518,0.27681595212924492
853,2023-2024,2023-10-28,Chelsea,Brentford,A,0.45657894736842103,0.23026315789473684,0.31315789473684208,0.41363580183602378,0.24889793381938416,0.33746626434459204,0.41258812148441559,0.24923227216733163,0.33817960634825278,0.42280489206803612,0.23720980991033483,0.33998529802162897,0.38115901524846257,0.28934270056870964,0.32949828418282762,0.39720128111367575,0.25725816883828329,0.34554055004804085
854,2023-2024,2023-10-28,Wolves,Newcastle,D,0.45657894736842103,0.23026315789473684,0.31315789473684208,0.23930635902516822,0.25554481689211112,0.50514882408272066,0.24048995235290682,0.25616989210508301,0.50334015554201017,0.33503444436174629,0.23692879198532754,0.4280367636529262,0.13813983439544289,0.19675536440039321,0.66510480120416404,0.14937592983983328,0.17428317351161243,0.67634089664855446
855,2023-2024,2023-10-29,Aston Villa,Luton Town,H,0.45657894736842103,0.23026315789473684,0.31315789473684208,0.69458184081751984,0.18722550155861939,0.1181926576238608,0.69597869395514322,0.18716103586193042,0.11686027018292645,0.57426763062325803,0.21674522206021185,0.20898714731653009,0.85085370610829014,0.10272354455382166,0.046422749337888244,0.85645892183235539,0.09151311310569113,0.052027965061953493
856,2023-2024,2023-10-29,Brighton,Fulham,D,0.45657894736842103,0.23026315789473684,0.31315789473684208,0.55761735134540025,0.23447254948252491,0.20791009917207473,0.55994907458117427,0.23450500341711686,0.2055459220017089,0.50958461958121892,0.22854946824511446,0.26186591217366667,0.67290818264485408,0.17298175487284428,0.15411006248230166,0.68137133807502659,0.15605544401249927,0.16257321791247414
857,2023-2024,2023-10-29,Liverpool,Nottingham,H,0.45657894736842103,0.23026315789473684,0.31315789473684208,0.65053509315549518,0.20836394558125465,0.14110096126325025,0.65392079465484365,0.20779410540760654,0.13828509993754975,0.60631340273589718,0.209231322093335,0.18445527517076796,0.77348347141868012,0.14534257977302345,0.081173948808296259,0.78141350365263451,0.12948251530511484,0.089103981042250535
858,2023-2024,2023-10-29,Manchester Utd,Manchester City,A,0.45657894736842103,0.23026315789473684,0.31315789473684208,0.34144933054241372,0.22474394956101759,0.4338067198965686,0.33801880947611962,0.22515771517069169,0.43682347535318877,0.34059835719904091,0.23724226855843122,0.42215937424252786,0.18145021331946523,0.25203134606156341,0.56651844061897116,0.19479770054410872,0.22533637161227632,0.57986592784361468
859,2023-2024,2023-10-29,West Ham,Everton,A,0.45657894736842103,0.23026315789473684,0.31315789473684208,0.46183151952096391,0.28308466802904486,0.25508381244999123,0.46643495937807983,0.28276731939521121,0.2507977212267089,0.51756448097546437,0.22733651157783502,0.25509900744670055,0.55938964065675956,0.23339964672881197,0.20721071261442842,0.57215267916047241,0.20787356972138632,0.21997375111814121
860,2023-2024,2023-11-04,Brentford,West Ham,H,0.45657894736842103,0.23026315789473684,0.31315789473684208,0.5109238384500624,0.23741986522440142,0.25165629632553627,0.51230202953714388,0.23757778146961181,0.2501201889932444,0.49851337421906261,0.23011807775102425,0.27136854802991323,0.56103944557297902,0.22914586063184159,0.2098146937951792,0.57406136575440425,0.20310202026899116,0.2228366139766044
861,2023-2024,2023-11-04,Burnley,Crystal Palace,A,0.45657894736842103,0.23026315789473684,0.31315789473684208,0.31069916944346493,0.25986148225539274,0.42943934830114228,0.31144252717053378,0.26003208134211886,0.42852539148734736,0.39691186793766758,0.23812463697215472,0.36496349509017778,0.21835896295046919,0.27348170903026142,0.50815932801926922,0.23328053827794648,0.24363855837530693,0.52308090334674651
862,2023-2024,2023-11-04,Everton,Brighton,D,0.45657894736842103,0.23026315789473684,0.31315789473684208,0.35401737788713955,0.24731909981536426,0.39866352229749624,0.34708341919132712,0.24694006048212741,0.40597652032654541,0.33581119386688246,0.23697511408026026,0.42721369205285731,0.25595790793265888,0.22676895935037419,0.51727313271696673,0.26841121278051505,0.20186234965466185,0.52972643756482285
863,2023-2024,2023-11-04,Fulham,Manchester Utd,A,0.45657894736842103,0.23026315789473684,0.31315789473684208,0.39305685135812629,0.2485858393333932,0.35835730930848042,0.39164208643424336,0.24889675151415536,0.35946116205160128,0.37904050530506234,0.2382822554663144,0.38267723922862318,0.37006296137917116,0.28931008032531075,0.3406269582955182,0.38609177604659783,0.2572524509904574,0.35665577296294482
864,2023-2024,2023-11-04,Manchester City,Bournemouth,H,0.45657894736842103,0.23026315789473684,0.31315789473684208,0.75937955682828517,0.16023831569078945,0.080382127480925422,0.76544387142894821,0.15789835224318463,0.076657776327867161,0.70301129323307165,0.17967510567270967,0.11731360109421854,0.89288316723810657,0.081618414732396366,0.025498418029497073,0.8974017623806716,0.072581224447266293,0.03001701317206211
865,2023-2024,2023-11-04,Newcastle,Arsenal,H,0.45657894736842103,0.23026315789473684,0.31315789473684208,0.44413570560428917,0.22416443845203546,0.33169985594367546,0.44111005199541692,0.22526174534700105,0.33362820265758197,0.38532484924385668,0.23827187433903413,0.37640327641710913,0.46920598605599367,0.22708796707418383,0.30370604686982239,0.4812308566444819,0.20303822589720735,0.31573091745831067
866,2023-2024,2023-11-04,Sheffield United,Wolves,H,0.45657894736842103,0.23026315789473684,0.31315789473684208,0.26002494914529778,0.28304304738021868,0.45693200347448343,0.26167321483575756,0.28325997392748853,0.45506681123675385,0.39005582293967689,0.23823169066805192,0.37171248639227117,0.1514812371180414,0.19740215548605042,0.65111660739590826,0.1626538726567337,0.17505688440866585,0.66228924293460056
867,2023-2024,2023-11-05,Luton Town,Liverpool,D,0.45657894736842103,0.23026315789473684,0.31315789473684208,0.21459505992172428,0.24930060758689832,0.53610433249137746,0.20716480010916197,0.24727129406339377,0.5455639058274443,0.26270869443848244,0.22869488349885173,0.50859642206266586,0.069907665765953253,0.1305448525716458,0.79954748166240108,0.078376761891537597,0.11360666032047713,0.80801657778798541
868,2023-2024,2023-11-05,Nottingham,Aston Villa,H,0.45657894736842103,0.23026315789473684,0.31315789473684208,0.24314263701572694,0.29072461841841402,0.46613274456585907,0.24041787281045329,0.29052233917154652,0.46905978801800019,0.3297722977963215,0.23659290755432683,0.43363479464935162,0.18448254069383097,0.21717656963723747,0.59834088966893151,0.19859156267094433,0.18895852568301075,0.61244991164604479
869,2023-2024,2023-11-06,Tottenham,Chelsea,A,0.45657894736842103,0.23026315789473684,0.31315789473684208,0.59986849276940002,0.21358759874260286,0.18654390848799715,0.60666172234308513,0.21231817429742555,0.18102010335948929,0.57920576517301403,0.21565950690465968,0.20513472792232629,0.58729762798065466,0.22357874783334991,0.18912362418599532,0.60016870848772985,0.19783658681919958,0.20199470469307049
870,2023-2024,2023-11-11,Arsenal,Burnley,H,0.45657894736842103,0.23026315789473684,0.31315789473684208,0.7468078275750013,0.14771780491733791,0.10547436750766069,0.75454972990595459,0.14530482198066005,0.10014544811338534,0.65147779881279755,0.19674003890344244,0.15178216228376004,0.93375597698967561,0.049438999372655973,0.016805023637668323,0.93665982262687375,0.043631308098259755,0.019708869274866429
871,2023-2024,2023-11-11,Bournemouth,Newcastle,H,0.45657894736842103,0.23026315789473684,0.31315789473684208,0.15992849979312601,0.2531566295229884,0.58691487068388548,0.15881283483225098,0.25281114446239689,0.58837602070535211,0.26753849824565717,0.22950447475987579,0.50295702699446709,0.067583153340525198,0.13315445394868242,0.79926239271079236,0.075445998452491086,0.11742876372475064,0.80712523782275825
872,2023-2024,2023-11-11,Crystal Palace,Everton,A,0.45657894736842103,0.23026315789473684,0.31315789473684208,0.45806208937699183,0.26457585428767916,0.27736205633532895,0.46282607587058949,0.26425270913662491,0.27292121499278554,0.50699479174060513,0.22892831989872073,0.26407688836067411,0.42241558751002722,0.32520503854608707,0.25237937394388554,0.43849880011778314,0.29303861333057551,0.2684625865516414
873,2023-2024,2023-11-11,Manchester Utd,Luton Town,H,0.45657894736842103,0.23026315789473684,0.31315789473684208,0.58733042508265887,0.20265247207170528,0.21001710284563574,0.59552282109501287,0.20129080827745682,0.20318637062753037,0.5741805431300443,0.21676413426059879,0.20905532260935689,0.62103055900624327,0.23113445234477625,0.14783498864898034,0.63427475815017642,0.2046460540569103,0.16107918779291339
874,2023-2024,2023-11-11,Wolves,Tottenham,H,0.45657894736842103,0.23026315789473684,0.31315789473684208,0.25682130780935053,0.24115357654581321,0.50202511564483632,0.25509607929673511,0.24123042510160714,0.50367349560165775,0.31931031637567897,0.23580919238125608,0.44488049124306489,0.28281253018025854,0.22418181754077213,0.49300565227896953,0.29513849347699722,0.19952989094729481,0.50533161557570805
875,2023-2024,2023-11-12,Aston Villa,Fulham,H,0.45657894736842103,0.23026315789473684,0.31315789473684208,0.63727642520623418,0.20956472157684466,0.15315885321692116,0.63556704805585806,0.21055692704259307,0.15387602490154897,0.53381869845743557,0.2246534439023295,0.24152785764023496,0.65506024645627958,0.20316764780333071,0.14177210574038987,0.6674872858197467,0.1783135690763962,0.15419914510385713
876,2023-2024,2023-11-12,Brighton,Sheffield United,D,0.45657894736842103,0.23026315789473684,0.31315789473684208,0.61694039227755182,0.22053515131228424,0.16252445641016397,0.62194845468491833,0.21952289057743696,0.1585286547376448,0.56556901409085725,0.21859402521628685,0.21583696069285591,0.90876176226227767,0.059141046602314805,0.032097191135407557,0.91154129930621519,0.053581972514439691,0.034876728179345118
877,2023-2024,2023-11-12,Chelsea,Manchester City,D,0.45657894736842103,0.23026315789473684,0.31315789473684208,0.26688183544883132,0.21726756445738818,0.51585060009378059,0.25982702510517508,0.2164710672262983,0.52370190766852664,0.25776354423698755,0.22782382288403111,0.51441263287898142,0.17562343973424693,0.23531018058982742,0.58906637967592557,0.18989175441230002,0.20677355123372118,0.60333469435397868
878,2023-2024,2023-11-12,Liverpool,Brentford,H,0.45657894736842103,0.23026315789473684,0.31315789473684208,0.5429013242734172,0.23748681342918312,0.21961186229739965,0.54917044220680999,0.23694626032004468,0.21388329747314547,0.54517874835933666,0.22260965148908404,0.23221160015157938,0.60054206007209665,0.2140230101922018,0.18543492973570164,0.61350893153773844,0.18808926726091807,0.19840180120134351
879,2023-2024,2023-11-12,West Ham,Nottingham,H,0.45657894736842103,0.23026315789473684,0.31315789473684208,0.40040483895175832,0.29320881140859473,0.30638634963964689,0.39848958380230415,0.29386706533823731,0.3076433508594586,0.44027263396717237,0.23614782434258669,0.32357954169024095,0.49203292304371127,0.24593365859320687,0.26203341836308169,0.50703403363047761,0.21593143741967458,0.27703452894984792
880,2023-2024,2023-11-25,Brentford,Arsenal,A,0.45657894736842103,0.23026315789473684,0.31315789473684208,0.31134814802397798,0.2275924841337342,0.4610593678422879,0.30912918660446692,0.22809727333465318,0.4627735400608799,0.33534069146557682,0.23694715489076812,0.427712153643655,0.28974392578116087,0.2468576213019541,0.46339845291688497,0.3030299649617712,0.22028554294073344,0.4766844920974953
881,2023-2024,2023-11-25,Burnley,West Ham,A,0.45657894736842103,0.23026315789473684,0.31315789473684208,0.25231344179004533,0.26719380732555598,0.48049275088439869,0.25296410585623935,0.26740838158011715,0.47962751256364355,0.38847847502903821,0.23824816033630455,0.37327336463465721,0.17271420743860774,0.19820464680556546,0.62908114575582685,0.18311916188034338,0.17739473792209418,0.63948610019756247
882,2023-2024,2023-11-25,Luton Town,Crystal Palace,H,0.45657894736842103,0.23026315789473684,0.31315789473684208,0.35608917880547614,0.26553441883306733,0.37837640236145664,0.35488681553846885,0.26575532721269657,0.3793578572488347,0.40512231422391459,0.23792126348722811,0.35695642228885732,0.29028647735955854,0.30791734068584753,0.40179618195459382,0.30554056018107667,0.27740917504281132,0.41705026477611196
883,2023-2024,2023-11-25,Manchester City,Liverpool,D,0.45657894736842103,0.23026315789473684,0.31315789473684208,0.56163743430198432,0.21758665505641678,0.22077591064159885,0.56183700772596501,0.21855436731833497,0.21960862495569991,0.49878988953266978,0.23008052174735458,0.27112958871997567,0.51301323153365685,0.22588924193414014,0.26109752653220297,0.52472417322183995,0.20246735855777412,0.27280846822038601
884,2023-2024,2023-11-25,Newcastle,Chelsea,H,0.45657894736842103,0.23026315789473684,0.31315789473684208,0.55179306913746562,0.23129018469917872,0.21691674616335574,0.55540029420972659,0.2311695865221835,0.21343011926808994,0.53248955777063978,0.22488351537314966,0.24262692685621062,0.61723377753043362,0.21051649050959459,0.17224973195997187,0.62858924389691639,0.18780555777662891,0.18360519832645469
885,2023-2024,2023-11-25,Nottingham,Brighton,A,0.45657894736842103,0.23026315789473684,0.31315789473684208,0.33746372470195712,0.26232451941604024,0.4002117558820027,0.33482439919838775,0.26240353537992467,0.40277206542168748,0.37096282689024257,0.23822267812118131,0.39081449498857607,0.32901157628348904,0.2347971799073342,0.43619124380917651,0.34109367558591464,0.21063298130248298,0.44827334311160216
886,2023-2024,2023-11-25,Sheffield United,Bournemouth,A,0.45657894736842103,0.23026315789473684,0.31315789473684208,0.40629561209492054,0.28287192029288316,0.31083246761219635,0.40677996277589379,0.28286326176891768,0.31035677545518847,0.45785963688062592,0.23472585694693884,0.30741450617243515,0.35272868069631624,0.25686356351986755,0.3904077557838162,0.36661302971941095,0.22909486547367822,0.40429210480691091
887,2023-2024,2023-11-26,Everton,Manchester Utd,A,0.45657894736842103,0.23026315789473684,0.31315789473684208,0.36120585284284129,0.25125550948570607,0.38753863767145263,0.357033636891393,0.25142271016288714,0.3915436529457198,0.32182176997247092,0.23601156449995331,0.44216666552757572,0.35661989990791149,0.30089529325001713,0.3424848068420715,0.37035215288212847,0.27343078730158327,0.35621705981628843
888,2023-2024,2023-11-26,Tottenham,Aston Villa,A,0.45657894736842103,0.23026315789473684,0.31315789473684208,0.43344756252470884,0.25298806376119864,0.31356437371409246,0.43338643166845925,0.25361270238615391,0.31300086594538679,0.45284555270951138,0.23516692524219918,0.3119875220482895,0.37205145506193998,0.21741441550264831,0.4105341294354119,0.38084189607736757,0.19983353347179303,0.41932457045083954
889,2023-2024,2023-11-27,Fulham,Wolves,H,0.45657894736842103,0.23026315789473684,0.31315789473684208,0.3689707682176111,0.27925251821064084,0.351776713571748,0.37088910565350192,0.27962377887882539,0.34948711546767258,0.44684839643517399,0.2356572003529169,0.31749440321190914,0.41054773901268299,0.28129970353566219,0.3081525574516546,0.42381955384386633,0.25475607387329546,0.32142437228283799
890,2023-2024,2023-12-02,Arsenal,Wolves,H,0.45657894736842103,0.23026315789473684,0.31315789473684208,0.7017128745222514,0.17695215354003174,0.12133497193771686,0.70539095076181357,0.17610479088590994,0.11850425835227657,0.62467026996661235,0.20442530291280761,0.17090442712057988,0.76511660170784279,0.148469664631391,0.086413733660766337,0.77230253053898501,0.13409780696910642,0.093599662491908597
891,2023-2024,2023-12-02,Brentford,Luton Town,H,0.45657894736842103,0.23026315789473684,0.31315789473684208,0.53361803455197554,0.22448314918100568,0.24189881626701881,0.53825860321335051,0.22418462700617833,0.23755676978047122,0.5158343921334887,0.22760533102988126,0.25656027683662996,0.64214155118179239,0.21920876408616002,0.1386496847320477,0.65260541683589934,0.19828103277794623,0.14911355038615454
892,2023-2024,2023-12-02,Burnley,Sheffield United,H,0.45657894736842103,0.23026315789473684,0.31315789473684208,0.4067737410793959,0.25128556518650719,0.34194069373409691,0.40875573786795111,0.25128147141902873,0.3399627907130201,0.43465896182253522,0.23652753921082822,0.32881349896663664,0.45166703897843119,0.2515163429170198,0.2968166181045489,0.46386176968549064,0.22712688150290081,0.30901134881160847
893,2023-2024,2023-12-02,Newcastle,Manchester Utd,H,0.45657894736842103,0.23026315789473684,0.31315789473684208,0.575841118169792,0.21476912473411691,0.20938975709609112,0.57407519121636585,0.21589233576719161,0.21003247301644246,0.44799853635044096,0.23556633205092803,0.31643513159863113,0.60869968275368103,0.22698061131396793,0.16431970593235096,0.61967632889319968,0.20502731903493085,0.1752963520718695
894,2023-2024,2023-12-02,Nottingham,Everton,A,0.45657894736842103,0.23026315789473684,0.31315789473684208,0.39588061362314475,0.28483695345327426,0.31928243292358099,0.39895011036072042,0.28498593806846667,0.31606395157081291,0.46034955999113297,0.23449633113505902,0.30515410887380801,0.46399686325434364,0.26386449467930512,0.27213864206635141,0.47679580748739825,0.23826660621319573,0.28493758629940613
895,2023-2024,2023-12-03,Bournemouth,Aston Villa,D,0.45657894736842103,0.23026315789473684,0.31315789473684208,0.26141936467547189,0.26771671658176566,0.4708639187427624,0.2559684470575912,0.26690697438752753,0.47712457855488133,0.29855755202018958,0.23378236889379245,0.46766007908601809,0.15337937441708954,0.19145121667641313,0.65516940890649744,0.1648828693067898,0.16844422689701269,0.66667290379619759
896,2023-2024,2023-12-03,Chelsea,Brighton,H,0.45657894736842103,0.23026315789473684,0.31315789473684208,0.34152283558991614,0.25202784036413917,0.40644932404594469,0.34209992249356502,0.25250191583239884,0.40539816167403603,0.38459203111358675,0.23827562016703138,0.37713234871938184,0.44986145380872272,0.21685051085460869,0.33328803533666851,0.46116820112594392,0.19423701622016629,0.34459478265388971
897,2023-2024,2023-12-03,Liverpool,Fulham,H,0.45657894736842103,0.23026315789473684,0.31315789473684208,0.67011418808960665,0.19107256208769632,0.13881324982269708,0.67403497595170525,0.19033740366699042,0.13562762038130433,0.60080764720178881,0.21060123643715606,0.18859111636105522,0.76476135113512123,0.15413592743662696,0.081102721428251992,0.77421863714493022,0.13522135541700897,0.090560007438060974
898,2023-2024,2023-12-03,Manchester City,Tottenham,D,0.45657894736842103,0.23026315789473684,0.31315789473684208,0.63322440004378955,0.1831471568101512,0.18362844314605922,0.63797926025641838,0.18276667363745167,0.17925406610612998,0.56463428289964246,0.21878786088008143,0.21657785622027603,0.75599411412207895,0.13898755975554911,0.10501832612237195,0.76345635563824465,0.12406307672321769,0.11248056763853766
899,2023-2024,2023-12-03,West Ham,Crystal Palace,D,0.45657894736842103,0.23026315789473684,0.31315789473684208,0.46880085188588122,0.25486056961786963,0.2763385784962491,0.46939141796682066,0.25517612104535015,0.27543246098782925,0.46517801948214293,0.2340314593586241,0.3007905211592331,0.51438924737411185,0.24446172079361966,0.24114903183226838,0.52939771464159424,0.21444478625865487,0.25615749909975077
900,2023-2024,2023-12-05,Luton Town,Arsenal,A,0.45657894736842103,0.23026315789473684,0.31315789473684208,0.20977259605176532,0.23076823222713386,0.55945917172110082,0.20391668076761896,0.22946513169829849,0.56661818753408255,0.24664170247058606,0.22570456245849413,0.52765373507091984,0.11293186414472085,0.18517111291015539,0.70189702294512368,0.1225272510042842,0.16598033919102873,0.7114924098046872
901,2023-2024,2023-12-05,Wolves,Burnley,H,0.45657894736842103,0.23026315789473684,0.31315789473684208,0.43705974859209396,0.25489817824189226,0.30804207316601379,0.44299797482519904,0.25472553858972524,0.30227648658507572,0.49396603580311965,0.23072374241495919,0.27531022178192122,0.59798520657846899,0.20823749226267776,0.19377730115885305,0.60845642741079775,0.18729505059802035,0.20424852199118179
902,2023-2024,2023-12-06,Aston Villa,Manchester City,H,0.45657894736842103,0.23026315789473684,0.31315789473684208,0.44542957566585295,0.22944688454457746,0.32512353978956954,0.43772762565796847,0.23065785641000744,0.33161451793202423,0.35344437125370615,0.23780557054049539,0.40875005820579846,0.3300608323374763,0.22431571466759137,0.44562345299493233,0.34230418020156717,0.19982901893940974,0.45786680085902315
903,2023-2024,2023-12-06,Brighton,Brentford,H,0.45657894736842103,0.23026315789473684,0.31315789473684208,0.4464929418828002,0.25588438546901754,0.29762267264818226,0.44955097802930127,0.25627252911735088,0.29417649285334785,0.46468243595936376,0.23408037203601492,0.30123719200462135,0.43586390259555419,0.22880038483572893,0.33533571256871686,0.4486500191785141,0.20322815166980898,0.34812182915167683
904,2023-2024,2023-12-06,Crystal Palace,Bournemouth,A,0.45657894736842103,0.23026315789473684,0.31315789473684208,0.47343066466645878,0.27180708269604226,0.25476225263749896,0.47453325164440197,0.27181730357371442,0.25364944478188362,0.48268202358732509,0.23212903956952727,0.28518893684314767,0.49398959982269786,0.26549504096293514,0.24051535921436709,0.50989500688846623,0.23368422683139836,0.25642076628013555
905,2023-2024,2023-12-06,Fulham,Nottingham,H,0.45657894736842103,0.23026315789473684,0.31315789473684208,0.44667805912455039,0.26462699853203508,0.28869494234341453,0.44787882635929904,0.26487098750084825,0.28725018613985259,0.48624721930561698,0.23170011324772244,0.28205266744666058,0.48442570645870014,0.25270197074373296,0.26287232279756695,0.4997795409728002,0.22199430171553308,0.27822615731166694
906,2023-2024,2023-12-06,Manchester Utd,Chelsea,H,0.45657894736842103,0.23026315789473684,0.31315789473684208,0.459207424770257,0.23697284921756573,0.30381972601217733,0.4655913356168575,0.23685987407590772,0.29754879030723475,0.52588254308110594,0.22599898946851443,0.24811846745037949,0.43176019486333095,0.27470614955826506,0.293533655578404,0.44827194620513555,0.24168264687465593,0.3100454069202086
907,2023-2024,2023-12-06,Sheffield United,Liverpool,A,0.45657894736842103,0.23026315789473684,0.31315789473684208,0.17314974446106557,0.23136159475560691,0.59548866078332763,0.16564074973024598,0.22815720686536317,0.60620204340439088,0.22755444732908248,0.221523717820095,0.55092183485082258,0.02643336529402724,0.06338878028704524,0.91017785441892773,0.030153332595366681,0.055948845684366359,0.91389782172026723
908,2023-2024,2023-12-07,Everton,Newcastle,H,0.45657894736842103,0.23026315789473684,0.31315789473684208,0.27348360890694667,0.24421261668885344,0.4823037744041998,0.27025254318267589,0.24393836170539071,0.48580909511193338,0.3079410399666101,0.23477822448264371,0.45728073555074622,0.16050339499407015,0.22691357955563018,0.61258302545029975,0.17563660450858257,0.19664716052660547,0.6277162349648121
909,2023-2024,2023-12-07,Tottenham,West Ham,A,0.45657894736842103,0.23026315789473684,0.31315789473684208,0.48416923883524787,0.25515725041317544,0.26067351075157674,0.4909941531107066,0.2547125552427697,0.25429329164652376,0.53449194425004776,0.22453618224687491,0.24097187350307717,0.6050139125109546,0.18657959394664647,0.2084064935423989,0.61531739271685715,0.16597263353484126,0.21870997374830151
910,2023-2024,2023-12-09,Aston Villa,Arsenal,H,0.45657894736842103,0.23026315789473684,0.31315789473684208,0.44236133338102573,0.23842505168453887,0.31921361493443534,0.43872450775556293,0.23966985739036306,0.32160563485407395,0.38353750338218129,0.23827983909237019,0.37818265752544844,0.42105035056719242,0.24008517836814977,0.33886447106465756,0.436549982566032,0.20908591437047067,0.35436410306349714
911,2023-2024,2023-12-09,Brighton,Burnley,D,0.45657894736842103,0.23026315789473684,0.31315789473684208,0.64605851671221326,0.19312300897970383,0.16081847430808283,0.65279468623525316,0.19159418263890851,0.15561113112583827,0.58731647401119658,0.21381933045512,0.19886419553368348,0.78777247487583879,0.12452822953124208,0.087699295592919238,0.7950078149895623,0.11005754930379499,0.094934635706642789
912,2023-2024,2023-12-09,Crystal Palace,Liverpool,A,0.45657894736842103,0.23026315789473684,0.31315789473684208,0.22500076043371955,0.24267637596859315,0.53232286359768732,0.21847117879199998,0.24132947868242824,0.54019934252557189,0.2624263066052675,0.22864629787571039,0.50892739551902211,0.15121272463257487,0.22718320149486607,0.62160407387255912,0.16614610956389061,0.19731643163223458,0.63653745880387491
913,2023-2024,2023-12-09,Manchester Utd,Bournemouth,A,0.45657894736842103,0.23026315789473684,0.31315789473684208,0.60596331598895936,0.21317992984123732,0.18085675416980337,0.61034397102603899,0.21240799248937969,0.17724803648458132,0.57970723943976721,0.21554778471849934,0.20474497584173348,0.60616029439340702,0.23245884918494833,0.16138085642164446,0.62146882956227978,0.20184177884720292,0.17668939159051719
914,2023-2024,2023-12-09,Sheffield United,Brentford,H,0.45657894736842103,0.23026315789473684,0.31315789473684208,0.27092952664304953,0.24406698702016488,0.48500348633678547,0.26785130501511245,0.24343646513689432,0.48871222984799317,0.33615885943124457,0.23699557734929244,0.42684556321946299,0.091865270329513221,0.16636480564760778,0.74176992402287911,0.10298084412824064,0.14413365805015299,0.75288549782160663
915,2023-2024,2023-12-09,Wolves,Nottingham,D,0.45657894736842103,0.23026315789473684,0.31315789473684208,0.49204593604521352,0.25603195550104846,0.25192210845373791,0.49107897531155859,0.25643773153117133,0.25248329315727003,0.48512957369831511,0.23183607827661329,0.2830343480250716,0.52166597436931295,0.24790331022971065,0.23043071540097654,0.53825088320027459,0.2147334925677874,0.24701562423193818
916,2023-2024,2023-12-10,Everton,Chelsea,H,0.45657894736842103,0.23026315789473684,0.31315789473684208,0.4205153448984047,0.2491755979335577,0.33030905716803749,0.41963040303222321,0.24932474136530361,0.33104485560247321,0.42196936430644688,0.2372517299582757,0.34077890573527753,0.37729362295240099,0.26037685880623707,0.362329518241362,0.3946097449532785,0.22574461480448207,0.37964564024223951
917,2023-2024,2023-12-10,Fulham,West Ham,H,0.45657894736842103,0.23026315789473684,0.31315789473684208,0.41445833322700282,0.27391660578694571,0.31162506098605147,0.41444670946046536,0.27443016848915269,0.31112312205038201,0.43401826759681034,0.23656857363852055,0.32941315876466915,0.47840439215786018,0.22487595662183549,0.29671965122030425,0.49222232846720448,0.19724008400314694,0.31053758752964855
918,2023-2024,2023-12-10,Luton Town,Manchester City,A,0.45657894736842103,0.23026315789473684,0.31315789473684208,0.24016510995096296,0.21539610226024647,0.54443878778879062,0.23035434504490901,0.21332062955694608,0.55632502539814488,0.229728876869363,0.22203617116547214,0.54823495196516492,0.10365234032903282,0.14430879926831164,0.75203886040265533,0.11249647322398425,0.12662053347840879,0.76088299329760689
919,2023-2024,2023-12-10,Tottenham,Newcastle,H,0.45657894736842103,0.23026315789473684,0.31315789473684208,0.36939279219257481,0.25824543292489843,0.37236177488252681,0.37250636745812093,0.25900203072433153,0.36849160181754748,0.42016286262266694,0.23733957044686274,0.34249756693047029,0.32382357155605679,0.22158467265588142,0.45459175578806166,0.33689357297488431,0.19544466981822634,0.46766175720688918
920,2023-2024,2023-12-15,Nottingham,Tottenham,A,0.45657894736842103,0.23026315789473684,0.31315789473684208,0.2451008073796257,0.26139911344500255,0.49350007917537175,0.24169492195983569,0.26095374267576915,0.49735133536439524,0.31833151615846422,0.23572785950452241,0.44594062433701337,0.2472671548293624,0.21524580370876462,0.53748704146187298,0.26032764097553229,0.18912483141642494,0.55054752760804282
921,2023-2024,2023-12-16,Burnley,Everton,A,0.45657894736842103,0.23026315789473684,0.31315789473684208,0.30176471126710364,0.27776335277078013,0.42047193596211618,0.30180010788151973,0.2781670873149345,0.42003280480354571,0.38286133112342996,0.23828181594128328,0.37885685293528665,0.27640691835260933,0.27011879396736788,0.45347428768002263,0.2939343436348037,0.23506394340297931,0.4710017129622171
922,2023-2024,2023-12-16,Chelsea,Sheffield United,H,0.45657894736842103,0.23026315789473684,0.31315789473684208,0.54372163209839097,0.23547765217927644,0.22080071572233251,0.54834480529898266,0.23497218089807462,0.21668301380294269,0.51583278395500987,0.22760557940356546,0.25656163664142462,0.82738269011515375,0.11519168105003835,0.057425628834807951,0.83487058074376463,0.10021589979281662,0.06491351946341882
923,2023-2024,2023-12-16,Manchester City,Crystal Palace,D,0.45657894736842103,0.23026315789473684,0.31315789473684208,0.70806356497233724,0.17238401325586342,0.11955242177179945,0.71566418315299596,0.17029944569186237,0.11403637115514173,0.65973897996375763,0.19420982711275597,0.14605119292348639,0.79314976106773916,0.1395376574955052,0.067312581436755656,0.80226092242391633,0.12131533478315092,0.076423742792932778
924,2023-2024,2023-12-16,Newcastle,Fulham,H,0.45657894736842103,0.23026315789473684,0.31315789473684208,0.57439980011940184,0.23464832625828694,0.1909518736223112,0.57419386326263111,0.23533430260236926,0.19047183413499971,0.52512317058011981,0.22612418656693489,0.24875264285294538,0.58265213308590591,0.20272955976324455,0.21461830715084951,0.59477341975273135,0.1784869864295939,0.22673959381767481
925,2023-2024,2023-12-17,Arsenal,Brighton,H,0.45657894736842103,0.23026315789473684,0.31315789473684208,0.62802772000100104,0.18496267693898599,0.18700960306001302,0.63199298234036871,0.18461720609560572,0.18338981156402553,0.55318697637761549,0.22108568691783173,0.22572733670455281,0.68510723960825559,0.1658970015056635,0.14899575888608105,0.69445972136813738,0.14719203798589972,0.15834824064596292
926,2023-2024,2023-12-17,Brentford,Aston Villa,A,0.45657894736842103,0.23026315789473684,0.31315789473684208,0.33888073728012569,0.27112169118945989,0.38999757153041431,0.33258856127005632,0.27156772723701211,0.39584371149293163,0.34271898493819963,0.2373505949518869,0.41993042010991344,0.29641273110995553,0.26809907778581793,0.43548819110422649,0.31384529235027531,0.23323395530517838,0.45292075234454621
927,2023-2024,2023-12-17,Liverpool,Manchester Utd,D,0.45657894736842103,0.23026315789473684,0.31315789473684208,0.65081433908228647,0.18162663640989513,0.16755902450781848,0.65464319687462358,0.1812386089528574,0.16411819417251905,0.53853230613507719,0.22382223063023643,0.23764546323468649,0.67114883564092642,0.20271076084509104,0.12614040351398265,0.68426770459993302,0.17647302292707773,0.1392592724729893
928,2023-2024,2023-12-17,West Ham,Wolves,H,0.45657894736842103,0.23026315789473684,0.31315789473684208,0.45924270706323911,0.25578410376008426,0.28497318917667669,0.46030096223129219,0.25599244830938084,0.28370658945932697,0.47193232137328844,0.23333757667794053,0.29473010194877092,0.49423451037018645,0.2353707246729615,0.270394764956852,0.50924681681073103,0.20534611179187229,0.28540707139739657
929,2023-2024,2023-12-21,Crystal Palace,Brighton,D,0.45657894736842103,0.23026315789473684,0.31315789473684208,0.33840293736229304,0.249644391056007,0.41195267158170001,0.3373676190190989,0.24985912076091277,0.41277326021998839,0.36778351980992779,0.23817647586916554,0.39404000432090658,0.34868533418040593,0.25122229692798648,0.4000923688916076,0.36266320714822037,0.22326655099235762,0.41407024185942209
930,2023-2024,2023-12-22,Aston Villa,Sheffield United,D,0.45657894736842103,0.23026315789473684,0.31315789473684208,0.77715000778115551,0.14271095851773613,0.080139033701108447,0.78071858141696282,0.14153360406130525,0.077747814521731823,0.64862625912494554,0.19759556450212476,0.1537781763729297,0.92218743603672115,0.059091090077209932,0.018721473886068919,0.92514836265383449,0.05316923684298322,0.021682400503182278
931,2023-2024,2023-12-23,Fulham,Burnley,A,0.45657894736842103,0.23026315789473684,0.31315789473684208,0.58483662516917645,0.2115451412769245,0.20361823355389919,0.58991766855613248,0.21077972832458611,0.19930260311928136,0.53500887906053363,0.22444581537679911,0.24054530556266718,0.7384610186397027,0.15642753031510481,0.10511145104519251,0.74508488700643249,0.14317979358164523,0.11173531941192232
932,2023-2024,2023-12-23,Liverpool,Arsenal,D,0.45657894736842103,0.23026315789473684,0.31315789473684208,0.47952318449917092,0.21788072747766291,0.30259608802316618,0.48236051276905079,0.21859923781801657,0.29904024941293261,0.44658036438135607,0.23567816082558049,0.31774147479306336,0.47532567503198714,0.24671104748702546,0.27796327748098737,0.48600522920504535,0.22535193914090912,0.28864283165404553
933,2023-2024,2023-12-23,Luton Town,Newcastle,H,0.45657894736842103,0.23026315789473684,0.31315789473684208,0.2657215833122899,0.25316556965885112,0.48111284702885904,0.26045116682920161,0.25260541963963057,0.48694341353116771,0.29817750669752247,0.23373921359042868,0.46808327971204883,0.17590412883132542,0.19231616207263577,0.63177970909603898,0.18376824324933594,0.17658793323661473,0.63964382351404947
934,2023-2024,2023-12-23,Nottingham,Bournemouth,A,0.45657894736842103,0.23026315789473684,0.31315789473684208,0.33452350501159672,0.31052665230560267,0.35494984268280066,0.33414625031391998,0.31074906629266003,0.35510468339342,0.40536434294701335,0.23791403563499974,0.35672162141798702,0.35799608159543722,0.25479103934730529,0.38721287905725749,0.36901996562960343,0.23274327127897282,0.3982367630914237
935,2023-2024,2023-12-23,Tottenham,Everton,H,0.45657894736842103,0.23026315789473684,0.31315789473684208,0.49134004490795929,0.25875101280678325,0.24990894228525759,0.49885362719020837,0.25824209767538703,0.24290427513440452,0.53473206209960877,0.22449424225066525,0.24077369564972606,0.55864507124939555,0.221286395221479,0.22006853352912562,0.56805540732691939,0.20246572306643126,0.22947886960664945
936,2023-2024,2023-12-23,West Ham,Manchester Utd,H,0.45657894736842103,0.23026315789473684,0.31315789473684208,0.43785730211220736,0.23378242808497132,0.32836026980282129,0.4346859527130949,0.23439174678790889,0.33092230049899618,0.37346348958010661,0.23824995490305215,0.38828655551684133,0.39705847467505612,0.2725392823780306,0.33040224294691312,0.40887130698979346,0.24891361774855597,0.3422150752616504
937,2023-2024,2023-12-24,Wolves,Chelsea,H,0.45657894736842103,0.23026315789473684,0.31315789473684208,0.33163081101401182,0.27563349417449035,0.39273569481149778,0.33227654081590663,0.27605906041547118,0.39166439876862219,0.41490004549089826,0.23757360404313677,0.34752635046596486,0.34164053338858474,0.25553057681841862,0.40282888979299664,0.35358131703780765,0.23164900951997269,0.4147696734422196
938,2023-2024,2023-12-26,Bournemouth,Fulham,H,0.45657894736842103,0.23026315789473684,0.31315789473684208,0.46439518610251462,0.23313182377030425,0.3024729901271811,0.46595873150873174,0.23312992624792023,0.30091134224334803,0.45319015652539196,0.23513751806450348,0.31167232541010453,0.42873462815669344,0.2251054084135751,0.34615996342973138,0.43809278256049899,0.20638909960596388,0.35551811783353704
939,2023-2024,2023-12-26,Burnley,Liverpool,A,0.45657894736842103,0.23026315789473684,0.31315789473684208,0.24618231966670251,0.22302120453051838,0.530796475802779,0.23515440358487455,0.22088476554498185,0.54396083087014357,0.22768118295617865,0.22155384885802074,0.55076496818580067,0.12483818753598326,0.18950151229693357,0.68566030016708324,0.13363571790278619,0.17190645156332773,0.69445783053388621
940,2023-2024,2023-12-26,Manchester Utd,Aston Villa,H,0.45657894736842103,0.23026315789473684,0.31315789473684208,0.36583367613641421,0.24443730001261638,0.38972902385096936,0.36394186459575395,0.24508261344927823,0.39097552195496788,0.39765462419382547,0.23810959521972419,0.3642357805864504,0.27982149524137845,0.29560478646806271,0.42457371829055884,0.29276022699257809,0.26972732296566332,0.43751245004175848
941,2023-2024,2023-12-26,Newcastle,Nottingham,A,0.45657894736842103,0.23026315789473684,0.31315789473684208,0.68627730370749884,0.19103765199918593,0.12268504429331524,0.68616895130651301,0.19152812939165634,0.12230291930183065,0.59773786580325672,0.21135077483210804,0.19091135936463535,0.77971878376138515,0.14036683975243405,0.079914376486180522,0.78618267310649959,0.12743906106220523,0.086378265831294931
942,2023-2024,2023-12-26,Sheffield United,Luton Town,A,0.45657894736842103,0.23026315789473684,0.31315789473684208,0.36457672067905039,0.25711437438882057,0.37830890493212899,0.36499550928507302,0.25723270955883992,0.37777178115608706,0.42074949282991403,0.23731146525961122,0.34193904191047481,0.23534983078267008,0.24870577181834388,0.5159443973989859,0.24689227264060074,0.22562088810248257,0.52748683925691653
943,2023-2024,2023-12-27,Brentford,Wolves,A,0.45657894736842103,0.23026315789473684,0.31315789473684208,0.46032678299598973,0.26254486440733621,0.27712835259667407,0.45986968502982184,0.26320987822742437,0.27692043674275391,0.47246307691010286,0.23328090400770379,0.2942560190821934,0.55243316589707392,0.2442158158672651,0.20335101823566121,0.56449124133985906,0.22009966498169473,0.21540909367844641
944,2023-2024,2023-12-27,Chelsea,Crystal Palace,H,0.45657894736842103,0.23026315789473684,0.31315789473684208,0.46118524961681118,0.24676219660223214,0.29205255378095668,0.46309947195287077,0.2469721919674632,0.28992833607966612,0.46981984825861728,0.23356004435516284,0.29662010738621997,0.51014721113770756,0.25669126676424475,0.2331615220980478,0.5228020403890653,0.23138160826152937,0.24581635134940549
945,2023-2024,2023-12-27,Everton,Manchester City,A,0.45657894736842103,0.23026315789473684,0.31315789473684208,0.29587023828909415,0.205645989888082,0.498483771822824,0.28879935661056022,0.20499628325158958,0.5062043601378502,0.26945279032158437,0.2298142727197289,0.5007329369586867,0.24156101945140107,0.23933877376794485,0.51910020678065405,0.25338313564057369,0.21569454138959968,0.53092232296982655
946,2023-2024,2023-12-28,Arsenal,West Ham,A,0.45657894736842103,0.23026315789473684,0.31315789473684208,0.63989909453848792,0.20073538484854597,0.15936552061296613,0.64374919867833846,0.20030295693500408,0.15594784438665737,0.59283506623775128,0.21252673034372521,0.19463820341852348,0.71637724861313234,0.16495421696258783,0.11866853442427999,0.7243041892509311,0.14910033568699038,0.12659547506207874
947,2023-2024,2023-12-28,Brighton,Tottenham,H,0.45657894736842103,0.23026315789473684,0.31315789473684208,0.38061619000809677,0.25138075086398148,0.36800305912792175,0.38017912313648444,0.25213029320105779,0.36769058366245772,0.40187129340660871,0.23801152567332104,0.36011718092007033,0.41104558682584397,0.21022873649573723,0.378725676678419,0.41915739104375604,0.19400512805991307,0.38683748089633113
948,2023-2024,2023-12-30,Aston Villa,Burnley,H,0.45657894736842103,0.23026315789473684,0.31315789473684208,0.68419899435438425,0.17960165100757441,0.13619935463804128,0.69190622002935809,0.17760074195075665,0.13049303801988538,0.63098951707350148,0.20268541596975317,0.16632506695674526,0.75989630775954031,0.15445029213857137,0.085653400101888433,0.76761725537078362,0.13900839691608455,0.093374347713131842
949,2023-2024,2023-12-30,Crystal Palace,Brentford,H,0.45657894736842103,0.23026315789473684,0.31315789473684208,0.36847762424252845,0.24858331059824443,0.3829390651592271,0.37039897061233462,0.2489338291072675,0.38066720028039791,0.41783880510647842,0.23744694196660765,0.34471425292691388,0.37655928140882428,0.28541265647863362,0.33802806211254222,0.39052640585116077,0.25747840759396057,0.35199518655487871
950,2023-2024,2023-12-30,Luton Town,Chelsea,A,0.45657894736842103,0.23026315789473684,0.31315789473684208,0.38326721439145506,0.25845646306507508,0.35827632254346997,0.38223364460671333,0.25882869358547694,0.35893766180780973,0.41172843507117507,0.2376988423115492,0.35057272261727573,0.35737112171909163,0.23680289236301955,0.40582598591788899,0.36860889463968344,0.21432734652183588,0.41706375883848079
951,2023-2024,2023-12-30,Manchester City,Sheffield United,H,0.45657894736842103,0.23026315789473684,0.31315789473684208,0.79436968344011205,0.13037605224612606,0.075254264313761962,0.80207974931282711,0.12749536648013346,0.070424884207039393,0.6990302819901778,0.18110400545106328,0.11986571255875886,0.94074514524259534,0.043498102605758864,0.015756752151645886,0.94284782727535632,0.03929273854023696,0.017859434184406834
952,2023-2024,2023-12-30,Nottingham,Manchester Utd,H,0.45657894736842103,0.23026315789473684,0.31315789473684208,0.31147522581251658,0.25431247600380641,0.43421229818367713,0.30722278693191857,0.25425775656751493,0.43851945650056667,0.30889026247863743,0.23487158727799468,0.45623815024336789,0.30676309793903905,0.28181133754843452,0.41142556451252638,0.32058476384494122,0.25416800573663029,0.42524723041842855
953,2023-2024,2023-12-30,Wolves,Everton,H,0.45657894736842103,0.23026315789473684,0.31315789473684208,0.43999180245944025,0.25338724282812403,0.30662095471243572,0.44157635817610391,0.25359200870363391,0.30483163312026229,0.45542168870785243,0.23494384749000435,0.30963446380214327,0.40342047847977125,0.26922334239691892,0.32735617912330994,0.41685573551811272,0.24235282832023608,0.34079143616165142
954,2023-2024,2023-12-31,Fulham,Arsenal,H,0.45657894736842103,0.23026315789473684,0.31315789473684208,0.31005367743087503,0.22592873785949469,0.46401758470963028,0.30263521416217987,0.22566117201804345,0.4717036138197766,0.27727613239907611,0.23101614543693821,0.49170772216398567,0.23525543319313488,0.2293355318442043,0.5354090349626609,0.24623596179164967,0.20737447464717468,0.54638956356117563
955,2023-2024,2023-12-31,Tottenham,Bournemouth,H,0.45657894736842103,0.23026315789473684,0.31315789473684208,0.5275727627335518,0.24728006658992416,0.2251471706765239,0.53190096347315174,0.24695222193958716,0.22114681458726115,0.53123365900106356,0.22509916433543653,0.24366717666349991,0.60817767962359581,0.18409758427977571,0.20772473609662864,0.6153622792198632,0.16972838508724108,0.21490933569289597
956,2023-2024,2024-01-01,Liverpool,Newcastle,H,0.45657894736842103,0.23026315789473684,0.31315789473684208,0.62183513449047201,0.18649758394191185,0.19166728156761617,0.62663337253258766,0.1860711788028411,0.18729544866457123,0.55665358768587658,0.22040466472283568,0.22294174759128765,0.60026764200472782,0.21737875826052841,0.18235359973474366,0.61081790325970564,0.19627823575057282,0.19290386098972143
957,2023-2024,2024-01-02,West Ham,Brighton,D,0.45657894736842103,0.23026315789473684,0.31315789473684208,0.45924479045373756,0.2353070399179478,0.30544816962831445,0.45873521282911478,0.23579219091330844,0.30547259625757672,0.42681107350348518,0.23699748646308344,0.33619144003343149,0.46501485035775991,0.21527949348512898,0.319705656157111,0.47357614196460085,0.19815691027144705,0.32826694776395193
958,2023-2024,2024-01-12,Burnley,Luton Town,D,0.45657894736842103,0.23026315789473684,0.31315789473684208,0.39863924720075278,0.23795832831114838,0.36340242448809873,0.39846549567633555,0.23818189532620107,0.36335260899746347,0.41196466284271921,0.23768992553364818,0.35034541162363247,0.41156398707221498,0.24133806413450884,0.34709794879327621,0.41847604667912641,0.227513944920686,0.35401000840018765
959,2023-2024,2024-01-13,Chelsea,Fulham,H,0.45657894736842103,0.23026315789473684,0.31315789473684208,0.50937947996312749,0.23743781823157084,0.25318270180530161,0.50860619315879174,0.23795346641568488,0.25344034042552338,0.46948572960351098,0.23359477717351462,0.2969194932229744,0.50214478981361743,0.22357007342849014,0.27428513675789234,0.50702738745964304,0.21380487813643884,0.27916773440391801
960,2023-2024,2024-01-13,Newcastle,Manchester City,A,0.45657894736842103,0.23026315789473684,0.31315789473684208,0.37826760686034477,0.2372878277212554,0.38444456541839983,0.37139936879978752,0.23809012561086912,0.39051050558934342,0.31558937950933064,0.235492608492754,0.44891801199791537,0.31653924419265472,0.22448869898766072,0.4589720568196845,0.32129408806545906,0.21497901124205207,0.46372690069248884
961,2023-2024,2024-01-14,Everton,Aston Villa,D,0.45657894736842103,0.23026315789473684,0.31315789473684208,0.28990115430578001,0.25549618312691585,0.45460266256730414,0.2842170540982622,0.25519790672045067,0.46058503918128713,0.30989827339942377,0.2349692653942268,0.45513246120634943,0.28572275634981242,0.25529130944190798,0.45898593420827949,0.29360565004433914,0.23952552205285449,0.4668688279028062
962,2023-2024,2024-01-14,Manchester Utd,Tottenham,D,0.45657894736842103,0.23026315789473684,0.31315789473684208,0.35936475348407487,0.24275656141579413,0.39787868510013102,0.36192014460808236,0.24356788287703324,0.3945119725148844,0.42750796611547859,0.23695864288135315,0.3355333910031682,0.3696072726271083,0.24962919039581341,0.38076353697707832,0.37720828847814158,0.23442715869374683,0.38836455282811155
963,2023-2024,2024-01-20,Arsenal,Crystal Palace,H,0.45657894736842103,0.23026315789473684,0.31315789473684208,0.61448048304474956,0.21150219990040733,0.17401731705484316,0.62150031131548533,0.21031628586516582,0.16818340281934885,0.61109871046843778,0.20801391452483756,0.18088737500672464,0.66345342638786164,0.20578180104869881,0.13076477256343971,0.66783944247733429,0.1970097688697531,0.13515078865291252
964,2023-2024,2024-01-20,Brentford,Nottingham,H,0.45657894736842103,0.23026315789473684,0.31315789473684208,0.44634844792007233,0.27182041357277736,0.28183113850715036,0.44584295234608518,0.27242685253307325,0.28173019512084158,0.47278970754408778,0.23324587207263486,0.29396442038327736,0.52327548181860428,0.23448926508857984,0.24223525309281574,0.52825883883475389,0.22452255105628058,0.24721861010896534
965,2023-2024,2024-01-21,Bournemouth,Liverpool,A,0.45657894736842103,0.23026315789473684,0.31315789473684208,0.25273958701114618,0.22872545095276448,0.51853496203608929,0.24735643871027024,0.22810585965477723,0.52453770163495261,0.27020805629716305,0.22993478615177959,0.49985715755105747,0.20556811549309117,0.21196452507043625,0.58246735943647276,0.21000526959120919,0.20309021687420017,0.58690451353459072
966,2023-2024,2024-01-21,Sheffield United,West Ham,D,0.45657894736842103,0.23026315789473684,0.31315789473684208,0.27488793177134108,0.25593438457087669,0.46917768365778217,0.26972542627267765,0.25523394931294063,0.47504062441438161,0.32262723170520952,0.23607455101725408,0.44129821727753643,0.15450106310410244,0.21505569018406992,0.63044324671182772,0.15915572275507983,0.2057463708821152,0.63509790636280516
967,2023-2024,2024-01-22,Brighton,Wolves,D,0.45657894736842103,0.23026315789473684,0.31315789473684208,0.50211065842692049,0.25468982364718806,0.24319951792589148,0.50373306321638112,0.25510540493878614,0.24116153184483266,0.50621514218817143,0.22904094710850922,0.26474391070331921,0.55092067781161946,0.21456107898087917,0.23451824320750145,0.5552526113944134,0.2058972118152913,0.23885017679029538
968,2023-2024,2024-01-30,Aston Villa,Newcastle,A,0.45657894736842103,0.23026315789473684,0.31315789473684208,0.57698039428468617,0.20869305852816375,0.21432654718715008,0.57828807037737207,0.20909021398212096,0.21262171564050708,0.51621827223078365,0.22754596310893732,0.25623576466027898,0.52996256877874037,0.21966578174404539,0.25037164947721435,0.53216180685336201,0.21526730559480203,0.25257088755183599
969,2023-2024,2024-01-30,Crystal Palace,Sheffield United,H,0.45657894736842103,0.23026315789473684,0.31315789473684208,0.53528198524100945,0.22168197464567699,0.24303604011331356,0.53816098369875065,0.22143465471692214,0.24040436158432721,0.50176156237318992,0.22967166160087715,0.26856677602593287,0.63211759062580697,0.21878881561372296,0.14909359376047029,0.63442487015036297,0.21417425656461073,0.15140087328502641
970,2023-2024,2024-01-30,Fulham,Everton,D,0.45657894736842103,0.23026315789473684,0.31315789473684208,0.43732548168724716,0.26468812284474452,0.2979863954680082,0.43610409591805943,0.26535908032927696,0.29853682375266349,0.45100682868916281,0.23532156886209818,0.31367160244873887,0.46043200698501702,0.26707100225953945,0.27249699075544376,0.46325272098857628,0.26142957425242097,0.27531770475900297
971,2023-2024,2024-01-30,Luton Town,Brighton,H,0.45657894736842103,0.23026315789473684,0.31315789473684208,0.37076439006855128,0.23042934957760869,0.39880626035383993,0.36546946003182307,0.2305726193526467,0.40395792061553015,0.34492078619590927,0.23745660731773147,0.41762260648635929,0.3087019311642682,0.22729001895075218,0.46400804988497985,0.31093903366158099,0.22281581395612654,0.46624515238229264
972,2023-2024,2024-01-30,Nottingham,Arsenal,A,0.45657894736842103,0.23026315789473684,0.31315789473684208,0.22097523698590152,0.22230948933974687,0.55671527367435159,0.21698373310261745,0.22166510545397081,0.56135116144341179,0.25988269725888979,0.22820237277298366,0.51191492996812649,0.17001175104623634,0.20001636082938862,0.62997188812437499,0.17208819612846332,0.19586347066493459,0.63204833320660203
973,2023-2024,2024-01-31,Liverpool,Chelsea,H,0.45657894736842103,0.23026315789473684,0.31315789473684208,0.63230757822005135,0.20688669402921847,0.16080572775073021,0.64032982659957727,0.20529487646403088,0.15437529693639188,0.60839633270591409,0.20870447541883855,0.18289919187524742,0.73284318487993672,0.16274267106386561,0.10441414405619781,0.73345085637010765,0.16152732808352355,0.10502181554636886
974,2023-2024,2024-01-31,Manchester City,Burnley,H,0.45657894736842103,0.23026315789473684,0.31315789473684208,0.7782036256241156,0.13094213577950473,0.090854238596379797,0.78821665651112216,0.12760456452620536,0.084178778962672562,0.70625620653396948,0.17849635556037219,0.11524743790565835,0.85266405631103137,0.098839391910178889,0.048496551778789573,0.85302854402737494,0.098110416477491982,0.048861039495133027
975,2023-2024,2024-01-31,Tottenham,Brentford,H,0.45657894736842103,0.23026315789473684,0.31315789473684208,0.5569289041167772,0.21332584329727475,0.22974525258594811,0.56404546425869517,0.21259006185175258,0.22336447388955225,0.55007008016533432,0.22168700602008953,0.22824291381457606,0.63547757387599446,0.18006900651702606,0.18445341960697959,0.63604904815362728,0.17892605796176014,0.18502489388461255
976,2023-2024,2024-02-01,West Ham,Bournemouth,D,0.45657894736842103,0.23026315789473684,0.31315789473684208,0.54232050109746488,0.23377886543977089,0.22390063346276429,0.54241544606108905,0.23403470205622057,0.22354985188269033,0.49821962711476425,0.23015788297481399,0.27162248991042182,0.56494868230941286,0.21182103772651861,0.22323027996406863,0.56572247631664518,0.21027344971205392,0.22400407397130101
977,2023-2024,2024-02-01,Wolves,Manchester Utd,A,0.45657894736842103,0.23026315789473684,0.31315789473684208,0.42669911691363605,0.2242287912778276,0.34907209180853638,0.42444033521089936,0.22475936107721825,0.35080030371188248,0.38361209500092552,0.23827958614154529,0.37810831885752916,0.42858458106441866,0.28358199086068731,0.28783342807489426,0.42965415062523682,0.28144285173905087,0.28890299763571242
978,2023-2024,2024-02-03,Brighton,Crystal Palace,H,0.45657894736842103,0.23026315789473684,0.31315789473684208,0.52869319224900857,0.23889597122613701,0.23241083652485439,0.53114191611408657,0.23904805069240614,0.22981003319350729,0.51892208951022722,0.22712330553579027,0.25395460495398248,0.56201175973549267,0.22390165108776997,0.21408658917673745,0.56180319975624349,0.22431877104626832,0.21387802919748827
979,2023-2024,2024-02-03,Burnley,Fulham,D,0.45657894736842103,0.23026315789473684,0.31315789473684208,0.37332979943332018,0.24131233883441749,0.38535786173226244,0.36932413577865714,0.24153121543921235,0.38914464878213062,0.38085536492272798,0.23828432415972567,0.3808603109175463,0.3267500571041636,0.26424321253320243,0.40900673036263407,0.32650074831470183,0.26474183011212593,0.4087574215731723
980,2023-2024,2024-02-03,Everton,Tottenham,D,0.45657894736842103,0.23026315789473684,0.31315789473684208,0.27278112618772632,0.25517361862698179,0.47204525518529183,0.27055402749466673,0.25534125903764066,0.47410471346769267,0.3310616450981323,0.23667877934685508,0.43225957555501249,0.33588285882032887,0.25209681416873958,0.41202032701093155,0.3356468887696924,0.25256875427001252,0.41178435696029508
981,2023-2024,2024-02-03,Newcastle,Luton Town,D,0.45657894736842103,0.23026315789473684,0.31315789473684208,0.59504542268324123,0.22665185522590076,0.17830272209085793,0.59854838788644715,0.22637009848928208,0.17508151362427074,0.54289281909035658,0.22303204474351201,0.23407513616613124,0.66036368913299215,0.17475052457108492,0.16488578629592313,0.6602204450742698,0.17503701268852953,0.16474254223720083
982,2023-2024,2024-02-03,Sheffield United,Aston Villa,A,0.45657894736842103,0.23026315789473684,0.31315789473684208,0.24217759340997358,0.23087844073088812,0.52694396585913827,0.2333189481546673,0.22902878181985994,0.53765227002547267,0.26113509268570362,0.22842236588166875,0.51044254143262768,0.13554854571440381,0.1823231254268658,0.68212832885873032,0.13537947196302871,0.18266127292961598,0.68195925510735522
983,2023-2024,2024-02-04,Arsenal,Liverpool,H,0.45657894736842103,0.23026315789473684,0.31315789473684208,0.48428951642799373,0.2248616398086109,0.29084884376339537,0.47970369941191998,0.22635030930644856,0.2939459912816314,0.40789883016229361,0.23783413068952525,0.35426703914818125,0.37316825770541845,0.25730707909676698,0.3695246631978148,0.37307578410081793,0.25749202630596796,0.36943218959321428
984,2023-2024,2024-02-04,Bournemouth,Nottingham,D,0.45657894736842103,0.23026315789473684,0.31315789473684208,0.44937992762949536,0.25481747709967228,0.29580259527083225,0.45398343263136126,0.25464759799184716,0.29136896937679158,0.4968799793273293,0.23033822509841398,0.27278179557425675,0.51294654599649803,0.2264323223651053,0.26062113163839656,0.5128683189582629,0.22658877644157546,0.2605429046001615
985,2023-2024,2024-02-04,Chelsea,Wolves,A,0.45657894736842103,0.23026315789473684,0.31315789473684208,0.47931900267950889,0.24609875186282401,0.27458224545766713,0.47955307852329315,0.24649944783325853,0.27394747364344835,0.46901732155093828,0.23364326103757704,0.29733941741148456,0.48403375338453186,0.23456430665085262,0.28140193996461549,0.48395172561531419,0.23472836218928786,0.28131991219539781
986,2023-2024,2024-02-04,Manchester Utd,West Ham,H,0.45657894736842103,0.23026315789473684,0.31315789473684208,0.49570656666490404,0.23106589377439279,0.273227539560703,0.49850131384247037,0.23129041135261597,0.27020827480491361,0.49613463964902516,0.23043771544485261,0.2734276449061222,0.45619018761637975,0.25852863916580759,0.28528117321781249,0.45609696478626682,0.25871508482603345,0.28518795038769956
987,2023-2024,2024-02-05,Brentford,Manchester City,A,0.45657894736842103,0.23026315789473684,0.31315789473684208,0.24739201289286822,0.22351112352555488,0.52909686358157693,0.24129717771052767,0.22285683215729887,0.53584599013217338,0.24110909777362974,0.22456517879877474,0.53432572342759543,0.20070664819650444,0.20314468463402746,0.59614866716946813,0.19932490099889391,0.20590817902924852,0.5947669199718576
988,2023-2024,2024-02-10,Fulham,Bournemouth,H,0.45657894736842103,0.23026315789473684,0.31315789473684208,0.49177250807665296,0.24969774387019875,0.25852974805314832,0.4868585564162195,0.2507706886329385,0.26237075495084189,0.44216492950244879,0.23601169126883134,0.3218233792287199,0.49829911796146675,0.23763068723039524,0.26407019480813798,0.49665405762317177,0.24092080790698531,0.26242513446984295
989,2023-2024,2024-02-10,Liverpool,Burnley,H,0.45657894736842103,0.23026315789473684,0.31315789473684208,0.74314655301013066,0.14787042743734718,0.10898301955252204,0.7537634246314413,0.14463303626277169,0.10160353910578697,0.69450445051784937,0.18270551390019091,0.12279003558195958,0.83565856891830204,0.11053361794736366,0.053807813134334373,0.83488739004394563,0.11207597569607639,0.053036634259978004
990,2023-2024,2024-02-10,Luton Town,Sheffield United,A,0.45657894736842103,0.23026315789473684,0.31315789473684208,0.6165669296432561,0.1909006936848946,0.19253237667184933,0.6190672094045776,0.19060548165349142,0.19032730894193106,0.52105943095170115,0.2267836173489759,0.25215695169932295,0.79310059352364315,0.12446776727786175,0.082431639198495374,0.79230776131167036,0.12605343170180727,0.081638806986522608
991,2023-2024,2024-02-10,Manchester City,Everton,H,0.45657894736842103,0.23026315789473684,0.31315789473684208,0.75208873113821251,0.14442352167275957,0.10348774718902801,0.7569579779188067,0.14319199464479915,0.099850027436394234,0.66248249596900577,0.19335247639577202,0.14416502763522215,0.70796233203479886,0.18370349934680005,0.10833416861840117,0.70667617092114254,0.1862758215741126,0.1070480075047449
992,2023-2024,2024-02-10,Nottingham,Newcastle,A,0.45657894736842103,0.23026315789473684,0.31315789473684208,0.32379165178779645,0.23337577675061591,0.44283257146158767,0.32042339475018239,0.23332122292905352,0.44625538232076406,0.3346358210318498,0.23690469567232048,0.42845948329582961,0.265987152675217,0.2144348511406507,0.51957799618413247,0.2646336818520777,0.2171417927869293,0.51822452536099317
993,2023-2024,2024-02-10,Tottenham,Brighton,H,0.45657894736842103,0.23026315789473684,0.31315789473684208,0.51217905117476004,0.22539244153135379,0.26242850729388606,0.51679566023269441,0.22544019624028916,0.25776414352701638,0.49268666747050549,0.23089007708436626,0.27642325544512819,0.55658574723352428,0.19285194094111577,0.25056231182535982,0.55554578747652039,0.1949318604551234,0.24952235206835602
994,2023-2024,2024-02-10,Wolves,Brentford,A,0.45657894736842103,0.23026315789473684,0.31315789473684208,0.50030828488692314,0.22130010315559914,0.27839161195747775,0.5041548664397133,0.22117527769217377,0.27466985586811299,0.48026376300735374,0.23241202582215081,0.28732421117049534,0.53144426307086112,0.21863593272676318,0.24991980420237567,0.53000314729156883,0.22151816428534776,0.24847868842308338
995,2023-2024,2024-02-11,Aston Villa,Manchester Utd,A,0.45657894736842103,0.23026315789473684,0.31315789473684208,0.54765963517571903,0.22380565067569461,0.22853471414858642,0.54756375611213759,0.2246441457085995,0.22779209817926299,0.46687351652812425,0.23386204809229014,0.29926443537958569,0.54177068454287913,0.23624806798818235,0.22198124746893855,0.54049447343391888,0.23880049020610308,0.22070503635997826
996,2023-2024,2024-02-11,West Ham,Arsenal,A,0.45657894736842103,0.23026315789473684,0.31315789473684208,0.28485317411772854,0.2321628985707565,0.4829839273115149,0.28233186664991627,0.2324695542905304,0.48519857905955321,0.31276169155677463,0.23523853249850754,0.45199977594471774,0.2116159618452936,0.2277554055056415,0.56062863264906504,0.21039074088369489,0.23020584742883898,0.55940341168746632
997,2023-2024,2024-02-12,Crystal Palace,Chelsea,A,0.45657894736842103,0.23026315789473684,0.31315789473684208,0.39368865829156535,0.25311788889204745,0.35319345281638714,0.39316667612818218,0.25342070135714656,0.35341262251467126,0.4115957689242134,0.23770382092801576,0.35070041014777098,0.35218009935519012,0.24493809686195167,0.40288180378285832,0.35118228389996398,0.24693372777240385,0.40188398832763222
998,2023-2024,2024-02-17,Brentford,Liverpool,A,0.45657894736842103,0.23026315789473684,0.31315789473684208,0.29209162517479531,0.23128451473247011,0.47662386009273444,0.28247672042233357,0.23057070030993906,0.48695257926772739,0.262098401127623,0.22858970621490052,0.50931189265747645,0.18463856854694599,0.2060071519929664,0.60935427946008758,0.18382794873754357,0.20762839161177127,0.60854365965068513
999,2023-2024,2024-02-17,Burnley,Arsenal,A,0.45657894736842103,0.23026315789473684,0.31315789473684208,0.16942348903056001,0.2031638370632117,0.62741267390622835,0.1638908171985706,0.20139045448732582,0.6347187283141037,0.20925636917761331,0.21681984510649813,0.57392378571588865,0.103310734226606,0.16337082535124012,0.73331844042215399,0.10265511454241594,0.16468206471962027,0.73266282073796396
1000,2023-2024,2024-02-17,Fulham,Aston Villa,A,0.45657894736842103,0.23026315789473684,0.31315789473684208,0.41606316468314564,0.23465720500619569,0.34927963031065867,0.40747312710374839,0.23540305109176962,0.35712382180448204,0.34359227467559372,0.23739342779165379,0.41901429753275249,0.30497198150175614,0.24293048903749948,0.45209752946074439,0.30400902394420587,0.24485640415260002,0.45113457190319411
1001,2023-2024,2024-02-17,Manchester City,Chelsea,D,0.45657894736842103,0.23026315789473684,0.31315789473684208,0.7256040455558187,0.15665366427195479,0.11774229017222645,0.73092949179451516,0.15544786369312905,0.11362264451235583,0.63860918339250805,0.20052884388428152,0.1608619727232104,0.74243535457962195,0.14735342880178101,0.11021121661859701,0.74189497362559154,0.14843419070984201,0.10967083566456653
1002,2023-2024,2024-02-17,Newcastle,Bournemouth,D,0.45657894736842103,0.23026315789473684,0.31315789473684208,0.66362562289422999,0.19001912040862817,0.14635525669714175,0.66109283465060875,0.1912055148641483,0.14770165048524289,0.53817053155683514,0.22388687243963251,0.23794259600353229,0.67573824017364026,0.16760003772888402,0.15666172209747573,0.67516556834713359,0.16874538138189724,0.15608905027096912
1003,2023-2024,2024-02-17,Nottingham,West Ham,H,0.45657894736842103,0.23026315789473684,0.31315789473684208,0.36579027662441427,0.25241686417443354,0.38179285920115225,0.36109405542315037,0.25263838254006699,0.38626756203678264,0.36532643391603775,0.238131883208303,0.39654168287565922,0.421426802470315,0.24133005639143679,0.33724314113824821,0.42048252095357547,0.24321861942491588,0.33629885962150868
1004,2023-2024,2024-02-17,Tottenham,Wolves,A,0.45657894736842103,0.23026315789473684,0.31315789473684208,0.60336964308075358,0.20584168916493936,0.19078866775430708,0.6071726416543427,0.20542857208748816,0.18739878625816916,0.55764867643063065,0.22020679750332772,0.22214452606604163,0.58328198821413924,0.19173493694262969,0.2249830748432311,0.58264827668385499,0.19300236000319829,0.2243493633129468
1005,2023-2024,2024-02-18,Luton Town,Manchester Utd,A,0.45657894736842103,0.23026315789473684,0.31315789473684208,0.33952647927611562,0.23706843476058265,0.42340508596330173,0.33316425666248978,0.23714323502014958,0.42969250831736067,0.30427782444499418,0.23440528716561479,0.46131688838939106,0.30765397202660955,0.23405422719259941,0.45829180078079063,0.30558178184381096,0.23819860755819658,0.45621961059799199
1006,2023-2024,2024-02-18,Sheffield United,Brighton,A,0.45657894736842103,0.23026315789473684,0.31315789473684208,0.3111013062336192,0.22610815785324903,0.4627905359131318,0.30588420192856042,0.22564325351928763,0.46847254455215198,0.31752838250472065,0.23566008825738366,0.44681152923789569,0.17338265745503181,0.19179719408098822,0.63482014846397994,0.17170618106253124,0.19515014686598936,0.63314367207147937
1007,2023-2024,2024-02-19,Everton,Crystal Palace,D,0.45657894736842103,0.23026315789473684,0.31315789473684208,0.43954741684418114,0.25446953918017207,0.3059830439756468,0.44273274721976524,0.25462132385239333,0.30264592892784137,0.47130619317022615,0.23340403144323818,0.29528977538653561,0.47093989772602568,0.28240094545556949,0.24665915681840503,0.46833200284028692,0.28761673522704695,0.2440512619326663
1008,2023-2024,2024-02-20,Manchester City,Brentford,H,0.45657894736842103,0.23026315789473684,0.31315789473684208,0.75005497435491353,0.14018265576606753,0.10976236987901879,0.75713987999433252,0.13830835549140516,0.10455176451426236,0.66030003449882935,0.19403519179838893,0.14566477370278164,0.73223789814164786,0.155871050041096,0.11189105181725632,0.73007497511765518,0.1601968960890813,0.10972812879326367
1009,2023-2024,2024-02-21,Liverpool,Luton Town,H,0.45657894736842103,0.23026315789473684,0.31315789473684208,0.74712361514693926,0.14892882521130463,0.10394755964175612,0.7556607617760841,0.14633680955454478,0.098002428669371019,0.67705045427070731,0.18865601025832729,0.1342935354709654,0.81076835465588604,0.11449897325158974,0.074732672092524405,0.80965013020202492,0.11673542215931199,0.073614447638663275
1010,2023-2024,2024-02-24,Arsenal,Newcastle,H,0.45657894736842103,0.23026315789473684,0.31315789473684208,0.6983173074652913,0.15365844237675599,0.14802425015795267,0.70151661059080184,0.15341472249460528,0.1450686669145928,0.5612877667167373,0.21947414528646442,0.21923808799679836,0.70227727231365833,0.15970734918198429,0.13801537850435747,0.70074780078016774,0.16276629224896536,0.13648590697086693
1011,2023-2024,2024-02-24,Aston Villa,Nottingham,H,0.45657894736842103,0.23026315789473684,0.31315789473684208,0.64067257719674087,0.2096338344001098,0.14969358840314931,0.64363026443779814,0.20929967113387207,0.14707006442832979,0.6033676638684119,0.20996835718084569,0.18666397895074238,0.64204840443328148,0.19583536982306576,0.16211622574365253,0.63992907040179425,0.20007403788604011,0.15999689171216536
1012,2023-2024,2024-02-24,Bournemouth,Manchester City,A,0.45657894736842103,0.23026315789473684,0.31315789473684208,0.17755673046622264,0.21360978278415008,0.60883348674962723,0.17661020673082184,0.21379494183131015,0.60959485143786796,0.23269026100596535,0.22271880256393611,0.54459093643009859,0.1486321045990659,0.18636948664323599,0.66499840875769822,0.14662597609439984,0.19038174365256816,0.66299228025303214
1013,2023-2024,2024-02-24,Brighton,Everton,D,0.45657894736842103,0.23026315789473684,0.31315789473684208,0.57896091070107136,0.22071972924197591,0.20031936005695269,0.57931715887966373,0.2212253628026607,0.19945747831767557,0.52564569735534883,0.22603810463585181,0.24831619800879942,0.51059990129374222,0.2563442720720468,0.23305582663421115,0.50777572130454762,0.26199263205043577,0.23023164664501666
1014,2023-2024,2024-02-24,Crystal Palace,Burnley,H,0.45657894736842103,0.23026315789473684,0.31315789473684208,0.50002211153371634,0.2222104159178617,0.27776747254842205,0.50520557417466483,0.22176027631555831,0.27303414950977678,0.5007724659122017,0.22980881358265884,0.26941872050513938,0.47747908474538808,0.24828894033823914,0.27423197491637286,0.47473684023295176,0.25377342936311176,0.27148973040393654
1015,2023-2024,2024-02-24,Manchester Utd,Fulham,A,0.45657894736842103,0.23026315789473684,0.31315789473684208,0.63113827232441722,0.18030736653721008,0.18855436113837265,0.63631988137539153,0.17957054081287158,0.1841095778117369,0.57736138644411139,0.21606808505668626,0.20657052849920238,0.50402160720579747,0.247991888010168,0.24798650478403464,0.50127458947737535,0.2534859234670121,0.24523948705561258
1016,2023-2024,2024-02-25,Wolves,Sheffield United,H,0.45657894736842103,0.23026315789473684,0.31315789473684208,0.60999977932203941,0.19896009743967316,0.1910401232382874,0.61636920344840151,0.19781888132968803,0.18581191522191037,0.5543828687419502,0.22085220745008843,0.22476492380796145,0.76249842293376646,0.14384533179491146,0.093656245271322394,0.76095688642665937,0.14692840480912553,0.092114708764215361
1017,2023-2024,2024-02-26,West Ham,Brentford,H,0.45657894736842103,0.23026315789473684,0.31315789473684208,0.42445859931339569,0.24344816324790539,0.33209323743869895,0.42924540558803481,0.2435694905679629,0.32718510384400223,0.47366804134678436,0.23315108243659904,0.29318087621661665,0.36757130184941234,0.2472073242905998,0.38522137385998784,0.36590628372199119,0.25053736054544212,0.38355635573256663
1018,2023-2024,2024-03-02,Brentford,Chelsea,D,0.45657894736842103,0.23026315789473684,0.31315789473684208,0.39638513004177489,0.24718095418984645,0.35643391576837863,0.39328321757985113,0.2477076678635548,0.35900911455659407,0.39599140698872526,0.23814234643035007,0.36586624658092476,0.3728258014281679,0.23094208114945666,0.39623211742237552,0.37126243752839755,0.23406880894899731,0.39466875352260522
1019,2023-2024,2024-03-02,Everton,West Ham,A,0.45657894736842103,0.23026315789473684,0.31315789473684208,0.38676447814365,0.25546430260784037,0.35777121924850952,0.38500979587742451,0.25599023032114426,0.35899997380143112,0.41444750516327661,0.23759220245098805,0.34796029238573534,0.42933538488769202,0.27630477039792134,0.29435984471438659,0.42733057890451159,0.28031438236428213,0.29235503873120627
1020,2023-2024,2024-03-02,Fulham,Brighton,H,0.45657894736842103,0.23026315789473684,0.31315789473684208,0.4561707569456589,0.22707214789149791,0.31675709516284323,0.45289210722657625,0.22781959569313678,0.31928829708028694,0.3934971584986614,0.23818514338024757,0.368317698121091,0.38234844848179156,0.23885510216733538,0.37879644935087292,0.38067135631480453,0.24220928650130971,0.37711935718388595
1021,2023-2024,2024-03-02,Luton Town,Aston Villa,A,0.45657894736842103,0.23026315789473684,0.31315789473684208,0.27941486515412306,0.23951770862552244,0.48106742622035437,0.27260360773973868,0.23894250334475253,0.48845388891550884,0.28641090912626249,0.2322918785137903,0.48129721235994716,0.22896443452956164,0.19620268314304937,0.57483288232738905,0.22774867806316754,0.1986341960758376,0.57361712586099489
1022,2023-2024,2024-03-02,Newcastle,Wolves,H,0.45657894736842103,0.23026315789473684,0.31315789473684208,0.55525559859835893,0.22629574404026045,0.21844865736138061,0.55372973890046029,0.22729499540841572,0.21897526569112397,0.48756480422858334,0.23153806535603275,0.28089713041538383,0.53792471655895735,0.20770293455294958,0.25437234888809307,0.53659003067710298,0.21037230631665835,0.2530376630062387
1023,2023-2024,2024-03-02,Nottingham,Liverpool,A,0.45657894736842103,0.23026315789473684,0.31315789473684208,0.18762128057536975,0.22889851271986825,0.58348020670476197,0.18076607500766462,0.2268453679184802,0.59238855707385518,0.213003693917652,0.21784180630375169,0.56915449977859633,0.12782129459090905,0.1669463253556405,0.70523238005345057,0.12665805879563496,0.16927279694618869,0.70406914425817646
1024,2023-2024,2024-03-02,Tottenham,Crystal Palace,H,0.45657894736842103,0.23026315789473684,0.31315789473684208,0.5781597748759969,0.21780434737638746,0.20403587774761561,0.58496989522644249,0.21692489458194883,0.19810521019160865,0.57056187938639091,0.21754277353070062,0.21189534708290855,0.6353312370265366,0.18418232949379931,0.18048643347966412,0.63413518760608711,0.18657442833469842,0.17929038405921457
1025,2023-2024,2024-03-03,Burnley,Bournemouth,A,0.45657894736842103,0.23026315789473684,0.31315789473684208,0.35049061054400138,0.24687317110930115,0.40263621834669749,0.34561341250127409,0.2467499402917169,0.40763664720700904,0.37035286142208784,0.2382148161113613,0.39143232246655091,0.2880415472658841,0.24734053889482616,0.46461791383928985,0.28776177231478434,0.24790008879702563,0.46433813888819014
1026,2023-2024,2024-03-03,Manchester City,Manchester Utd,H,0.45657894736842103,0.23026315789473684,0.31315789473684208,0.71024341195204721,0.15119460265059687,0.13856198539735581,0.71377872447298663,0.15081307989883422,0.13540819562817918,0.56914195621548269,0.21784446193604257,0.21301358184847469,0.61381713882734934,0.22183366491868631,0.16434919625396449,0.61356498800574155,0.22233796656190194,0.16409704543235665
1027,2023-2024,2024-03-04,Sheffield United,Arsenal,A,0.45657894736842103,0.23026315789473684,0.31315789473684208,0.12609872737430469,0.18214821095592276,0.69175306166977257,0.12201415568819624,0.18003287992875636,0.69795296438304733,0.19057361712610152,0.21124250772111225,0.59818387515278604,0.028392474162145069,0.070796439757209617,0.9008110860806452,0.02834739520345431,0.070886597674591129,0.90076600712195454
1028,2023-2024,2024-03-09,Arsenal,Brentford,H,0.45657894736842103,0.23026315789473684,0.31315789473684208,0.78278705741722177,0.12594388764035103,0.09126905494242725,0.78793795966092073,0.12455871345920504,0.087503326879874332,0.65599681087962025,0.19536551037469754,0.14863767874568223,0.83530170423789152,0.10591261303483993,0.058785682727268612,0.83532510421396544,0.10586581308269208,0.05880908270334255
1029,2023-2024,2024-03-09,Bournemouth,Sheffield United,D,0.45657894736842103,0.23026315789473684,0.31315789473684208,0.56259654733686792,0.21102671797965539,0.22637673468347666,0.5705519683043776,0.20984656050079176,0.21960147119483056,0.540910076825874,0.22339387503182453,0.2356960481423015,0.73234441018967955,0.16353573070856117,0.10411985910175919,0.73238227055504779,0.16346000997782459,0.10415771946712749
1030,2023-2024,2024-03-09,Crystal Palace,Luton Town,D,0.45657894736842103,0.23026315789473684,0.31315789473684208,0.47043724016372879,0.2269878624320818,0.30257489740418936,0.47196961564081924,0.22710316135338177,0.3009272230057991,0.47207513522593042,0.23332235809935084,0.29460250667471871,0.42283698094704109,0.22648506539538654,0.35067795365757226,0.42288461553223694,0.22638979622499478,0.35072558824276823
1031,2023-2024,2024-03-09,Manchester Utd,Everton,H,0.45657894736842103,0.23026315789473684,0.31315789473684208,0.56578550501145697,0.20363079594322303,0.23058369904531997,0.57207935609456517,0.20303660382348518,0.22488404008194965,0.56744048908051836,0.21820311921842719,0.21435639170105436,0.50450951235538066,0.27490947663035542,0.22058101101426406,0.50457076159406655,0.27478697815298359,0.22064226025295
1032,2023-2024,2024-03-09,Wolves,Fulham,H,0.45657894736842103,0.23026315789473684,0.31315789473684208,0.43287076002842989,0.24653259755469581,0.32059664241687441,0.43442403586980066,0.24694710575886,0.31862885837133931,0.44952923425613756,0.23544307061477718,0.31502769512908524,0.36190392807913058,0.25617171312420767,0.38192435879666181,0.36196341531048576,0.25605273866149725,0.38198384602801699
1033,2023-2024,2024-03-10,Aston Villa,Tottenham,A,0.45657894736842103,0.23026315789473684,0.31315789473684208,0.54054939648701428,0.21307066654536,0.24637993696762567,0.54033166668565469,0.21389747458826219,0.24577085872608323,0.47025072837496201,0.23351506980249928,0.29623420182253873,0.52539294745966958,0.19947473761157078,0.27513231492875961,0.52457632345326322,0.20110798562438362,0.27431569092235314
1034,2023-2024,2024-03-10,Brighton,Nottingham,H,0.45657894736842103,0.23026315789473684,0.31315789473684208,0.61297978170385281,0.20811658250905526,0.17890363578709192,0.61308325332302116,0.20851637120733668,0.17840037546964221,0.55248233070991537,0.22122254012644127,0.22629512916364336,0.53970259053396474,0.21992687549255857,0.2403705339734768,0.53859880630326906,0.22213444395394966,0.2392667497427812
1035,2023-2024,2024-03-10,Liverpool,Manchester City,D,0.45657894736842103,0.23026315789473684,0.31315789473684208,0.52106865681478287,0.19666449982550793,0.28226684335970925,0.52353418737050283,0.19745894670719541,0.27900686592230178,0.4253503419752997,0.2370770714550931,0.3375725865696072,0.45067312745744142,0.24975275088225252,0.299574121660306,0.44936665169180529,0.2523657024135248,0.29826764589466992
1036,2023-2024,2024-03-10,West Ham,Burnley,D,0.45657894736842103,0.23026315789473684,0.31315789473684208,0.59382497350248875,0.20204623616088419,0.20412879033662709,0.60346743761109634,0.20029334405321511,0.19623921833568864,0.58419636281411114,0.21453561153089334,0.20126802565499544,0.6447546390064246,0.19561596943567641,0.15962939155789893,0.64374602934522063,0.19763318875808447,0.1586207818966949
1037,2023-2024,2024-03-11,Chelsea,Newcastle,H,0.45657894736842103,0.23026315789473684,0.31315789473684208,0.37935617791473192,0.23903504774955706,0.38160877433571111,0.3814716788170523,0.23964397978872845,0.37888434139421934,0.40424878144238863,0.23794676539582005,0.35780445316179132,0.35663280069324943,0.20940842522160641,0.43395877408514422,0.3562041221524167,0.21026578230327192,0.43353009554431149
1038,2023-2024,2024-03-13,Bournemouth,Luton Town,H,0.45657894736842103,0.23026315789473684,0.31315789473684208,0.44025202159955051,0.23080566099247254,0.32894231740797708,0.44607120393141131,0.23077753036271731,0.32315126570587133,0.49084662510213145,0.23112617143808109,0.27802720345978743,0.46191102042020643,0.22323472161310187,0.31485425796669186,0.46140589001928622,0.22424498241494223,0.31434912756577171
1039,2023-2024,2024-03-16,Burnley,Brentford,H,0.45657894736842103,0.23026315789473684,0.31315789473684208,0.34489215920638672,0.2245529512115057,0.43055488958210753,0.34263926145531082,0.22453784875833654,0.43282288978635264,0.3735871985527468,0.23825109793748597,0.3881617035097672,0.2453949627173069,0.23040594306546125,0.52419909421723176,0.24501836769724997,0.23115913310557523,0.52382249919717483
1040,2023-2024,2024-03-16,Fulham,Tottenham,H,0.45657894736842103,0.23026315789473684,0.31315789473684208,0.36941349251482597,0.23452867263847513,0.39605783484669899,0.363110950673315,0.23498562327846684,0.40190342604821816,0.33718658705778604,0.23705509371490324,0.42575831922731072,0.33767971141032399,0.22093606913585154,0.44138421945382433,0.3373578033749533,0.22157988520659297,0.44106231141845359
1041,2023-2024,2024-03-16,Luton Town,Nottingham,D,0.45657894736842103,0.23026315789473684,0.31315789473684208,0.45176183588900154,0.25026612657711045,0.2979720375338879,0.45079429071087923,0.25067305029598491,0.29853265899313586,0.44975968419696527,0.23542428345857294,0.3148160323444617,0.44004568930940152,0.22301052900446289,0.33694378168613554,0.43971581334562015,0.22367028093202565,0.33661390572235411
1042,2023-2024,2024-03-17,West Ham,Aston Villa,D,0.45657894736842103,0.23026315789473684,0.31315789473684208,0.36460269912702647,0.2329881725822821,0.40240912829069148,0.36241762260519117,0.23342466117836358,0.40415771621644514,0.36271029161166274,0.23807583954850894,0.39921386883982835,0.30380827337300559,0.21617405028727291,0.48001767633972148,0.30236026209775563,0.21907007283777294,0.47856966506447146
1043,2023-2024,2024-03-30,Aston Villa,Wolves,H,0.45657894736842103,0.23026315789473684,0.31315789473684208,0.57863414244101774,0.21904708963241834,0.20231876792656389,0.58003801943773914,0.21943335732646105,0.20052862323579981,0.53355687202560431,0.22469891564426683,0.24174421233012874,0.53865953331000171,0.22366113261358606,0.23767933407641234,0.53587626828644841,0.22922766266069294,0.2348960690528589
1044,2023-2024,2024-03-30,Bournemouth,Everton,H,0.45657894736842103,0.23026315789473684,0.31315789473684208,0.45287311111998574,0.23802628214992499,0.30910060673008927,0.45604654144102147,0.2381406357028944,0.30581282285608424,0.47452581901094626,0.23305768686363793,0.29241649412541582,0.44836685518614644,0.26907846359449072,0.282554681219363,0.4449308349556545,0.27595050405547461,0.27911866098887111
1045,2023-2024,2024-03-30,Brentford,Manchester Utd,D,0.45657894736842103,0.23026315789473684,0.31315789473684208,0.33166848209532135,0.2378747523147226,0.43045676558995605,0.32627386369791239,0.23810303317646986,0.43562310312561781,0.3096500236312934,0.23494534953577587,0.4554046268329307,0.32195312023022771,0.2468867907273809,0.43116008904239134,0.31882727973330549,0.25313847172122539,0.42803424854546912
1046,2023-2024,2024-03-30,Chelsea,Burnley,D,0.45657894736842103,0.23026315789473684,0.31315789473684208,0.58786655993481396,0.20272066737559574,0.20941277268959027,0.59763159047349335,0.20113172230062967,0.20123668722587709,0.57530524484961498,0.21651926351848044,0.2081754916319046,0.68166156536557343,0.17686123263345188,0.14147720200097477,0.67949578724347659,0.18119278887764553,0.13931142387887793
1047,2023-2024,2024-03-30,Newcastle,West Ham,H,0.45657894736842103,0.23026315789473684,0.31315789473684208,0.59617861612936396,0.20821831940396615,0.19560306446666995,0.59302791764623208,0.20959904295922963,0.19737303939453829,0.48217228267959666,0.23218922497954006,0.28563849234086314,0.61931350108527661,0.17892785402866285,0.20175864488606066,0.61753081889725792,0.18249321840470001,0.19997596269804208
1048,2023-2024,2024-03-30,Nottingham,Crystal Palace,D,0.45657894736842103,0.23026315789473684,0.31315789473684208,0.41278488916085554,0.25581802292198413,0.33139708791716038,0.41214094703217941,0.25626610773473435,0.33159294523308624,0.41991650282796733,0.23735125302144555,0.34273224415058717,0.44113249705855717,0.26202587839515651,0.29684162454628649,0.43776641353797313,0.26875804543632459,0.29347554102570245
1049,2023-2024,2024-03-30,Sheffield United,Fulham,D,0.45657894736842103,0.23026315789473684,0.31315789473684208,0.2701408708670518,0.23437097704497911,0.4954881520879692,0.26721195951895943,0.23392839945105501,0.49885964102998553,0.33444141528854426,0.2368928642355928,0.42866572047586288,0.11895792294331232,0.17175537429377002,0.70928670276291772,0.11678307039671025,0.17610507938697417,0.70711185021631562
1050,2023-2024,2024-03-30,Tottenham,Luton Town,H,0.45657894736842103,0.23026315789473684,0.31315789473684208,0.63951177263363335,0.18037678744533103,0.18011143992103573,0.64851302319508608,0.17872962614576865,0.17275735065914538,0.61222532148754782,0.20772367339041839,0.18005100512203384,0.69014316642572049,0.15049950556377831,0.15935732801050126,0.68886635172796495,0.15305313495928943,0.15808051331274567
1051,2023-2024,2024-03-31,Liverpool,Brighton,H,0.45657894736842103,0.23026315789473684,0.31315789473684208,0.66723679949782355,0.17251850025747367,0.16024470024470269,0.67472693243955706,0.17130885884766509,0.15396420871277786,0.59910350541281721,0.21101859117341407,0.18987790341376856,0.70566911205927096,0.17153220788193263,0.12279868005879646,0.70158492791049576,0.17970057617948312,0.11871449591002123
1052,2023-2024,2024-03-31,Manchester City,Arsenal,D,0.45657894736842103,0.23026315789473684,0.31315789473684208,0.5075857849486819,0.1947733329942499,0.29764088205706823,0.51384673865007024,0.19523473653099321,0.29091852481893654,0.47977711489625258,0.23246819545593342,0.28775468964781403,0.35408382283628342,0.25737482379990217,0.38854135336381457,0.34783501041101322,0.26987244865044235,0.38229254093854448
1053,2023-2024,2024-04-02,Bournemouth,Crystal Palace,H,0.45657894736842103,0.23026315789473684,0.31315789473684208,0.48470501058400323,0.23081146271410077,0.28448352670189592,0.48936521680648198,0.23067197449543655,0.27996280869808154,0.48702446273821287,0.23160475140609302,0.28137078585569408,0.49623559934193573,0.23666516865154968,0.26709923200651453,0.48838797235995601,0.25236042261550917,0.25925160502453476
1054,2023-2024,2024-04-02,Burnley,Wolves,D,0.45657894736842103,0.23026315789473684,0.31315789473684208,0.34422815863920048,0.23982693400938701,0.4159449073514126,0.3392727640667445,0.23979792639091987,0.42092930954233554,0.34526865198939205,0.23747275653318148,0.41725859147742655,0.28915987489829253,0.2524651549955032,0.45837497010620426,0.28065379464963036,0.26947731549282755,0.44986888985754209
1055,2023-2024,2024-04-02,Newcastle,Everton,D,0.45657894736842103,0.23026315789473684,0.31315789473684208,0.66334725591844079,0.18798266872394298,0.14867007535761623,0.66358197395496066,0.18847309509516563,0.14794493094987365,0.55613936333793379,0.22050649894981461,0.22335413771225168,0.62846730861637545,0.19846150005045535,0.17307119133316928,0.62198103273632699,0.21143405181055233,0.16658491545312082
1056,2023-2024,2024-04-02,Nottingham,Fulham,H,0.45657894736842103,0.23026315789473684,0.31315789473684208,0.3582568740238315,0.26430061928272325,0.3774425066934452,0.35512578142846596,0.26468001403411578,0.3801942045374182,0.36707903067187198,0.23816448468511769,0.39475648464301027,0.30513512051577912,0.25102544341756028,0.4438394360666606,0.29670641134486986,0.26788286175937881,0.43541072689575133
1057,2023-2024,2024-04-02,West Ham,Tottenham,D,0.45657894736842103,0.23026315789473684,0.31315789473684208,0.33609240652227096,0.23372911964609894,0.43017847383163016,0.33469364431210102,0.23420742039179265,0.43109893529610638,0.35773385880580105,0.23794467849805051,0.40432146269614838,0.3172216622950394,0.20471510127711279,0.47806323642784787,0.31193128130355224,0.21529586326008712,0.47277285543636072
1058,2023-2024,2024-04-03,Arsenal,Luton Town,H,0.45657894736842103,0.23026315789473684,0.31315789473684208,0.7970669691235388,0.11789108786157444,0.085041943014886712,0.8042455369175463,0.11571109833299331,0.080043364749460361,0.69916216381134177,0.18105697247743874,0.11978086371121942,0.87783306687912166,0.081036469651251677,0.041130463469626725,0.87469952854763067,0.087303546314233552,0.037996925138135781
1059,2023-2024,2024-04-03,Brentford,Brighton,D,0.45657894736842103,0.23026315789473684,0.31315789473684208,0.39645097105716631,0.23068250957646033,0.37286651936637338,0.3932355545502052,0.2312463074784335,0.3755181379713613,0.36362013677260413,0.23809633517082326,0.39828352805657252,0.35946650701420718,0.23582992689351528,0.40470356609227759,0.35013813725658599,0.25448666640875767,0.3953751963346564
1060,2023-2024,2024-04-03,Manchester City,Aston Villa,H,0.45657894736842103,0.23026315789473684,0.31315789473684208,0.63507739696005872,0.17700191058437906,0.18792069245556228,0.63916169995042138,0.17698298491809694,0.18385531513148171,0.55827018239969184,0.22008267624163869,0.22164714135866953,0.62230540277612023,0.21095944272386405,0.16673515450001591,0.61349577772808117,0.22857869281994236,0.15792552945197677
1061,2023-2024,2024-04-04,Chelsea,Manchester Utd,H,0.45657894736842103,0.23026315789473684,0.31315789473684208,0.43377611099082553,0.21400201969688215,0.35222186931229232,0.43244624426480743,0.21458287339692281,0.35297088233826968,0.38143960366587787,0.23828411248786846,0.38027628384625356,0.39342801453375342,0.24213195399448451,0.36444003147176196,0.38159515628792406,0.26579767048614333,0.35260717322593249
1062,2023-2024,2024-04-04,Liverpool,Sheffield United,H,0.45657894736842103,0.23026315789473684,0.31315789473684208,0.8272939262989587,0.1092504116317113,0.063455662069329899,0.83408156636516551,0.10668697430802949,0.05923145932680482,0.7252532401943943,0.17133851472785774,0.10340824507774801,0.93646329108591997,0.045526889671230766,0.018009819242849341,0.93431316991127522,0.049827132020519978,0.015859698068204742
1063,2023-2024,2024-04-06,Aston Villa,Brentford,D,0.45657894736842103,0.23026315789473684,0.31315789473684208,0.6209584864973744,0.19271914836443113,0.1863223651381945,0.6287055762751097,0.19149535519201857,0.17979906853287161,0.59262489291301645,0.212576560564531,0.1947985465224526,0.58310084024890096,0.20809315616927607,0.20880600358182289,0.57349173940899922,0.22731135784907971,0.19919690274192106
1064,2023-2024,2024-04-06,Brighton,Arsenal,A,0.45657894736842103,0.23026315789473684,0.31315789473684208,0.2937736654678384,0.22272763265798379,0.48349870187417776,0.28954531775593828,0.22303835753253162,0.48741632471153018,0.29286889807243571,0.23311307393354547,0.47401802799401876,0.15081462917042246,0.20744100473688645,0.64174436609269125,0.14070885351851878,0.22765255604069376,0.63163859044078763
1065,2023-2024,2024-04-06,Crystal Palace,Manchester City,A,0.45657894736842103,0.23026315789473684,0.31315789473684208,0.205087226815406,0.20146667759558951,0.59344609558900452,0.19760854378442613,0.19971849040166781,0.60267296581390606,0.19623260611700324,0.21301945464645464,0.59074793923654212,0.11361636421663994,0.19301789117653401,0.6933657446068261,0.10429584796785657,0.21165892367410072,0.68404522835804271
1066,2023-2024,2024-04-06,Everton,Burnley,H,0.45657894736842103,0.23026315789473684,0.31315789473684208,0.4718068245614444,0.23485668346061697,0.29333649197793865,0.478121804879718,0.2345739343224853,0.28730426079779681,0.49691830295987438,0.23033309317135664,0.27274860386876892,0.48680126326897788,0.27427142274331529,0.238927313987707,0.47384342549969333,0.30018709828188445,0.22596947621842245
1067,2023-2024,2024-04-06,Fulham,Newcastle,A,0.45657894736842103,0.23026315789473684,0.31315789473684208,0.45190285996595647,0.22442342165161286,0.32367371838243064,0.44796371449000383,0.22524606300902358,0.32679022250097262,0.3867467795878316,0.23826270569892338,0.37499051471324507,0.39650095908204669,0.20896996363908038,0.3945290772788731,0.38873730493769959,0.22449727192777452,0.386765423134526
1068,2023-2024,2024-04-06,Luton Town,Bournemouth,H,0.45657894736842103,0.23026315789473684,0.31315789473684208,0.37085470494040912,0.27093750270042044,0.3582077923591705,0.36632616127024414,0.27144140202934791,0.36223243670040794,0.36191662236244987,0.23805708388287808,0.40002629375467214,0.40632238717268748,0.2253816523106251,0.36829596051668734,0.39654066994736764,0.2449450867612647,0.35851424329136761
1069,2023-2024,2024-04-06,Wolves,West Ham,A,0.45657894736842103,0.23026315789473684,0.31315789473684208,0.44847501078169444,0.23600575056034628,0.31551923865795933,0.4478633838135832,0.23655171871634281,0.31558489747007407,0.44511209222906939,0.23579153320294324,0.3190963745679874,0.43889755572340872,0.24246366425970597,0.31863878001688528,0.42736541988048549,0.26552793594555252,0.30710664417396205
1070,2023-2024,2024-04-07,Manchester Utd,Liverpool,D,0.45657894736842103,0.23026315789473684,0.31315789473684208,0.30472041695791491,0.22696651571545909,0.46831306732662603,0.30162463031286696,0.22751394489118251,0.47086142479595056,0.32270716226681129,0.23608075089847128,0.44121208683471741,0.21938369225296461,0.22691733773137704,0.55369897001565826,0.21201094259850045,0.24166283704030536,0.54632622036119416
1071,2023-2024,2024-04-07,Sheffield United,Chelsea,D,0.45657894736842103,0.23026315789473684,0.31315789473684208,0.22852115272965284,0.23393200719794222,0.53754684007240494,0.22548110356788964,0.23325648147606889,0.54126241495604144,0.30708199267750053,0.23469257281270947,0.45822543450979014,0.1632431476427709,0.16330006309142478,0.67345678926580443,0.15906255281705484,0.17166125274285687,0.66927619444008835
1072,2023-2024,2024-04-07,Tottenham,Nottingham,H,0.45657894736842103,0.23026315789473684,0.31315789473684208,0.63373609214765902,0.19868702968123433,0.1675768781711067,0.63894345351113568,0.19783283988778327,0.16322370660108104,0.60520881402664317,0.20950879851069351,0.18528238746266329,0.59922150184322376,0.20052854759400818,0.20024995056276804,0.5931018872534356,0.21276777677358433,0.19413033597297999
1073,2023-2024,2024-04-13,Bournemouth,Manchester Utd,D,0.45657894736842103,0.23026315789473684,0.31315789473684208,0.37508851316607289,0.21198925552266856,0.4129222313112586,0.37321236294328819,0.21233578628594549,0.41445185077076629,0.35781631937404546,0.2379471155410697,0.40423656508488487,0.3354428608909405,0.24138351229695512,0.42317362681210441,0.32770047523499779,0.25686828360884056,0.4154312411561617
1074,2023-2024,2024-04-13,Brentford,Sheffield United,H,0.45657894736842103,0.23026315789473684,0.31315789473684208,0.59079031547870287,0.19745459922167091,0.21175508529962628,0.59301002037156469,0.1973872353574512,0.20960274427098413,0.51365371208736965,0.22793955757736928,0.25840673033526107,0.68494810954705643,0.16979558980603349,0.14525630064690986,0.67986134507991192,0.17996911874032262,0.1401695361797653
1075,2023-2024,2024-04-13,Burnley,Brighton,D,0.45657894736842103,0.23026315789473684,0.31315789473684208,0.33006238109533104,0.20766078756334266,0.4622768313413263,0.32478944562936551,0.20746268117830152,0.46774787319233302,0.3195782624700847,0.23583121601922993,0.4445905215106854,0.24310899681081705,0.24172051790389021,0.51517048528529286,0.23512805248524907,0.25768240655502622,0.5071895409597249
1076,2023-2024,2024-04-13,Manchester City,Luton Town,H,0.45657894736842103,0.23026315789473684,0.31315789473684208,0.78731149502832876,0.12628202154365842,0.086406483428012895,0.79657922178334961,0.12328155838528687,0.080139219831363462,0.72128511741008483,0.17287029830913711,0.10584458428077806,0.81148430712908692,0.11834138138403066,0.070174311486882357,0.80777621757743534,0.12575756048733411,0.066466221935230649
1077,2023-2024,2024-04-13,Newcastle,Tottenham,H,0.45657894736842103,0.23026315789473684,0.31315789473684208,0.5307256949292013,0.20697663486651244,0.26229767020428629,0.5257515852583281,0.20842982736429475,0.26581858737737712,0.40999747734127961,0.23776215573129156,0.35224036692742877,0.46575211554546492,0.19883198059367424,0.33541590386086068,0.4612046548497315,0.20792690198514102,0.33086844316512731
1078,2023-2024,2024-04-13,Nottingham,Wolves,D,0.45657894736842103,0.23026315789473684,0.31315789473684208,0.38979557364895384,0.24799304746578799,0.36221137888525817,0.38589614820294049,0.24844687640434535,0.36565697539271425,0.38476251036536829,0.23827480828900235,0.37696268134562932,0.40421902860036241,0.26390953190148281,0.3318714394981549,0.39548501446421569,0.28137756017377613,0.32313742536200818
1079,2023-2024,2024-04-14,Arsenal,Aston Villa,A,0.45657894736842103,0.23026315789473684,0.31315789473684208,0.70807740212124159,0.14799244415604107,0.14393015372271739,0.70865491412992032,0.14857997090082806,0.14276511496925165,0.55559784541475798,0.2206134317558171,0.22378872282942502,0.77593676131022715,0.13952574441806054,0.084537494271712185,0.77079184917562515,0.14981556868726478,0.079392582137110063
1080,2023-2024,2024-04-14,Liverpool,Crystal Palace,A,0.45657894736842103,0.23026315789473684,0.31315789473684208,0.76145011516639516,0.14264801040959171,0.095901874424013267,0.76852131483523378,0.1405349929703637,0.090943692194402667,0.6909459443055318,0.18394768431526978,0.12510637137919842,0.79755573711450833,0.13112023857944161,0.071324024306050157,0.79265028505893587,0.14093114269058649,0.066418572250477731
1081,2023-2024,2024-04-14,West Ham,Fulham,A,0.45657894736842103,0.23026315789473684,0.31315789473684208,0.49998417000035089,0.22543500519384549,0.2745808248058037,0.50290105441062671,0.22553835512692066,0.27156059046245273,0.4872223716980037,0.23158036368518112,0.28119726461681516,0.41824696351080337,0.23288480238244513,0.34886823410675172,0.41003760067595052,0.24930352805215095,0.34065887127189876
1082,2023-2024,2024-04-15,Chelsea,Everton,H,0.45657894736842103,0.23026315789473684,0.31315789473684208,0.50864121181920352,0.22951260165037793,0.26184618653041858,0.51362081724776742,0.22939584232328353,0.25698334042894905,0.51765536036829851,0.22732230150829111,0.25502233812341041,0.51493751297798573,0.24487719408296321,0.24018529293905097,0.50916307045382125,0.25642607913129223,0.23441085041488649
1083,2023-2024,2024-04-20,Luton Town,Brentford,A,0.45657894736842103,0.23026315789473684,0.31315789473684208,0.40545399883360661,0.23557438578042458,0.35897161538596878,0.40569672077732882,0.23604322001942343,0.35826005920324783,0.40560631469257541,0.2379067392356807,0.35648694607174386,0.39693497837942693,0.22612943617774103,0.37693558544283207,0.39235059787338511,0.2352981971898247,0.37235120493679025
1084,2023-2024,2024-04-20,Sheffield United,Burnley,A,0.45657894736842103,0.23026315789473684,0.31315789473684208,0.36876937129088888,0.22041211813975695,0.4108185105693542,0.37447755932841026,0.22073544121649172,0.404786999455098,0.4335173032085704,0.23660032923778579,0.32988236755364375,0.35687028329549547,0.24587188242292116,0.39725783428158346,0.35141816890088512,0.25677611121214189,0.3918057198869731
1085,2023-2024,2024-04-20,Wolves,Arsenal,A,0.45657894736842103,0.23026315789473684,0.31315789473684208,0.21989872867434429,0.20130100097680831,0.5788002703488474,0.21792514215754283,0.20132562618050415,0.58074923166195302,0.26204144958573572,0.22857985807683895,0.50937869233742539,0.11738977651667042,0.18910936437158826,0.69350085911174131,0.11310892871008278,0.19767105998476353,0.68922001130515365
1086,2023-2024,2024-04-21,Aston Villa,Bournemouth,H,0.45657894736842103,0.23026315789473684,0.31315789473684208,0.63178833301618909,0.20434642884685386,0.16386523813695697,0.63467544845451762,0.20416878617704212,0.16115576536844028,0.56705835843894403,0.21828324243220548,0.21465839912885043,0.610551010513394,0.19528476155736973,0.19416422792923638,0.6069706374066296,0.20244550777089865,0.19058385482247192
1087,2023-2024,2024-04-21,Crystal Palace,West Ham,H,0.45657894736842103,0.23026315789473684,0.31315789473684208,0.43359201197133013,0.23128917946645505,0.33511880856221488,0.42962706147858132,0.23185849028895489,0.33851444823246368,0.39898180675534484,0.23808105015516648,0.36293714308948877,0.38697642261294496,0.24882397001062681,0.36419960737642809,0.38206837473782079,0.25864006576087517,0.35929155950130393
1088,2023-2024,2024-04-21,Everton,Nottingham,H,0.45657894736842103,0.23026315789473684,0.31315789473684208,0.44025151621039149,0.25170118527992152,0.30804729850968704,0.44103189052966163,0.25195114553515596,0.30701696393518235,0.47203948318410249,0.233326159382124,0.29463435743377353,0.33963006520732225,0.28502796950806264,0.37534196528461522,0.33403402804866306,0.29622004382538103,0.36974592812595602
1089,2023-2024,2024-04-21,Fulham,Liverpool,A,0.45657894736842103,0.23026315789473684,0.31315789473684208,0.35340909172626023,0.22109207966946523,0.42549882860427451,0.34171419619267179,0.22110793660237077,0.43717786720495744,0.26762116806425557,0.22951798274329724,0.50286084919244711,0.2311658547565616,0.23313740950457834,0.5356967357388599,0.22652841801581178,0.24241228298607814,0.53105929899811011
1090,2023-2024,2024-04-23,Arsenal,Chelsea,H,0.45657894736842103,0.23026315789473684,0.31315789473684208,0.69471731226289957,0.17376503235337493,0.13151765538372548,0.69727150850195252,0.17371144424200657,0.12901704725604091,0.60035868572130835,0.21071149508088077,0.18892981919781077,0.76283368214787417,0.14169543971017118,0.095470878141954846,0.76004861082972142,0.14726558234647658,0.092685806823802133
1091,2023-2024,2024-04-24,Crystal Palace,Newcastle,H,0.45657894736842103,0.23026315789473684,0.31315789473684208,0.35991011359107611,0.23081103061319691,0.40927885579572704,0.35726017576102354,0.2311937188418294,0.41154610539714714,0.34260018557763694,0.23734468815520282,0.42005512626716013,0.28494317983914108,0.21537825925958978,0.49967856090126922,0.28097008414139413,0.22332445065508372,0.49570546520352227
1092,2023-2024,2024-04-24,Everton,Liverpool,H,0.45657894736842103,0.23026315789473684,0.31315789473684208,0.23395970724229695,0.21669558638871497,0.54934470636898813,0.22618637990720625,0.2152815284611439,0.55853209163164985,0.23404998210832384,0.22302638898397636,0.54292362890769974,0.13840018911840105,0.22127685618295823,0.64032295469864076,0.13387940014278049,0.23031843413419936,0.63580216572302017
1093,2023-2024,2024-04-24,Manchester Utd,Sheffield United,H,0.45657894736842103,0.23026315789473684,0.31315789473684208,0.70175255785712654,0.15610518936998447,0.142142252772889,0.71134505290586436,0.15379025715768804,0.13486468993644751,0.64484922830228264,0.19871473433982839,0.15643603735788902,0.79195721068163061,0.12753388986453618,0.080508899453833188,0.78944885477182947,0.13255060168413854,0.078000543544032019
1094,2023-2024,2024-04-24,Wolves,Bournemouth,A,0.45657894736842103,0.23026315789473684,0.31315789473684208,0.43304496967138656,0.25113348993099788,0.31582154039761556,0.43290993713795534,0.25164572824857023,0.31544433461347432,0.44916249870933023,0.23547284429755574,0.31536465699311411,0.43606355271705305,0.25025150413217823,0.3136849431507685,0.43086851437319096,0.26064158081990241,0.30848990480690647
1095,2023-2024,2024-04-25,Brighton,Manchester City,A,0.45657894736842103,0.23026315789473684,0.31315789473684208,0.29752396499515105,0.20988162753367787,0.49259440747117117,0.28916598868376148,0.20958743700192251,0.50124657431431596,0.25128842349999891,0.2266173948026676,0.52209418169733346,0.17661621435312858,0.21485488774170797,0.60852889790516362,0.17346389856547464,0.22115951931701583,0.60537658211750967
1096,2023-2024,2024-04-27,Aston Villa,Chelsea,D,0.45657894736842103,0.23026315789473684,0.31315789473684208,0.62574667719300148,0.19458569210755461,0.17966763069944389,0.62529764666750776,0.19529377577131635,0.17940857756117601,0.53066705092022071,0.22519590096577152,0.24413704811400777,0.56378411473895151,0.18819874174913276,0.24801714351191556,0.56171867274953158,0.19232962572797274,0.24595170152249557
1097,2023-2024,2024-04-27,Everton,Brentford,H,0.45657894736842103,0.23026315789473684,0.31315789473684208,0.44477419944775159,0.22820656264357542,0.32701923790867304,0.44862351720388877,0.22833520877416938,0.32304127402194188,0.44864081263202221,0.2355149352405887,0.31584425212738909,0.34061965586404536,0.2770511337490506,0.38232921038690387,0.33649023569952707,0.28530997407808711,0.37819979022238565
1098,2023-2024,2024-04-27,Fulham,Crystal Palace,D,0.45657894736842103,0.23026315789473684,0.31315789473684208,0.49093677184449536,0.24427595791448911,0.2647872702410155,0.48923332491689442,0.2451697991031285,0.26559687597997705,0.45420347125276778,0.23505026978059562,0.31074625896663666,0.46650380938337249,0.24581226800374201,0.28768392261288561,0.46284207081591877,0.25313574513864945,0.28402218404543189
1099,2023-2024,2024-04-27,Manchester Utd,Burnley,D,0.45657894736842103,0.23026315789473684,0.31315789473684208,0.6243249328199495,0.18714352724844202,0.18853153993160846,0.63626600235723529,0.18493076672039788,0.17880323092236677,0.61431411555372184,0.20718189035873413,0.178503994087544,0.63918089021033209,0.19548920966409156,0.1653299001255763,0.63632826841573642,0.201194453253283,0.16247727833098055
1100,2023-2024,2024-04-27,Newcastle,Sheffield United,H,0.45657894736842103,0.23026315789473684,0.31315789473684208,0.7846031278947162,0.12504359195620407,0.090353280149079659,0.78750442709410196,0.12434845057986504,0.088147122326033042,0.63501710129142708,0.20155350944974246,0.16342938925883052,0.85701373128544944,0.086973321690649461,0.056012947023901166,0.85600728666245218,0.088986210936643967,0.055006502400903927
1101,2023-2024,2024-04-27,West Ham,Liverpool,D,0.45657894736842103,0.23026315789473684,0.31315789473684208,0.26389914012262605,0.21454504294163368,0.52155581693574027,0.25892180811358517,0.2142018874078446,0.52687630447857015,0.27492859971754052,0.23066623834456729,0.49440516193789219,0.17727582638885789,0.18875073914610466,0.63397343446503751,0.17466894070894398,0.19396451050593244,0.63136654878512355
1102,2023-2024,2024-04-27,Wolves,Luton Town,H,0.45657894736842103,0.23026315789473684,0.31315789473684208,0.49639403351726563,0.2212688616911174,0.282337104791617,0.50106333533449976,0.22116598938942428,0.27777067527607591,0.50819817454316785,0.22875318740720357,0.26304863804962852,0.49126993255978041,0.23007083534567804,0.27865923209454141,0.487960092905462,0.23669051465431487,0.275349392440223
1103,2023-2024,2024-04-28,Bournemouth,Brighton,H,0.45657894736842103,0.23026315789473684,0.31315789473684208,0.42488139674933445,0.21691072522478885,0.35820787802587672,0.42820937325326097,0.21728874780081003,0.35450187894592911,0.42613372056200055,0.23703469956259079,0.33683157987540868,0.417324120889982,0.24792059370574449,0.33475528540427352,0.41261451172332242,0.25733981203906364,0.33004567623761394
1104,2023-2024,2024-04-28,Nottingham,Manchester City,A,0.45657894736842103,0.23026315789473684,0.31315789473684208,0.16767905230387459,0.19497372936135121,0.63734721833477426,0.16089394935430287,0.19272274362043315,0.64638330702526392,0.1695720995078992,0.20392534151154929,0.62650255898055152,0.099432597808946865,0.15978423388793467,0.74078316830311863,0.096372770132236163,0.16590388924135607,0.73772334062640788
1105,2023-2024,2024-04-28,Tottenham,Arsenal,A,0.45657894736842103,0.23026315789473684,0.31315789473684208,0.30801757992650092,0.20962608369408792,0.482356336379411,0.30931830530460841,0.21068746051707513,0.47999423417831644,0.34002729936868215,0.23721205007044255,0.42276065056087547,0.14278604378115972,0.18455236705903619,0.67266158915980423,0.13931064965377121,0.19150315531381326,0.66918619503241572
1106,2023-2024,2024-05-02,Chelsea,Tottenham,H,0.45657894736842103,0.23026315789473684,0.31315789473684208,0.43775143061159222,0.217283316246217,0.34496525314219073,0.43790908432309589,0.21792330104673965,0.34416761463016443,0.40294636379938831,0.23798308487758596,0.35907055132302584,0.46915107861763833,0.19343544524857681,0.33741347613378492,0.46671391244492982,0.19830977759399382,0.33497630996107641
1107,2023-2024,2024-05-03,Luton Town,Everton,D,0.45657894736842103,0.23026315789473684,0.31315789473684208,0.37950731548519612,0.26272045014579221,0.35777223436901168,0.375185479890629,0.26330876237965684,0.36150575772971422,0.36459346152657784,0.23811707395797407,0.39728946451544805,0.38256908342838175,0.25957571680610192,0.35785519976551622,0.37742484797951736,0.26986418770383075,0.35271096431665178
1108,2023-2024,2024-05-04,Arsenal,Bournemouth,H,0.45657894736842103,0.23026315789473684,0.31315789473684208,0.76673725437766604,0.14136732611323399,0.091895419509099976,0.768848084897647,0.14116963487945033,0.089982280222902708,0.64253386981169258,0.19939291744885393,0.15807321273945354,0.81116926275469381,0.12566349892778808,0.06316723831751786,0.80804887913337531,0.13190426617042517,0.060046854696199331
1109,2023-2024,2024-05-04,Brentford,Fulham,D,0.45657894736842103,0.23026315789473684,0.31315789473684208,0.49377216354986536,0.20779120987520533,0.2984366265749292,0.49073037531099523,0.20858721194094257,0.30068241274806223,0.42954931073326319,0.23684161579410923,0.33360907347262758,0.43261177248723154,0.24490856972936809,0.32247965778340043,0.42663380156856345,0.25686451156670453,0.31650168686473229
1110,2023-2024,2024-05-04,Burnley,Newcastle,A,0.45657894736842103,0.23026315789473684,0.31315789473684208,0.28406368431656215,0.21290513749270679,0.50303117819073107,0.28014887559383816,0.21272888621278283,0.50712223819337898,0.30131894170483858,0.23408929114194185,0.4645917671532197,0.22653424141701689,0.20398712511944136,0.56947863346354188,0.22197325351846137,0.21310910091655239,0.56491764556498636
1111,2023-2024,2024-05-04,Manchester City,Wolves,H,0.45657894736842103,0.23026315789473684,0.31315789473684208,0.78830362670618304,0.12607028554187757,0.085626087751939459,0.7939624414483204,0.12449908294766315,0.081538475604016475,0.69250677057397125,0.18340468662927628,0.12408854279675251,0.80450670481132869,0.13350159570715012,0.061991699481521188,0.80119621050527456,0.1401225843192582,0.058681205175467155
1112,2023-2024,2024-05-04,Sheffield United,Nottingham,A,0.45657894736842103,0.23026315789473684,0.31315789473684208,0.32979449428831542,0.23664410445627737,0.43356140125540726,0.32918312509822339,0.23665331044616875,0.43416356445560778,0.39382039454291101,0.23818002572945163,0.36799957972763753,0.27132258528165676,0.22325659012469454,0.50542082459364845,0.26612022170307353,0.23366131728186104,0.50021846101506529
1113,2023-2024,2024-05-05,Brighton,Aston Villa,H,0.45657894736842103,0.23026315789473684,0.31315789473684208,0.38326218773640469,0.22788180847597075,0.38885600378762464,0.37573710514426056,0.22845028918741395,0.39581260566832538,0.34412809074647011,0.23741919670503991,0.41845271254849004,0.28835557248947435,0.22976110337939137,0.48188332413113438,0.28127748629933208,0.24391727575967592,0.47480523794099211
1114,2023-2024,2024-05-05,Chelsea,West Ham,H,0.45657894736842103,0.23026315789473684,0.31315789473684208,0.55363888111718373,0.212477933889095,0.23388318499372127,0.55541003872624328,0.21275832901755784,0.23183163225619879,0.49638856605827486,0.23040388852889462,0.2732075454128306,0.62149112992281785,0.17389350565841571,0.20461536441876638,0.61744901689826448,0.18197773170752252,0.200573251394213
1115,2023-2024,2024-05-05,Liverpool,Tottenham,H,0.45657894736842103,0.23026315789473684,0.31315789473684208,0.62020509885797759,0.18570455831337276,0.19409034282864965,0.62359139124769103,0.18581760416589022,0.19059100458641876,0.54853916548820603,0.22197853894524705,0.22948229556654695,0.6411616237308384,0.18339343022595919,0.17544494604320246,0.63584964142312606,0.19401739484138375,0.17013296373549017
1116,2023-2024,2024-05-06,Crystal Palace,Manchester Utd,H,0.45657894736842103,0.23026315789473684,0.31315789473684208,0.41528294404358551,0.20622006982045352,0.378496986135961,0.41153724103923334,0.20674027374805046,0.38172248521271629,0.35470659003999511,0.23784902361001575,0.4074443863499892,0.39206001665963358,0.2496899606238816,0.35825002271648471,0.38645535063950381,0.26089929266414119,0.35264535669635494
1117,2023-2024,2024-05-11,Bournemouth,Brentford,A,0.45657894736842103,0.23026315789473684,0.31315789473684208,0.42603625187400401,0.23023557522369131,0.34372817290230473,0.43567473868032358,0.23034236047344142,0.33398290084623489,0.48333701443768234,0.2320512850019302,0.28461170056038748,0.4334471505596269,0.24861048382952619,0.31794236561084688,0.42782011918685614,0.25986454657506769,0.31231533423807606
1118,2023-2024,2024-05-11,Everton,Sheffield United,H,0.45657894736842103,0.23026315789473684,0.31315789473684208,0.65546049799249562,0.16801754209601577,0.17652195991148861,0.66060668093476771,0.16707825599458578,0.17231506307064648,0.58083263010786179,0.21529607708480369,0.2038712928073346,0.66000550791253154,0.20200816610870556,0.13798632597876301,0.65538483509668877,0.21124951174039122,0.13336565316292018
1119,2023-2024,2024-05-11,Fulham,Manchester City,A,0.45657894736842103,0.23026315789473684,0.31315789473684208,0.24292282353888067,0.20983627513505174,0.54724090132606762,0.23466431567383075,0.20876532605125594,0.55657035827491341,0.20948880356952734,0.21688414099204326,0.57362705543842929,0.1506357729367935,0.20374815717087472,0.64561606989233167,0.1459781498488186,0.21306340334682453,0.64095844680435676
1120,2023-2024,2024-05-11,Newcastle,Brighton,D,0.45657894736842103,0.23026315789473684,0.31315789473684208,0.67577579933749887,0.16405591756962853,0.16016828309287262,0.67452321966766693,0.16503610839103075,0.1604406719413024,0.50357117081458469,0.22941798258456117,0.26701084660085428,0.64411628343106631,0.18465626688279041,0.17122744968614342,0.64026163915419643,0.19236555543653008,0.16737280540927357
1121,2023-2024,2024-05-11,Nottingham,Chelsea,A,0.45657894736842103,0.23026315789473684,0.31315789473684208,0.33539398434028117,0.25878014480204897,0.40582587085766986,0.32758762776832967,0.2586586934493067,0.41375367878236363,0.32190578532499436,0.23601817783416873,0.44207603684083691,0.28640824275626242,0.21588495133532956,0.49770680590840816,0.28204489757933082,0.2246116416891927,0.49334346073147656
1122,2023-2024,2024-05-11,Tottenham,Burnley,H,0.45657894736842103,0.23026315789473684,0.31315789473684208,0.62644984227339073,0.19070572031797708,0.18284443740863218,0.63609666566001455,0.18895447239373289,0.17494886194625259,0.60042376760626126,0.21069552541762437,0.18888070697611442,0.67993588445995179,0.17011032503365836,0.14995379050639002,0.67647036507901337,0.17704136379553503,0.14648827112545168
1123,2023-2024,2024-05-11,West Ham,Luton Town,H,0.45657894736842103,0.23026315789473684,0.31315789473684208,0.5153074271752881,0.21698276641232753,0.26770980641238434,0.52321146790280659,0.21632131313538286,0.26046721896181046,0.53434651199662353,0.22456155394069535,0.2410919340626812,0.52263437684092173,0.19905132112925086,0.27831430202982732,0.51913270243522514,0.20605466994064411,0.27481262762413072
1124,2023-2024,2024-05-11,Wolves,Crystal Palace,A,0.45657894736842103,0.23026315789473684,0.31315789473684208,0.40273224700237342,0.25971042379562315,0.33755732920200354,0.4031883794121755,0.26026280973612664,0.3365488108516978,0.42851486690842666,0.23690152326742819,0.33458360982414503,0.33790643649981789,0.26107435547063063,0.40101920802955165,0.33193524104778516,0.2730167463746962,0.39504801257751893
1125,2023-2024,2024-05-12,Manchester Utd,Arsenal,A,0.45657894736842103,0.23026315789473684,0.31315789473684208,0.26670819270939206,0.19623010447858391,0.53706170281202403,0.26605919719111359,0.1968840266903536,0.53705677611853286,0.3015752829894664,0.23411719270904197,0.46430752430149164,0.12009413315907451,0.17999648577124491,0.6999093810696807,0.11587617007280605,0.18843241194378188,0.69569141798341216
1126,2023-2024,2024-05-13,Aston Villa,Liverpool,D,0.45657894736842103,0.23026315789473684,0.31315789473684208,0.41310377588355818,0.21118123371433731,0.37571499040210449,0.40880952283605626,0.21225055534026269,0.37893992182368103,0.36849249786384125,0.23818790017304434,0.39331960196311444,0.33781325640339649,0.22966597939044009,0.43252076420616342,0.33363195947893032,0.23802857323937246,0.42833946728169725
1127,2023-2024,2024-05-14,Tottenham,Manchester City,A,0.45657894736842103,0.23026315789473684,0.31315789473684208,0.29119767872540109,0.21771018426499411,0.49109213700960475,0.28721019120476715,0.2180939942406481,0.49469581455458483,0.27143323122722102,0.23012822711556324,0.49843854165721579,0.13681880604886346,0.16473047927599827,0.69845071467513831,0.13397464794120381,0.17041879549131761,0.69560655656747872
1128,2023-2024,2024-05-15,Brighton,Chelsea,A,0.45657894736842103,0.23026315789473684,0.31315789473684208,0.45423073869622038,0.23518508467533702,0.31058417662844257,0.44690870765201379,0.23636665761642062,0.31672463473156548,0.40580335247828886,0.23790074590423002,0.35629590161748104,0.33165303428192583,0.22678865987676713,0.44155830584130706,0.32769079946073321,0.23471312951915249,0.43759607102011444
1129,2023-2024,2024-05-15,Manchester Utd,Newcastle,H,0.45657894736842103,0.23026315789473684,0.31315789473684208,0.44207992596195411,0.21078912701366173,0.34713094702438407,0.44467234660215299,0.2113725812982738,0.34395507209957321,0.43090127323717187,0.23676145042902449,0.33233727633380367,0.34711859406566575,0.22030789137537901,0.43257351455895526,0.34346369488058232,0.22761768974554583,0.42891861537387183
1130,2023-2024,2024-05-19,Arsenal,Everton,H,0.45657894736842103,0.23026315789473684,0.31315789473684208,0.78701893243612231,0.1354309783822778,0.077550089181599891,0.79084751918582075,0.13444798652719345,0.074704494286985862,0.66517624775569284,0.19250235342149918,0.14232139882280803,0.77793122425154015,0.1655300888604038,0.056538686888055995,0.77533891570610469,0.17071470595127478,0.053946378342620532
1131,2023-2024,2024-05-19,Brentford,Newcastle,A,0.45657894736842103,0.23026315789473684,0.31315789473684208,0.45131945369128584,0.19366636363719889,0.35501418267151519,0.44684540279401358,0.1943152928005035,0.35883930440548295,0.36531176794569176,0.23813159369204606,0.39655663836226213,0.3578632912835471,0.22338428299743168,0.41875242571902122,0.35427857950576647,0.23055370655299301,0.41516771394124058
1132,2023-2024,2024-05-19,Brighton,Manchester Utd,A,0.45657894736842103,0.23026315789473684,0.31315789473684208,0.44537114203431932,0.21548593711094297,0.33914292085473774,0.4419325605560448,0.21639280029022367,0.34167463915373159,0.3934548511885656,0.2381858037555992,0.36835934505583512,0.38683903414952242,0.25626746734994421,0.35689349850053326,0.38219089372838588,0.26556374819221729,0.35224535807939672
1133,2023-2024,2024-05-19,Burnley,Nottingham,A,0.45657894736842103,0.23026315789473684,0.31315789473684208,0.41834645787284186,0.22254160925201993,0.35911193287513826,0.41762946694187209,0.22283478011474508,0.35953575294338275,0.43184735633771726,0.23670409387246572,0.33144854978981714,0.38295877606730211,0.25180063173958167,0.36524059219311616,0.37841972548604752,0.2608787329020909,0.36070154161186152
1134,2023-2024,2024-05-19,Chelsea,Bournemouth,H,0.45657894736842103,0.23026315789473684,0.31315789473684208,0.63252787138212241,0.18755976871358743,0.17991235990429008,0.634572137453842,0.18756580924880037,0.17786205329735758,0.5363671907052352,0.22420699705890465,0.23942581223586012,0.62943489279796971,0.1813711395630222,0.18919396763900823,0.62666994350789562,0.18690103814317036,0.18642901834893416
1135,2023-2024,2024-05-19,Crystal Palace,Aston Villa,H,0.45657894736842103,0.23026315789473684,0.31315789473684208,0.43545669400172876,0.20386528412585578,0.36067802187241549,0.43014557003925313,0.20454654603485725,0.36530788392588953,0.35514232380547606,0.23786353540583,0.406994140788694,0.40408970432876701,0.23265887945090452,0.36325141622032853,0.40014632300664188,0.24054564209515486,0.35930803489820334
1136,2023-2024,2024-05-19,Liverpool,Wolves,H,0.45657894736842103,0.23026315789473684,0.31315789473684208,0.72479883911494258,0.15907407633266313,0.11612708455239421,0.73056802554192557,0.15774313700655374,0.11168883745152067,0.65218567769791025,0.19652624477987835,0.15128807752221152,0.7554180790552868,0.14754476308533979,0.097037157859373419,0.75282422130480831,0.15273247858629652,0.094443300108895054
1137,2023-2024,2024-05-19,Luton Town,Fulham,A,0.45657894736842103,0.23026315789473684,0.31315789473684208,0.39439810599017494,0.23334208203033338,0.37225981197949171,0.38951363141419015,0.2337729605245854,0.37671340806122439,0.36427941483582232,0.23811051642578826,0.39761006873838933,0.33888570266291079,0.23303627522622586,0.42807802211086321,0.33490389014126165,0.2409999002695242,0.42409620958921401
1138,2023-2024,2024-05-19,Manchester City,West Ham,H,0.45657894736842103,0.23026315789473684,0.31315789473684208,0.81549284410687006,0.11258819258575857,0.071918963307371325,0.81949300891801879,0.11151682234956467,0.068990168732416618,0.69128244355437263,0.18383086208511526,0.12488669436051215,0.89727179444409511,0.07051184497125472,0.032216360584650237,0.89605689253478227,0.072941648789880353,0.031001458675337427
1139,2023-2024,2024-05-19,Sheffield United,Tottenham,A,0.45657894736842103,0.23026315789473684,0.31315789473684208,0.20752750837159956,0.19093811591655346,0.60153437571184698,0.20105288473250207,0.18921370161603857,0.60973341365145928,0.24396928421367151,0.22516140968032247,0.53086930610600602,0.14490586693335417,0.1576068076597659,0.69748732540688019,0.14257013610516131,0.16227826931615158,0.69515159457868725
1140,2024-2025,2024-08-16,Manchester Utd,Fulham,H,0.45789473684210524,0.22543859649122808,0.31666666666666665,0.51553582531133979,0.23292266999944061,0.2515415046892196,0.52591053583621983,0.23224096129774233,0.24184850286603785,0.51439638829956413,0.2243141475518218,0.26128946414861415,0.48094242047647601,0.23748667845703772,0.2815709010664863,0.4767726772623036,0.2458261648853825,0.27740115785231395
1141,2024-2025,2024-08-17,Arsenal,Wolves,H,0.45789473684210524,0.22543859649122808,0.31666666666666665,0.64217937924450008,0.18900326770483694,0.168817353050663,0.67480658094932622,0.18115363737657827,0.14403978167409542,0.64268496951846443,0.19662543920360981,0.16068959127792562,0.84752597748389646,0.10994542864415265,0.04252859387195098,0.84670262765980042,0.11159212829234479,0.041705244047854917
1142,2024-2025,2024-08-17,Everton,Brighton,A,0.45789473684210524,0.22543859649122808,0.31666666666666665,0.46651840154629781,0.2554978990440403,0.27798369940966194,0.46298642981264915,0.25716830961396658,0.27984526057338427,0.44103123014414447,0.23225503158728386,0.32671373826857159,0.39573773976921528,0.31341572399587875,0.29084653623490614,0.3936040880668315,0.31768302740064613,0.28871288453252242
1143,2024-2025,2024-08-17,Ipswich Town,Liverpool,A,0.45789473684210524,0.22543859649122808,0.31666666666666665,0.45373619969129192,0.20692477517105964,0.33933902513764835,0.4232244760337307,0.20950177414390161,0.3672737498223676,0.31669066247197525,0.23145374883712405,0.45185558869090076,0.2973944583592264,0.25216247122839203,0.45044307041238169,0.29548696218716375,0.25597746357251733,0.44853557424031903
1144,2024-2025,2024-08-17,Newcastle,Southampton,H,0.45789473684210524,0.22543859649122808,0.31666666666666665,0.53351824104895273,0.21411185087913107,0.25236990807191612,0.55471201224840305,0.2123366692287619,0.2329513185228351,0.50331009769579815,0.22588700092669334,0.27080290137750851,0.77990788239340325,0.12656168654259473,0.093530431064002106,0.7790996188868935,0.12817821355561415,0.09272216755749238
1145,2024-2025,2024-08-17,Nottingham,Bournemouth,D,0.45789473684210524,0.22543859649122808,0.31666666666666665,0.43050402564103246,0.26469562188948481,0.30480035246948267,0.42425436138609113,0.26619445965607169,0.30955117895783724,0.41201145054214233,0.23374906714630989,0.35423948231154778,0.40401440217877882,0.2473604231559991,0.3486251746652223,0.40217040528759423,0.25104841693836799,0.34678117777403772
1146,2024-2025,2024-08-17,West Ham,Aston Villa,A,0.45789473684210524,0.22543859649122808,0.31666666666666665,0.4573355553148577,0.22701476372115542,0.31564968096398688,0.44463534509713354,0.228798688718439,0.3265659661844274,0.37923786909220425,0.23425189373938513,0.3865102371684106,0.3339328904504455,0.20849731902486104,0.45756979052469349,0.33269404283159104,0.21097501426256995,0.45633094290583903
1147,2024-2025,2024-08-18,Brentford,Crystal Palace,H,0.45789473684210524,0.22543859649122808,0.31666666666666665,0.45239990028068228,0.25397685742339843,0.29362324229591941,0.44266742738696702,0.25577320287197419,0.30155936974105874,0.41221372190354433,0.23374200712391233,0.35404427097254326,0.33133073646793798,0.23928193093717229,0.42938733259488959,0.32811645223766067,0.24571049939772685,0.42617304836461228
1148,2024-2025,2024-08-18,Chelsea,Manchester City,A,0.45789473684210524,0.22543859649122808,0.31666666666666665,0.4896567247770548,0.19253908584081131,0.31780418938213395,0.46707908498195222,0.19471292559633252,0.33820798942171526,0.31589501026201255,0.23138405716475605,0.45272093257323132,0.16555273071941484,0.17899968811374639,0.65544758116683866,0.16331956518909679,0.18346601917438249,0.65321441563652061
1149,2024-2025,2024-08-19,Leicester City,Tottenham,D,0.45789473684210524,0.22543859649122808,0.31666666666666665,0.46233665480229363,0.22684683425651336,0.31081651094119289,0.44739349811279949,0.22914315137158528,0.32346335051561526,0.39969519674913556,0.23408849351542987,0.36621630973543451,0.33451141881794066,0.22677789574767571,0.43871068543438368,0.33170165663861634,0.23239742010632411,0.43590092325505947
1150,2024-2025,2024-08-24,Aston Villa,Arsenal,A,0.45789473684210524,0.22543859649122808,0.31666666666666665,0.40110615010916456,0.2254734155550743,0.37342043433576116,0.3813099732606231,0.22985363415249438,0.38883639258688252,0.35264801185347477,0.23369006706351225,0.41366192108301292,0.14398059427601592,0.1928170372037662,0.66320236852021786,0.13976968897827724,0.20123884779924359,0.65899146322247915
1151,2024-2025,2024-08-24,Brighton,Manchester Utd,H,0.45789473684210524,0.22543859649122808,0.31666666666666665,0.51937555707586769,0.24184708214599032,0.23877736077814204,0.48336521774992763,0.25219824247628342,0.26443653977378906,0.39708197248757282,0.23413744274556333,0.36878058476686387,0.37912939906494719,0.26036224740577513,0.36050835352927751,0.37340643429778764,0.27180817694009424,0.35478538876211796
1152,2024-2025,2024-08-24,Crystal Palace,West Ham,A,0.45789473684210524,0.22543859649122808,0.31666666666666665,0.47233480422704022,0.2641453585378386,0.26351983723512112,0.47989824886884597,0.26280836848795808,0.25729338264319584,0.46926158773185672,0.22989308151379109,0.30084533075435221,0.6255756005779296,0.18844374407116501,0.18598065535090536,0.62186293873340848,0.19586906776020721,0.18226799350638423
1153,2024-2025,2024-08-24,Fulham,Leicester City,H,0.45789473684210524,0.22543859649122808,0.31666666666666665,0.33576859834129441,0.24863240003353812,0.41559900162516744,0.35418512629742421,0.25000590901457453,0.39580896468800131,0.4343318292426227,0.23268513672749794,0.33298303402987944,0.44681586363333498,0.28216309543812329,0.27102104092854173,0.44079307084232139,0.29420868102015046,0.26499824813752815
1154,2024-2025,2024-08-24,Manchester City,Ipswich Town,H,0.45789473684210524,0.22543859649122808,0.31666666666666665,0.87995476805310957,0.078839793840010761,0.041205438106879794,0.8810197326679573,0.078583811551824881,0.040396455780217735,0.65481117628732366,0.19309216159779316,0.15209666211488326,0.8343852784431357,0.11531886478824001,0.050295856768624463,0.83185102273649547,0.1203873762015205,0.047761601061984217
1155,2024-2025,2024-08-24,Southampton,Nottingham,A,0.45789473684210524,0.22543859649122808,0.31666666666666665,0.33554810468082585,0.28096775115217393,0.38348414416700022,0.34491863255383293,0.28176234182762677,0.3733190256185403,0.49725768983533919,0.22669031288992517,0.27605199727473556,0.26608280905624415,0.34518963314092849,0.38872755780282708,0.26015689008144621,0.35704147109052431,0.38280163882802914
1156,2024-2025,2024-08-24,Tottenham,Everton,H,0.45789473684210524,0.22543859649122808,0.31666666666666665,0.74733059313160655,0.14749955285843017,0.10516985400996332,0.7455050019906676,0.14713864954753225,0.10735634846180009,0.52400803641275151,0.22284471564498273,0.25314724794226573,0.57926115054823879,0.23339933209541322,0.18733951735634832,0.57413365755468271,0.24365431808252522,0.18221202436279235
1157,2024-2025,2024-08-25,Bournemouth,Newcastle,D,0.45789473684210524,0.22543859649122808,0.31666666666666665,0.25374266082074293,0.27557226413313157,0.47068507504612556,0.24872651458527434,0.27873426236585253,0.47253922304887319,0.37337877791780544,0.2342045388560107,0.39241668322618384,0.29743512849454307,0.21479408765390631,0.48777078385155054,0.29396799125327316,0.22172836213644614,0.48430364661028064
1158,2024-2025,2024-08-25,Liverpool,Brentford,H,0.45789473684210524,0.22543859649122808,0.31666666666666665,0.62428646101046714,0.19802077152870545,0.17769276746082749,0.63808176246247694,0.19660789803842127,0.16531033949910179,0.60550708058649216,0.20645613167767424,0.18803678773583349,0.6728458933253707,0.18023246570866558,0.14692164096596369,0.66963821063985729,0.18664783107969252,0.14371395828045025
1159,2024-2025,2024-08-25,Wolves,Chelsea,A,0.45789473684210524,0.22543859649122808,0.31666666666666665,0.44805799076826414,0.24928661763688659,0.30265539159484922,0.42671816273521329,0.24956308404722177,0.32371875321756499,0.36134619988612843,0.23397260855072149,0.40468119156315008,0.24984940676239137,0.22022397604996585,0.52992661718764267,0.24596483399640676,0.22799312158193508,0.52604204442165803
1160,2024-2025,2024-08-31,Arsenal,Brighton,D,0.45789473684210524,0.22543859649122808,0.31666666666666665,0.63937918912903613,0.18759024482713668,0.17303056604382716,0.66453295600829343,0.18253819943477467,0.15292884455693184,0.60778005016860082,0.20589795831534119,0.18632199151605788,0.77191925222804203,0.15916042656699003,0.068920321204968077,0.76783346499794103,0.16733200102719198,0.064834533974867103
1161,2024-2025,2024-08-31,Brentford,Southampton,H,0.45789473684210524,0.22543859649122808,0.31666666666666665,0.52073731055243522,0.22661837864747109,0.25264431080009375,0.51345362148906215,0.22869105039125934,0.2578553281196786,0.45209014508878476,0.23143494059759748,0.31647491431361768,0.60984084884133505,0.29413004070891563,0.096029110449749516,0.60505455699721511,0.30370262439715551,0.091242818605629564
1162,2024-2025,2024-08-31,Everton,Bournemouth,A,0.45789473684210524,0.22543859649122808,0.31666666666666665,0.21340394244965283,0.27114418006646984,0.51545187748387733,0.22861125761762685,0.2776056753911848,0.49378306699118824,0.43422096212709532,0.2326918282647274,0.33308720960817728,0.28209313407342268,0.29313147446382587,0.42477539146275134,0.27464031352815438,0.30803711555436253,0.41732257091748304
1163,2024-2025,2024-08-31,Ipswich Town,Fulham,D,0.45789473684210524,0.22543859649122808,0.31666666666666665,0.22249997876947331,0.26323465679491581,0.51426536443561088,0.22982356223996497,0.26756370750787239,0.50261273025216258,0.44267973360232049,0.23214145441923506,0.32517881197844445,0.20440018476141469,0.24404995539082691,0.55154985984775828,0.19789368465365487,0.25706295560634657,0.54504335973999851
1164,2024-2025,2024-08-31,Leicester City,Aston Villa,A,0.45789473684210524,0.22543859649122808,0.31666666666666665,0.41516054752696413,0.23871343655240843,0.34612601592062742,0.40703156313753225,0.23930746495271504,0.35366097190975271,0.37438308073884119,0.23421567990722536,0.39140123935393351,0.29635048718825052,0.24585572351283946,0.45779378929891001,0.28984157616365847,0.25887354556202358,0.45128487827431796
1165,2024-2025,2024-08-31,Nottingham,Wolves,D,0.45789473684210524,0.22543859649122808,0.31666666666666665,0.71591952039203155,0.16374187244132871,0.12033860716663976,0.69982344661698703,0.16697740520840498,0.13319914817460801,0.4570175597188314,0.2310257374994584,0.31195670278171023,0.49849720205134196,0.23876322797005609,0.26273956997860193,0.49218325617077818,0.25139111973118367,0.25642562409803815
1166,2024-2025,2024-08-31,West Ham,Manchester City,A,0.45789473684210524,0.22543859649122808,0.31666666666666665,0.22227292724570522,0.20034638773023308,0.5773806850240617,0.21555980779370126,0.20032903091515677,0.58411116129114204,0.24775937493722383,0.22180788071289051,0.53043274434988574,0.081762431758719389,0.13638132323186897,0.78185624500941164,0.078199463197793889,0.14350726035371997,0.77829327644848623
1167,2024-2025,2024-09-01,Chelsea,Crystal Palace,D,0.45789473684210524,0.22543859649122808,0.31666666666666665,0.71450981290081617,0.17831293147313773,0.10717725562604612,0.70410966939360409,0.18335527512134675,0.11253505548504918,0.52368795498970011,0.22289522757123412,0.25341681743906574,0.5668028910571612,0.19420584387061102,0.23899126507222784,0.55943524442056403,0.20894113714380536,0.23162361843563067
1168,2024-2025,2024-09-01,Manchester Utd,Liverpool,A,0.45789473684210524,0.22543859649122808,0.31666666666666665,0.26806175326974807,0.2124400812990565,0.51949816543119554,0.27456633703571409,0.21575498015815775,0.50967868280612827,0.35289795222952342,0.23369955093427774,0.4134024968361989,0.23769186999431999,0.23139599706853889,0.53091213293714123,0.22693350191566714,0.25291273322584457,0.52015376485848841
1169,2024-2025,2024-09-01,Newcastle,Tottenham,H,0.45789473684210524,0.22543859649122808,0.31666666666666665,0.36603522206470351,0.22259811428956014,0.41136666364573621,0.37742151958111275,0.22448530320712573,0.39809317721176157,0.45289003511221121,0.23137034123258843,0.31573962365520042,0.48685593474016609,0.20450934867302611,0.30863471658680774,0.47940372445222157,0.2194137692489152,0.30118250629886323
1170,2024-2025,2024-09-14,Aston Villa,Everton,H,0.45789473684210524,0.22543859649122808,0.31666666666666665,0.7479785596283256,0.15421623499781162,0.097805205373862794,0.74632394913981115,0.15454444166161901,0.09913160919856992,0.56832803407577992,0.2148045422644787,0.21686742365974143,0.65312476777444195,0.19782221876660008,0.14905301345895799,0.64247467570032712,0.21912240291482973,0.13840292138484317
1171,2024-2025,2024-09-14,Bournemouth,Chelsea,A,0.45789473684210524,0.22543859649122808,0.31666666666666665,0.51991070197884148,0.24391708795418141,0.23617221006697711,0.517558491253717,0.24455528790698611,0.23788622083929686,0.38865221479448214,0.23423959846532877,0.37710818674018909,0.29356338129540505,0.20706315152630383,0.49937346717829101,0.28445190763035422,0.22528609885640552,0.49026199351324018
1172,2024-2025,2024-09-14,Brighton,Ipswich Town,D,0.45789473684210524,0.22543859649122808,0.31666666666666665,0.69482653106285053,0.17988043608727061,0.12529303284987883,0.67709711842594078,0.18614321922775823,0.13675966234630088,0.49274507755757524,0.22726371624634592,0.27999120619607887,0.61397198106956707,0.22990847944694826,0.15611953948348489,0.60174599098282666,0.25436045962042902,0.14389354939674448
1173,2024-2025,2024-09-14,Crystal Palace,Leicester City,D,0.45789473684210524,0.22543859649122808,0.31666666666666665,0.43183132711966582,0.23527321048098621,0.33289546239934803,0.44852641217085187,0.2350401908935161,0.31643339693563199,0.46351447339648277,0.23044522805415468,0.30604029854936249,0.56803836174304378,0.24000085050146913,0.19196078775548714,0.55511685078381268,0.26584387241993135,0.17903927679625606
1174,2024-2025,2024-09-14,Fulham,West Ham,D,0.45789473684210524,0.22543859649122808,0.31666666666666665,0.50318143075223498,0.23283901276173904,0.26397955648602606,0.50296865637907151,0.2316607826142113,0.26537056100671719,0.45597978722519744,0.23111415381831779,0.31290605895648477,0.45875352012577209,0.23356224585338939,0.3076842340208385,0.44670881096166559,0.25765166418160235,0.29563952485673201
1175,2024-2025,2024-09-14,Liverpool,Nottingham,A,0.45789473684210524,0.22543859649122808,0.31666666666666665,0.74802398949718374,0.15913620955628449,0.09283980094653177,0.75254179633038176,0.15796266968933975,0.089495533980278388,0.64401638335112621,0.19624544171908814,0.15973817492978559,0.75839542211179711,0.15459088643265126,0.087013691455551295,0.75003318134794617,0.17131536796035302,0.078651450691700389
1176,2024-2025,2024-09-14,Manchester City,Brentford,H,0.45789473684210524,0.22543859649122808,0.31666666666666665,0.70662192322800477,0.19095878475071676,0.10241929202127839,0.71049213591284599,0.19053836458702206,0.098969499500131966,0.66553647744865529,0.18983061411990043,0.14463290843144427,0.814903551015283,0.12133872481946797,0.063757724165248886,0.80840701083137145,0.13433180518729121,0.057261183981337269
1177,2024-2025,2024-09-14,Southampton,Manchester Utd,A,0.45789473684210524,0.22543859649122808,0.31666666666666665,0.36914074558289717,0.24704149687682384,0.38381775754027891,0.35418729432785967,0.246605297260446,0.39920740841169428,0.37614168495516048,0.23423216911140335,0.38962614593343614,0.14286266732126521,0.26084420959517451,0.59629312308356053,0.13048259923062527,0.28560434577645433,0.58391305499292068
1178,2024-2025,2024-09-15,Tottenham,Arsenal,A,0.45789473684210524,0.22543859649122808,0.31666666666666665,0.40170096576779157,0.24138006802208017,0.35691896621012836,0.38653057322889472,0.24207516917935837,0.37139425759174699,0.32277535003151336,0.23195701271423283,0.44526763725425372,0.13878443404092594,0.19954775213567769,0.66166781382339657,0.13226180835042831,0.21259300351667285,0.65514518813289868
1179,2024-2025,2024-09-15,Wolves,Newcastle,A,0.45789473684210524,0.22543859649122808,0.31666666666666665,0.13944534592756233,0.21990456072547138,0.64065009334696632,0.14143635145457872,0.22382096152291092,0.63474268702251035,0.33583981211712033,0.2328632850921431,0.43129690279073668,0.19533270584050699,0.19291719237705882,0.61175010178243427,0.1896640696434867,0.2042544647710994,0.60608146558541387
1180,2024-2025,2024-09-21,Aston Villa,Wolves,H,0.45789473684210524,0.22543859649122808,0.31666666666666665,0.72681771444223509,0.16104776686759587,0.11213451869016904,0.72673029959360913,0.16056551298958188,0.11270418741680895,0.58527886630616599,0.21118047749480442,0.20354065619902972,0.63991861517224569,0.18383631909154882,0.1762450657362053,0.63546654386316792,0.1927404617097043,0.17179299442712759
1181,2024-2025,2024-09-21,Crystal Palace,Manchester Utd,D,0.45789473684210524,0.22543859649122808,0.31666666666666665,0.32390115608990083,0.25270011187192304,0.42339873203817618,0.33101608992222525,0.25388269380824829,0.41510121626952651,0.38653639318100735,0.23425177719489937,0.37921182962409333,0.42313404162983026,0.24280449176739308,0.33406146660277664,0.41672758082410016,0.25561741337885324,0.32765500579704654
1182,2024-2025,2024-09-21,Fulham,Newcastle,H,0.45789473684210524,0.22543859649122808,0.31666666666666665,0.29367973313649265,0.25584254734665912,0.45047771951684817,0.29071314780427326,0.2563009790066581,0.45298587318906869,0.36390432498456088,0.23403723614519614,0.40205843887024301,0.29474089326603703,0.23155834130341402,0.47370076543054912,0.28876246689396956,0.2435151940475489,0.46772233905848171
1183,2024-2025,2024-09-21,Leicester City,Everton,D,0.45789473684210524,0.22543859649122808,0.31666666666666665,0.57345329548242963,0.24169523680926822,0.18485146770830224,0.56862061465793534,0.24173024729492515,0.18964913804713954,0.48095837510084227,0.22865806328609017,0.29038356161306755,0.48848142656530341,0.25028617258830133,0.26123240084639526,0.48170031943930292,0.26384838684030232,0.25445129372039477
1184,2024-2025,2024-09-21,Liverpool,Bournemouth,H,0.45789473684210524,0.22543859649122808,0.31666666666666665,0.72600996964753495,0.14724679483693034,0.12674323551553479,0.73701295280003154,0.14415413419784948,0.11883291300211893,0.60277588805302829,0.20711951060208397,0.19010460134488769,0.67587275428433058,0.19182318825374736,0.13230405746192186,0.6706781789001498,0.20221233902210936,0.12710948207774089
1185,2024-2025,2024-09-21,Southampton,Ipswich Town,D,0.45789473684210524,0.22543859649122808,0.31666666666666665,0.35964480148531375,0.23965610999598339,0.40069908851870284,0.36064242717215284,0.23952864429245913,0.39982892853538798,0.41942476323941419,0.2334592568777131,0.34711597988287263,0.17690811343721574,0.39937285482999807,0.42371903173278641,0.17124366999984603,0.4107017417047375,0.4180545882954167
1186,2024-2025,2024-09-21,Tottenham,Brentford,H,0.45789473684210524,0.22543859649122808,0.31666666666666665,0.49531810353788036,0.25872856330757377,0.24595333315454587,0.49630156786810775,0.25854945221643816,0.24514897991545403,0.50408739968928695,0.22578099467631407,0.27013160563439897,0.48995297476782068,0.22568982451816991,0.28435720071400927,0.48422631282170092,0.23714314841040934,0.27863053876788957
1187,2024-2025,2024-09-21,West Ham,Chelsea,A,0.45789473684210524,0.22543859649122808,0.31666666666666665,0.3282820311454282,0.22835085746085526,0.4433671113937166,0.33639307724368217,0.22921095454322318,0.43439596821309467,0.37174778343040271,0.23418376695404614,0.39406844961555115,0.25206312767520284,0.19624569748499343,0.55169117483980379,0.24784056952042322,0.20469081379455259,0.54746861668502422
1188,2024-2025,2024-09-22,Brighton,Nottingham,D,0.45789473684210524,0.22543859649122808,0.31666666666666665,0.46865001144811635,0.24438867153152549,0.2869613170203581,0.47184312329814615,0.24492539993251328,0.28323147676934068,0.49936757147545374,0.22641472717822253,0.27421770134632367,0.44899204660172953,0.27909269077763865,0.27191526262063193,0.43475943703658088,0.30755790990793591,0.25768265305548327
1189,2024-2025,2024-09-22,Manchester City,Arsenal,D,0.45789473684210524,0.22543859649122808,0.31666666666666665,0.63362261132659015,0.17105418485853541,0.19532320381487447,0.63306743215178607,0.17272444287737881,0.19420812497083501,0.48496518414340933,0.22820087741497994,0.28683393844161076,0.35924007467114494,0.3000622822050007,0.34069764312385431,0.34441323913210753,0.32971595328307551,0.32587080758481696
1190,2024-2025,2024-09-28,Arsenal,Leicester City,H,0.45789473684210524,0.22543859649122808,0.31666666666666665,0.75161155639582344,0.14045154297706047,0.10793690062711603,0.76832338254390575,0.13499425233933657,0.09668236511675761,0.65116235370436759,0.19417247509467594,0.15466517120095649,0.8107843903353783,0.13516971880304438,0.054045890861577475,0.80417987594364437,0.14837874758651232,0.047441376469843498
1191,2024-2025,2024-09-28,Brentford,West Ham,D,0.45789473684210524,0.22543859649122808,0.31666666666666665,0.46917895227411499,0.26589394824840323,0.26492709947748172,0.46533003680319329,0.26515749173952585,0.26951247145728074,0.44664435894582249,0.23185584100840276,0.32149980004577478,0.49336041538185404,0.22538134322899023,0.28125824138915584,0.48268733211577097,0.24672750976115626,0.27058515812307277
1192,2024-2025,2024-09-28,Chelsea,Brighton,H,0.45789473684210524,0.22543859649122808,0.31666666666666665,0.53566586095001312,0.22201270183395053,0.24232143721603622,0.55031984142266122,0.22071138359692719,0.22896877498041168,0.50948213192781833,0.22502751066200022,0.26549035741018151,0.57597967264777428,0.21085727649919242,0.21316305085303339,0.56583343543910947,0.23114975091652187,0.20301681364436866
1193,2024-2025,2024-09-28,Everton,Crystal Palace,H,0.45789473684210524,0.22543859649122808,0.31666666666666665,0.30142664596314728,0.29846860968758387,0.40010474434926885,0.30144074143957639,0.29878542628145544,0.39977383227896818,0.41273330697354083,0.23372365306293191,0.35354303996352715,0.24523957389104081,0.25987969847005404,0.49488072763890528,0.23218136625621763,0.28599611373970041,0.4818225200040821
1194,2024-2025,2024-09-28,Newcastle,Manchester City,D,0.45789473684210524,0.22543859649122808,0.31666666666666665,0.3534193308276341,0.19337453381828068,0.45320613535408522,0.344802642243213,0.19260615435285558,0.46259120340393151,0.30249113386270504,0.23007233969062518,0.46743652644666983,0.14539627715316086,0.16600426537881521,0.68859945746802398,0.13801933936865754,0.18075814094782189,0.68122251968352054
1195,2024-2025,2024-09-28,Nottingham,Fulham,A,0.45789473684210524,0.22543859649122808,0.31666666666666665,0.37055739219998135,0.2486123656650979,0.38083024213492078,0.36625796765271768,0.2487448749246966,0.38499715742258578,0.42305031209119381,0.23329438889038762,0.34365529901841857,0.35549321520498356,0.26502124618189032,0.37948553861312612,0.34210339051282812,0.29180089556620115,0.36609571392097079
1196,2024-2025,2024-09-28,Wolves,Liverpool,A,0.45789473684210524,0.22543859649122808,0.31666666666666665,0.10270994702461626,0.18141118113068816,0.71587887184469545,0.10717447474516763,0.18570201307636394,0.70712351217846847,0.2521683007286955,0.22266019440803614,0.52517150486326825,0.096705689834111319,0.15969496611917516,0.74359934404671357,0.088666335099037819,0.17577367558932216,0.73555998931164002
1197,2024-2025,2024-09-29,Ipswich Town,Aston Villa,D,0.45789473684210524,0.22543859649122808,0.31666666666666665,0.22740102772749002,0.22609148970859141,0.54650748256391857,0.23174035472422091,0.22699295160384469,0.54126669367193436,0.3513654838189289,0.23364012205971812,0.41499439412135303,0.16459500405014507,0.23469350318004228,0.60071149276981273,0.15174225702535935,0.26039899722961374,0.58785874574502706
1198,2024-2025,2024-09-29,Manchester Utd,Tottenham,A,0.45789473684210524,0.22543859649122808,0.31666666666666665,0.35578278682047293,0.21621269227595258,0.42800452090357444,0.36511297559126871,0.21703835229107646,0.41784867211765481,0.45645258741203959,0.23107401968161401,0.31247339290634635,0.35388233443164974,0.2448089398995808,0.40130872566876963,0.34057964936285962,0.2714143100371611,0.38800604059997951
1199,2024-2025,2024-09-30,Bournemouth,Southampton,H,0.45789473684210524,0.22543859649122808,0.31666666666666665,0.52310016954538008,0.22058543672440101,0.25631439373021891,0.52873194571582227,0.22031074734934081,0.25095730693483687,0.47406889327528284,0.22940350660606493,0.2965276001186522,0.69455188079703145,0.21002463871151905,0.095423480491449442,0.68389797348278547,0.23133245334001101,0.084769573177203475
1200,2024-2025,2024-10-05,Arsenal,Southampton,H,0.45789473684210524,0.22543859649122808,0.31666666666666665,0.80747709102541831,0.13061449571243805,0.061908413262143643,0.81742436305294064,0.1262060295449737,0.05636960740208561,0.67967302154890918,0.18533330859895411,0.13499366985213673,0.93996606613259015,0.049162011241364656,0.010871922626045137,0.93749222652844011,0.054109690449664807,0.0083980830218950593
1201,2024-2025,2024-10-05,Brentford,Wolves,H,0.45789473684210524,0.22543859649122808,0.31666666666666665,0.53475663168023191,0.26663523459935429,0.19860813372041369,0.53050354561852431,0.26608538751318156,0.2034110668682941,0.49407268002214572,0.22709729077732135,0.27883002920053279,0.5408393273302351,0.22725748780193364,0.23190318486783104,0.52863377346772178,0.25166859552696025,0.21969763100531772
1202,2024-2025,2024-10-05,Crystal Palace,Liverpool,A,0.45789473684210524,0.22543859649122808,0.31666666666666665,0.17152087187211912,0.19750129561099011,0.63097783251689077,0.17941324466231315,0.20109432537736802,0.61949242996031884,0.28081937400793133,0.22738109332403217,0.49179953266803639,0.18937106967078141,0.2302156805730316,0.58041324975618691,0.17678156855014693,0.25539468281430056,0.56782374863555241
1203,2024-2025,2024-10-05,Everton,Newcastle,D,0.45789473684210524,0.22543859649122808,0.31666666666666665,0.25105783000591642,0.30923648539415344,0.4397056845999302,0.24515388474948829,0.30897011926778489,0.4458759959827267,0.34394099373608894,0.23330860046827978,0.42275040579563117,0.21751339589131369,0.22005150555036326,0.56243509855832297,0.20576340767172502,0.2435514819895406,0.55068511033873424
1204,2024-2025,2024-10-05,Leicester City,Bournemouth,H,0.45789473684210524,0.22543859649122808,0.31666666666666665,0.32705706817654956,0.28808143102923556,0.38486150079421494,0.33419190731412246,0.28889319160053767,0.37691490108533982,0.43470947597973064,0.23266223894187563,0.3326282850783937,0.40973104789487153,0.23391458195388781,0.35635437015124061,0.39773755844171282,0.25790156086020521,0.34436088069808191
1205,2024-2025,2024-10-05,Manchester City,Fulham,H,0.45789473684210524,0.22543859649122808,0.31666666666666665,0.64616405513174524,0.19087869154383402,0.16295725332442082,0.66601239087241249,0.18619770869538721,0.14778990043220039,0.64071391046109105,0.19718441552417673,0.16210167401473219,0.73473821809969675,0.1667369905739659,0.098524791326337319,0.72561985344299884,0.184973719887362,0.089406426669639286
1206,2024-2025,2024-10-05,West Ham,Ipswich Town,H,0.45789473684210524,0.22543859649122808,0.31666666666666665,0.43190006464158998,0.22229156008814727,0.34580837527026287,0.43960103105791209,0.22227060682595959,0.3381283621161284,0.44237446879084069,0.23216271627608681,0.32546281493307244,0.47895918520489827,0.26503367412914008,0.25600714066596175,0.46457859585821448,0.29379485282250772,0.2416265513192779
1207,2024-2025,2024-10-06,Aston Villa,Manchester Utd,D,0.45789473684210524,0.22543859649122808,0.31666666666666665,0.61266878431540694,0.19121805997481497,0.19611315570977811,0.60531371836438275,0.19311516693101874,0.20157111470459846,0.49717811710028958,0.22670061310400616,0.27612126979570428,0.50783316070979445,0.22100803124208274,0.27115880804812287,0.49774170235279058,0.24119094795609039,0.26106734969111905
1208,2024-2025,2024-10-06,Brighton,Tottenham,H,0.45789473684210524,0.22543859649122808,0.31666666666666665,0.32570770200094734,0.24786796914570128,0.42642432885335141,0.32606339717788141,0.24861718194066684,0.42531942088145175,0.40298075471992573,0.23401543608021017,0.36300380919986414,0.28487015971700447,0.23402562700156571,0.48110421328142988,0.27372685777906469,0.25631223087744515,0.46996091134349011
1209,2024-2025,2024-10-06,Chelsea,Nottingham,D,0.45789473684210524,0.22543859649122808,0.31666666666666665,0.62760588658544669,0.21741768656028321,0.1549764268542701,0.6355332296475974,0.21588345325869357,0.14858331709370906,0.57051768539332992,0.21435350982896401,0.21512880477770613,0.65663087309801926,0.1861603429429681,0.15720878395901272,0.64788202828180275,0.20365803257540105,0.14845993914279623
1210,2024-2025,2024-10-19,Bournemouth,Arsenal,H,0.45789473684210524,0.22543859649122808,0.31666666666666665,0.21985151988105217,0.19575134265454533,0.58439713746440247,0.21118194171294849,0.19368385388840204,0.59513420439864939,0.24444676642225657,0.22114430603399576,0.53440892754374758,0.11134787717041079,0.18740711305505434,0.70124500977453486,0.098584014213409329,0.21293483896905727,0.68848114681753336
1211,2024-2025,2024-10-19,Fulham,Aston Villa,A,0.45789473684210524,0.22543859649122808,0.31666666666666665,0.39405609078213577,0.24382764374501337,0.36211626547285092,0.39283585576501806,0.24382661948802722,0.36333752474695469,0.37867377960559562,0.23424918202172235,0.38707703837268215,0.42127591057805708,0.23617176376457141,0.3425523256573717,0.40593014560568691,0.26686329370931161,0.32720656068500159
1212,2024-2025,2024-10-19,Ipswich Town,Everton,A,0.45789473684210524,0.22543859649122808,0.31666666666666665,0.43373592446118492,0.26428965696046164,0.30197441857835355,0.43446941915944487,0.26351075249191036,0.30201982834864471,0.46595319683040087,0.23021534874722763,0.30383145442237158,0.31139470821842596,0.29082440462709891,0.39778088715447518,0.29221116455303342,0.32919149195788389,0.37859734348908264
1213,2024-2025,2024-10-19,Manchester Utd,Brentford,H,0.45789473684210524,0.22543859649122808,0.31666666666666665,0.37697503686136263,0.23812437473505918,0.38490058840357827,0.39023938895820443,0.23796210621974073,0.3717985048220549,0.50984758368069383,0.22497534580659445,0.26517707051271183,0.40273335010965139,0.25309990614449507,0.34416674374585332,0.38554563895972138,0.28747532844435514,0.32697903259592326
1214,2024-2025,2024-10-19,Newcastle,Brighton,A,0.45789473684210524,0.22543859649122808,0.31666666666666665,0.45769145936622446,0.23050557359428164,0.31180296703949384,0.46843707143082886,0.22953421563447732,0.30202871293469391,0.49520558416520716,0.22695377605367129,0.27784063978112161,0.50951019066261127,0.22644789057158918,0.26404191876579963,0.49471087786564238,0.25604651616552709,0.24924260596883069
1215,2024-2025,2024-10-19,Southampton,Leicester City,A,0.45789473684210524,0.22543859649122808,0.31666666666666665,0.30908659619238393,0.25376182224791211,0.43715158155970385,0.31074132450689423,0.25387763152009907,0.4353810439730067,0.41019375591946705,0.23381036870028565,0.35599587538024735,0.15970058552110555,0.2168367424530738,0.62346267202582051,0.14487820957506164,0.24648149434516162,0.60864029607977654
1216,2024-2025,2024-10-19,Tottenham,West Ham,H,0.45789473684210524,0.22543859649122808,0.31666666666666665,0.55064860991490239,0.2235468482144827,0.22580454187061494,0.55291154599914116,0.22285280924772319,0.22423564475313554,0.50781486607198845,0.22526369188672557,0.26692144204128604,0.60964816792141163,0.18793663596120214,0.20241519611738629,0.59874856754796424,0.20973583670809681,0.19151559574393895
1217,2024-2025,2024-10-20,Liverpool,Chelsea,H,0.45789473684210524,0.22543859649122808,0.31666666666666665,0.64945221014489518,0.17951542178481669,0.17103236807028824,0.65805413303680871,0.17732381476107187,0.16462205220211937,0.53007974553996062,0.22186598326754675,0.24805427119249263,0.56317928014733387,0.21452302210936958,0.22229769774329669,0.55289074475243416,0.23510009289916894,0.21200916234839703
1218,2024-2025,2024-10-20,Wolves,Manchester City,A,0.45789473684210524,0.22543859649122808,0.31666666666666665,0.11263955526929829,0.18022696332620586,0.70713348140449594,0.10813402485089643,0.17794501424061029,0.71392096090849322,0.18522524577071123,0.20553709795845382,0.60923765627083504,0.067925276641328983,0.11014068269234233,0.82193404066632869,0.062922853782767199,0.12014552840946589,0.81693161780776691
1219,2024-2025,2024-10-21,Nottingham,Crystal Palace,H,0.45789473684210524,0.22543859649122808,0.31666666666666665,0.48775894214288296,0.24789912176809739,0.26434193608901962,0.48055928710549994,0.24838151945860854,0.27105919343589158,0.44942414911148898,0.231645116905597,0.31893073398291405,0.36303345901291328,0.29119388837620297,0.34577265261088386,0.34883746927605952,0.3195858678499105,0.33157666287403009
1220,2024-2025,2024-10-25,Leicester City,Nottingham,A,0.45789473684210524,0.22543859649122808,0.31666666666666665,0.38575633799523862,0.29939756540316509,0.31484609660159624,0.38973280067643329,0.3001977033543613,0.31006949596920541,0.46535696438989432,0.23027215310161361,0.30437088250849215,0.39455397985504759,0.26015993835353574,0.34528608179141651,0.38307160085470549,0.28312469635421994,0.33380370279107441
1221,2024-2025,2024-10-26,Aston Villa,Bournemouth,D,0.45789473684210524,0.22543859649122808,0.31666666666666665,0.56696794826198338,0.22620209739434521,0.20682995434367146,0.56961080672214126,0.2262779071664841,0.20411128611137466,0.54960515042069358,0.2184542662458169,0.23194058333348955,0.50552731880364887,0.22943234898294929,0.26504033221340151,0.49611719785903918,0.24825259087216886,0.25563021126879171
1222,2024-2025,2024-10-26,Brentford,Ipswich Town,H,0.45789473684210524,0.22543859649122808,0.31666666666666665,0.50807243067852026,0.26978583663744043,0.22214173268403919,0.50371678835598399,0.27099915889931775,0.22528405274469823,0.45903009486755469,0.23085088446170965,0.31011902067073566,0.70229347702385025,0.18046018056482999,0.11724634241131987,0.69462711555204215,0.19579290350844605,0.10957998093951185
1223,2024-2025,2024-10-26,Brighton,Wolves,D,0.45789473684210524,0.22543859649122808,0.31666666666666665,0.66403605826731604,0.21250198698643796,0.12346195474624594,0.66167820239408781,0.21253910490619859,0.12578269269971354,0.56850409317545714,0.21476846442771413,0.21672744239682859,0.59919040740928431,0.20297720870277269,0.19783238388794286,0.59104015606726457,0.21927771138681218,0.18968213254592312
1224,2024-2025,2024-10-26,Everton,Fulham,D,0.45789473684210524,0.22543859649122808,0.31666666666666665,0.38177810869731421,0.28256595802961104,0.33565593327307469,0.38054592111314967,0.28262327117008346,0.33683080771676693,0.4259055822162891,0.23315392042163782,0.3409404973620731,0.32013168994415381,0.2721343016413556,0.40773400841449059,0.30861066711813395,0.29517634729339531,0.39621298558847073
1225,2024-2025,2024-10-26,Manchester City,Southampton,H,0.45789473684210524,0.22543859649122808,0.31666666666666665,0.81978546156858612,0.1262730970072998,0.053941441424113994,0.83117432172864081,0.12079129635651474,0.048034381914844576,0.71620071880260916,0.17263900984302599,0.11116027135436479,0.9416574906195454,0.043619197278961977,0.014723312101492502,0.93982541263571229,0.04728335324662819,0.012891234117659396
1226,2024-2025,2024-10-27,Arsenal,Liverpool,D,0.45789473684210524,0.22543859649122808,0.31666666666666665,0.48416551549365927,0.18871925379109697,0.32711523071524379,0.49744822941719946,0.18883035494529982,0.31372141563750078,0.46225165630611553,0.2305616991658668,0.30718664452801764,0.40466292391444936,0.28123602282800336,0.31410105325754739,0.38927597905398198,0.31200991254893812,0.29871410839708007
1227,2024-2025,2024-10-27,Chelsea,Newcastle,H,0.45789473684210524,0.22543859649122808,0.31666666666666665,0.55240270983331841,0.20014162467224567,0.24745566549443598,0.55123902764088206,0.20134955369370056,0.24741141866541741,0.47122150888613207,0.22969652591671982,0.29908196519714814,0.52367298966270059,0.20895428266639554,0.26737272767090398,0.51364023499668754,0.22901979199842165,0.25733997300489087
1228,2024-2025,2024-10-27,Crystal Palace,Tottenham,H,0.45789473684210524,0.22543859649122808,0.31666666666666665,0.22071945866012913,0.22669947802430956,0.55258106331556134,0.22959507056695075,0.22893007903380791,0.54147485039924137,0.35545513310236326,0.23379192107255301,0.41075294582508382,0.28330021510269582,0.24011880804435976,0.47658097685294454,0.27017198562797939,0.2663752669937926,0.46345274737822811
1229,2024-2025,2024-10-27,West Ham,Manchester Utd,H,0.45789473684210524,0.22543859649122808,0.31666666666666665,0.3510964102790507,0.2355106523400009,0.4133929373809484,0.34835707361590335,0.2358146261178673,0.41582830026622936,0.38299420019452646,0.23425997421287245,0.38274582559260106,0.34400232266028141,0.25141950986811928,0.40457816747159941,0.33014860801392398,0.2791269391608342,0.39072445282524193
1230,2024-2025,2024-11-02,Bournemouth,Manchester City,H,0.45789473684210524,0.22543859649122808,0.31666666666666665,0.24412519459906379,0.20237954419031573,0.55349526121062043,0.23224967017768264,0.20001813970504043,0.56773219011727694,0.23511187376893233,0.21916458890395732,0.54572353732711043,0.16444620104662716,0.22068128888378713,0.61487251006958565,0.15480194757940233,0.23996979581823694,0.60522825660236079
1231,2024-2025,2024-11-02,Ipswich Town,Leicester City,D,0.45789473684210524,0.22543859649122808,0.31666666666666665,0.37059905777469421,0.26497753007762764,0.36442341214767815,0.37559842149411898,0.26503997002798863,0.35936160847789245,0.42540721549278343,0.2331791110150902,0.34141367349212637,0.27958759235096181,0.20609318480629732,0.5143192228427409,0.27215036328236369,0.22096764294349339,0.50688199377414289
1232,2024-2025,2024-11-02,Liverpool,Brighton,H,0.45789473684210524,0.22543859649122808,0.31666666666666665,0.68927596062179508,0.16261778304808691,0.14810625633011801,0.69822541788525017,0.1603751223980541,0.14139945971669568,0.58676259644498086,0.21084875696268426,0.20238864659233488,0.66606330324346841,0.19693940130543874,0.13699729545109282,0.65744812942680597,0.21416974893876384,0.12838212163443033
1233,2024-2025,2024-11-02,Newcastle,Arsenal,H,0.45789473684210524,0.22543859649122808,0.31666666666666665,0.29551317069798622,0.20756044635549722,0.49692638294651648,0.29220782913462234,0.20718884370809967,0.50060332715727807,0.31810157097723607,0.23157511309460749,0.45032331592815639,0.22683700884756608,0.23255694162976029,0.54060604952267366,0.21672652414918264,0.25277791102652702,0.53049556482429017
1234,2024-2025,2024-11-02,Nottingham,West Ham,H,0.45789473684210524,0.22543859649122808,0.31666666666666665,0.45464343780023531,0.25963769224706729,0.28571886995269741,0.45328896122040646,0.25942296876032245,0.2872880700192712,0.44840031715871809,0.23172373090022833,0.31987595194105362,0.49461763985307106,0.24203124143058125,0.26335111871634759,0.48410418588047854,0.26305814937576649,0.25283766474375502
1235,2024-2025,2024-11-02,Southampton,Everton,H,0.45789473684210524,0.22543859649122808,0.31666666666666665,0.33115919927600213,0.28110701916789776,0.38773378155610005,0.33241057188859718,0.2804944471600655,0.38709498095133732,0.40227284441802508,0.23403225821855378,0.36369489736342125,0.22505243849489481,0.28839545596433014,0.48655210554077494,0.2133807893142298,0.31173875432566012,0.47488045636010995
1236,2024-2025,2024-11-02,Wolves,Crystal Palace,D,0.45789473684210524,0.22543859649122808,0.31666666666666665,0.28726632530750867,0.2941977204384213,0.41853595425406998,0.2877651064834485,0.29521802986160223,0.41701686365494928,0.39878228050236048,0.23410651798078574,0.36711120151685367,0.30636139705847265,0.25399525021673841,0.43964335272478883,0.29527832944709381,0.27616138543949603,0.42856028511341004
1237,2024-2025,2024-11-03,Manchester Utd,Chelsea,D,0.45789473684210524,0.22543859649122808,0.31666666666666665,0.30939325981573845,0.21130896046384065,0.47929777972042081,0.31945487375284159,0.21216911401923771,0.46837601222792075,0.40486674315829208,0.233967728707938,0.36116552813377001,0.26680347452970449,0.22992792493707401,0.50326860053322142,0.26057928235011879,0.24237630929624551,0.49704440835363567
1238,2024-2025,2024-11-03,Tottenham,Aston Villa,H,0.45789473684210524,0.22543859649122808,0.31666666666666665,0.50302333222665463,0.22198042098216109,0.27499624679118417,0.49875891679261869,0.22269126237321574,0.27854982083416557,0.40445275375576434,0.23397856049948307,0.3615686857447527,0.50775238395597644,0.21195926184804692,0.2802883541959767,0.50260551718583835,0.22225299538832305,0.27514148742583866
1239,2024-2025,2024-11-04,Fulham,Brentford,H,0.45789473684210524,0.22543859649122808,0.31666666666666665,0.4112428901580133,0.26477190502012582,0.32398520482186083,0.40916378351806104,0.26450465002051199,0.32633156646142686,0.46809860395279773,0.23000773108654649,0.30189366496065578,0.46478430088074368,0.22151763924848764,0.31369805987076854,0.45823112592130782,0.23462398916735941,0.30714488491133263
1240,2024-2025,2024-11-09,Brentford,Bournemouth,H,0.45789473684210524,0.22543859649122808,0.31666666666666665,0.36674467626336782,0.30500079176445533,0.32825453197217691,0.35867499778097611,0.30557475346813356,0.33575024875089032,0.41096351675447002,0.23378487964502848,0.3552516036005014,0.38832950960186802,0.23431163927414417,0.3773588511239877,0.38101097132083173,0.24894871583621681,0.37004031284295147
1241,2024-2025,2024-11-09,Brighton,Manchester City,H,0.45789473684210524,0.22543859649122808,0.31666666666666665,0.30538718788757646,0.21195223379603381,0.48266057831638975,0.29238386234126257,0.21089507576646505,0.49672106189227233,0.27149698853340515,0.22599582152594261,0.50250718994065224,0.2091578868758795,0.22296478844771939,0.56787732467640117,0.20180721855689107,0.23766612508569623,0.56052665635741283
1242,2024-2025,2024-11-09,Crystal Palace,Fulham,A,0.45789473684210524,0.22543859649122808,0.31666666666666665,0.33758555851825145,0.2534630753486789,0.40895136613306959,0.34138917059129514,0.25371095603415345,0.40489987337455141,0.41261914321317555,0.2337277128051877,0.35365314398163672,0.41949546304753871,0.27411970370229877,0.30638483325016236,0.41042807036528961,0.29225448906679707,0.29731744056791326
1243,2024-2025,2024-11-09,Liverpool,Aston Villa,H,0.45789473684210524,0.22543859649122808,0.31666666666666665,0.69124250960676425,0.16435825876328403,0.1443992316299518,0.69484411918336086,0.16365518845214994,0.1415006923644892,0.547822339006524,0.21878249078082931,0.23339517021264666,0.69714124597449001,0.17280356759508089,0.13005518643042918,0.6915778445615608,0.18393037042093921,0.12449178501750001
1244,2024-2025,2024-11-09,West Ham,Everton,D,0.45789473684210524,0.22543859649122808,0.31666666666666665,0.48033598991412768,0.24927718180479261,0.27038682828107979,0.48452041090791753,0.24849476532484518,0.26698482376723748,0.46993844215663477,0.22982567544416932,0.30023588239919585,0.45990875512562146,0.25492045303154393,0.2851707918428345,0.45141339508168432,0.27191117311941826,0.27667543179889736
1245,2024-2025,2024-11-09,Wolves,Southampton,H,0.45789473684210524,0.22543859649122808,0.31666666666666665,0.37655119271177911,0.27387118385108938,0.34957762343713145,0.38357451223549338,0.27482325382381489,0.34160223394069167,0.4327266155502793,0.23278066310573645,0.33449272134398411,0.60172461847809766,0.21496229392291097,0.18331308759899156,0.59460601954144787,0.22919949179621049,0.17619448866234183
1246,2024-2025,2024-11-10,Chelsea,Arsenal,D,0.45789473684210524,0.22543859649122808,0.31666666666666665,0.44600585348295974,0.19937607874818569,0.35461806776885457,0.44082013046868912,0.20036554865961223,0.35881432087169862,0.36797000797635521,0.23412286548458291,0.39790712653906191,0.33535756592144472,0.23481518576891064,0.42982724830964469,0.32592801408544941,0.25367428944090131,0.42039769647364938
1247,2024-2025,2024-11-10,Manchester Utd,Leicester City,H,0.45789473684210524,0.22543859649122808,0.31666666666666665,0.48115858997136723,0.22524470934545499,0.29359670068317784,0.49696563552534556,0.22374480799903335,0.2792895564756212,0.50587802495204359,0.22553433950277954,0.26858763554517689,0.53129257515271555,0.23049734306043018,0.23821008178685418,0.52166392848545196,0.24975463639495749,0.22858143511959053
1248,2024-2025,2024-11-10,Nottingham,Newcastle,A,0.45789473684210524,0.22543859649122808,0.31666666666666665,0.4337926288627742,0.25177647624944827,0.31443089488777759,0.41900204781492584,0.25329414336049477,0.32770380882457956,0.39362929175949213,0.23418960945003214,0.37218109879047573,0.38647718578967488,0.27673841126872895,0.33678440294159623,0.37483143217726544,0.30002991849354782,0.32513864932918679
1249,2024-2025,2024-11-10,Tottenham,Ipswich Town,A,0.45789473684210524,0.22543859649122808,0.31666666666666665,0.70498989937026835,0.19201085168421039,0.10299924894552127,0.70204905004402107,0.19345594521993401,0.10449500473604496,0.54852947333223412,0.21865270543941479,0.23281782122835115,0.82850555565172646,0.10723726454712509,0.064257179801148451,0.82435872672837784,0.11553092239382214,0.060110350877799923
1250,2024-2025,2024-11-23,Arsenal,Nottingham,H,0.45789473684210524,0.22543859649122808,0.31666666666666665,0.58309391267628619,0.24156659567967972,0.17533949164403415,0.60257811730053301,0.23625664657042861,0.16116523612903838,0.6195274679081636,0.20292464606229879,0.17754788602953761,0.64182275778419706,0.21687125420778838,0.14130598800801478,0.63171261241974186,0.23709154493669873,0.13119584264355957
1251,2024-2025,2024-11-23,Aston Villa,Crystal Palace,D,0.45789473684210524,0.22543859649122808,0.31666666666666665,0.57907012073959896,0.22326151644779649,0.19766836281260466,0.58538191630228331,0.22205488892004641,0.19256319477767039,0.55957326468763235,0.21655723721271369,0.22386949809965401,0.49124968214284065,0.2453854627518611,0.26336485510529845,0.47971115409863357,0.26846251884027517,0.25182632706109143
1252,2024-2025,2024-11-23,Bournemouth,Brighton,A,0.45789473684210524,0.22543859649122808,0.31666666666666665,0.38773742703505881,0.25748491424448855,0.35477765872045269,0.38630892058326477,0.25759696094765805,0.35609411846907713,0.41215123686627125,0.23374419317644915,0.35410456995727962,0.3975716516975083,0.25251976300432571,0.3499085852981661,0.38575604025944366,0.27615098588045478,0.33809297386010145
1253,2024-2025,2024-11-23,Everton,Brentford,D,0.45789473684210524,0.22543859649122808,0.31666666666666665,0.35107914328237516,0.26870960822541989,0.38021124849220506,0.34905559992214474,0.26818200127808517,0.38276239879977003,0.43180139490449077,0.23283439582454063,0.33536420927096855,0.32398216809491165,0.25417852906544913,0.42183930283963905,0.31203902827194063,0.27806480871139122,0.40989616301666798
1254,2024-2025,2024-11-23,Fulham,Wolves,A,0.45789473684210524,0.22543859649122808,0.31666666666666665,0.56670203830074473,0.24946139644913093,0.18383656525012435,0.56973958530602531,0.24794521039870351,0.18231520429527118,0.54076924767349444,0.22004808957973357,0.23918266274677188,0.58833099575548153,0.2051792643793377,0.20648973986518063,0.57923567730350767,0.22336990128328529,0.19739442141320684
1255,2024-2025,2024-11-23,Leicester City,Chelsea,A,0.45789473684210524,0.22543859649122808,0.31666666666666665,0.31381035425781717,0.22055274987809789,0.46563689586408497,0.30473054041222486,0.21949359403449062,0.47577586555328449,0.3409877318541118,0.2331564485075735,0.42585581963831465,0.15741159045624406,0.16346716200107403,0.67912124754268177,0.15118264428504416,0.17592505434347391,0.67289230137148193
1256,2024-2025,2024-11-23,Manchester City,Tottenham,A,0.45789473684210524,0.22543859649122808,0.31666666666666665,0.611910509911333,0.18417979916367677,0.20390969092499034,0.62889167334496698,0.18110774822629089,0.19000057842874216,0.60505546272784316,0.20656637620456775,0.18837816106758917,0.62518549339676388,0.19106146723617135,0.18375303936706464,0.61692817588066695,0.20757610226836531,0.17549572185096768
1257,2024-2025,2024-11-24,Ipswich Town,Manchester Utd,D,0.45789473684210524,0.22543859649122808,0.31666666666666665,0.30668748548006086,0.27010888024338869,0.42320363427655039,0.30189269787661277,0.27007801824799099,0.42802928387539618,0.3753279283471932,0.23422501630099152,0.39044705535181523,0.24337860050821683,0.25161940686824935,0.50500199262353396,0.23044926451339842,0.27747807885788611,0.49207265662871563
1258,2024-2025,2024-11-24,Southampton,Liverpool,A,0.45789473684210524,0.22543859649122808,0.31666666666666665,0.13826784576491877,0.17727853677991914,0.68445361745516198,0.13055942048795727,0.17394994972215186,0.69549062978989096,0.2159533731130403,0.21456821556985867,0.56947841131710097,0.05045577603456064,0.14275951105686563,0.8067847129085739,0.043744426568171381,0.15618220998964416,0.8000733634421846
1259,2024-2025,2024-11-25,Newcastle,West Ham,A,0.45789473684210524,0.22543859649122808,0.31666666666666665,0.5606620547571155,0.23784504232331707,0.20149290291956737,0.56881179776676172,0.23584008191752739,0.19534812031571097,0.53681225444182146,0.22073511321982817,0.24245263233835038,0.66598678594151173,0.18397114787595759,0.15004206618253055,0.65647922360866529,0.20298627254165041,0.14053450384968411
1260,2024-2025,2024-11-29,Brighton,Southampton,D,0.45789473684210524,0.22543859649122808,0.31666666666666665,0.66040428533293005,0.20245971786057376,0.1371359968064963,0.66586531755812528,0.20099700968532905,0.1331376727565457,0.57801989525931252,0.21276970427091824,0.20921040046976919,0.71967204459590151,0.17488692226402688,0.10544103314007153,0.71035083970559598,0.1935293320446379,0.096119828249766004
1261,2024-2025,2024-11-30,Brentford,Leicester City,H,0.45789473684210524,0.22543859649122808,0.31666666666666665,0.51230241499795337,0.26251912041281228,0.22517846458923446,0.50940294770243488,0.26341382364859278,0.22718322864897231,0.47224443289186502,0.22959227521327441,0.29816329189486052,0.59382799703283984,0.18863868148400079,0.21753332148315935,0.58488877168687892,0.20651713217592263,0.20859409613719843
1262,2024-2025,2024-11-30,Crystal Palace,Newcastle,D,0.45789473684210524,0.22543859649122808,0.31666666666666665,0.35122728623172533,0.24238643312538502,0.40638628064288967,0.34864105986491439,0.24255836122294502,0.4088005789121405,0.36237876697891719,0.23399969821271624,0.40362153480836654,0.3152634597838877,0.27027784530324062,0.41445869491287157,0.29954729938461944,0.30171016610177703,0.39874253451360336
1263,2024-2025,2024-11-30,Nottingham,Ipswich Town,H,0.45789473684210524,0.22543859649122808,0.31666666666666665,0.55420655150117004,0.20925089839959482,0.23654255009923511,0.55399896565495621,0.20947389363267568,0.23652714071236808,0.46413895262189042,0.2303869845875994,0.3054740627905102,0.55244692549789365,0.2368266283535862,0.21072644614852024,0.53863180487424434,0.26445686960088477,0.19691132552487092
1264,2024-2025,2024-11-30,West Ham,Arsenal,A,0.45789473684210524,0.22543859649122808,0.31666666666666665,0.25756841866009972,0.20645677939326298,0.53597480194663727,0.24643207450661297,0.20476760891681384,0.54880031657657313,0.28309232792912153,0.22769762247660089,0.48921004959427766,0.13551480759141646,0.19076509049403986,0.67372010191454379,0.12442286743823841,0.2129489708003959,0.66262816176136574
1265,2024-2025,2024-11-30,Wolves,Bournemouth,A,0.45789473684210524,0.22543859649122808,0.31666666666666665,0.38452391034486133,0.29474430024557313,0.32073178940956565,0.38148295766785922,0.29548398759031258,0.32303305474182825,0.4051950748613552,0.23395899442518672,0.36084593071345811,0.38576972679097732,0.22758380287340282,0.38664647033561977,0.37379084730195639,0.25154156185144483,0.37466759084659884
1266,2024-2025,2024-12-01,Chelsea,Aston Villa,H,0.45789473684210524,0.22543859649122808,0.31666666666666665,0.52603717010470197,0.22598335956003843,0.24797947033525963,0.53135297937088444,0.22579933497743226,0.24284768565168324,0.47718220671331102,0.22907302537498828,0.29374476791170062,0.59281358450989119,0.19279347925243462,0.21439293623767416,0.58363603485654791,0.21114857855912122,0.20521538658433086
1267,2024-2025,2024-12-01,Liverpool,Manchester City,H,0.45789473684210524,0.22543859649122808,0.31666666666666665,0.66807827000462305,0.15130192617219623,0.18061980382318074,0.66277961809322883,0.15279595053530451,0.18442443137146675,0.45880899204587,0.23087031276306114,0.31032069519106892,0.50386616793332328,0.23728155135320311,0.25885228071347355,0.49078307558771711,0.26344773604441546,0.24576918836786737
1268,2024-2025,2024-12-01,Manchester Utd,Everton,H,0.45789473684210524,0.22543859649122808,0.31666666666666665,0.55164173668340244,0.21754784821566034,0.23081041510093719,0.55973659435290624,0.2159961850881226,0.22426722055897122,0.52937439050114921,0.22198168753674211,0.24864392196210872,0.47521357303140938,0.31743894698656711,0.20734747998202332,0.46076045444459629,0.34634518416019322,0.1928943613952103
1269,2024-2025,2024-12-01,Tottenham,Fulham,D,0.45789473684210524,0.22543859649122808,0.31666666666666665,0.60154838647023212,0.23316447493196862,0.1652871385977992,0.59721807367019653,0.23471125885412342,0.16807066747568009,0.49899844205688282,0.22646328567454521,0.27453827226857203,0.6374474359906741,0.1876066699095329,0.17494589409979305,0.62781950605400805,0.2068625297828649,0.16531796416312705
1270,2024-2025,2024-12-03,Ipswich Town,Crystal Palace,A,0.45789473684210524,0.22543859649122808,0.31666666666666665,0.42317080303926824,0.24931793698418642,0.32751125997654534,0.4217906770335238,0.24944107297775836,0.32876824998871773,0.44547632987187752,0.23194181258726274,0.32258185754085988,0.2784081395005662,0.27670993973920538,0.44488192076022831,0.26082687532402105,0.31187246809229568,0.42730065658368316
1271,2024-2025,2024-12-03,Leicester City,West Ham,H,0.45789473684210524,0.22543859649122808,0.31666666666666665,0.367180215785741,0.28019181728707837,0.35262796692718068,0.36476342383385102,0.27985299911236794,0.3553835770537811,0.4160466206469694,0.23359922445003281,0.35035415490299771,0.34388120174995063,0.2147197841005172,0.44139901414953242,0.33240319924980954,0.23767578910079937,0.42992101164939134
1272,2024-2025,2024-12-04,Arsenal,Manchester Utd,H,0.45789473684210524,0.22543859649122808,0.31666666666666665,0.6280215622774844,0.20805556262062902,0.16392287510188649,0.63444725020476633,0.20688520158519366,0.15866754821003998,0.57445044860518035,0.21353068772752073,0.21201886366729902,0.62901130445886089,0.21531552116342306,0.15567317437771602,0.61609781285783316,0.24114250436547857,0.1427596827766883
1273,2024-2025,2024-12-04,Aston Villa,Brentford,H,0.45789473684210524,0.22543859649122808,0.31666666666666665,0.40616563636488795,0.27458032021455464,0.31925404342055735,0.41299114695758282,0.27439389731814212,0.31261495572427506,0.51350490870784427,0.224445464423669,0.26204962686848665,0.4424183486154406,0.21053328357550882,0.34704836780905035,0.43241766044773439,0.23053465991092123,0.33704767964134419
1274,2024-2025,2024-12-04,Everton,Wolves,H,0.45789473684210524,0.22543859649122808,0.31666666666666665,0.45156706524727014,0.26608059779655124,0.28235233695617851,0.45895008225671141,0.26382220041553828,0.27722771732775026,0.47384425220738668,0.22942694482318224,0.29672880296943094,0.30958144504267593,0.25805819577228156,0.4323603591850424,0.29409726678370129,0.28902655229023078,0.41687618092606776
1275,2024-2025,2024-12-04,Manchester City,Nottingham,H,0.45789473684210524,0.22543859649122808,0.31666666666666665,0.53308503906534099,0.24649328936039799,0.22042167157426096,0.55469668042720277,0.24271515199690211,0.2025881675758951,0.62178616353418203,0.20233590683687311,0.17587792962894486,0.58714586601488694,0.22702784685214164,0.18582628713297122,0.57351491914254316,0.25428974059682913,0.17219534026062749
1276,2024-2025,2024-12-04,Newcastle,Liverpool,D,0.45789473684210524,0.22543859649122808,0.31666666666666665,0.27307838169905019,0.19947618008084941,0.52744543822010037,0.27462430666161058,0.20047779784334582,0.52489789549504362,0.30777819764835679,0.23062104830169236,0.46160075404995082,0.22085382259442121,0.24605663951611684,0.53308953788946223,0.20609647077310703,0.27557134315874521,0.51833218606814802
1277,2024-2025,2024-12-04,Southampton,Chelsea,A,0.45789473684210524,0.22543859649122808,0.31666666666666665,0.20304440300121079,0.22467671322908128,0.57227888376970792,0.19633138188651814,0.22242974464710644,0.58123887346637548,0.28143801458508921,0.22746805900930389,0.4910939264056069,0.10920634193343176,0.17302140361604315,0.71777225445052517,0.098833281396633582,0.19376752468963948,0.70739919391372696
1278,2024-2025,2024-12-05,Bournemouth,Tottenham,H,0.45789473684210524,0.22543859649122808,0.31666666666666665,0.3401017634137698,0.26879230973484286,0.3911059268513874,0.34134435816650333,0.26919346439031722,0.38946217744317935,0.40010583115776704,0.23408006291627581,0.36581410592595714,0.31967669069173837,0.22865261246054561,0.45167069684771605,0.30730691190216713,0.25339217003968806,0.43930091805814486
1279,2024-2025,2024-12-05,Fulham,Brighton,H,0.45789473684210524,0.22543859649122808,0.31666666666666665,0.38759723817069175,0.25088675429729973,0.36151600753200852,0.38565177294744085,0.25107162937944105,0.36327659767311804,0.4123612656374121,0.23373682721054162,0.35390190715204617,0.3712562744318601,0.25806779150092823,0.37067593406721172,0.35622585593610073,0.28812862849244697,0.35564551557145241
1280,2024-2025,2024-12-07,Aston Villa,Southampton,H,0.45789473684210524,0.22543859649122808,0.31666666666666665,0.63943125584593918,0.22239611479336976,0.13817262936069105,0.64983818891412837,0.21900364438568007,0.13115816670019145,0.59330695246713783,0.20935769488275066,0.19733535265011157,0.72794006507667786,0.1619658415131171,0.11009409341020485,0.72032520764853547,0.17719555636940187,0.10247923598206245
1281,2024-2025,2024-12-07,Brentford,Newcastle,H,0.45789473684210524,0.22543859649122808,0.31666666666666665,0.40559328854010784,0.28421081539595788,0.31019589606393438,0.39328488526116229,0.28525578316430089,0.32145933157453682,0.38192985037694044,0.23425944252297984,0.38381070710007958,0.3708766240285033,0.22260530013362617,0.40651807583787036,0.36153319541133327,0.24129215736796633,0.39717464722070028
1282,2024-2025,2024-12-07,Crystal Palace,Manchester City,D,0.45789473684210524,0.22543859649122808,0.31666666666666665,0.26718845217577947,0.19206981601048592,0.54074173181373453,0.25641010808506698,0.19047426210381513,0.55311562981111784,0.26210878490036887,0.22445564233311954,0.51343557276651153,0.24786268427416852,0.25913959033090922,0.49299772539492237,0.23545441184641025,0.28395613518642582,0.48058945296716404
1283,2024-2025,2024-12-07,Manchester Utd,Nottingham,A,0.45789473684210524,0.22543859649122808,0.31666666666666665,0.49821132447653338,0.23684835711100014,0.26494031841246646,0.50218140960466462,0.23653516103295513,0.26128342936238014,0.50730319613507791,0.22533557974790969,0.26736122411701252,0.49721669914462202,0.27473770964437028,0.22804559121100776,0.48451498315620123,0.3001411416212118,0.21534387522258697
1284,2024-2025,2024-12-08,Fulham,Arsenal,D,0.45789473684210524,0.22543859649122808,0.31666666666666665,0.30563454925404632,0.21827686169621852,0.47608858904973522,0.29490261973705861,0.21749164580171068,0.48760573446123062,0.29082221215051274,0.22871320406809159,0.48046458378139578,0.18110008498528316,0.22108928826196206,0.59781062675275465,0.17184167675016146,0.23960610473220548,0.58855221851763295
1285,2024-2025,2024-12-08,Ipswich Town,Bournemouth,A,0.45789473684210524,0.22543859649122808,0.31666666666666665,0.31231687938277441,0.24906566111667841,0.4386174595005472,0.30921369200721693,0.2489905435643085,0.44179576442847457,0.38551558505145311,0.23425570813708357,0.38022870681146337,0.2254068234415329,0.25492351235768157,0.51966966420078564,0.21479529575229561,0.2761465677361562,0.5090581365115483
1286,2024-2025,2024-12-08,Leicester City,Brighton,D,0.45789473684210524,0.22543859649122808,0.31666666666666665,0.33279661960237178,0.30380861424442995,0.36339476615319832,0.3260619248842701,0.30377012577308399,0.37016794934264602,0.37864570766416183,0.23424903682568501,0.38710525551015312,0.31055774346820642,0.22603551332224012,0.4634067432095535,0.3018530117566845,0.24344497674528395,0.45470201149803163
1287,2024-2025,2024-12-08,Tottenham,Chelsea,A,0.45789473684210524,0.22543859649122808,0.31666666666666665,0.43268562328171162,0.23368165134659852,0.33363272537168981,0.42696809362125748,0.23437507513408304,0.33865683124465956,0.38086112849101744,0.23425751140984818,0.38488136009913437,0.39034940731891404,0.22626235949478138,0.38338823318630449,0.38186720874432195,0.24322675664396562,0.3749060346117124
1288,2024-2025,2024-12-09,West Ham,Wolves,H,0.45789473684210524,0.22543859649122808,0.31666666666666665,0.49525144589631276,0.2509863571543382,0.25376219694934887,0.50471264593028875,0.24869576070599744,0.24659159336371378,0.50299392357993811,0.225929935207558,0.27107614121250395,0.49460028001642198,0.20001030160188171,0.30538941838169648,0.48779400062028822,0.21362286039414913,0.29858313898556277
1289,2024-2025,2024-12-14,Arsenal,Everton,D,0.45789473684210524,0.22543859649122808,0.31666666666666665,0.75099042461870458,0.15676028174539125,0.092249293635904034,0.75854858542505399,0.1540179903722953,0.087433424202650614,0.65372429665645893,0.19341550436920837,0.15286019897433276,0.74829687655003829,0.17636471254489627,0.075338410905065475,0.74076323919003029,0.19143198726491228,0.06780477354505747
1290,2024-2025,2024-12-14,Liverpool,Fulham,D,0.45789473684210524,0.22543859649122808,0.31666666666666665,0.73535474510007781,0.14651137381059512,0.11813388108932706,0.74153936874943949,0.14486107761631214,0.11359955363424838,0.61783792175909391,0.20336142969181378,0.17880064854909222,0.68095971864511196,0.18673212571071218,0.132308155644176,0.67243212695773957,0.20378730908545695,0.12378056395680362
1291,2024-2025,2024-12-14,Newcastle,Leicester City,H,0.45789473684210524,0.22543859649122808,0.31666666666666665,0.54978521439727324,0.21097294089383856,0.23924184470888815,0.56215539205147502,0.20928696737337463,0.22855764057515032,0.52817894367933049,0.22217658219812694,0.24964447412254256,0.65330961370304608,0.17591601342710284,0.17077437286985114,0.64639059034776303,0.18975406013766893,0.16385534951456807
1292,2024-2025,2024-12-14,Nottingham,Aston Villa,H,0.45789473684210524,0.22543859649122808,0.31666666666666665,0.35259675242539995,0.27434120843703286,0.37306203913756708,0.35097046681531863,0.27470119174988433,0.37432834143479704,0.38192507570125189,0.23425943701110466,0.38381548728764348,0.41260443750066383,0.2530332098539077,0.33436235264542846,0.40106365441484637,0.27611477602554257,0.322821569559611
1293,2024-2025,2024-12-14,Wolves,Ipswich Town,A,0.45789473684210524,0.22543859649122808,0.31666666666666665,0.44788123405779962,0.24502706303036428,0.30709170291183618,0.4531056196407211,0.24527876011500113,0.30161562024427768,0.4300999469326075,0.23293067042848076,0.33696938263891169,0.54292146927008134,0.21990192297428188,0.23717660775563687,0.53326102193149338,0.23922281765145767,0.22751616041704895
1294,2024-2025,2024-12-15,Brighton,Crystal Palace,A,0.45789473684210524,0.22543859649122808,0.31666666666666665,0.53268757178668424,0.24425307110756456,0.2230593571057512,0.53361981363419886,0.2443493923803727,0.22203079398542852,0.50391341436275183,0.22580477835853116,0.27028180727871687,0.44297044696715637,0.2667003977910386,0.29032915524180525,0.43011517115225206,0.29241094942084711,0.27747387942690099
1295,2024-2025,2024-12-15,Chelsea,Brentford,H,0.45789473684210524,0.22543859649122808,0.31666666666666665,0.62517824534645583,0.21070095788437962,0.16412079676916455,0.63020713113712579,0.20985254332144895,0.15994032554142529,0.57150133606025688,0.2141492429533581,0.21434942098638504,0.70656350549380653,0.14609867117315206,0.14733782333304121,0.70177875380947941,0.15566817454180629,0.14255307164871409
1296,2024-2025,2024-12-15,Manchester City,Manchester Utd,A,0.45789473684210524,0.22543859649122808,0.31666666666666665,0.60111249817520496,0.21332369873858217,0.18556380308621287,0.61134249197634505,0.211273890860258,0.17738361716339701,0.58870465417667339,0.21041103270687894,0.20088431311644761,0.58760224271665096,0.2175074251103539,0.19489033217299517,0.57719965283185293,0.23831260487995007,0.18448774228819706
1297,2024-2025,2024-12-15,Southampton,Tottenham,A,0.45789473684210524,0.22543859649122808,0.31666666666666665,0.19053213874642072,0.20986279526537283,0.59960506598820651,0.18821009505462666,0.20884719152149128,0.60294271342388195,0.33473131667649392,0.23279547654929425,0.43247320677421197,0.12133986559806997,0.1782322538932595,0.70042788050867055,0.11277559309797776,0.1953607988934439,0.69186360800857838
1298,2024-2025,2024-12-16,Bournemouth,West Ham,D,0.45789473684210524,0.22543859649122808,0.31666666666666665,0.52374612311226909,0.2486897293037528,0.22756414758397817,0.5238910131655673,0.24874611005490216,0.22736287677953052,0.48800744382388728,0.22784217052803632,0.28415038564807632,0.57047420264906989,0.21265180236336975,0.21687399498756027,0.56138000763861529,0.23084019238427908,0.20777979997710561
1299,2024-2025,2024-12-21,Aston Villa,Manchester City,H,0.45789473684210524,0.22543859649122808,0.31666666666666665,0.43449701269444901,0.18725496901578897,0.37824801828976212,0.42478995308982376,0.18778590860755642,0.38742413830261985,0.35438630409476474,0.23375434454385091,0.41185935136138446,0.28588773092369962,0.22491327244678913,0.48919899662951144,0.2752923209601687,0.24610409237385092,0.47860358666598052
1300,2024-2025,2024-12-21,Brentford,Nottingham,A,0.45789473684210524,0.22543859649122808,0.31666666666666665,0.39396025545656754,0.31482679803226415,0.29121294651116836,0.38662828872022331,0.31612087027127622,0.29725084100850041,0.42745021718343806,0.23307404066395485,0.33947574215260695,0.46484505188458969,0.22865539306058816,0.30649955505482218,0.45404688913647362,0.25025171855682043,0.29570139230670611
1301,2024-2025,2024-12-21,Crystal Palace,Arsenal,A,0.45789473684210524,0.22543859649122808,0.31666666666666665,0.30040885385222343,0.2095089679747385,0.49008217817303795,0.29736539024321418,0.20955933057173051,0.49307527918505534,0.27931293609221869,0.22716676619308476,0.49352029771469658,0.19959572566380776,0.25873135594995844,0.54167291838623388,0.18687724021212437,0.2841683268533251,0.52895443293455047
1302,2024-2025,2024-12-21,Ipswich Town,Newcastle,A,0.45789473684210524,0.22543859649122808,0.31666666666666665,0.2933796958745527,0.25602000806680286,0.45060029605864449,0.28332763179677095,0.25519506888691057,0.46147729931631837,0.34974303968636905,0.23357386284069762,0.41668309747293331,0.20873530536476975,0.23015902606081395,0.56110566857441635,0.19712367360382102,0.25338228958271136,0.54949403681346753
1303,2024-2025,2024-12-21,West Ham,Brighton,D,0.45789473684210524,0.22543859649122808,0.31666666666666665,0.38386836628312865,0.24631176020142032,0.36981987351545104,0.3840225766474632,0.24649395670755839,0.3694834666449785,0.41709885269314539,0.23355704288428625,0.34934410442256836,0.37718544081863042,0.23338224755557799,0.38943231162579151,0.36617870702406424,0.25539571514471054,0.37842557783122521
1304,2024-2025,2024-12-22,Everton,Chelsea,D,0.45789473684210524,0.22543859649122808,0.31666666666666665,0.25167733359529221,0.24057560100597211,0.50774706539873571,0.25026537942826227,0.23999488931023696,0.50973973126150085,0.30015827850794424,0.22981705242087394,0.4700246690711819,0.17957846144353223,0.23700877294714479,0.58341276560932287,0.16680582594501053,0.26255404394418819,0.57064013011080117
1305,2024-2025,2024-12-22,Fulham,Southampton,D,0.45789473684210524,0.22543859649122808,0.31666666666666665,0.63767777709776052,0.19752512939745837,0.16479709350478111,0.64766455322303007,0.19499180412574327,0.1573436426512268,0.57317578929447155,0.21379916787825543,0.21302504282727291,0.75202370630616711,0.16299870308999706,0.084977590603835626,0.74321666928051755,0.18061277714129648,0.076170553578185904
1306,2024-2025,2024-12-22,Leicester City,Wolves,A,0.45789473684210524,0.22543859649122808,0.31666666666666665,0.49914810071189558,0.25201995084903805,0.24883194843906653,0.50344371399969501,0.2506556779582636,0.24590060804204139,0.50304843992957271,0.2259225398803473,0.27102902019008002,0.43383040525639771,0.20483316430973142,0.3613364304338707,0.4256836738102025,0.22112662720212195,0.35318969898767544
1307,2024-2025,2024-12-22,Manchester Utd,Bournemouth,A,0.45789473684210524,0.22543859649122808,0.31666666666666665,0.45804482603050983,0.27103295158616186,0.27092222238332819,0.4641152787276287,0.27044221832960957,0.26544250294276184,0.47662442927712989,0.229133008365137,0.294242562357733,0.44323545584559115,0.2611496905609324,0.29561485359347645,0.42904552449779348,0.28952955325652768,0.28142492224567878
1308,2024-2025,2024-12-22,Tottenham,Liverpool,A,0.45789473684210524,0.22543859649122808,0.31666666666666665,0.39306084602644237,0.26109720214813115,0.34584195182542654,0.38040087053403726,0.26260719839705904,0.35699193106890376,0.30374828229844308,0.23020655200385653,0.46604516569770033,0.3440632812670068,0.22608503171588956,0.42985168701710363,0.33298305190536559,0.24824549043917188,0.41877145765546248
1309,2024-2025,2024-12-26,Bournemouth,Crystal Palace,D,0.45789473684210524,0.22543859649122808,0.31666666666666665,0.62049886446475389,0.21149847233022034,0.16800266320502572,0.61905412294540574,0.21197838402114416,0.1689674930334501,0.49614668003436474,0.22683351234498347,0.27701980762065187,0.48143535753243349,0.25293168429693208,0.26563295817063443,0.46596812539728871,0.28386614856722164,0.25016572603548959
1310,2024-2025,2024-12-26,Chelsea,Fulham,A,0.45789473684210524,0.22543859649122808,0.31666666666666665,0.6407735238006631,0.18415887085720292,0.17506760534213392,0.64713850547032037,0.18324827556843634,0.16961321896124334,0.55064988582349816,0.21826036543963095,0.23108974873687077,0.59189758297962591,0.21229513776025222,0.1958072792601219,0.57920313790792732,0.23768402790364934,0.18311283418842333
1311,2024-2025,2024-12-26,Liverpool,Leicester City,H,0.45789473684210524,0.22543859649122808,0.31666666666666665,0.81115417677051149,0.12776990344524111,0.061075919784247423,0.82158443860793151,0.12324356694927671,0.055171994442791583,0.68641235279658608,0.18310883601434855,0.13047881118906546,0.88202032450628332,0.076210688407230429,0.041768987086486374,0.87804007971111853,0.084171177997560187,0.037788742291321502
1312,2024-2025,2024-12-26,Manchester City,Everton,D,0.45789473684210524,0.22543859649122808,0.31666666666666665,0.64251483705279311,0.21105059315028032,0.14643456979692651,0.65195274220266108,0.20849888045651707,0.13954837734082187,0.61300096939496507,0.20459486149919265,0.18240416910584234,0.56474169205217317,0.26299100428650035,0.17226730366132642,0.54980045205926487,0.29287348427231708,0.15732606366841809
1313,2024-2025,2024-12-26,Newcastle,Aston Villa,H,0.45789473684210524,0.22543859649122808,0.31666666666666665,0.49456280764391591,0.23676273624389185,0.26867445611219226,0.49587393106614236,0.23721221420253874,0.26691385473131879,0.43895900444081837,0.23239347192348747,0.32864752363569416,0.52142093987541682,0.21753748343704712,0.26104157668753608,0.50917134906124262,0.24203666506539542,0.24879198587336196
1314,2024-2025,2024-12-26,Nottingham,Tottenham,H,0.45789473684210524,0.22543859649122808,0.31666666666666665,0.41500825595567598,0.22630263741874349,0.35868910662558051,0.42093564814579659,0.22578841197011498,0.3532759398840884,0.44560463469321293,0.23193244334552776,0.32246292196125936,0.32929151493433889,0.22675654076893553,0.44395194429672563,0.31664412673860692,0.25205131716039941,0.43130455610099366
1315,2024-2025,2024-12-26,Southampton,West Ham,A,0.45789473684210524,0.22543859649122808,0.31666666666666665,0.27282763643756131,0.24700825404674315,0.48016410951569566,0.26750822491376525,0.24584859481472934,0.48664318027150555,0.37064057529198985,0.23416777169565747,0.39519165301235276,0.18827912482068743,0.24148704121026421,0.57023383396904836,0.17363672967357985,0.27077183150447942,0.55559143882194084
1316,2024-2025,2024-12-26,Wolves,Manchester Utd,H,0.45789473684210524,0.22543859649122808,0.31666666666666665,0.29965079141198681,0.29399123579409531,0.40635797279391789,0.29205679569267656,0.29370995871520983,0.41423324559211366,0.33701693537920641,0.23293346937795692,0.4300495952428367,0.29687842708109585,0.22325036341594093,0.47987120950296325,0.28438951089877135,0.24822819578058999,0.46738229332063874
1317,2024-2025,2024-12-27,Arsenal,Ipswich Town,H,0.45789473684210524,0.22543859649122808,0.31666666666666665,0.81058213806740531,0.12780926278128979,0.061608599151304878,0.82203898321656588,0.12268158010950719,0.055279436673926846,0.67671102634134894,0.18629446891557774,0.13699450474307331,0.86077840357768542,0.10010706310145147,0.0391145333208631,0.85448369733651097,0.1126964755838003,0.032819827079688689
1318,2024-2025,2024-12-27,Brighton,Brentford,D,0.45789473684210524,0.22543859649122808,0.31666666666666665,0.42039047743086744,0.287348798953037,0.29226072361609556,0.41901870434655369,0.28756380439855705,0.29341749125488925,0.49332060306636116,0.22719180198710906,0.27948759494652975,0.41297652420390346,0.22053886257069288,0.36648461322540382,0.40099831921393786,0.24449527255062403,0.35450640823543822
1319,2024-2025,2024-12-29,Crystal Palace,Southampton,H,0.45789473684210524,0.22543859649122808,0.31666666666666665,0.60621090412148504,0.18184293723466738,0.21194615864384767,0.62233117015354922,0.17884227616094822,0.19882655368550264,0.54361843192584103,0.2195431612167961,0.23683840685736285,0.67352267790134235,0.21975703819632147,0.10672028390233598,0.65969659082985266,0.24740921233930113,0.092894196830846168
1320,2024-2025,2024-12-29,Everton,Nottingham,A,0.45789473684210524,0.22543859649122808,0.31666666666666665,0.33786133791281281,0.27535232820718386,0.38678633388000327,0.33651549981778117,0.27551399688675993,0.3879705032954589,0.39555153563734508,0.23416232698154552,0.37028613738110938,0.28081444595544852,0.33838031548734748,0.38080523855720411,0.26177342320259911,0.37646236099304631,0.36176421580435469
1321,2024-2025,2024-12-29,Fulham,Bournemouth,D,0.45789473684210524,0.22543859649122808,0.31666666666666665,0.43606582311601738,0.27596315373886843,0.2879710231451143,0.44132096221620759,0.27582550050262233,0.28285353728117013,0.45736015737359226,0.23099628761345811,0.31164355501294955,0.38232392151481148,0.27118486100877914,0.34649121747640943,0.36355355066219414,0.30872560271401378,0.32772084662379208
1322,2024-2025,2024-12-29,Leicester City,Manchester City,A,0.45789473684210524,0.22543859649122808,0.31666666666666665,0.26267917727299694,0.19425920536629845,0.54306161736070457,0.24766070650844921,0.19181498664897889,0.56052430684257193,0.26167834223806702,0.22438144943369825,0.51394020832823473,0.13469764709223253,0.16087588349183457,0.70442646941593301,0.12478942219194121,0.18069233329241718,0.6945182445156417
1323,2024-2025,2024-12-29,Tottenham,Wolves,D,0.45789473684210524,0.22543859649122808,0.31666666666666665,0.58701184586369282,0.23304303406179691,0.17994512007451027,0.59274526070869693,0.23160266396150511,0.17565207532979799,0.53901726670626871,0.22035431453238438,0.24062841876134697,0.68013656905618625,0.15212873629633916,0.16773469464747484,0.67344091492890945,0.16552004455089239,0.16103904052019818
1324,2024-2025,2024-12-29,West Ham,Liverpool,A,0.45789473684210524,0.22543859649122808,0.31666666666666665,0.2085028337467334,0.21832092676081069,0.57317623949245589,0.20456515558276311,0.21777587581369293,0.57765896860354393,0.25722042183721722,0.22359427488528852,0.51918530327749424,0.13705332414107649,0.16396210307678488,0.69898457278213866,0.12682773968361441,0.18441327199170901,0.68875898832467652
1325,2024-2025,2024-12-30,Aston Villa,Brighton,D,0.45789473684210524,0.22543859649122808,0.31666666666666665,0.52808395593347446,0.20752356819392498,0.26439247587260051,0.5286635535634634,0.20780047474038804,0.26353597169614856,0.49272386138017715,0.22726636049429252,0.28000977812553024,0.42411159840692603,0.24509348374695739,0.33079491784611664,0.40753398024226928,0.27824872007627088,0.31421729968145989
1326,2024-2025,2024-12-30,Ipswich Town,Chelsea,H,0.45789473684210524,0.22543859649122808,0.31666666666666665,0.20546860791988447,0.21414519351458239,0.58038619856553308,0.20049494188812247,0.21271279208406021,0.58679226602781731,0.28290945101548171,0.22767245889202128,0.48941809009249704,0.10783281166881573,0.16860815106232765,0.72355903726885662,0.096247460487350889,0.1917788534252573,0.71197368608739175
1327,2024-2025,2024-12-30,Manchester Utd,Newcastle,A,0.45789473684210524,0.22543859649122808,0.31666666666666665,0.32864799575370512,0.24537967062521815,0.42597233362107678,0.33131835171603286,0.24591473231644745,0.42276691596751964,0.40056919708729305,0.23407030917843985,0.36536049373426699,0.2592173407446815,0.23472718790727795,0.50605547134804041,0.24330712394033682,0.26654762151596728,0.49014525454369584
1328,2024-2025,2025-01-01,Brentford,Arsenal,A,0.45789473684210524,0.22543859649122808,0.31666666666666665,0.22874311328662544,0.25463245945378776,0.51662442725958679,0.22009452489017653,0.25301306403154383,0.52689241107827978,0.25689371600647715,0.22353522838616929,0.51957105560735362,0.14350265645248877,0.18308794980917734,0.67340939373833386,0.13135570155292231,0.20738185960831021,0.66126243883876745
1329,2024-2025,2025-01-04,Aston Villa,Leicester City,H,0.45789473684210524,0.22543859649122808,0.31666666666666665,0.65663122009206865,0.18795285341522813,0.15541592649270322,0.66362038187878569,0.18639860924758062,0.14998100887363369,0.57481249351793862,0.21345411693282884,0.21173338954923263,0.63820600024580731,0.18617235189172168,0.17562164786247106,0.62661751727068116,0.20934931784197394,0.16403316488734493
1330,2024-2025,2025-01-04,Bournemouth,Everton,H,0.45789473684210524,0.22543859649122808,0.31666666666666665,0.57507768357372868,0.23446038235391306,0.19046193407235823,0.57679158472316994,0.23444500187447473,0.18876341340235531,0.5135642710727556,0.22443674648505804,0.26199898244218645,0.49171642933337073,0.29896396034894474,0.20931961031768431,0.47377340113131211,0.33485001675306197,0.19137658211562572
1331,2024-2025,2025-01-04,Brighton,Arsenal,D,0.45789473684210524,0.22543859649122808,0.31666666666666665,0.2385878095272318,0.21995344491129382,0.54145874556147444,0.23663043007494769,0.2203128162579196,0.5430567536671328,0.28504033837955667,0.22796238405994496,0.48699727756049827,0.1363621281553942,0.19950056376033315,0.66413730808427274,0.12270352075288786,0.2268177785653458,0.6504787006817665
1332,2024-2025,2025-01-04,Crystal Palace,Chelsea,D,0.45789473684210524,0.22543859649122808,0.31666666666666665,0.30917421376351006,0.23402840000809866,0.45679738622839122,0.31284370264260419,0.23448889137519646,0.45266740598219929,0.35436263827064191,0.23375349578340771,0.41188386594595033,0.26685192868044016,0.23335467011221117,0.49979340120734883,0.2512810180982305,0.26449649127663061,0.48422249062513911
1333,2024-2025,2025-01-04,Manchester City,West Ham,H,0.45789473684210524,0.22543859649122808,0.31666666666666665,0.67406578440541576,0.20115017437414365,0.12478404122044066,0.68167470309076572,0.1985634913536771,0.11976180555555734,0.60008697720784443,0.20776482416089567,0.19214819863125995,0.67949745704447173,0.17739113277495897,0.14311141018056925,0.66794585840978127,0.20049433004433986,0.13155981154587879
1334,2024-2025,2025-01-04,Southampton,Brentford,A,0.45789473684210524,0.22543859649122808,0.31666666666666665,0.24875070005215943,0.24209726915407273,0.50915203079376781,0.23833587290530828,0.23940924423896887,0.52225488285572286,0.36609525455148989,0.23408597759430605,0.399818767854204,0.13379330500537159,0.19818073233340219,0.66802596266122616,0.12022615533173582,0.22531503168067371,0.65445881298759034
1335,2024-2025,2025-01-04,Tottenham,Newcastle,A,0.45789473684210524,0.22543859649122808,0.31666666666666665,0.41474792228620472,0.27204528265986938,0.31320679505392596,0.40871244408243262,0.27342058344269243,0.31786697247487494,0.38493942079794569,0.23425736671221337,0.38080321248984089,0.35298199935324248,0.21187590211952109,0.43514209852723645,0.34138923805052945,0.23506142472494732,0.42354933722452348
1336,2024-2025,2025-01-05,Fulham,Ipswich Town,D,0.45789473684210524,0.22543859649122808,0.31666666666666665,0.55610522694849007,0.21999473145447912,0.22390004159703078,0.57025981788921809,0.21776411534416223,0.21197606676661973,0.53670732447879632,0.22075310619111149,0.24253956933009232,0.5674425390054243,0.24385926872551125,0.18869819226906451,0.54904033266873331,0.28066368139889325,0.17029598593237352
1337,2024-2025,2025-01-05,Liverpool,Manchester Utd,D,0.45789473684210524,0.22543859649122808,0.31666666666666665,0.76823925338624177,0.14305186595198918,0.088708880661768866,0.77375600285980295,0.14143008956927072,0.08481390757092637,0.64096047745357898,0.19711472487207923,0.1619247976743417,0.72005121622561685,0.164634413039217,0.11531437073516615,0.70781704265583056,0.18910276017878946,0.10308019716537989
1338,2024-2025,2025-01-06,Wolves,Nottingham,A,0.45789473684210524,0.22543859649122808,0.31666666666666665,0.30071816691343667,0.29843573985382482,0.40084609323273845,0.29699124416130701,0.29904495118985602,0.40396380464883702,0.33994818617737621,0.23310011939171929,0.42695169443090453,0.27361367986932245,0.23264165538392181,0.49374466474675588,0.25653178981222657,0.26680543549811359,0.47666277468965995
1339,2024-2025,2025-01-14,Brentford,Manchester City,D,0.45789473684210524,0.22543859649122808,0.31666666666666665,0.287252185625546,0.26786446488001803,0.44488334949443592,0.27946304463862925,0.26751538428588151,0.45302157107548918,0.29027960005237491,0.22864495116744737,0.48107544878017772,0.28106341684833891,0.20880756372128181,0.51012901943037903,0.26753027567428572,0.23587384606938816,0.49659587825632606
1340,2024-2025,2025-01-14,Chelsea,Bournemouth,D,0.45789473684210524,0.22543859649122808,0.31666666666666665,0.48155281108250891,0.25504564678293001,0.26340154213456118,0.4892271811753498,0.25505142755506299,0.25572139126958737,0.50281384568780074,0.22595434081416188,0.27123181349803743,0.46465869204792687,0.24034207908727381,0.2949992288647994,0.44656941698991759,0.2765206292032924,0.27690995380679012
1341,2024-2025,2025-01-14,Nottingham,Liverpool,D,0.45789473684210524,0.22543859649122808,0.31666666666666665,0.3338364930527335,0.21357200709701099,0.45259149985025537,0.33334874366945949,0.21407125860736967,0.4525799977231707,0.30797092093260142,0.23064027315251329,0.46138880591488529,0.25414632815159693,0.23544478436200622,0.51040888748639668,0.23629624825471485,0.27114494415577045,0.49255880758951459
1342,2024-2025,2025-01-14,West Ham,Fulham,H,0.45789473684210524,0.22543859649122808,0.31666666666666665,0.31580688652678013,0.24168479882070462,0.44250831465251517,0.31745445449616994,0.24203588920968697,0.44050965629414313,0.40297674545722484,0.23401553302178857,0.36300772152098648,0.24661987462414825,0.22306830135325059,0.53031182402260135,0.23017516991097337,0.25595771077960033,0.51386711930942641
1343,2024-2025,2025-01-15,Arsenal,Tottenham,H,0.45789473684210524,0.22543859649122808,0.31666666666666665,0.71365624259447025,0.14508421689266346,0.14125954051286616,0.72840524143881524,0.14117668464250707,0.13041807391867766,0.62766468914911488,0.20077773775806679,0.17155757309281849,0.64619944949184005,0.18708632910986023,0.16671422139829978,0.63169696138462761,0.216091305324285,0.15221173329108739
1344,2024-2025,2025-01-15,Everton,Aston Villa,A,0.45789473684210524,0.22543859649122808,0.31666666666666665,0.3076456202647595,0.22746984539482862,0.46488453434041194,0.30379195833540057,0.2272752241270253,0.46893281753757415,0.34836909831906637,0.23351505578291104,0.41811584589802248,0.28928941894952342,0.30212680612324921,0.40858377492722742,0.26603904967929731,0.34862754466370144,0.38533340565700125
1345,2024-2025,2025-01-15,Leicester City,Crystal Palace,A,0.45789473684210524,0.22543859649122808,0.31666666666666665,0.3202278034841366,0.28514631189157896,0.39462588462428444,0.31408542308608578,0.28483162486855257,0.40108295204536165,0.37672430654646311,0.23423678608566587,0.389038907367871,0.2197371695374879,0.23246785400346978,0.54779497645904218,0.20056338459282599,0.27081542389279356,0.52862119151438036
1346,2024-2025,2025-01-15,Newcastle,Wolves,H,0.45789473684210524,0.22543859649122808,0.31666666666666665,0.75197996297716418,0.15223136521237787,0.095788671810457887,0.76090207769568918,0.14866454866715859,0.090433373637152162,0.61191521194627796,0.204868269549699,0.1832165185040231,0.71002489313029171,0.15658592321539197,0.13338918365431643,0.6988534826537921,0.17892874416839097,0.12221777317781692
1347,2024-2025,2025-01-16,Ipswich Town,Brighton,A,0.45789473684210524,0.22543859649122808,0.31666666666666665,0.35112078342498643,0.23006275833528736,0.41881645823972619,0.34505676527687718,0.23015017350944875,0.42479306121367411,0.378522696096391,0.23424838911315124,0.38722891479045785,0.28007544370633586,0.26557983921231115,0.45434471708135304,0.25942252105088143,0.30688568452321996,0.43369179442589861
1348,2024-2025,2025-01-16,Manchester Utd,Southampton,H,0.45789473684210524,0.22543859649122808,0.31666666666666665,0.63292868277137648,0.19148637976307495,0.17558493746554857,0.64887718859344257,0.18761016069261377,0.16351265071394364,0.58344072560848381,0.21158819234986501,0.20497108204165124,0.70988839379848989,0.19665054687384811,0.093461059327662022,0.6955266427451442,0.22537404898053931,0.079099308274316424
1349,2024-2025,2025-01-18,Arsenal,Aston Villa,D,0.45789473684210524,0.22543859649122808,0.31666666666666665,0.73463974507419372,0.15134682751798034,0.11401342740782602,0.7380668389598527,0.15076144178323184,0.11117171925691539,0.568564379306436,0.21475610312652638,0.2166795175670376,0.69571723801844176,0.18117844377022382,0.12310431821133444,0.68148357724040987,0.20964576532628768,0.1088706574333025
1350,2024-2025,2025-01-18,Brentford,Liverpool,A,0.45789473684210524,0.22543859649122808,0.31666666666666665,0.22051739489597569,0.26121877717857461,0.51826382792544978,0.21491974745001238,0.26040109586955751,0.52467915668043008,0.24990391726016833,0.222226823550082,0.5278692591897497,0.19272701647392892,0.17428914590739869,0.63298383761867227,0.1822289164869888,0.19528534588127894,0.62248573763173221
1351,2024-2025,2025-01-18,Leicester City,Fulham,A,0.45789473684210524,0.22543859649122808,0.31666666666666665,0.26254856711028357,0.27010159123911032,0.46734984165060606,0.25420056061066976,0.26865538981689219,0.47714404957243794,0.34412216587000599,0.23331755650840025,0.42256027762159382,0.18416137056181547,0.20296477958045292,0.61287384985773163,0.16870025033780089,0.23388702002848208,0.59741272963371705
1352,2024-2025,2025-01-18,Newcastle,Bournemouth,A,0.45789473684210524,0.22543859649122808,0.31666666666666665,0.62577374965662758,0.19958816811283392,0.17463808223053837,0.6260227308314904,0.20005440221131435,0.1739228669571953,0.50386765494842978,0.22581102827175992,0.27032131677981031,0.51173075974739901,0.23970794493998701,0.24856129531261376,0.49292843333953945,0.27731259775570632,0.22975896890475409
1353,2024-2025,2025-01-18,West Ham,Crystal Palace,A,0.45789473684210524,0.22543859649122808,0.31666666666666665,0.38417379917283956,0.26769418943270346,0.34813201139445699,0.38790934473893574,0.26789463753513765,0.34419601772592667,0.43584467254067338,0.23259243757599049,0.33156288988333604,0.28647279386546048,0.24278982690322867,0.47073737923131082,0.26757609351541051,0.28058322760332877,0.45184067888126089
1354,2024-2025,2025-01-19,Everton,Tottenham,H,0.45789473684210524,0.22543859649122808,0.31666666666666665,0.28388590615613452,0.21141340600600544,0.50470068783786004,0.28861070881160594,0.2115402426305352,0.49984904855785889,0.40108466563263606,0.23405915925189624,0.36485617511546775,0.20486244635886647,0.26111089196289139,0.53402666167824231,0.18569159430613491,0.29945259606835445,0.51485580962551081
1355,2024-2025,2025-01-19,Ipswich Town,Manchester City,A,0.45789473684210524,0.22543859649122808,0.31666666666666665,0.23598219178066357,0.17550908294733047,0.58850872527200604,0.22659919366401129,0.17395158634254812,0.59944921999344059,0.25580593596199575,0.22333728425419463,0.52085677978380962,0.14453574757970078,0.20006802385993624,0.65539622856036317,0.12943373789490925,0.23027204322951936,0.64029421887557159
1356,2024-2025,2025-01-19,Manchester Utd,Brighton,A,0.45789473684210524,0.22543859649122808,0.31666666666666665,0.38999724866850655,0.27356172952754654,0.33644102180394697,0.39228408566886747,0.27387309479861283,0.3338428195325196,0.43528610103914467,0.2326269652919562,0.33208693366889908,0.36641353811896815,0.26265521793462077,0.37093124394641119,0.34657454407654098,0.30233320601947516,0.35109224990398402
1357,2024-2025,2025-01-19,Nottingham,Southampton,H,0.45789473684210524,0.22543859649122808,0.31666666666666665,0.74895507856903332,0.13945275000168814,0.11159217142927853,0.76154292856054062,0.13557785060185021,0.10287922083760916,0.62809647542874392,0.20066180933705233,0.17124171523420384,0.77650745831210533,0.16172749384760662,0.061765047840288169,0.76535556967131224,0.18403127112919254,0.050613159199495231
1358,2024-2025,2025-01-20,Chelsea,Wolves,H,0.45789473684210524,0.22543859649122808,0.31666666666666665,0.64792800474585766,0.21823990444943692,0.1338320908047054,0.66231817979877672,0.21321305242588062,0.12446876777534266,0.61421098613739811,0.20428866887550662,0.18150034498709541,0.67643699402039137,0.16559125813173931,0.15797174784786933,0.66642854225822235,0.18560816165607741,0.1479632960857003
1359,2024-2025,2025-01-25,Bournemouth,Nottingham,H,0.45789473684210524,0.22543859649122808,0.31666666666666665,0.43266388362494834,0.28489484501283457,0.28244127136221708,0.43493502803040851,0.28561390914310231,0.27945106282648924,0.44465682919100674,0.23200122113116889,0.32334194967782443,0.38744471919596718,0.27085994264911195,0.34169533815492087,0.36759609932576537,0.31055718238951568,0.32184671828471906
1360,2024-2025,2025-01-25,Brighton,Everton,A,0.45789473684210524,0.22543859649122808,0.31666666666666665,0.53685302203558383,0.25085904600425196,0.21228793196016424,0.54182525499508827,0.2503469870066094,0.2078277579983023,0.53570423912320242,0.22092452375760502,0.24337123711919262,0.44115191829093919,0.30709938417561428,0.25174869753344675,0.4209898369827727,0.34742354679194681,0.23158661622528035
1361,2024-2025,2025-01-25,Liverpool,Ipswich Town,H,0.45789473684210524,0.22543859649122808,0.31666666666666665,0.83482777404507036,0.11404990435364021,0.051122321601289378,0.84482344164172185,0.10946271373292488,0.045713844625353266,0.69954943133512704,0.17862095299001307,0.12182961567485989,0.83921077438888092,0.10835801846244016,0.052431207148679,0.83131263831910485,0.12415429060199226,0.044533071078902961
1362,2024-2025,2025-01-25,Manchester City,Chelsea,H,0.45789473684210524,0.22543859649122808,0.31666666666666665,0.59399100443615349,0.18573818906672906,0.22027080649711739,0.59830590087339952,0.18564838544437323,0.21604571368222739,0.50957333101886082,0.22501450615754859,0.26541216282359059,0.45584399435222739,0.22041345468275744,0.3237425509650152,0.44161769998923189,0.24886604340874843,0.3095162566020197
1363,2024-2025,2025-01-25,Southampton,Newcastle,A,0.45789473684210524,0.22543859649122808,0.31666666666666665,0.15108699723144339,0.21493494816039702,0.63397805460815959,0.14518096098860364,0.21192693286329906,0.64289210614809722,0.24814177171215651,0.22188319288134301,0.52997503540650048,0.056513050219241114,0.11750368075094747,0.82598326902981145,0.047896536814833135,0.13473670755976341,0.81736675562540351
1364,2024-2025,2025-01-25,Wolves,Arsenal,A,0.45789473684210524,0.22543859649122808,0.31666666666666665,0.16575874782812372,0.1935499475256495,0.6406913046462267,0.16078412687415142,0.1922507446459967,0.64696512847985199,0.2018582708055264,0.21069502094592824,0.58744670824854539,0.087688520408453818,0.13768782023186005,0.77462365935968613,0.077995563387058944,0.15707373427464985,0.76493070233829119
1365,2024-2025,2025-01-26,Aston Villa,West Ham,D,0.45789473684210524,0.22543859649122808,0.31666666666666665,0.6264521630369192,0.20099646673035876,0.17255137023272202,0.62959646951712023,0.20028472251107521,0.17011880797180462,0.54570201078166825,0.21916848382432427,0.23512950539400754,0.55759774496621883,0.20818572010600753,0.23421653492777378,0.54708375948402876,0.22921369107038744,0.22370254944558382
1366,2024-2025,2025-01-26,Crystal Palace,Brentford,A,0.45789473684210524,0.22543859649122808,0.31666666666666665,0.49261983457612085,0.22395101868174808,0.28342914674213099,0.49591654546690483,0.22343970121683165,0.28064375331626351,0.49198370205805286,0.2273583064400326,0.28065799150191445,0.39590126477091286,0.24985136479189068,0.35424737043719634,0.38220339255471436,0.27724710922428764,0.34054949822099784
1367,2024-2025,2025-01-26,Fulham,Manchester Utd,A,0.45789473684210524,0.22543859649122808,0.31666666666666665,0.49195036809136383,0.24252921868514743,0.26552041322348874,0.49291245189198518,0.24274599606395655,0.26434155204405835,0.4728557139789003,0.22952943252931754,0.29761485349178218,0.44057943519116449,0.25009627962259456,0.30932428518624089,0.4267852035843242,0.27768474283627514,0.29553005357940065
1368,2024-2025,2025-01-26,Tottenham,Leicester City,A,0.45789473684210524,0.22543859649122808,0.31666666666666665,0.6211480767097346,0.21658407347421108,0.16226784981605438,0.62534101680195797,0.21621734256130332,0.15844164063673882,0.53488637694016339,0.22106350116150547,0.24405012189833108,0.76172714006983255,0.13527416045541144,0.10299869947475607,0.75530243087147253,0.1481235788521317,0.096573990276395932
1369,2024-2025,2025-02-01,Bournemouth,Liverpool,A,0.45789473684210524,0.22543859649122808,0.31666666666666665,0.32321847471222703,0.22916400969557299,0.44761751559220003,0.3248884410606776,0.23034750842590562,0.44476405051341683,0.31068110652063674,0.23090488589144648,0.45841400758791684,0.28564483507189581,0.22636121487179658,0.4879939500563078,0.27449750910176524,0.24865586681205759,0.47684662408617723
1370,2024-2025,2025-02-01,Everton,Leicester City,H,0.45789473684210524,0.22543859649122808,0.31666666666666665,0.53356597358217861,0.22141841188958902,0.24501561452823245,0.54261335370991381,0.22027474263700517,0.23711190365308102,0.50792861730429917,0.22524767230737394,0.26682371038832692,0.47340656048811974,0.29934025605342668,0.22725318345845341,0.45933112867049258,0.32749111968868105,0.2131777516408262
1371,2024-2025,2025-02-01,Ipswich Town,Southampton,A,0.45789473684210524,0.22543859649122808,0.31666666666666665,0.52469626361058741,0.20072360256185079,0.27458013382756175,0.53617608160880881,0.19957487423237835,0.2642490441588129,0.51972643460181756,0.2235114001478766,0.25676216525030582,0.48816217759126329,0.26390664459966129,0.24793117780907545,0.4744332363907437,0.2913645270007002,0.23420223660855591
1372,2024-2025,2025-02-01,Newcastle,Fulham,A,0.45789473684210524,0.22543859649122808,0.31666666666666665,0.6103898290263079,0.20410049994527832,0.18550967102841384,0.6133723527071171,0.20384173083838367,0.18278591645449918,0.52246616479448504,0.22308703922063891,0.25444679598487607,0.52318697920656099,0.22720590309883562,0.24960711769460367,0.51162734266979493,0.25032517617236777,0.23804748115783761
1373,2024-2025,2025-02-01,Nottingham,Brighton,H,0.45789473684210524,0.22543859649122808,0.31666666666666665,0.47335008148237262,0.23592587541386909,0.29072404310375832,0.4823222252100593,0.23523952535288639,0.28243824943705437,0.47116851207559446,0.22970189597155366,0.29912959195285188,0.39401709664685786,0.2642795786804828,0.34170332467265918,0.3801429170895651,0.29202793779506825,0.32782914511536643
1374,2024-2025,2025-02-01,Wolves,Aston Villa,H,0.45789473684210524,0.22543859649122808,0.31666666666666665,0.25066986723469298,0.25865822252453791,0.49067191024076912,0.24515338505238363,0.25830153466739048,0.49654508028022593,0.28995614903052541,0.22860404910725823,0.48143980186221641,0.26995703265899101,0.21694784086044264,0.51309512648056632,0.25962000983727679,0.23762188650387103,0.5027581036588521
1375,2024-2025,2025-02-02,Arsenal,Manchester City,H,0.45789473684210524,0.22543859649122808,0.31666666666666665,0.63763650400982863,0.1671736641208095,0.1951898318693619,0.64518861570180652,0.16620099637489422,0.18861038792329932,0.48316021204719012,0.22840897681330627,0.28843081113950364,0.46901158789578568,0.24754835100690692,0.28344006109730735,0.45639094834902216,0.272789630100434,0.27081942155054389
1376,2024-2025,2025-02-02,Brentford,Tottenham,A,0.45789473684210524,0.22543859649122808,0.31666666666666665,0.39841561151490118,0.26605882977352985,0.33552555871156897,0.40830555473964114,0.26574755751276241,0.3259468877475965,0.47040687137762721,0.22977873300701024,0.29981439561536261,0.40797006446090917,0.20368186278531161,0.38834807275377925,0.40053482720446559,0.21855233729819876,0.38091283549733568
1377,2024-2025,2025-02-02,Manchester Utd,Crystal Palace,A,0.45789473684210524,0.22543859649122808,0.31666666666666665,0.48758734611306098,0.25491385384390347,0.25749880004303555,0.49220344274331768,0.25425020679846061,0.25354635045822166,0.46406341991369449,0.23039405206650956,0.30554252801979592,0.35026519809663459,0.28137863205866265,0.36835616984470287,0.33603784557619254,0.30983333709954675,0.35412881732426088
1378,2024-2025,2025-02-03,Chelsea,West Ham,H,0.45789473684210524,0.22543859649122808,0.31666666666666665,0.61849789467184946,0.20532199114337854,0.17618011418477206,0.62244344479834202,0.20483642067674437,0.17272013452491353,0.54908294649201372,0.21855075420400799,0.23236629930397826,0.67099629781810499,0.17299827557457015,0.15600542660732503,0.66339311220516872,0.18820464680044266,0.14840224099438876
1379,2024-2025,2025-02-12,Everton,Liverpool,D,0.45789473684210524,0.22543859649122808,0.31666666666666665,0.20302715233464538,0.20186064783384991,0.59511219983150476,0.19797537730308121,0.20063933497828806,0.60138528771863065,0.23231977038922583,0.21854022567705642,0.54914000393371776,0.15631190040813894,0.24008814735957948,0.60359995223228136,0.14490173745951429,0.26290847325682892,0.59218978928365684
1380,2024-2025,2025-02-14,Brighton,Chelsea,H,0.45789473684210524,0.22543859649122808,0.31666666666666665,0.32539453087892695,0.22223774664041793,0.4523677224806551,0.3301448055347333,0.22305295033038514,0.44680224413488162,0.38028819798487024,0.23425589871671848,0.38545590329841128,0.23703978332661693,0.21224686916752963,0.55071334750585332,0.22732516753850082,0.23167610074376185,0.54099873171773727
1381,2024-2025,2025-02-15,Aston Villa,Ipswich Town,D,0.45789473684210524,0.22543859649122808,0.31666666666666665,0.69478047178769164,0.16195093219219522,0.14326859602011305,0.70392465128265158,0.15974076319282754,0.13633458552452085,0.59133786628417451,0.20981112271577276,0.1988510110000527,0.6213357299421457,0.21291881262917986,0.16574545742867455,0.61075067452341736,0.2340889234666364,0.15516040200994627
1382,2024-2025,2025-02-15,Crystal Palace,Everton,A,0.45789473684210524,0.22543859649122808,0.31666666666666665,0.50142868285917863,0.2405950160349731,0.25797630110584824,0.50672052704187764,0.2401010283225225,0.25317844463559985,0.48181562998748029,0.22856170834628964,0.28962266166623019,0.37897804212493275,0.32387130228972605,0.29715065558534109,0.36502041925233042,0.35178654803493081,0.28319303271273877
1383,2024-2025,2025-02-15,Fulham,Nottingham,H,0.45789473684210524,0.22543859649122808,0.31666666666666665,0.36313890774279839,0.29353802768204784,0.34332306457515382,0.35911317167782936,0.29435998651174422,0.34652684181042642,0.41954981149723325,0.2334538225742164,0.34699636592855043,0.32028402758667562,0.25129704233810363,0.42841893007522081,0.30787149396138203,0.27612210958869077,0.41600639644992732
1384,2024-2025,2025-02-15,Leicester City,Arsenal,A,0.45789473684210524,0.22543859649122808,0.31666666666666665,0.1346055610650683,0.16215173449685033,0.70324270443808135,0.12550286698418767,0.15832110311284142,0.7161760299029708,0.18967813604999043,0.20698355774138538,0.60333830620862416,0.044655470926482491,0.10213757536290571,0.85320695371061184,0.03957646244258297,0.11229559233070475,0.84812794522671242
1385,2024-2025,2025-02-15,Manchester City,Newcastle,H,0.45789473684210524,0.22543859649122808,0.31666666666666665,0.63620516831043528,0.17674924611019016,0.18704558557937465,0.64396967315384346,0.17555328774296433,0.18047703910319224,0.52842329997243243,0.22213686762364659,0.2494398324039209,0.45287041516663235,0.21565534881124299,0.33147423602212478,0.44384218736580267,0.2337118044129024,0.3224460082212951
1386,2024-2025,2025-02-15,Southampton,Bournemouth,A,0.45789473684210524,0.22543859649122808,0.31666666666666665,0.1813956736645837,0.25498670042629007,0.56361762590912623,0.17326722107450848,0.25151170785211191,0.5752210710733795,0.27529814177411088,0.22657771680605873,0.4981241414198303,0.074521891406618371,0.14239373990023321,0.78308436869314857,0.067437655946893382,0.15656221081968319,0.77600013323342354
1387,2024-2025,2025-02-15,West Ham,Brentford,A,0.45789473684210524,0.22543859649122808,0.31666666666666665,0.3541345007152662,0.25357709718624777,0.39228840209848598,0.35857778642980065,0.25362276288470054,0.38779945068549876,0.44967610721545725,0.23162559163344704,0.3186983011510956,0.27325634912854779,0.21716956850997474,0.50957408236147728,0.26347666949227566,0.23672892778251892,0.49979440272520526
1388,2024-2025,2025-02-16,Liverpool,Wolves,H,0.45789473684210524,0.22543859649122808,0.31666666666666665,0.82565699592704744,0.11672878463769601,0.057614219435256644,0.83475004800551555,0.11269973997131376,0.052550212023170631,0.71385881589249411,0.17350046247550133,0.11264072163200446,0.80422936585919169,0.11723720866930738,0.078533425471500704,0.79972455736376169,0.12624682566016737,0.07402861697607073
1389,2024-2025,2025-02-16,Tottenham,Manchester Utd,H,0.45789473684210524,0.22543859649122808,0.31666666666666665,0.5048634284381236,0.26797163595273704,0.22716493560913925,0.49713324443926149,0.27018795700279108,0.23267879855794732,0.42896978353828946,0.23299279932263348,0.33803741713907698,0.52362673885332112,0.22001827064016471,0.25635499050651434,0.51457238596057486,0.23812697642565725,0.24730063761376808
1390,2024-2025,2025-02-19,Aston Villa,Liverpool,D,0.45789473684210524,0.22543859649122808,0.31666666666666665,0.26463662998906468,0.20569498844071923,0.52966838157021612,0.26229366027262568,0.20595637670442465,0.53174996302294963,0.29269049673605957,0.22894473689351155,0.47836476637042896,0.15337208913129954,0.18195739930327323,0.66467051156542722,0.14705969177610975,0.19458219401365281,0.65835811421023749
1391,2024-2025,2025-02-21,Leicester City,Brentford,A,0.45789473684210524,0.22543859649122808,0.31666666666666665,0.27105058729511866,0.24702479324626697,0.48192461945861442,0.26449405976326862,0.24583746219516653,0.48966847804156488,0.36288847629647458,0.23401256954892913,0.40309895415459635,0.1652771725161947,0.19556628541492949,0.63915654206887584,0.15827088116884433,0.20957886810963017,0.63215025072152542
1392,2024-2025,2025-02-22,Arsenal,West Ham,A,0.45789473684210524,0.22543859649122808,0.31666666666666665,0.83188045472342809,0.11424674093028551,0.053872804346286253,0.83556342667397976,0.11268611184216473,0.051750461483855564,0.67531991356439236,0.18674241843722267,0.137937667998385,0.79869621340866703,0.13444395599737782,0.066859830593955172,0.79374024540465116,0.14435589200540974,0.061903862589939233
1393,2024-2025,2025-02-22,Aston Villa,Chelsea,H,0.45789473684210524,0.22543859649122808,0.31666666666666665,0.40776192728783012,0.25257264987934758,0.33966542283282242,0.40924781143574385,0.25304076271978448,0.33771142584447172,0.42516959164176171,0.2331910219342439,0.3416393864239945,0.31118111044689678,0.22831532082736958,0.46050356872573373,0.30335813217465502,0.24396127737185289,0.45268059045349207
1394,2024-2025,2025-02-22,Bournemouth,Wolves,A,0.45789473684210524,0.22543859649122808,0.31666666666666665,0.67978724700764215,0.19524141715520554,0.12497133583715231,0.68806326262734252,0.19242332488233996,0.11951341249031741,0.59299782335140783,0.20942915223246014,0.19757302441613184,0.64747132424761333,0.18964410562452005,0.1628845701278665,0.6407915906357059,0.20300357284833512,0.15620483651595896
1395,2024-2025,2025-02-22,Everton,Manchester Utd,D,0.45789473684210524,0.22543859649122808,0.31666666666666665,0.52869803305488849,0.21432196868505637,0.25697999826005524,0.53164489482598731,0.2138722807422104,0.25448282443180226,0.45484510136773326,0.23120946440423065,0.31394543422803622,0.41725611825236647,0.3085125931838627,0.27423128856377099,0.4069742047669983,0.32907642015459881,0.26394937507840288
1396,2024-2025,2025-02-22,Fulham,Crystal Palace,A,0.45789473684210524,0.22543859649122808,0.31666666666666665,0.51258038880270163,0.25252688194775513,0.23489272924954321,0.51944558621702352,0.25151030361704113,0.22904411016593543,0.48517318005007171,0.22817667100603833,0.28665014894388996,0.40154972270081302,0.26984518756089565,0.32860508973829128,0.3916233583629869,0.28969791623654784,0.3186787254004651
1397,2024-2025,2025-02-22,Ipswich Town,Tottenham,A,0.45789473684210524,0.22543859649122808,0.31666666666666665,0.20108348013514638,0.2116151037821504,0.58730141608270325,0.20856641258675329,0.21384855013970447,0.57758503727354227,0.37432586982005045,0.23421507896075056,0.39145905121919905,0.14282242855060298,0.18125860458896564,0.6759189668604314,0.13636491159647826,0.1941736384972152,0.66946144990630674
1398,2024-2025,2025-02-22,Southampton,Brighton,A,0.45789473684210524,0.22543859649122808,0.31666666666666665,0.20248186395064574,0.21895793088933535,0.57856020516001894,0.19624220356707781,0.21722432083062718,0.58653347560229507,0.28864882002094666,0.22843707878790953,0.48291410119114392,0.15017133569476787,0.19634190178457367,0.65348676252065863,0.14299160708851072,0.210701358997088,0.64630703391440147
1399,2024-2025,2025-02-23,Manchester City,Liverpool,A,0.45789473684210524,0.22543859649122808,0.31666666666666665,0.50575908741940157,0.19507589844455486,0.29916501413604363,0.50728418414008403,0.19590961660441583,0.29680619925550017,0.39564348178015923,0.23416091105215092,0.37019560716768979,0.34363856495725259,0.21252197322282682,0.4438394618199204,0.34180052039762249,0.21619806234208705,0.4420014172602903
1400,2024-2025,2025-02-23,Newcastle,Nottingham,H,0.45789473684210524,0.22543859649122808,0.31666666666666665,0.47256829237070136,0.25028638701144562,0.27714532061785302,0.46784819123799437,0.25163614454623517,0.2805156642157704,0.4653065174580559,0.23027694141602592,0.30441654112591821,0.39047424545615628,0.23328439407558751,0.37624136046825635,0.38815116682037787,0.23793055134714433,0.37391828183247794
1401,2024-2025,2025-02-25,Brighton,Bournemouth,H,0.45789473684210524,0.22543859649122808,0.31666666666666665,0.43529882056526698,0.27053339233842005,0.2941677870963128,0.43900356542843838,0.27065304517697214,0.29034338939458937,0.44385523283593659,0.23205860501019507,0.32408616215386837,0.28270705514830452,0.24215070271985495,0.47514224213184064,0.28061064288420912,0.24634352724804581,0.47304582986774524
1402,2024-2025,2025-02-25,Chelsea,Southampton,H,0.45789473684210524,0.22543859649122808,0.31666666666666665,0.76314972835500727,0.14619298839810085,0.090657283246891721,0.7754406971540595,0.14172868459602589,0.08283061824991482,0.65159872844375144,0.19404405576535744,0.15435721579089112,0.80753754728070615,0.12264323256652655,0.069819220152767286,0.8064930476208686,0.12473223188620187,0.068774720492929625
1403,2024-2025,2025-02-25,Crystal Palace,Aston Villa,H,0.45789473684210524,0.22543859649122808,0.31666666666666665,0.41219565076158915,0.20802376809722081,0.37978058114119001,0.41539779148454603,0.20872386207844709,0.3758783464370069,0.40333295864104385,0.23400684584019882,0.36266019551875733,0.42094160364825584,0.26536260884907648,0.31369578750266763,0.41861477121183982,0.27001627372190856,0.31136895506625162
1404,2024-2025,2025-02-25,Wolves,Fulham,A,0.45789473684210524,0.22543859649122808,0.31666666666666665,0.32983493883645482,0.2859663298594658,0.38419873130407928,0.3284934949084426,0.28644624556021447,0.38506025953134304,0.35889823507841612,0.23390293991785807,0.40719882500372578,0.3063536418614663,0.24449959571719915,0.44914676242133456,0.30424245215456847,0.2487219751309947,0.44703557271443672
1405,2024-2025,2025-02-26,Brentford,Everton,D,0.45789473684210524,0.22543859649122808,0.31666666666666665,0.4845820165982524,0.28791033746686584,0.22750764593488162,0.48006664615849548,0.28941548615681811,0.23051786768468641,0.45284637869198097,0.23137388524791008,0.31577973606010901,0.40585530332231906,0.27057143588901472,0.32357326078866616,0.40344798580669489,0.27538607092026335,0.32116594327304188
1406,2024-2025,2025-02-26,Liverpool,Newcastle,H,0.45789473684210524,0.22543859649122808,0.31666666666666665,0.69165484393482302,0.17923172315209313,0.12911343291308383,0.69943475112414466,0.17747699003160691,0.12308825884424843,0.59626902041605412,0.20866783013316717,0.19506314945077871,0.61843121591617911,0.18553518068290475,0.19603360340091605,0.61702738196030027,0.1883428485946626,0.1946297694450371
1407,2024-2025,2025-02-26,Manchester Utd,Ipswich Town,H,0.45789473684210524,0.22543859649122808,0.31666666666666665,0.5873407784462692,0.20086243540451074,0.21179678614921998,0.59886532504694368,0.19895708482120136,0.20217759013185491,0.53930854808925943,0.22030362689936517,0.24038782501137534,0.5844133112779748,0.23404471818303235,0.1815419705389929,0.58233369903195342,0.23820394267507514,0.17946235829297147
1408,2024-2025,2025-02-26,Nottingham,Arsenal,D,0.45789473684210524,0.22543859649122808,0.31666666666666665,0.2861179920271385,0.2264472441872524,0.48743476378560913,0.29168228531860885,0.22796584518599763,0.48035186949539349,0.30698665469771719,0.2305415186833725,0.46247182661891034,0.20619940289636454,0.228542608216076,0.56525798888755974,0.20416606741254251,0.23260927918372007,0.56322465340373762
1409,2024-2025,2025-02-26,Tottenham,Manchester City,A,0.45789473684210524,0.22543859649122808,0.31666666666666665,0.46768260219377061,0.21084257200684789,0.32147482579938147,0.45393882380517975,0.21247627845360947,0.33358489774121075,0.31231473736129706,0.23105923510551465,0.45662602753318832,0.3093582492649975,0.20566333118744745,0.48497841954755511,0.30792238434968489,0.20853506101807273,0.48354255463224244
1410,2024-2025,2025-02-27,West Ham,Leicester City,H,0.45789473684210524,0.22543859649122808,0.31666666666666665,0.53165680257102754,0.23828848530642185,0.2300547121225506,0.54773121005306291,0.23584857174295926,0.21642021820397775,0.53970798094324668,0.22023397339538953,0.24005804566136379,0.58363362672584984,0.22228594173668981,0.19408043153746038,0.58005434359561481,0.22944450799715993,0.19050114840722532
1411,2024-2025,2025-03-08,Brentford,Aston Villa,A,0.45789473684210524,0.22543859649122808,0.31666666666666665,0.47638600293119482,0.21979301941648252,0.30382097765232263,0.46870798652158918,0.22132426642103736,0.30996774705737334,0.39496368101698803,0.2341711404793585,0.37086517850365341,0.4834761364008916,0.22476367821620177,0.29176018538290655,0.48005207050950149,0.23161180999898204,0.28833611949151644
1412,2024-2025,2025-03-08,Brighton,Fulham,H,0.45789473684210524,0.22543859649122808,0.31666666666666665,0.46321011054525807,0.25776172776702844,0.27902816168771355,0.46938193310836357,0.25761651442074662,0.2730015524708897,0.46416852678662129,0.23038421567344425,0.30544725753993429,0.39762506391118063,0.24863818193244069,0.35373675415637884,0.39359877794764914,0.25669075385950368,0.34971046819284735
1413,2024-2025,2025-03-08,Crystal Palace,Ipswich Town,H,0.45789473684210524,0.22543859649122808,0.31666666666666665,0.65178657727633538,0.1816964530354761,0.16651696968818849,0.66771960612296821,0.17797888256288877,0.15430151131414302,0.57596053256414137,0.21321039423440652,0.21082907320145214,0.69646650722763825,0.18488285312940958,0.11865063964295215,0.69342552996816909,0.19096480764834792,0.11560966238348298
1414,2024-2025,2025-03-08,Liverpool,Southampton,H,0.45789473684210524,0.22543859649122808,0.31666666666666665,0.88682221996990929,0.088222974669205187,0.02495480536088563,0.89576105184512589,0.082853675992603709,0.021385272162270375,0.77086644480662503,0.15057149522939892,0.078562059963976041,0.9338811337623153,0.0495468204175857,0.016572045820099034,0.93306905897720172,0.051170969987812717,0.015759971034985523
1415,2024-2025,2025-03-08,Nottingham,Manchester City,H,0.45789473684210524,0.22543859649122808,0.31666666666666665,0.3145574457517416,0.23686287170655346,0.44857968254170494,0.32090251005656045,0.23815870806802317,0.4409387818754163,0.33884764456110145,0.23303890583711584,0.42811344960178277,0.30075544793398373,0.2264973520176686,0.47274720004834764,0.29729931440297924,0.23340961907967755,0.46929106651734315
1416,2024-2025,2025-03-08,Wolves,Everton,D,0.45789473684210524,0.22543859649122808,0.31666666666666665,0.36790147661363193,0.25961193382113368,0.37248658956523439,0.361585074974133,0.26014230920918224,0.37827261581668475,0.37301452201539448,0.23420018762101491,0.39278529036359056,0.29326268830164792,0.27303395793092539,0.43370335376742686,0.28881077355059476,0.28193778743303177,0.42925143901637364
1417,2024-2025,2025-03-09,Chelsea,Leicester City,H,0.45789473684210524,0.22543859649122808,0.31666666666666665,0.73773447088683675,0.17568647332021042,0.086579055792952761,0.7467373943026232,0.17226189521342547,0.081000710483951285,0.63040616922615345,0.20003824600221418,0.16955558477163221,0.8029385930015992,0.12427785373328702,0.072783553265113612,0.80309345241321195,0.12396813491006163,0.072938412676726308
1418,2024-2025,2025-03-09,Manchester Utd,Arsenal,D,0.45789473684210524,0.22543859649122808,0.31666666666666665,0.25666809379554506,0.204795951781962,0.53853595442249302,0.25608375993417254,0.20521426544899454,0.53870197461683289,0.27684005336844164,0.22680703030166674,0.49635291632989165,0.13798738408728309,0.21554883110366271,0.64646378480905453,0.1382621973362658,0.21499920460569727,0.64673859805803724
1419,2024-2025,2025-03-09,Tottenham,Bournemouth,D,0.45789473684210524,0.22543859649122808,0.31666666666666665,0.50939650801539127,0.21751797108032569,0.27308552090428301,0.49809231576387247,0.21970162857657877,0.28220605565954887,0.40886616128199671,0.23385270077782341,0.35728113794017974,0.37456956688738657,0.23430756275375747,0.39112287035885579,0.37485334337939735,0.23374000976973588,0.39140664685086657
1420,2024-2025,2025-03-10,West Ham,Newcastle,A,0.45789473684210524,0.22543859649122808,0.31666666666666665,0.32156174296519702,0.24335802597049405,0.43508023106430899,0.32051125872780012,0.24371600185677467,0.43577273941542533,0.37192257857958333,0.23418615198995926,0.39389126943045738,0.23561127547242622,0.21084388980599497,0.55354483472157878,0.23570329565999262,0.21065984943086216,0.55363685490914527
1421,2024-2025,2025-03-15,Bournemouth,Brentford,A,0.45789473684210524,0.22543859649122808,0.31666666666666665,0.48419184271103671,0.26301521942825118,0.25279293786071211,0.49077181598531333,0.26244014510356495,0.2467880389111218,0.50012689534789778,0.22631438055634567,0.27355872409575666,0.47285600793094634,0.2365283779028122,0.29061561416624132,0.47429004965837313,0.23366029444795874,0.2920496558936681
1422,2024-2025,2025-03-15,Everton,West Ham,D,0.45789473684210524,0.22543859649122808,0.31666666666666665,0.50565853318408316,0.23740909405104843,0.25693237276486841,0.51074833274134446,0.23660548282097993,0.25264618443767561,0.47116414188839467,0.22970233865667947,0.29913351945492583,0.47339809911539615,0.28172229390771747,0.2448796069768864,0.47508275826000618,0.27835297561849737,0.24656426612149643
1423,2024-2025,2025-03-15,Ipswich Town,Nottingham,A,0.45789473684210524,0.22543859649122808,0.31666666666666665,0.17758559161837695,0.23827338723121083,0.58414102115041233,0.16831749377912861,0.23504779003409526,0.59663471618677621,0.29452613819713719,0.22916700942253621,0.47630685238032655,0.12144362475403082,0.17961573409490822,0.6989406411510608,0.12256051303535452,0.17738195753226083,0.70005752943238453
1424,2024-2025,2025-03-15,Manchester City,Brighton,D,0.45789473684210524,0.22543859649122808,0.31666666666666665,0.63156938371619409,0.19897602004844581,0.16945459623536024,0.63509519336745768,0.19882021462930796,0.1660845920032343,0.5335040908133607,0.22129678176144493,0.24519912742519445,0.56219733009372008,0.21084414123808456,0.22695852866819538,0.56342612343313336,0.20838655455925784,0.22818732200760877
1425,2024-2025,2025-03-15,Southampton,Wolves,A,0.45789473684210524,0.22543859649122808,0.31666666666666665,0.29479725133403284,0.23496103312190145,0.47024171554406585,0.29470079317742254,0.23446730459363915,0.47083190222893839,0.37695869735523047,0.23423852495625588,0.38880277768851357,0.1572199351203897,0.19929024933092196,0.64348981554868812,0.1584523004224829,0.19682551872673551,0.64472218085078137
1426,2024-2025,2025-03-16,Arsenal,Chelsea,H,0.45789473684210524,0.22543859649122808,0.31666666666666665,0.64193011432387415,0.17859093548054353,0.17947895019558241,0.65012438637607539,0.17740427412697701,0.17247133949694754,0.55231939102245275,0.2179481159997409,0.22973249297780637,0.58150129071225964,0.22817174159831002,0.19032696768943044,0.58180519955393351,0.22756392391496258,0.19063087653110417
1427,2024-2025,2025-03-16,Fulham,Tottenham,H,0.45789473684210524,0.22543859649122808,0.31666666666666665,0.43036993484977237,0.21237220761557557,0.35725785753465206,0.45332313266773344,0.21141158924918466,0.33526527808308182,0.48148538194267709,0.22859892220372466,0.28991569585359822,0.33430779240178571,0.23056196888503069,0.43513023871318363,0.33459298394873654,0.22999158579112908,0.43541543026013446
1428,2024-2025,2025-03-16,Leicester City,Manchester Utd,A,0.45789473684210524,0.22543859649122808,0.31666666666666665,0.24225954858865659,0.23228792719485544,0.52545252421648803,0.2333034374689133,0.23051077942446413,0.53618578310662246,0.32553958604568339,0.23216844446196355,0.44229196949235305,0.1504493503666785,0.21608353067212288,0.63346711896119889,0.15073605832556281,0.21551011475435419,0.63375382692008309
1429,2024-2025,2025-04-01,Arsenal,Fulham,H,0.45789473684210524,0.22543859649122808,0.31666666666666665,0.69848062268689504,0.18223225880195942,0.11928711851114548,0.7026731776022348,0.18133241044755952,0.11599441195020581,0.59905752495266684,0.20800983781972066,0.19293263722761234,0.5975029076996633,0.24196290483524707,0.16053418746508979,0.59881919451487364,0.2393303312048263,0.16185047428030019
1430,2024-2025,2025-04-01,Nottingham,Manchester Utd,H,0.45789473684210524,0.22543859649122808,0.31666666666666665,0.48154958435783413,0.26787057671360831,0.25057983892855756,0.49309536148077515,0.26661943656653653,0.24028520195268829,0.49673451409626979,0.22675791049628263,0.27650757540744753,0.50579348819151393,0.23349341394416101,0.26071309786432512,0.50708219691941403,0.2309159964883607,0.26200180659222533
1431,2024-2025,2025-04-01,Wolves,West Ham,H,0.45789473684210524,0.22543859649122808,0.31666666666666665,0.4208424238665921,0.26714301653699157,0.3120145595964165,0.41927968915853359,0.26767641285153615,0.31304389798993032,0.40290302484357154,0.23401731215425697,0.36307966300217154,0.40964926218682374,0.24905217710453381,0.34129856070864245,0.41103531303927288,0.24628007539963559,0.34268461156109148
1432,2024-2025,2025-04-02,Bournemouth,Ipswich Town,A,0.45789473684210524,0.22543859649122808,0.31666666666666665,0.66553914429236716,0.18407093342139347,0.15038992228623946,0.677513567599487,0.18125593314226385,0.1412304992582491,0.58444821912877376,0.21136516614544881,0.20418661472577748,0.72409884808353209,0.16424106608450381,0.11166008583196431,0.72690295251687487,0.15863285721781825,0.11446419026530709
1433,2024-2025,2025-04-02,Brighton,Aston Villa,A,0.45789473684210524,0.22543859649122808,0.31666666666666665,0.53726084377436623,0.19477786145495543,0.26796129477067837,0.54074223703633895,0.19507343457002904,0.26418432839363198,0.44719133211375095,0.23181505801781924,0.32099360986842973,0.46151279038219167,0.23190672299949081,0.3065804866183176,0.46533710893569652,0.22425808589248111,0.31040480517182245
1434,2024-2025,2025-04-02,Liverpool,Everton,H,0.45789473684210524,0.22543859649122808,0.31666666666666665,0.80080005777304408,0.13743916828118857,0.061760773945767442,0.8036300723608828,0.13657211005482811,0.05979781758428919,0.66887280503011559,0.18878967210982772,0.14233752286005669,0.62401047860880643,0.2214376280687419,0.15455189332245192,0.62783968798176126,0.21377920932283195,0.15838110269540692
1435,2024-2025,2025-04-02,Manchester City,Leicester City,H,0.45789473684210524,0.22543859649122808,0.31666666666666665,0.82226908970654522,0.11802907521434564,0.059701835079109027,0.83299519170124958,0.11349536727966639,0.053509441019084066,0.6955262516870524,0.18001681464733343,0.12445693366561426,0.86366959132601384,0.094610461131370643,0.041719947542615481,0.86530925441485873,0.091331134953680809,0.043359610631460391
1436,2024-2025,2025-04-02,Newcastle,Brentford,H,0.45789473684210524,0.22543859649122808,0.31666666666666665,0.51692339840016643,0.252156448732687,0.23092015286714651,0.5254054050302106,0.25088420911873077,0.22371038585105868,0.52637612375083653,0.22246763548296467,0.2511562407661988,0.45243334862651607,0.22353735591256399,0.32402929546092002,0.45592497961791234,0.2165540939297714,0.32752092645231634
1437,2024-2025,2025-04-02,Southampton,Crystal Palace,D,0.45789473684210524,0.22543859649122808,0.31666666666666665,0.15233316898229199,0.23066274077430932,0.61700409024339875,0.14865456384283587,0.22879267710169526,0.62255275905546892,0.26398354254151579,0.22477509044978564,0.5112413670086986,0.088275287745975387,0.16769881410497156,0.74402589814905329,0.091173306595847034,0.16190277640522829,0.74692391699892491
1438,2024-2025,2025-04-03,Chelsea,Tottenham,H,0.45789473684210524,0.22543859649122808,0.31666666666666665,0.54029187173626547,0.21156015785079957,0.24814797041293502,0.55647644087858594,0.20925644941181892,0.23426710970959505,0.5343758690831486,0.22114989201676938,0.24447423890008199,0.42803278787817028,0.22106972018989987,0.35089749193192987,0.43100445118655523,0.21512639357312993,0.35386915524031481
1439,2024-2025,2025-04-05,Aston Villa,Nottingham,H,0.45789473684210524,0.22543859649122808,0.31666666666666665,0.48328786925214751,0.25160956516717453,0.26510256558067807,0.47602238291276011,0.25337828518645417,0.27059933190078583,0.45686431994436744,0.2310388681227076,0.31209681193292499,0.30626428786308318,0.23718337243847659,0.45655233969844006,0.31143810691676205,0.226835734331119,0.46172615875211881
1440,2024-2025,2025-04-05,Crystal Palace,Brighton,H,0.45789473684210524,0.22543859649122808,0.31666666666666665,0.48725378759494981,0.21006577649268215,0.30268043591236798,0.49070975880927797,0.21020688184155578,0.2990833593491663,0.43112281907882516,0.23287318673760785,0.33600399418356697,0.43587043750982896,0.25385930127691525,0.31027026121325585,0.44158557304357765,0.24242903020941786,0.3159853967470046
1441,2024-2025,2025-04-05,Everton,Arsenal,D,0.45789473684210524,0.22543859649122808,0.31666666666666665,0.19359807935357445,0.18310037936020457,0.62330154128622106,0.19563260233898275,0.18428306846896467,0.62008432919205259,0.26005854834453951,0.22409940248201163,0.51584204917344878,0.1657644523920295,0.28104962281483059,0.5531859247931401,0.17124275912033685,0.27009300935821595,0.55866423152144751
1442,2024-2025,2025-04-05,Ipswich Town,Wolves,A,0.45789473684210524,0.22543859649122808,0.31666666666666665,0.33606062148944071,0.2797894359725886,0.38414994253797075,0.34019968806500867,0.28001939831620487,0.37978091361878646,0.40744115853270579,0.23389584070413116,0.3586630007631631,0.26880620029176544,0.22871005523532434,0.50248374447291022,0.27376297569490787,0.21879650442903967,0.50744051987605276
1443,2024-2025,2025-04-05,West Ham,Bournemouth,D,0.45789473684210524,0.22543859649122808,0.31666666666666665,0.32115057503883987,0.21125294433354458,0.46759648062761555,0.32449102582016909,0.21201037314223209,0.46349860103759888,0.41371046215517315,0.23368828383210985,0.35260125401271702,0.23646058798622113,0.24358049607307419,0.51995891594070487,0.24195992358291898,0.23258182487967854,0.52545825153740278
1444,2024-2025,2025-04-06,Brentford,Chelsea,D,0.45789473684210524,0.22543859649122808,0.31666666666666665,0.32230305415666938,0.24010869015040298,0.43758825569292753,0.32557329647530731,0.2413881866755728,0.43303851684911998,0.3663951766314853,0.23409217704835814,0.39951264632015665,0.34345230064465182,0.23917470721996728,0.41737299213538098,0.34739628529823191,0.23128673791280724,0.42131697678896107
1445,2024-2025,2025-04-06,Fulham,Liverpool,H,0.45789473684210524,0.22543859649122808,0.31666666666666665,0.20029124048269284,0.18930148016489173,0.61040727935241534,0.20174283935475656,0.19057420855735083,0.60768295208789258,0.25590264540622532,0.223354966567402,0.52074238802637274,0.1808454529010019,0.20911075387246364,0.61004379322653457,0.18438362510299405,0.20203440946847934,0.61358196542852672
1446,2024-2025,2025-04-06,Manchester Utd,Manchester City,D,0.45789473684210524,0.22543859649122808,0.31666666666666665,0.31775251226681184,0.16621003945433815,0.51603744827885001,0.3199217794292516,0.16690372410048845,0.51317449647025992,0.3196364584715865,0.2317039317223713,0.4486596098060423,0.23419072040883582,0.22988401328380412,0.53592526630736004,0.23808162681397391,0.22210220047352794,0.53981617271249804
1447,2024-2025,2025-04-06,Tottenham,Southampton,H,0.45789473684210524,0.22543859649122808,0.31666666666666665,0.73375547821919085,0.15801901945284805,0.10822550232796102,0.73694730007419118,0.15747569399863517,0.10557700592717371,0.58434487981820948,0.2113880916888676,0.20426702849292291,0.78580141003604542,0.13377415931869133,0.080424430645263181,0.78803236192130688,0.12931225554816847,0.08265538253052461
1448,2024-2025,2025-04-07,Leicester City,Newcastle,A,0.45789473684210524,0.22543859649122808,0.31666666666666665,0.15634682855134605,0.21664661901534674,0.62700655243330716,0.14741463480772315,0.21272974233893929,0.63985562285333752,0.24528914809592567,0.22131495591024347,0.53339589599383086,0.075069341092402153,0.13647615795716611,0.78845450095043146,0.074699737488038737,0.13721536516589297,0.78808489734606801
1449,2024-2025,2025-04-12,Arsenal,Brentford,D,0.45789473684210524,0.22543859649122808,0.31666666666666665,0.74747298543662521,0.14992894891469682,0.10259806564867811,0.75145529079255102,0.14884009542754131,0.099704613779907553,0.63616203050562703,0.19845899297072575,0.16537897652364733,0.6053337214431006,0.22884935303258988,0.16581692552430949,0.6046430771142135,0.2302306416903642,0.16512628119542233
1450,2024-2025,2025-04-12,Brighton,Leicester City,D,0.45789473684210524,0.22543859649122808,0.31666666666666665,0.7035617587124976,0.16407033723737852,0.1323679040501238,0.72023781601017789,0.15943423959873676,0.12032794439108536,0.62261455518181341,0.2021185995687525,0.1752668452494342,0.7543036473195549,0.15779696243555835,0.087899390244886647,0.75382386091258879,0.15875653524949068,0.087419603837920482
1451,2024-2025,2025-04-12,Manchester City,Crystal Palace,H,0.45789473684210524,0.22543859649122808,0.31666666666666665,0.66212643188916231,0.19525617139437992,0.14261739671645782,0.66552547725315325,0.19478443481761978,0.13969008792922699,0.54821143702118358,0.21871114222500918,0.23307742075380727,0.47865577844399593,0.25461445305283087,0.26672976850317331,0.47788161471043455,0.25616278051995361,0.26595560476961194
1452,2024-2025,2025-04-12,Nottingham,Everton,A,0.45789473684210524,0.22543859649122808,0.31666666666666665,0.56677306066734001,0.22058637411493892,0.21264056521772109,0.56822710716823988,0.22090012897974476,0.21087276385201542,0.5152790135050177,0.22418330248940629,0.26053768400557592,0.44588125190777533,0.27868845240443796,0.2754302956877866,0.445052316950934,0.28034632231812073,0.27460136073094521
1453,2024-2025,2025-04-12,Southampton,Aston Villa,A,0.45789473684210524,0.22543859649122808,0.31666666666666665,0.15276007735284602,0.19406397860615815,0.65317594404099588,0.14389246690538193,0.19038756237741056,0.66571997071720745,0.21961095821159299,0.21550336087054794,0.56488568091785907,0.10774080216196545,0.16434768995598661,0.72791150788204806,0.10724684071788994,0.16533561284413764,0.72741754643797263
1454,2024-2025,2025-04-13,Chelsea,Ipswich Town,D,0.45789473684210524,0.22543859649122808,0.31666666666666665,0.7751961680682401,0.13564271836172392,0.089161113570035949,0.78198593780216186,0.13349754565465524,0.084516516543182846,0.62997918010884812,0.20015396054866988,0.16986685934248205,0.69993605309890605,0.17700008879829715,0.12306385810279677,0.69968324706655494,0.17750570086299927,0.12281105207044571
1455,2024-2025,2025-04-13,Liverpool,West Ham,H,0.45789473684210524,0.22543859649122808,0.31666666666666665,0.82810548761983205,0.11143661689966844,0.060457895480499582,0.83380226913757127,0.10928903356244495,0.056908697299983761,0.68220272009051752,0.18450445839548704,0.13329282151399544,0.74616339306661528,0.15371841849381077,0.100118188439574,0.74594654632000756,0.1541521119870263,0.099901341692966217
1456,2024-2025,2025-04-13,Newcastle,Manchester Utd,H,0.45789473684210524,0.22543859649122808,0.31666666666666665,0.6324621584996325,0.18701695875827731,0.18052088274209016,0.63910416663109404,0.18591533177105601,0.17498050159784989,0.53179501324279344,0.2215824188994911,0.24662256785771555,0.50035052440865324,0.24020475859929785,0.25944471699204896,0.50000688673306237,0.24089203395047948,0.25910107931645815
1457,2024-2025,2025-04-13,Wolves,Tottenham,H,0.45789473684210524,0.22543859649122808,0.31666666666666665,0.33223455856877399,0.2184719842404895,0.44929345719073649,0.3468712132005165,0.21983883274426264,0.43328995405522081,0.4209387548311303,0.23339224995367572,0.34566899521519401,0.2847845975977073,0.2220588639052952,0.49315653849699764,0.28449017159078654,0.22264771591913654,0.49286211249007689
1458,2024-2025,2025-04-14,Bournemouth,Fulham,H,0.45789473684210524,0.22543859649122808,0.31666666666666665,0.39869495307433289,0.2756226972698107,0.32568234965585652,0.39649976528772907,0.2767106032088868,0.32678963150338419,0.41261644038979284,0.23372780873543922,0.35365575087476786,0.39268781200498704,0.24664576793213239,0.36066642006288047,0.39241007180732723,0.24720124832745199,0.36038867986522066
1459,2024-2025,2025-04-16,Newcastle,Crystal Palace,H,0.45789473684210524,0.22543859649122808,0.31666666666666665,0.63084105606682739,0.20810859976621926,0.16105034416695338,0.63388916713201826,0.2077717731555315,0.15833905971245016,0.51566845795094807,0.22412530587053303,0.26020623617851873,0.50905087619982936,0.22304898397913447,0.26790013982103617,0.51023610742501069,0.22067852152877193,0.26908537104621744
1460,2024-2025,2025-04-19,Aston Villa,Newcastle,H,0.45789473684210524,0.22543859649122808,0.31666666666666665,0.48918081295014382,0.22352664375081024,0.28729254329904602,0.49112106128643879,0.22386938468994844,0.28500955402361278,0.43615012417309929,0.23257340718577432,0.33127646864112642,0.29390648323584379,0.22015550134019693,0.4859380154239592,0.29505548045570118,0.21785750690048211,0.4870870126438166
1461,2024-2025,2025-04-19,Brentford,Brighton,H,0.45789473684210524,0.22543859649122808,0.31666666666666665,0.40081234300520246,0.26594879684495726,0.33323886014984039,0.40004367137676022,0.26703360651398583,0.33292272210925389,0.41787965817983919,0.23352491358012684,0.34859542824003403,0.48653806570949881,0.23153184993026524,0.28193008436023587,0.48782614021960652,0.2289557009100498,0.28321815887034357
1462,2024-2025,2025-04-19,Crystal Palace,Bournemouth,D,0.45789473684210524,0.22543859649122808,0.31666666666666665,0.37293036481925607,0.22312295219205971,0.40394668298868419,0.38684826248172932,0.22388642170746839,0.38926531581080231,0.45883096794093037,0.23086838415357047,0.31030064790549922,0.3224574914910403,0.24755111036309591,0.4299913981458639,0.32387246537915487,0.24472116258686674,0.43140637203397847
1463,2024-2025,2025-04-19,Everton,Manchester City,A,0.45789473684210524,0.22543859649122808,0.31666666666666665,0.27539436760752184,0.21163257246471873,0.51297305992775943,0.28148606685824334,0.21294544157948953,0.50556849156226713,0.3180602757899082,0.2315716011579676,0.45036812305212426,0.26573537874490327,0.2762686960866621,0.45799592516843474,0.26730251636654873,0.27313442084337131,0.45956306279008019
1464,2024-2025,2025-04-19,West Ham,Southampton,D,0.45789473684210524,0.22543859649122808,0.31666666666666665,0.60474049415332598,0.19619497857295071,0.19906452727372342,0.62221463841103253,0.19287155980476237,0.18491380178420508,0.5827170650609137,0.21174772239738462,0.20553521254170168,0.654189049895185,0.20788339767393504,0.13792755243088009,0.65538867982373028,0.20548413781684446,0.13912718235942537
1465,2024-2025,2025-04-20,Fulham,Chelsea,A,0.45789473684210524,0.22543859649122808,0.31666666666666665,0.36049955301872438,0.23092519756807456,0.408575249413201,0.37067161312197033,0.23205036695293302,0.39727801992509665,0.41232635028828635,0.23373805529843877,0.35393559441327477,0.36311863345434398,0.26021114960831493,0.37667021693734098,0.36011886464670034,0.26621068722360208,0.37367044812969746
1466,2024-2025,2025-04-20,Ipswich Town,Arsenal,A,0.45789473684210524,0.22543859649122808,0.31666666666666665,0.12479397542116245,0.14876279600066436,0.72644322857817312,0.12101264658713093,0.14759554528708682,0.73139180812578219,0.19363363061788003,0.2082275339379987,0.59813883544412128,0.08181105768040485,0.15561848011532103,0.76257046220427416,0.080017888132849879,0.159204819210431,0.76077729265671912
1467,2024-2025,2025-04-20,Leicester City,Liverpool,A,0.45789473684210524,0.22543859649122808,0.31666666666666665,0.074116487193406383,0.13771344689425719,0.78817006591233651,0.068897892222661919,0.13388881926599963,0.79721328851133832,0.14879888203116867,0.19167389121331174,0.65952722675551945,0.037879616866540684,0.090554562653103937,0.87156582048035525,0.036835909676160142,0.092641977033865022,0.87052211328997464
1468,2024-2025,2025-04-20,Manchester Utd,Wolves,A,0.45789473684210524,0.22543859649122808,0.31666666666666665,0.51258083744481964,0.23046979911981408,0.25694936343536623,0.52055546661635266,0.22931758904844976,0.25012694433519761,0.48681757162565775,0.22798365448748892,0.28519877388685322,0.40484110210510804,0.25105734802872981,0.34410154986616204,0.40197313589970574,0.25679328043953442,0.34123358366075973
1469,2024-2025,2025-04-21,Tottenham,Nottingham,A,0.45789473684210524,0.22543859649122808,0.31666666666666665,0.45216356237621891,0.26937049861928331,0.27846593900449784,0.4322753410027978,0.27250389414727549,0.29522076484992676,0.37794718462191612,0.23424511073823692,0.38780770463984693,0.35027552952099666,0.22719551289381967,0.42252895758518377,0.34969967576330507,0.2283472204092028,0.42195310382749218
1470,2024-2025,2025-04-22,Manchester City,Aston Villa,H,0.45789473684210524,0.22543859649122808,0.31666666666666665,0.68749647347036735,0.17641786648016033,0.13608566004947237,0.68575761604482155,0.17762638400425795,0.13661599995092039,0.5023951248979639,0.22601095526829043,0.2715939198337457,0.52516404849072362,0.22052487979153135,0.25431107171774475,0.52444151028529706,0.22196995620238447,0.25358853351231819
1471,2024-2025,2025-04-23,Arsenal,Crystal Palace,D,0.45789473684210524,0.22543859649122808,0.31666666666666665,0.77673460992634469,0.13968218744771765,0.083583202625937644,0.77622783847891985,0.14042491984432282,0.083347241676757319,0.60924974985933522,0.20553409440433124,0.18521615573633354,0.66642231818400721,0.20941611489994091,0.12416156691605175,0.66572176903526736,0.21081721319742083,0.12346101776731179
1472,2024-2025,2025-04-26,Brighton,West Ham,H,0.45789473684210524,0.22543859649122808,0.31666666666666665,0.48338990503397672,0.25169452147131172,0.26491557349471151,0.49241413070893952,0.25093573295617266,0.2566501363348877,0.51278168638102783,0.22455137561425373,0.26266693800471841,0.47879503501581888,0.23424600707754129,0.28695895790663994,0.47793599453159974,0.23596408804597951,0.28609991742242086
1473,2024-2025,2025-04-26,Chelsea,Everton,H,0.45789473684210524,0.22543859649122808,0.31666666666666665,0.63218057681700934,0.21806746535021043,0.14975195783278006,0.62424213709775389,0.22122626597995748,0.15453159692228849,0.53074119467156777,0.22175700274304294,0.24750180258538923,0.43097770691799231,0.29627775197351602,0.2727445411084915,0.4299228649316717,0.29838743594615719,0.27168969912217089
1474,2024-2025,2025-04-26,Newcastle,Ipswich Town,H,0.45789473684210524,0.22543859649122808,0.31666666666666665,0.80514007421142453,0.11956507281151778,0.075294852977057555,0.81532918011198752,0.11582204644403399,0.068848773443978328,0.64611804659503236,0.19564163144417515,0.15824032196079255,0.79493845225627613,0.11935772787736322,0.085703819866360775,0.79456089954530518,0.12011283329930499,0.085326267155389893
1475,2024-2025,2025-04-26,Southampton,Fulham,A,0.45789473684210524,0.22543859649122808,0.31666666666666665,0.17038080865224151,0.21342934589868257,0.61618984544907596,0.16343027602238627,0.21066662717848716,0.62590309679912659,0.27186978755406327,0.22605394120372962,0.50207627124220711,0.10921232902573849,0.17960900249663667,0.71117866847762501,0.10853062991504989,0.18097240071801385,0.7104969693669364
1476,2024-2025,2025-04-26,Wolves,Leicester City,H,0.45789473684210524,0.22543859649122808,0.31666666666666665,0.70982671708668998,0.15437722068794624,0.13579606222536367,0.72059332673235632,0.15175175859778742,0.12765491466985629,0.56637925422209456,0.21520169492135141,0.218419050856554,0.68659670615999424,0.1934959355333658,0.11990735830664002,0.68586450417740619,0.19496033949854175,0.11917515632405205
1477,2024-2025,2025-04-27,Bournemouth,Manchester Utd,D,0.45789473684210524,0.22543859649122808,0.31666666666666665,0.51658625778526845,0.22840201473655936,0.25501172747817213,0.52058152403430635,0.22860671494718887,0.25081176101850483,0.48047603116443777,0.2287119287489178,0.29081204008664441,0.48745791481399675,0.26532131560201366,0.24722076958398928,0.48739464778524405,0.26544784965951912,0.24715750255523658
1478,2024-2025,2025-04-27,Liverpool,Tottenham,H,0.45789473684210524,0.22543859649122808,0.31666666666666665,0.77397655162069134,0.13599831936972212,0.09002512900958648,0.78968235423529654,0.13036771109914166,0.079949934665561759,0.69234954132250781,0.18110556077661497,0.1265448979008772,0.66840267568610512,0.17240817427339497,0.1591891500404998,0.66836640711657413,0.17248071141245699,0.15915288147096876
1479,2024-2025,2025-05-01,Nottingham,Brentford,A,0.45789473684210524,0.22543859649122808,0.31666666666666665,0.49321370616125043,0.26421322932161972,0.24257306451712987,0.49835882665288117,0.26374454714893708,0.23789662619818169,0.49670100688299945,0.22676222984370256,0.27653676327329801,0.43418390732890211,0.24444404118118418,0.3213720514899136,0.43293384395758161,0.24694416792382523,0.3201219881185931
1480,2024-2025,2025-05-02,Manchester City,Wolves,H,0.45789473684210524,0.22543859649122808,0.31666666666666665,0.79002635871686777,0.14101884845542426,0.068954792827707875,0.79366330652696537,0.13961120944195349,0.066725484031081167,0.62027967134763917,0.20272919343988791,0.17699113521247287,0.63583414259844628,0.19160145026707343,0.17256440713448004,0.63506271266365499,0.19314431013665609,0.17179297719968875
1481,2024-2025,2025-05-03,Arsenal,Bournemouth,A,0.45789473684210524,0.22543859649122808,0.31666666666666665,0.71939491451522264,0.1597077193265532,0.12089736615822412,0.7258996008189339,0.15818919630851894,0.11591120287254718,0.61046821590200218,0.2052306721338566,0.18430111196414128,0.57996159984407369,0.24187901397283468,0.17815938618309138,0.58016761096969338,0.24146699172159536,0.17836539730871104
1482,2024-2025,2025-05-03,Aston Villa,Fulham,H,0.45789473684210524,0.22543859649122808,0.31666666666666665,0.5881380968112685,0.17996875380894328,0.23189314937978828,0.5930182776512356,0.17984316773508316,0.2271385546136811,0.51538150145510508,0.22416805546761301,0.26045044307728182,0.46432639114015695,0.24150662177568624,0.29416698708415678,0.46453163266954545,0.24109613871690924,0.29437222861354528
1483,2024-2025,2025-05-03,Everton,Ipswich Town,D,0.45789473684210524,0.22543859649122808,0.31666666666666665,0.61059590527147456,0.19658313568651972,0.19282095904200575,0.62684679001281118,0.19314870788918792,0.18000450209800092,0.55715539161880179,0.21702702176577898,0.22581758661541923,0.58498326916400856,0.24979554843263527,0.16522118240335637,0.58518928505714718,0.24938351664635805,0.16542719829649496
1484,2024-2025,2025-05-03,Leicester City,Southampton,H,0.45789473684210524,0.22543859649122808,0.31666666666666665,0.48063181430805463,0.21742073972504927,0.30194744596689616,0.48625826750426726,0.21734432751491189,0.2963974049808209,0.47859845857169814,0.22891920557215409,0.29248233585614786,0.35477143427586527,0.29831421244643797,0.3469143532776966,0.35501697676891175,0.29782312746034517,0.34715989577074308
1485,2024-2025,2025-05-04,Brentford,Manchester Utd,H,0.45789473684210524,0.22543859649122808,0.31666666666666665,0.48340873605912871,0.2479227423066826,0.2686685216341887,0.49005169005283244,0.24797340232736687,0.2619749076198008,0.48410233234999367,0.22830079664461941,0.28759687100538689,0.5262142388783051,0.2468392863309431,0.22694647479075164,0.52794102846733737,0.24338570715287855,0.22867326437978391
1486,2024-2025,2025-05-04,Brighton,Newcastle,D,0.45789473684210524,0.22543859649122808,0.31666666666666665,0.31835752030943343,0.2868475874933224,0.39479489219724417,0.32067655558726743,0.28776512207885568,0.39155832233387683,0.37889218775294981,0.23425027849799107,0.38685753374905907,0.24579474057386491,0.18845974821727737,0.56574551120885774,0.24676852564618681,0.18651217807263359,0.56671929628117967
1487,2024-2025,2025-05-04,Chelsea,Liverpool,H,0.45789473684210524,0.22543859649122808,0.31666666666666665,0.35628179529334941,0.20426583021806913,0.43945237448858138,0.35123340783985618,0.20513690202083359,0.44362969013931031,0.31304757932925265,0.23112722268374739,0.45582519798699994,0.25301946490497301,0.23267422994106529,0.51430630515396158,0.25461680843334789,0.22947954288431544,0.51590364868233651
1488,2024-2025,2025-05-04,West Ham,Tottenham,D,0.45789473684210524,0.22543859649122808,0.31666666666666665,0.30794626378988382,0.21892370699006125,0.47313002922005498,0.32425277291901661,0.22088101552393427,0.45486621155704904,0.44190842756327425,0.23219497474801368,0.32589659768871204,0.31520313962613622,0.22496849419241755,0.45982836618144635,0.31663697779302624,0.22210081785863747,0.46126220434833637
1489,2024-2025,2025-05-05,Crystal Palace,Nottingham,D,0.45789473684210524,0.22543859649122808,0.31666666666666665,0.3738627632257232,0.26224302228078228,0.36389421449349452,0.37752550439370625,0.26291340655327244,0.35956108905302125,0.43604463544528926,0.23257999130759274,0.33137537324711791,0.33382817869515496,0.2547449144498975,0.41142690685494759,0.33203825802872872,0.25832475578275021,0.40963698618852123
1490,2024-2025,2025-05-10,Bournemouth,Aston Villa,A,0.45789473684210524,0.22543859649122808,0.31666666666666665,0.46439996126561189,0.23494105679032984,0.30065898194405821,0.45936367890106405,0.23635280295293712,0.30428351814599885,0.38126470851805516,0.23425840535886819,0.38447688612307673,0.38661145272619257,0.25858042604087161,0.3548081212329357,0.38346400646929646,0.26487531855466395,0.35166067497603948
1491,2024-2025,2025-05-10,Fulham,Everton,A,0.45789473684210524,0.22543859649122808,0.31666666666666665,0.4934517451328661,0.2347409787104178,0.27180727615671607,0.49278146601741568,0.23555062591049358,0.27166790807209079,0.4818256069693288,0.22856058225810122,0.28961381077256998,0.39437010208481826,0.30586018198946807,0.29976971592571372,0.39092771941841731,0.31274494732227009,0.29632733325931276
1492,2024-2025,2025-05-10,Ipswich Town,Brentford,A,0.45789473684210524,0.22543859649122808,0.31666666666666665,0.19640978696221745,0.23757647355513076,0.56601373948265188,0.19324964449483947,0.23660371172813213,0.57014664377702839,0.31062554756007832,0.23089956858483784,0.45847488385508378,0.14566268224092296,0.16991874969670653,0.68441856806237056,0.1437878804601003,0.17366835325835189,0.68254376628154778
1493,2024-2025,2025-05-10,Southampton,Manchester City,D,0.45789473684210524,0.22543859649122808,0.31666666666666665,0.085223525860615948,0.1276209261760127,0.78715554796337139,0.080012510631729983,0.12440821185863116,0.79557927750963886,0.15309248095847389,0.19351350042986465,0.65339401861166146,0.043352553161162995,0.10186452716824222,0.85478291967059483,0.042110019010354896,0.10434959546985842,0.85354038551978673
1494,2024-2025,2025-05-10,Wolves,Brighton,A,0.45789473684210524,0.22543859649122808,0.31666666666666665,0.45344289800549525,0.20385717144665708,0.3426999305478477,0.45030293980485619,0.20479107094329638,0.34490598925184734,0.40080509742288611,0.23406524562268766,0.36512965695442617,0.42696177708311278,0.22869193759433659,0.34434628532255046,0.42440719655122677,0.23380109865810864,0.3417917047906644
1495,2024-2025,2025-05-11,Liverpool,Arsenal,D,0.45789473684210524,0.22543859649122808,0.31666666666666665,0.62552280505723579,0.16108259087591595,0.21339460406684829,0.636441375642402,0.16021859321101781,0.2033400311465802,0.50211979194017076,0.22604808040835339,0.27183212765147585,0.39043601904662556,0.25018241241858563,0.35938156853478886,0.38895520837922187,0.25314403375339289,0.35790075786738523
1496,2024-2025,2025-05-11,Manchester Utd,West Ham,A,0.45789473684210524,0.22543859649122808,0.31666666666666665,0.47301125681615075,0.22946760160632845,0.2975211415775208,0.47773730746581455,0.22941462686688621,0.29284806566729926,0.48259242187034079,0.22847371076056291,0.28893386736909615,0.4500527132660585,0.25853976486902303,0.29140752186491842,0.44850250175592443,0.26164018788929105,0.2898573103547844
1497,2024-2025,2025-05-11,Newcastle,Chelsea,H,0.45789473684210524,0.22543859649122808,0.31666666666666665,0.52119640897573316,0.21624080108566152,0.26256278993860527,0.52562894526587134,0.21657342273827945,0.25779763199584926,0.44784026487325407,0.23176623998937296,0.32039349513737286,0.42855952064524949,0.23346920218220604,0.33797127717254455,0.42724322457439895,0.23610179432390707,0.33665498110169401
1498,2024-2025,2025-05-11,Nottingham,Leicester City,D,0.45789473684210524,0.22543859649122808,0.31666666666666665,0.66807802554213247,0.19843010149612028,0.1334918729617473,0.68621469607232011,0.19295744690681418,0.12082785702086572,0.62389045469290683,0.20178244638966117,0.17432709891743189,0.74899685074157607,0.16798753456990942,0.083015614688514455,0.74800783076883715,0.16996557451538724,0.082026594715775558
1499,2024-2025,2025-05-11,Tottenham,Crystal Palace,A,0.45789473684210524,0.22543859649122808,0.31666666666666665,0.49566420053220289,0.24009139899503626,0.26424440047276088,0.4749266446652291,0.24370419380273275,0.28136916153203811,0.38367538843652305,0.2342595869739599,0.38206502458951713,0.408581422587173,0.2275784881540758,0.36384008925875122,0.40734721470805724,0.23004690391230745,0.36260588137963545
1500,2024-2025,2025-05-16,Aston Villa,Tottenham,H,0.45789473684210524,0.22543859649122808,0.31666666666666665,0.63800193094705859,0.17152440095855886,0.19047366809438254,0.66006376905799291,0.16708517493882322,0.17285105600318373,0.60793879828636377,0.20585876757187324,0.18620243414176291,0.56513682483581607,0.20756302801196549,0.22730014715221833,0.56409691567360354,0.2096428463363906,0.2262602379900058
1501,2024-2025,2025-05-16,Chelsea,Manchester Utd,H,0.45789473684210524,0.22543859649122808,0.31666666666666665,0.68107198024040772,0.15926107054356478,0.15966694921602756,0.68526185962280062,0.15887165803018422,0.15586648234701511,0.57287876130966631,0.21386148349928455,0.21325975519104912,0.5658530691784206,0.23410740177958247,0.20003952904199671,0.56457379424178267,0.23666595165285845,0.19876025410535872
1502,2024-2025,2025-05-18,Arsenal,Newcastle,H,0.45789473684210524,0.22543859649122808,0.31666666666666665,0.6132826647716817,0.19122399927455977,0.19549333595375853,0.61192375172533486,0.19241198888146821,0.1956642593931969,0.50746922343824818,0.22531228407711931,0.26721849248463253,0.48260295895328476,0.23612674253962321,0.28127029850709201,0.48208961368531111,0.23715343307557041,0.28075695323911842
1503,2024-2025,2025-05-18,Brentford,Fulham,A,0.45789473684210524,0.22543859649122808,0.31666666666666665,0.52117229636353868,0.22913012265484645,0.24969758098161488,0.52586902361612298,0.22914832232389684,0.2449826540599801,0.48509555709749241,0.22818571016966338,0.28671873273284421,0.50817143161051048,0.23157386095332597,0.26025470743616363,0.50766812875996492,0.23258046665441723,0.25975140458561802
1504,2024-2025,2025-05-18,Everton,Southampton,H,0.45789473684210524,0.22543859649122808,0.31666666666666665,0.69720685856773523,0.17742067455496111,0.12537246687730386,0.7140811048764516,0.17196741829690976,0.11395147682663871,0.62176117359146077,0.20234245076526475,0.17589637564327448,0.69348925857692256,0.2103895904684894,0.096121150954587967,0.69306659029708262,0.21123492702816929,0.095698482674748023
1505,2024-2025,2025-05-18,Leicester City,Ipswich Town,H,0.45789473684210524,0.22543859649122808,0.31666666666666665,0.47008107421030382,0.20792374015546902,0.32199518563422708,0.47084750770353312,0.20836420963156443,0.3207882826649025,0.4384181584108619,0.23242880953486972,0.32915303205426838,0.31958557731190385,0.26222113975577882,0.41819328293231722,0.31900035822420064,0.26339157793118523,0.41760806384461407
1506,2024-2025,2025-05-18,West Ham,Nottingham,A,0.45789473684210524,0.22543859649122808,0.31666666666666665,0.30455937122538623,0.27040196329261712,0.42503866548199665,0.2988978279018461,0.27076332215284032,0.43033884994531363,0.37595189431713644,0.23423057430445976,0.3898175313784038,0.28477143446905412,0.25237847131274671,0.46285009421819906,0.28420908204194217,0.2535031761669706,0.46228774179108717
1507,2024-2025,2025-05-19,Brighton,Liverpool,H,0.45789473684210524,0.22543859649122808,0.31666666666666665,0.246757320871939,0.2159729220438513,0.53726975708420965,0.2493396024824456,0.21745552322931297,0.53320487428824148,0.28474236537869391,0.22792227328696557,0.48733536133434052,0.20554068895942082,0.18525994084269673,0.60919937019788239,0.20602507018275723,0.18429117839602391,0.60968375142121878
1508,2024-2025,2025-05-20,Crystal Palace,Wolves,H,0.45789473684210524,0.22543859649122808,0.31666666666666665,0.52387225303335394,0.25038685022795337,0.22574089673869277,0.53787695206118713,0.24767170829858334,0.21445133964022961,0.51951709012822456,0.22354349829909817,0.25693941157267736,0.4577065185701531,0.25024382369994103,0.29204965772990593,0.45850484265775421,0.24864717552473875,0.29284798181750704
1509,2024-2025,2025-05-20,Manchester City,Bournemouth,H,0.45789473684210524,0.22543859649122808,0.31666666666666665,0.73820979025514766,0.14767878265419862,0.11411142709065378,0.74135346383873135,0.14717266546795432,0.1114738706933143,0.58563228378720134,0.21110167538522029,0.20326604082757835,0.51359591899370249,0.25100002819397993,0.23540405281231752,0.51439913984987484,0.24939358648163509,0.23620727366848998
1510,2024-2025,2025-05-25,Bournemouth,Leicester City,H,0.45789473684210524,0.22543859649122808,0.31666666666666665,0.68255761229885048,0.17715813750710144,0.14028425019404808,0.69519868708611698,0.17408085156787245,0.13072046134601042,0.58370822005412171,0.21152908285724512,0.20476269708863309,0.68517893723265477,0.19781216344170702,0.11700889932563804,0.68573135147352615,0.19670733495996426,0.11756131356650942
1511,2024-2025,2025-05-25,Fulham,Manchester City,A,0.45789473684210524,0.22543859649122808,0.31666666666666665,0.28182836026902619,0.22252043726336218,0.49565120246761157,0.28831393527046151,0.22429552109762105,0.48739054363191753,0.30873833965028125,0.23071628752313295,0.46054537282658586,0.23621642576133398,0.23167260376944693,0.53211097046921918,0.2368631140711997,0.23037922714971554,0.53275765877908499
1512,2024-2025,2025-05-25,Ipswich Town,West Ham,A,0.45789473684210524,0.22543859649122808,0.31666666666666665,0.27711709972476345,0.23424609958323389,0.4886368006920026,0.27752550636015405,0.23460049659074519,0.48787399704910073,0.3691620781661259,0.23414401744959659,0.39669390438427748,0.24900918515325751,0.24435993463391104,0.50663088021283142,0.24969843754930082,0.24298142984182444,0.50732013260887476
1513,2024-2025,2025-05-25,Liverpool,Crystal Palace,D,0.45789473684210524,0.22543859649122808,0.31666666666666665,0.73749237142260382,0.16391748744245033,0.098590141134945811,0.73839072612961199,0.16435629669919158,0.097252977171196589,0.59876298036858944,0.20807973234564239,0.19315728728576817,0.60168431721776949,0.19500581809314163,0.20330986468908885,0.60217629927718996,0.19402185397430083,0.20380184674850926
1514,2024-2025,2025-05-25,Manchester Utd,Aston Villa,H,0.45789473684210524,0.22543859649122808,0.31666666666666665,0.28839722848540544,0.22937138086042139,0.4822313906541732,0.27962623030595024,0.22879280046230377,0.49158096923174616,0.29889239782937743,0.22967511785581171,0.47143248431481094,0.22711438898490949,0.24990705653398729,0.5229785544811032,0.22781906632808091,0.24849770184764444,0.52368323182427456
1515,2024-2025,2025-05-25,Newcastle,Everton,A,0.45789473684210524,0.22543859649122808,0.31666666666666665,0.62190073750298469,0.20935586164422729,0.16874340085278811,0.62218677126624933,0.21018102295551652,0.16763220577823407,0.5433048553469999,0.21959915279687323,0.23709599185612695,0.51457372906709231,0.25558589808971965,0.22984037284318817,0.5152916409185474,0.25415007438680942,0.23055828469464326
1516,2024-2025,2025-05-25,Nottingham,Chelsea,A,0.45789473684210524,0.22543859649122808,0.31666666666666665,0.38088851072001062,0.267911566761737,0.35119992251825233,0.388527747411131,0.26875520180066426,0.3427170507882048,0.39939985627190772,0.23409443314167935,0.36650571058641296,0.34687108274852591,0.26283841235078492,0.39029050490068906,0.34761359766629835,0.26135338251523993,0.3910330198184615
1517,2024-2025,2025-05-25,Southampton,Arsenal,A,0.45789473684210524,0.22543859649122808,0.31666666666666665,0.067909171205046706,0.10663591730312524,0.82545491149182804,0.064313374551641961,0.10441099694819451,0.83127562850016357,0.14959202585355602,0.19201824905946843,0.65838972508697557,0.040726278679447829,0.11934897855117969,0.83992474276937257,0.041043311879674853,0.11871491215072565,0.84024177596959959
1518,2024-2025,2025-05-25,Tottenham,Brighton,A,0.45789473684210524,0.22543859649122808,0.31666666666666665,0.4107497702502369,0.26046344075357403,0.32878678899618902,0.39051256670508394,0.26215457170980183,0.34733286158511428,0.34051433817226923,0.23313097653326972,0.42635468529446091,0.35074325797306966,0.21360064166523826,0.435656100361692,0.35123466456356017,0.21261782848425739,0.43614750695218257
1519,2024-2025,2025-05-25,Wolves,Brentford,D,0.45789473684210524,0.22543859649122808,0.31666666666666665,0.3662091867332094,0.25888944190175178,0.37490137136503887,0.36518381442730308,0.25917161682951084,0.37564456874318608,0.38341756414740835,0.23425980026641977,0.38232263558617186,0.29164876125112432,0.2238405165130532,0.48451072223582248,0.29223177602027089,0.22267448697476006,0.48509373700496905
1520,2025-2026,2025-08-15,Liverpool,Bournemouth,H,0.44539473684210529,0.23026315789473684,0.32434210526315788,0.5671937314504254,0.21107181359765534,0.22173445495191929,0.59826547396497953,0.20593855098909086,0.1957959750459296,0.57249184519595664,0.2182638815509283,0.20924427325311512,0.55508329678757118,0.21821335024308275,0.22670335296934618,0.55641632971504074,0.21554728438814347,0.22803638589681582
1521,2025-2026,2025-08-16,Aston Villa,Newcastle,D,0.44539473684210529,0.23026315789473684,0.32434210526315788,0.48513138894018487,0.22929963207285645,0.28556897898695865,0.48524571502999087,0.23033115392963349,0.28442313104037575,0.45996521591197892,0.23587574715071416,0.30415903693730684,0.35278041151376699,0.24709870553593435,0.40012088295029868,0.35435998823049814,0.24393955210247217,0.40170045966702977
1522,2025-2026,2025-08-16,Brighton,Fulham,D,0.44539473684210529,0.23026315789473684,0.32434210526315788,0.48298847685815527,0.23289616212463177,0.28411536101721302,0.49617955560570148,0.2321236440474361,0.27169680034686239,0.48655756940659434,0.23296341934494277,0.28047901124846292,0.47836637742368787,0.22217420266342694,0.29945941991288516,0.47967913655396882,0.21954868440286504,0.30077217904316611
1523,2025-2026,2025-08-16,Sunderland,West Ham,H,0.44539473684210529,0.23026315789473684,0.32434210526315788,0.4327972538164091,0.24127069060629561,0.32593205557729538,0.43195697776232556,0.24266805767764063,0.32537496456003384,0.46761974375803556,0.23511833264344437,0.29726192359852005,0.48310583856427802,0.26592916907130848,0.25096499236441361,0.48481983019522173,0.26250118580942117,0.25267898399535726
1524,2025-2026,2025-08-16,Tottenham,Burnley,H,0.44539473684210529,0.23026315789473684,0.32434210526315788,0.45752428065664202,0.24039895485418186,0.30207676448917614,0.45560545007428233,0.24152357768596749,0.30287097223975029,0.40431214129643267,0.23936088125043556,0.35632697745313174,0.51448474852115111,0.21663924570202006,0.26887600577682874,0.51576502212525643,0.21407869849380956,0.27015627938093401
1525,2025-2026,2025-08-16,Wolves,Manchester City,A,0.44539473684210529,0.23026315789473684,0.32434210526315788,0.40701814228478495,0.24381708084873813,0.34916477686647701,0.37176921164930082,0.24349509705366509,0.38473569129703417,0.29286598930443369,0.2345971567064018,0.47253685398916434,0.17804813901057923,0.21135225762007176,0.61059960336934904,0.17941355477894586,0.2086214260833385,0.61196501913771573
1526,2025-2026,2025-08-17,Chelsea,Crystal Palace,D,0.44539473684210529,0.23026315789473684,0.32434210526315788,0.52167936724964725,0.22858149643880984,0.2497391363115429,0.52404605399308446,0.22922160557786891,0.24673234042904671,0.49103767348492289,0.23239556297698344,0.27656676353809373,0.46462934320638266,0.25950746987944584,0.2758631869141715,0.46016269655792424,0.26844076317636267,0.27139654026571303
1527,2025-2026,2025-08-17,Manchester Utd,Arsenal,A,0.44539473684210529,0.23026315789473684,0.32434210526315788,0.42070893371033347,0.25078516424075203,0.32850590204891444,0.38924522771751718,0.25141648358835184,0.35933828869413093,0.29967814393575709,0.23539199381778797,0.46492986224645483,0.16988873904180604,0.23706311145733477,0.59304814950085916,0.16587020221052162,0.24510018511990356,0.58902961266957476
1528,2025-2026,2025-08-17,Nottingham,Brentford,H,0.44539473684210529,0.23026315789473684,0.32434210526315788,0.49671168935111742,0.23037737419186366,0.27291093645701903,0.49026092831888368,0.23192850034231471,0.27781057133880149,0.45358397285322138,0.23645670485686751,0.30995932228991108,0.38294033079077461,0.242403071248281,0.37465659796094442,0.37890194105943192,0.2504798507109664,0.37061820822960179
1529,2025-2026,2025-08-18,Leeds United,Everton,H,0.44539473684210529,0.23026315789473684,0.32434210526315788,0.43210214841638206,0.24579647675577113,0.32210137482784668,0.42200003551928505,0.24609080373919789,0.33190916074151711,0.42257057026038575,0.23861632600936461,0.3388131037302497,0.19883376547246298,0.23817956387570782,0.56298667065182906,0.19373473262886517,0.24837762956290346,0.55788763780823125
1530,2025-2026,2025-08-22,West Ham,Chelsea,A,0.44539473684210529,0.23026315789473684,0.32434210526315788,0.19123060032954792,0.28875532759077394,0.5200140720796782,0.19178706457077913,0.29065321706585295,0.517559718363368,0.3330775007565715,0.23828133221000269,0.42864116703342581,0.23148236630479502,0.26496902179378079,0.50354861190142408,0.22637997614897887,0.27517380210541315,0.49844622174560788
1531,2025-2026,2025-08-23,Arsenal,Leeds United,H,0.44539473684210529,0.23026315789473684,0.32434210526315788,0.52358021892848428,0.22569705062268297,0.2507227304488327,0.54861723243621352,0.22494854562424782,0.22643422193953872,0.58292281268429136,0.21593645616019982,0.20114073115550887,0.15105868130126787,0.42455072555396328,0.42439059314476874,0.14723845575913291,0.43219117663823309,0.42057036760263383
1532,2025-2026,2025-08-23,Bournemouth,Wolves,H,0.44539473684210529,0.23026315789473684,0.32434210526315788,0.60257159382167069,0.26688825835767288,0.13054014782065645,0.59166803238596644,0.2704931888380292,0.13783877877600448,0.49431941694827514,0.23196558776577178,0.27371499528595306,0.53222170963480342,0.22551706167357058,0.24226122869162603,0.52758615271101861,0.2347881755211402,0.23762567176784122
1533,2025-2026,2025-08-23,Brentford,Aston Villa,H,0.44539473684210529,0.23026315789473684,0.32434210526315788,0.26566634612365142,0.30938861392753225,0.42494503994881633,0.2631021082259164,0.31226204780191991,0.42463584397216381,0.38325678403917091,0.23971796235219928,0.37702525360862987,0.33563321081073505,0.25223620224053839,0.41213058694872656,0.33032949213701246,0.26284363958798351,0.40682686827500397
1534,2025-2026,2025-08-23,Burnley,Sunderland,H,0.44539473684210529,0.23026315789473684,0.32434210526315788,0.086119203449331674,0.19227004829990466,0.72161074825076366,0.096854397591742594,0.20349827183692618,0.69964733057133122,0.42756859060342145,0.23834366000843302,0.33408774938814545,0.018607054556114676,0.059169949962293814,0.92222299548159148,0.017357197743927077,0.061669663586669012,0.920973138669404
1535,2025-2026,2025-08-23,Manchester City,Tottenham,A,0.44539473684210529,0.23026315789473684,0.32434210526315788,0.52775467966379541,0.24429714930165364,0.22794817103455095,0.54558226172843982,0.24712489609563798,0.20729284217592214,0.61792462956816763,0.20726374468217837,0.17481162574965398,0.74231462802892156,0.1505617314128215,0.10712364055825671,0.73931224057274258,0.15656650632517952,0.1041212531020777
1536,2025-2026,2025-08-24,Crystal Palace,Nottingham,D,0.44539473684210529,0.23026315789473684,0.32434210526315788,0.23418222901771205,0.19967728462025999,0.56614048636202796,0.27889667502365501,0.2078447477585644,0.51325857721778068,0.45163187591954035,0.23662521308916382,0.31174291099129581,0.39476470908395123,0.26044675497831432,0.34478853593773445,0.39778018266416781,0.25441580781788109,0.34780400951795104
1537,2025-2026,2025-08-24,Everton,Brighton,H,0.44539473684210529,0.23026315789473684,0.32434210526315788,0.30484194507567014,0.24431466421311213,0.45084339071121782,0.30976529196758223,0.24417152950946469,0.44606317852295319,0.40864203271402116,0.23922036590865772,0.35213760137732103,0.35872922033523458,0.27938666487423575,0.36188411479052934,0.36193215686499891,0.27298079181470719,0.36508705132029362
1538,2025-2026,2025-08-24,Fulham,Manchester Utd,D,0.44539473684210529,0.23026315789473684,0.32434210526315788,0.52203925530042339,0.25263087977365811,0.22532986492591864,0.51047223298005562,0.25487620368518232,0.23465156333476206,0.48553959864859625,0.23308936325772264,0.28137103809368114,0.45380773612957537,0.26652968181098424,0.27966258205944022,0.45688299783738739,0.26037915839536024,0.28273784376725225
1539,2025-2026,2025-08-25,Newcastle,Liverpool,A,0.44539473684210529,0.23026315789473684,0.32434210526315788,0.27385317813925469,0.17587594587939928,0.55027087598134605,0.30573483541710955,0.17835397647160242,0.515911188111288,0.36417062398202027,0.23956162559529842,0.39626775042268125,0.39225839380177241,0.22020928083805638,0.38753232536017101,0.39140829354426188,0.22190948135307753,0.38668222510266048
1540,2025-2026,2025-08-30,Chelsea,Fulham,H,0.44539473684210529,0.23026315789473684,0.32434210526315788,0.64417991642576122,0.21709320961827314,0.13872687395596561,0.63205875728542671,0.22314470479292337,0.14479653792164993,0.52680479112721768,0.22707485839137326,0.24612035048140918,0.57357876502110539,0.23535655248339027,0.19106468249550437,0.57244269149817317,0.23762869952925481,0.18992860897257208
1541,2025-2026,2025-08-30,Leeds United,Newcastle,D,0.44539473684210529,0.23026315789473684,0.32434210526315788,0.39562170581213651,0.26646909614802489,0.33790919803983865,0.359410052591916,0.26497897242609053,0.37561097498199347,0.38840115927246222,0.23968124550547712,0.37191759522206053,0.071891172446241186,0.12589775495457731,0.80221107259918167,0.071297672556664735,0.12708475473373021,0.80161757270960521
1542,2025-2026,2025-08-30,Manchester Utd,Burnley,H,0.44539473684210529,0.23026315789473684,0.32434210526315788,0.38049168552749302,0.2511056394334672,0.36840267503903984,0.39537635174675895,0.25221978038616633,0.35240386786707473,0.42999504224932977,0.23820074020210741,0.33180421754856287,0.46693229542694525,0.27613249743823676,0.25693520713481793,0.46562958332982529,0.27873792163247674,0.25563249503769786
1543,2025-2026,2025-08-30,Sunderland,Brentford,H,0.44539473684210529,0.23026315789473684,0.32434210526315788,0.45618616924859567,0.26315335923016453,0.28066047152123974,0.4244481879770865,0.26645097126525802,0.30910084075765554,0.41619419148135645,0.23892146892717989,0.34488433959146375,0.33093751789073023,0.25888407117970524,0.41017841092956442,0.32968711569609099,0.2613848755689836,0.40892800873492524
1544,2025-2026,2025-08-30,Tottenham,Bournemouth,A,0.44539473684210529,0.23026315789473684,0.32434210526315788,0.64666101293427225,0.22748122621271838,0.12585776085300951,0.61205841493488422,0.2395182347188006,0.14842335034631507,0.4075235882551464,0.23925882552769517,0.35321758621715837,0.39909992462983057,0.23942259311223882,0.36147748225793069,0.39799029027815314,0.24164186181559352,0.36036784790625337
1545,2025-2026,2025-08-30,Wolves,Everton,A,0.44539473684210529,0.23026315789473684,0.32434210526315788,0.14465704572027163,0.20622388791522955,0.64911906636449868,0.15888021058372825,0.21397892333432333,0.62714086608194841,0.38357843903243372,0.23971663593157735,0.37670492503598896,0.25981342872604407,0.29794607203444823,0.44224049923950759,0.2584793243112346,0.30061428086406716,0.44090639482469812
1546,2025-2026,2025-08-31,Aston Villa,Crystal Palace,A,0.44539473684210529,0.23026315789473684,0.32434210526315788,0.40429894763259605,0.23078981144482075,0.36491124092258315,0.41396159542581495,0.23043157826580019,0.35560682630838475,0.4716282192404338,0.23469549844634269,0.29367628231322357,0.40809764265207993,0.29034589422084767,0.30155646312707246,0.40785433553298339,0.29083250845904085,0.30131315600797587
1547,2025-2026,2025-08-31,Brighton,Manchester City,H,0.44539473684210529,0.23026315789473684,0.32434210526315788,0.29048278280473938,0.24167274937754341,0.46784446781771732,0.30754216187838845,0.24292331770523948,0.44953452041637204,0.36116210133263071,0.23949417237539153,0.3993437262919779,0.23998908055993659,0.21928443002732403,0.54072648941273938,0.23980747896321561,0.219647633220766,0.54054488781601839
1548,2025-2026,2025-08-31,Liverpool,Arsenal,H,0.44539473684210529,0.23026315789473684,0.32434210526315788,0.40417054939530628,0.28554080656888925,0.31028864403580442,0.40398570809642548,0.29033351551079212,0.30568077639278235,0.45922786725620224,0.23594522749973171,0.30482690524406603,0.33360600856479722,0.2302440422794611,0.43614994915574173,0.33342019283383068,0.23061567374139413,0.43596413342477525
1549,2025-2026,2025-08-31,Nottingham,West Ham,A,0.44539473684210529,0.23026315789473684,0.32434210526315788,0.79659842482351373,0.14683263818093542,0.056568936995550927,0.77523417931489536,0.15642301417465901,0.068342806510445595,0.5307951202677027,0.22639508468660055,0.2428097950456968,0.65573697853513568,0.18972446807092072,0.15453855339394348,0.65557660540625251,0.19004521432868701,0.15437818026506034
1550,2025-2026,2025-09-13,Arsenal,Nottingham,H,0.44539473684210529,0.23026315789473684,0.32434210526315788,0.67456354735318735,0.1928124802016529,0.13262397244515975,0.67952556138383913,0.19072941577462116,0.12974502284153974,0.56101753193443293,0.22068843690189266,0.21829403116367449,0.65194020765091454,0.21198402452264919,0.13607576782643616,0.65416337268927005,0.20753769444593806,0.13829893286479175
1551,2025-2026,2025-09-13,Bournemouth,Brighton,H,0.44539473684210529,0.23026315789473684,0.32434210526315788,0.51276248226851007,0.26701086171649141,0.22022665601499858,0.48243996639124487,0.27344408453858765,0.24411594907016751,0.42957779081432584,0.2382258058447714,0.33219640334090289,0.4341563922427053,0.24536705175040649,0.32047655600688807,0.43671145053894755,0.24025693515792187,0.32303161430313043
1552,2025-2026,2025-09-13,Brentford,Chelsea,D,0.44539473684210529,0.23026315789473684,0.32434210526315788,0.23662129853038374,0.2794735617161348,0.48390513975348143,0.25503683018111611,0.28498331911755004,0.45997985070133379,0.36363236862891918,0.23955042539874177,0.39681720597233916,0.25718812038982874,0.24412660222963808,0.49868527738053309,0.25976660663810991,0.23896962973307581,0.5012637636288142
1553,2025-2026,2025-09-13,Crystal Palace,Sunderland,D,0.44539473684210529,0.23026315789473684,0.32434210526315788,0.45856488352617436,0.23808619215025298,0.30334892432357274,0.47475535003744934,0.23807004316914074,0.28717460679340995,0.49759233545001047,0.23152499482353497,0.27088266972645458,0.39530772726718377,0.29489328511598212,0.30979898761683416,0.39829083500291274,0.28892706964452419,0.31278209535256313
1554,2025-2026,2025-09-13,Everton,Aston Villa,D,0.44539473684210529,0.23026315789473684,0.32434210526315788,0.6156563968572516,0.24487083718228261,0.13947276596046596,0.57540382717121952,0.25778508259476213,0.16681109023401844,0.425195217825724,0.23847679294922175,0.33632798922505425,0.41221105892901222,0.30537940827717563,0.2824095327938122,0.41517989103209058,0.29944174407101892,0.2853783648968905
1555,2025-2026,2025-09-13,Fulham,Leeds United,H,0.44539473684210529,0.23026315789473684,0.32434210526315788,0.46235849338011464,0.27268130402221019,0.26496020259767522,0.47604933650500258,0.27203853925120769,0.25191212424378978,0.45115518760559065,0.23666570391363517,0.31217910848077418,0.62780389665156144,0.2623129430867801,0.10988316026165844,0.62994389982739951,0.25803293673510408,0.11202316343749648
1556,2025-2026,2025-09-13,Newcastle,Wolves,H,0.44539473684210529,0.23026315789473684,0.32434210526315788,0.60502386401278407,0.18693366028235764,0.20804247570485829,0.61606731523376301,0.18316425283865051,0.2007684319275865,0.55830362510804787,0.22124113179323213,0.22045524309872011,0.6542692649941233,0.18875618934677585,0.15697454565910082,0.65619740355351019,0.18489991222800201,0.15890268421848777
1557,2025-2026,2025-09-13,West Ham,Tottenham,A,0.44539473684210529,0.23026315789473684,0.32434210526315788,0.16811320700073573,0.25580699511765842,0.57607979788160579,0.1872909508546769,0.26736431289758777,0.54534473624773527,0.44930144042908154,0.23682070701250962,0.31387785255840883,0.34627749832352517,0.23017490240835248,0.42354759926812241,0.3485280541413659,0.22567379077267113,0.42579815508596308
1558,2025-2026,2025-09-14,Burnley,Liverpool,A,0.44539473684210529,0.23026315789473684,0.32434210526315788,0.21189751089577749,0.2695355147796788,0.51856697432454379,0.20253614460998928,0.2663322812194992,0.53113157417051149,0.26924520774587984,0.23126405748037265,0.49949073477374756,0.1227717896537119,0.12900205821035116,0.74822615213593702,0.12355713198668826,0.12743137354439849,0.74901149446891335
1559,2025-2026,2025-09-14,Manchester City,Manchester Utd,H,0.44539473684210529,0.23026315789473684,0.32434210526315788,0.4870657803121014,0.23130514637011859,0.28162907331777998,0.51881025003958925,0.22923817496803428,0.25195157499237641,0.56889389479147634,0.21903942375378621,0.21206668145473739,0.61775857559384284,0.21662269655483352,0.16561872785132362,0.61985528875892648,0.21242927022466623,0.16771544101640726
1560,2025-2026,2025-09-20,Brighton,Tottenham,D,0.44539473684210529,0.23026315789473684,0.32434210526315788,0.24300178292731964,0.25769790650072671,0.49930031057195357,0.2785688618651494,0.26598041715106474,0.45545072098378581,0.50399800688049357,0.23062873589078828,0.26537325722871824,0.42488833638442053,0.22171333165697257,0.35339833195860693,0.42793676599131902,0.21561647244317561,0.35644676156550542
1561,2025-2026,2025-09-20,Burnley,Nottingham,D,0.44539473684210529,0.23026315789473684,0.32434210526315788,0.42439002194309072,0.26549754940160913,0.31011242865530009,0.41260075303250288,0.26564202564451661,0.3217572213229804,0.40477805937091005,0.23934684699331671,0.35587509363577319,0.33499128220300417,0.25544794398789644,0.4095607738090995,0.33900398999626691,0.24742252840137091,0.41357348160236224
1562,2025-2026,2025-09-20,Fulham,Brentford,H,0.44539473684210529,0.23026315789473684,0.32434210526315788,0.47888618874711925,0.2627298345089184,0.25838397674396241,0.46642474061409533,0.26346602584234358,0.27010923354356103,0.44445526206823838,0.23720740578119934,0.31833733215056226,0.35521068823274754,0.2430521542710195,0.40173715749623312,0.35893142717558907,0.23561067638533628,0.40545789643907465
1563,2025-2026,2025-09-20,Liverpool,Everton,H,0.44539473684210529,0.23026315789473684,0.32434210526315788,0.64337660394987917,0.22603558749286035,0.13058780855726049,0.64990292634401581,0.22509762061734606,0.1249994530386381,0.592514162976021,0.21369248100052077,0.19379335602345824,0.5775085494793839,0.23386471486426774,0.18862673565634844,0.58119086161268319,0.22650009059766896,0.19230904778964783
1564,2025-2026,2025-09-20,Manchester Utd,Chelsea,H,0.44539473684210529,0.23026315789473684,0.32434210526315788,0.23074819893958143,0.26711269685414241,0.50213910420627617,0.23876581038603908,0.26939214159099295,0.49184204802296788,0.33256603372407767,0.2382492323075186,0.42918473396840362,0.20043260382057237,0.24028264651413395,0.55928474966529351,0.20421332499830261,0.23272120415867353,0.56306547084302372
1565,2025-2026,2025-09-20,West Ham,Crystal Palace,A,0.44539473684210529,0.23026315789473684,0.32434210526315788,0.17657045279117245,0.24606506209471024,0.5773644851141172,0.17884542891209901,0.24893391257960401,0.57222065850829695,0.35409980663037866,0.23928908792900322,0.40661110544061818,0.20731191774431756,0.22981683703120809,0.56287124522447418,0.21092806745807643,0.22258453760369035,0.56648739493823308
1566,2025-2026,2025-09-20,Wolves,Leeds United,A,0.44539473684210529,0.23026315789473684,0.32434210526315788,0.29035625348338595,0.2632329298044464,0.44641081671216765,0.30882281233215264,0.26636802262261783,0.42480916504522964,0.39552183218054071,0.23957623843647965,0.36490192938297955,0.60215026202942623,0.29013372349181776,0.10771601447875585,0.60520373552320372,0.28402677650426283,0.11076948797253333
1567,2025-2026,2025-09-21,Arsenal,Manchester City,D,0.44539473684210529,0.23026315789473684,0.32434210526315788,0.60222753242331839,0.2263750626904466,0.17139740488623498,0.59263720841871115,0.22891810265999177,0.17844468892129706,0.47631738944792884,0.23417811509502237,0.28950449545704887,0.50610173176587869,0.26688627021176808,0.2270119980223532,0.50805709345622707,0.26297554683107138,0.22896735971270155
1568,2025-2026,2025-09-21,Bournemouth,Newcastle,D,0.44539473684210529,0.23026315789473684,0.32434210526315788,0.50001136497238474,0.26466138712490744,0.23532724790270776,0.47076510192645626,0.26996891014790125,0.25926598792564243,0.42369353295521089,0.23855761732075531,0.33774884972403374,0.35339170426453365,0.27824670657453193,0.36836158916093459,0.35545979544112388,0.27411052422135146,0.37042968033752482
1569,2025-2026,2025-09-21,Sunderland,Aston Villa,D,0.44539473684210529,0.23026315789473684,0.32434210526315788,0.52943516836946902,0.24158530669371683,0.22897952493681423,0.48257159584591081,0.24865263644273314,0.26877576771135603,0.40050085881676278,0.23946580854875635,0.3600333326344809,0.42913237939046478,0.35162991277841793,0.21923770783111721,0.43102790911827205,0.34783885332280334,0.22113323755892447
1570,2025-2026,2025-09-27,Brentford,Manchester Utd,H,0.44539473684210529,0.23026315789473684,0.32434210526315788,0.39599058760615768,0.28469918694066687,0.31931022545317544,0.40124951536551412,0.28401128541794879,0.31473919921653715,0.4583372173508094,0.23602833552793615,0.30563444712125443,0.4761149558731031,0.22790673162256542,0.29597831250433165,0.47243823600698026,0.23526017135481114,0.29230159263820882
1571,2025-2026,2025-09-27,Chelsea,Brighton,A,0.44539473684210529,0.23026315789473684,0.32434210526315788,0.62090849142429705,0.21693962109483675,0.16215188748086617,0.60489641371843694,0.22205447062614875,0.17304911565541425,0.49628926148816926,0.23170181901496265,0.27200891949686817,0.55928988777982125,0.21470641565549664,0.22600369656468189,0.55577735919212901,0.2217314728308811,0.22249116797698967
1572,2025-2026,2025-09-27,Crystal Palace,Liverpool,H,0.44539473684210529,0.23026315789473684,0.32434210526315788,0.33760301392056558,0.24888407253899125,0.41351291354044317,0.33784138947114667,0.24934093486178827,0.41281767566706506,0.32669496083175997,0.23785436810090407,0.43545067106733587,0.30023127749970535,0.23932748718757058,0.46044123531272418,0.29621794612532598,0.2473541499363292,0.4564279039383447
1573,2025-2026,2025-09-27,Leeds United,Bournemouth,D,0.44539473684210529,0.23026315789473684,0.32434210526315788,0.3425217219458549,0.30050805552903298,0.35697022252511212,0.33936473149678731,0.30113407135408238,0.35950119714913026,0.40814803548466577,0.23923753827706293,0.35261442623827127,0.25914160560604133,0.30039005159237814,0.44046834280158065,0.25439139447797277,0.30989047384851526,0.43571813167351209
1574,2025-2026,2025-09-27,Manchester City,Burnley,H,0.44539473684210529,0.23026315789473684,0.32434210526315788,0.62878333658712005,0.21687653939933041,0.15434012401354966,0.64720653210219214,0.21250583435554729,0.14028763354226054,0.58763134728078792,0.21484731106108343,0.19752134165812874,0.70956238235832492,0.1839191153521848,0.10651850228949032,0.70641317856948327,0.19021752292986785,0.10336929850064878
1575,2025-2026,2025-09-27,Nottingham,Sunderland,A,0.44539473684210529,0.23026315789473684,0.32434210526315788,0.36719632445479733,0.25799445756193695,0.37480921798326572,0.37765685920739817,0.25889204097781282,0.36345109981478896,0.45955376641251017,0.23591459363656569,0.30453163995092419,0.28572376963773877,0.31244783493571432,0.40182839542654697,0.28089510748644547,0.32210515923830091,0.39699973327525367
1576,2025-2026,2025-09-27,Tottenham,Wolves,D,0.44539473684210529,0.23026315789473684,0.32434210526315788,0.71085624402172209,0.18412387826362051,0.10501987771465748,0.68813467767280601,0.19173016256316566,0.12013515976402819,0.50473946420052973,0.23052209805706425,0.26473843774240607,0.63373027344282751,0.18835717541312988,0.17791255114404284,0.63076251079201573,0.19429270071475327,0.17494478849323111
1577,2025-2026,2025-09-28,Aston Villa,Fulham,H,0.44539473684210529,0.23026315789473684,0.32434210526315788,0.32390678673290835,0.23445881762804582,0.44163439563904577,0.35015422562696935,0.23650571937033352,0.41334005500269716,0.47910066666735246,0.23385945673755881,0.28703987659508867,0.40627413696323755,0.28966938130465619,0.3040564817321062,0.40030853444007508,0.30160058635098119,0.29809087920894373
1578,2025-2026,2025-09-28,Newcastle,Arsenal,A,0.44539473684210529,0.23026315789473684,0.32434210526315788,0.30416247879348851,0.22614431777376917,0.46969320343274235,0.30777318100059042,0.22586402855631083,0.46636279044309875,0.36835068594771736,0.23963579712335226,0.39201351692893038,0.24069240755085597,0.29528718118208686,0.46402041126705706,0.23489788831255054,0.30687621965869777,0.45822589202875164
1579,2025-2026,2025-09-29,Everton,West Ham,D,0.44539473684210529,0.23026315789473684,0.32434210526315788,0.62235276489524105,0.23038722844376677,0.14726000666099218,0.62128500427546229,0.22970463819006318,0.14901035753447464,0.52282558524979605,0.22773557813268711,0.24943883661751681,0.58807850296333852,0.23911024711544515,0.17281124992121613,0.58310727714455723,0.24905269875300767,0.16784002410243487
1580,2025-2026,2025-10-03,Bournemouth,Fulham,H,0.44539473684210529,0.23026315789473684,0.32434210526315788,0.5560420032394664,0.24146035879490993,0.20249763796562373,0.54518596936231356,0.24410605940079796,0.2107079712368885,0.47414081317967333,0.23442131395308868,0.29143787286723805,0.47810071350123545,0.2638725179477831,0.25802676855098133,0.4706725075158375,0.27872892991857906,0.25059856256558338
1581,2025-2026,2025-10-04,Arsenal,West Ham,H,0.44539473684210529,0.23026315789473684,0.32434210526315788,0.75474653395231239,0.17352635669470226,0.071727109352985249,0.75924263567790906,0.17107770218514376,0.069679662136947221,0.64072881461432185,0.20089029296153751,0.15838089242414052,0.81820348903826834,0.12391588004914625,0.057880630912585128,0.8147463971547082,0.13083006381626644,0.054423539029025046
1582,2025-2026,2025-10-04,Chelsea,Liverpool,H,0.44539473684210529,0.23026315789473684,0.32434210526315788,0.40010651403053743,0.25015087498920568,0.34974261098025683,0.38998383958455812,0.25153695839363754,0.35847920202180428,0.34694199272619641,0.23901347785640514,0.41404452941739861,0.31839607102517442,0.23036445235480121,0.45123947662002445,0.31238699591349878,0.24238260257815258,0.44523040150834875
1583,2025-2026,2025-10-04,Leeds United,Tottenham,A,0.44539473684210529,0.23026315789473684,0.32434210526315788,0.26843459215565563,0.27875309174369023,0.45281231610065426,0.2839737461896043,0.28242133062769265,0.43360492318270311,0.46582746725459595,0.2353015755791843,0.2988709571662197,0.34466890373231285,0.24949974979031064,0.40583134647737651,0.33779760144082083,0.26324235437329457,0.39896004418588438
1584,2025-2026,2025-10-04,Manchester Utd,Sunderland,H,0.44539473684210529,0.23026315789473684,0.32434210526315788,0.30999821132948835,0.26644675422679398,0.42355503444371767,0.31551235998515431,0.26749454528805156,0.41699309472679419,0.41155228736231231,0.23911325616049045,0.34933445647719741,0.20871283172541885,0.33093506729013861,0.46035210098444251,0.20157568745536009,0.34520935583025619,0.45321495671438372
1585,2025-2026,2025-10-05,Aston Villa,Burnley,H,0.44539473684210529,0.23026315789473684,0.32434210526315788,0.56786569413459598,0.23615526932564954,0.19597903653975451,0.58319389674705113,0.23265136762208094,0.18415473563086798,0.53801772782354396,0.22512091007324131,0.23686136210321479,0.64745257960961844,0.20424499207234953,0.14830242831803223,0.64201304804155168,0.21512405520848321,0.14286289674996538
1586,2025-2026,2025-10-05,Brentford,Manchester City,A,0.44539473684210529,0.23026315789473684,0.32434210526315788,0.30772101134071889,0.27481916615187102,0.41745982250741021,0.29764543811062399,0.27288291569310985,0.42947164619626621,0.33699933707165047,0.23851533074512685,0.42448533218322265,0.21967648682116173,0.20319905864216012,0.57712445453667816,0.21476817454288014,0.21301568319872335,0.57221614225839645
1587,2025-2026,2025-10-05,Everton,Crystal Palace,H,0.44539473684210529,0.23026315789473684,0.32434210526315788,0.35857116199366834,0.27763318621358757,0.36379565179274415,0.35462656936336306,0.27787825717118303,0.36749517346545391,0.39216049058307184,0.2396336062983534,0.36820590311857487,0.31618720523155636,0.32151784533727773,0.36229494943116586,0.3086599253790599,0.33657240504227059,0.35476766957866945
1588,2025-2026,2025-10-05,Newcastle,Nottingham,H,0.44539473684210529,0.23026315789473684,0.32434210526315788,0.50824676031722515,0.22259243236877274,0.2691608073140021,0.52133129305870074,0.2202626669229604,0.25840604001833889,0.4953578137429186,0.23182707348648821,0.27281511277059317,0.56649192197403886,0.2432582422864355,0.1902498357395257,0.56007375188575192,0.25609458246300931,0.18383166565123882
1589,2025-2026,2025-10-05,Wolves,Brighton,D,0.44539473684210529,0.23026315789473684,0.32434210526315788,0.19587073959497237,0.22991377792926473,0.57421548247576293,0.19657364415504169,0.22956244371914492,0.57386391212581334,0.32961164094028395,0.23805661960772009,0.43233173945199588,0.25114997080850443,0.21188281160384112,0.53696721758765442,0.24604810557031315,0.22208654208022371,0.53186535234946319
1590,2025-2026,2025-10-18,Brighton,Newcastle,H,0.44539473684210529,0.23026315789473684,0.32434210526315788,0.41552347256496353,0.24568627463502157,0.33879025280001501,0.41436010651781208,0.24600818291370477,0.33963171056848313,0.43242320022991637,0.23805084939889121,0.32952595037119242,0.34747015449314456,0.25144420506877785,0.40108564043807743,0.34124315411847056,0.26389820581812584,0.39485864006340338
1591,2025-2026,2025-10-18,Burnley,Leeds United,H,0.44539473684210529,0.23026315789473684,0.32434210526315788,0.36066685678757315,0.29508843457706874,0.34424470863535811,0.36099601992075409,0.29565096655640283,0.3433530135228432,0.4233079951762882,0.23857794050853484,0.3381140643151771,0.34414552624570638,0.24456093160573988,0.41129354214855379,0.33817341607992801,0.25650515193729662,0.40532143198277537
1592,2025-2026,2025-10-18,Crystal Palace,Bournemouth,D,0.44539473684210529,0.23026315789473684,0.32434210526315788,0.45261043041483362,0.24388715847070125,0.30350241111446524,0.46728824544757797,0.24309520698773246,0.28961654756468952,0.46135078834239096,0.23574352708137178,0.30290568457623723,0.42982249668424172,0.27231268904428746,0.29786481427147088,0.4230592749032871,0.28583913260619681,0.2911015924905162
1593,2025-2026,2025-10-18,Fulham,Arsenal,A,0.44539473684210529,0.23026315789473684,0.32434210526315788,0.23919037894563866,0.25507064333006879,0.50573897772429255,0.23063006439133968,0.25248743744346508,0.51688249816519527,0.29719236841860353,0.23511032096130635,0.46769731062009018,0.14106176505659285,0.22064476055051918,0.63829347439288786,0.13564545270050027,0.23147738526270434,0.63287716203679523
1594,2025-2026,2025-10-18,Manchester City,Everton,H,0.44539473684210529,0.23026315789473684,0.32434210526315788,0.57090921064135824,0.24643120040638977,0.18265958895225209,0.57983674927988915,0.24490273208723867,0.17526051863287215,0.55059749837220007,0.22276722801049703,0.22663527361730293,0.57188257862218328,0.25833806579455215,0.16977935558326437,0.56582330319237206,0.27045661665417486,0.16372008015345313
1595,2025-2026,2025-10-18,Nottingham,Chelsea,A,0.44539473684210529,0.23026315789473684,0.32434210526315788,0.28451781223936273,0.25678207635169836,0.45870011140893879,0.29086025557228062,0.25734808417865701,0.45179166024906248,0.36285948058269213,0.23953368224333282,0.39760683717397499,0.25531972067558839,0.25375531779743826,0.49092496152697351,0.2489737457783088,0.26644726759199744,0.48457898662969395
1596,2025-2026,2025-10-18,Sunderland,Wolves,H,0.44539473684210529,0.23026315789473684,0.32434210526315788,0.5824158817550964,0.21535973452327756,0.20222438372162604,0.56412566048960266,0.2182452539789119,0.21762908553148549,0.52428504577808333,0.2274952357992111,0.24821971842270563,0.47531838249252834,0.31003929169552147,0.21464232581195003,0.46873892615984508,0.32319820436088792,0.20806286947926675
1597,2025-2026,2025-10-19,Liverpool,Manchester Utd,A,0.44539473684210529,0.23026315789473684,0.32434210526315788,0.63896317587868978,0.21638610287433108,0.14465072124697909,0.64884024657683315,0.21381239796598508,0.13734735545718171,0.60609443261158402,0.21034440928062886,0.18356115810778717,0.68678833072467782,0.17182251349521024,0.1413891557801121,0.6826996268652965,0.17999992121397304,0.13730045192073073
1598,2025-2026,2025-10-19,Tottenham,Aston Villa,A,0.44539473684210529,0.23026315789473684,0.32434210526315788,0.49807768007695291,0.26331462764415303,0.23860769227889392,0.47023343016452906,0.26768268406924722,0.26208388576622382,0.37302606666309085,0.23969204284218226,0.38728189049472683,0.40922969097666706,0.26135887196939939,0.3294114370539335,0.40254171067715872,0.27473483256841585,0.3227234567544251
1599,2025-2026,2025-10-20,West Ham,Brentford,A,0.44539473684210529,0.23026315789473684,0.32434210526315788,0.28758870879007387,0.24605457541881876,0.46635671579110732,0.28749746358788736,0.24616737080894532,0.46633516560316735,0.38942793422761773,0.23966997172030341,0.37090209405207886,0.27849111066784077,0.2204195254883044,0.50108936384385461,0.27360932895704065,0.23018308890990469,0.49620758213305438
1600,2025-2026,2025-10-24,Leeds United,West Ham,H,0.44539473684210529,0.23026315789473684,0.32434210526315788,0.4879440297818225,0.25401801458062145,0.25803795563755605,0.48012719855889757,0.25423695047231576,0.26563585096878661,0.48826536683165311,0.23274956257473844,0.27898507059360833,0.39985509283212595,0.26950898026127956,0.33063592690659449,0.39317281135328036,0.28287354321897074,0.32395364542774885
1601,2025-2026,2025-10-25,Brentford,Liverpool,H,0.44539473684210529,0.23026315789473684,0.32434210526315788,0.36929615267661681,0.26737228786810568,0.36333155945527751,0.35354330018755581,0.26676035999727921,0.37969633981516498,0.32292055115575635,0.23757464425182012,0.43950480459242353,0.32124931871175827,0.21630350064294535,0.4624471806452965,0.31666500771608475,0.22547212263429237,0.45786286964962297
1602,2025-2026,2025-10-25,Chelsea,Sunderland,A,0.44539473684210529,0.23026315789473684,0.32434210526315788,0.50470383030561394,0.26078618832636463,0.23450998136802137,0.51543079813935111,0.26092753683578312,0.22364166502486582,0.52276975974793127,0.22774472559623482,0.24948551465583396,0.4198487931881244,0.32756396652295844,0.25258724028891733,0.41310056946725127,0.34106041396470466,0.24583901656804413
1603,2025-2026,2025-10-25,Manchester Utd,Brighton,H,0.44539473684210529,0.23026315789473684,0.32434210526315788,0.40591574909025485,0.27925086121807124,0.31483338969167401,0.39413899301152899,0.27952460960446612,0.32633639738400488,0.40105170344366675,0.23945173354766672,0.35949656300866645,0.38461366352167475,0.23548563628670449,0.37990070019162048,0.37910598583370819,0.24650099166263764,0.37439302250365392
1604,2025-2026,2025-10-25,Newcastle,Fulham,H,0.44539473684210529,0.23026315789473684,0.32434210526315788,0.54379959764625252,0.22099121498724086,0.23520918736650662,0.54817719375353058,0.21989268993185776,0.23193011631461169,0.50334532121015985,0.23072210968161061,0.2659325691082296,0.54509995563721436,0.24905294814680709,0.20584709621597863,0.53896676041665537,0.26131933858792505,0.19971390099541966
1605,2025-2026,2025-10-26,Arsenal,Crystal Palace,H,0.44539473684210529,0.23026315789473684,0.32434210526315788,0.64804233616952422,0.21150781652246528,0.14044984730801058,0.64536269985024519,0.21260332327916398,0.14203397687059086,0.5522580847021491,0.22244378168498324,0.22529813361286771,0.62838728258812004,0.23044135335369947,0.14117136405818048,0.62314037883955531,0.240935160850829,0.13592446030961572
1606,2025-2026,2025-10-26,Aston Villa,Manchester City,H,0.44539473684210529,0.23026315789473684,0.32434210526315788,0.35711350211383469,0.23343688360895926,0.40944961427720611,0.35893027773942654,0.23336838180651265,0.40770134045406081,0.38485477684754704,0.23971009543697022,0.37543512771548271,0.23634389301031411,0.26682920432891988,0.49682690266076601,0.23013606342633827,0.27924486349687155,0.4906190730767902
1607,2025-2026,2025-10-26,Bournemouth,Nottingham,H,0.44539473684210529,0.23026315789473684,0.32434210526315788,0.63296356120834119,0.22901623176570271,0.13802020702595616,0.6241645847101297,0.23219113189224319,0.14364428339762716,0.51069027330375028,0.22964452694472237,0.25966519975152746,0.6011748000890681,0.22027489473933065,0.17855030517160109,0.59595875620924843,0.23070698249897009,0.17333426129178139
1608,2025-2026,2025-10-26,Everton,Tottenham,A,0.44539473684210529,0.23026315789473684,0.32434210526315788,0.35346397190156353,0.29302037300836148,0.35351565509007493,0.3709352119115718,0.29358179469468088,0.33548299339374743,0.48686383274002804,0.2329253045473737,0.28021086271259815,0.42122132080499142,0.28054719525154082,0.29823148394346793,0.41469787891414672,0.2935940790332302,0.2917080420526233
1609,2025-2026,2025-10-26,Wolves,Burnley,A,0.44539473684210529,0.23026315789473684,0.32434210526315788,0.30823644746464429,0.24215335055695658,0.44961020197839913,0.31391984838116893,0.24304468195384232,0.44303546966498875,0.39798451920940076,0.23952540438163383,0.36249007640896541,0.39513548896220463,0.25039438351431192,0.3544701275234835,0.38927538694956293,0.26211458753959532,0.3486100255108418
1610,2025-2026,2025-11-01,Brighton,Leeds United,H,0.44539473684210529,0.23026315789473684,0.32434210526315788,0.52349086569135728,0.23770651422868785,0.23880262007995492,0.53882338088157333,0.23604427042861639,0.22513234868981025,0.50882837203536757,0.2299232510778792,0.26124837688675323,0.6296581415892436,0.19548741039350137,0.17485444801725494,0.62860105147840584,0.19760159061517701,0.17379735790641712
1611,2025-2026,2025-11-01,Burnley,Arsenal,A,0.44539473684210529,0.23026315789473684,0.32434210526315788,0.21577044673951157,0.26709362612827908,0.51713592713220935,0.20338810264158289,0.26335006191209431,0.53326183544632277,0.2666985029740388,0.23084909827302025,0.50245239875294101,0.1129067705514642,0.19137049473908563,0.69572273470945023,0.11183098144940222,0.19352207294320956,0.69464694560738827
1612,2025-2026,2025-11-01,Crystal Palace,Brentford,H,0.44539473684210529,0.23026315789473684,0.32434210526315788,0.46117876829310794,0.24021742322188439,0.29860380848500778,0.47006087127745155,0.23949162973644611,0.29044749898610228,0.47312383086942811,0.23453313870218107,0.29234303042839083,0.46433430335853276,0.23411560938645906,0.30155008725500809,0.4630641500840737,0.23665591593537713,0.30027993398054903
1613,2025-2026,2025-11-01,Fulham,Wolves,H,0.44539473684210529,0.23026315789473684,0.32434210526315788,0.54331420945259656,0.24749461655496052,0.20919117399244286,0.54305531529487616,0.24650982295489851,0.21043486175022535,0.52190317954726306,0.22788628876701292,0.25021053168572399,0.54991998049735424,0.23021429369010468,0.21986572581254121,0.54862448052702062,0.23280529363077182,0.21857022584220764
1614,2025-2026,2025-11-01,Liverpool,Aston Villa,H,0.44539473684210529,0.23026315789473684,0.32434210526315788,0.49880943558346752,0.26517430663028418,0.23601625778624827,0.50495297417186003,0.26524161016154446,0.22980541566659554,0.48517831910785819,0.23313378597903778,0.28168789491310403,0.46108965659524387,0.2450387843546479,0.2938715590501082,0.45971787270893433,0.24778235212726687,0.29249977516379877
1615,2025-2026,2025-11-01,Nottingham,Manchester Utd,D,0.44539473684210529,0.23026315789473684,0.32434210526315788,0.30489410195882616,0.25928551310338888,0.43582038493778502,0.30798769071739385,0.25901547892480137,0.43299683035780473,0.40390107959463101,0.23937304515654437,0.35672587524882449,0.26923829504063057,0.25087201747049986,0.47988968748886951,0.26781868241638845,0.25371124271898426,0.47847007486462739
1616,2025-2026,2025-11-01,Tottenham,Chelsea,A,0.44539473684210529,0.23026315789473684,0.32434210526315788,0.43558494637571982,0.273326271328518,0.29108878229576224,0.42697721360830676,0.27424988676258,0.29877289962911313,0.36738351110317935,0.23962064825011545,0.39299584064670517,0.36655637568689747,0.24223544587194043,0.39120817844116201,0.36522942498073985,0.24488934728425563,0.38988122773500444
1617,2025-2026,2025-11-02,Manchester City,Bournemouth,H,0.44539473684210529,0.23026315789473684,0.32434210526315788,0.54105400405805415,0.2289945491171958,0.22995144682475008,0.55412943206425525,0.22736463144342459,0.21850593649232028,0.51866034505879632,0.22840881004847069,0.25293084489273293,0.59670666778114889,0.22713863295790132,0.17615469926094979,0.59763209480412405,0.22528777891195095,0.17708012628392497
1618,2025-2026,2025-11-02,West Ham,Newcastle,H,0.44539473684210529,0.23026315789473684,0.32434210526315788,0.1865818669108433,0.22701790935175678,0.58640022373739986,0.18574711845555267,0.22697566394692378,0.5872772175975236,0.31682605109646511,0.2370796210174507,0.44609432788608422,0.18652860996960896,0.2315075951018313,0.58196379492855965,0.18747217547202849,0.2296204640969923,0.58290736043097924
1619,2025-2026,2025-11-03,Sunderland,Everton,D,0.44539473684210529,0.23026315789473684,0.32434210526315788,0.51532890503185935,0.25869997390472632,0.22597112106341435,0.49860096955554584,0.26167218076910725,0.23972684967534688,0.46873233832378963,0.23500277127859456,0.29626489039761583,0.50434883749197923,0.32791554356265284,0.16773561894536815,0.50514542176782962,0.32632237501095196,0.16853220322121859
1620,2025-2026,2025-11-08,Chelsea,Wolves,H,0.44539473684210529,0.23026315789473684,0.32434210526315788,0.71756098518907852,0.18327990483771869,0.099159109973202778,0.71815600728875906,0.18329442156858031,0.098549571142660691,0.62283625402960752,0.20593960386669272,0.17122414210369993,0.76474666183121409,0.15107495052946796,0.084178387639318134,0.76407932474177442,0.15240962470834729,0.083511050549878466
1621,2025-2026,2025-11-08,Everton,Fulham,H,0.44539473684210529,0.23026315789473684,0.32434210526315788,0.41496000269373623,0.26617446062205574,0.31886553668420797,0.41320404819569029,0.26643049725395573,0.32036545455035409,0.46361102225719847,0.23552320397321694,0.30086577376958462,0.3996586726965537,0.28932155831889322,0.31101976898455314,0.39842144417192188,0.29179601536815686,0.30978254045992137
1622,2025-2026,2025-11-08,Sunderland,Arsenal,D,0.44539473684210529,0.23026315789473684,0.32434210526315788,0.2914075188599658,0.24299366718174131,0.46559881395829289,0.27401812491538574,0.24072270881135757,0.48525916627325671,0.29879337426502606,0.23529283205000825,0.46591379368496572,0.20123752655959259,0.36644970070503097,0.43231277273537638,0.20018477179703931,0.36855521023013754,0.4312600179728231
1623,2025-2026,2025-11-08,Tottenham,Manchester Utd,D,0.44539473684210529,0.23026315789473684,0.32434210526315788,0.48560403361938925,0.25056410918481792,0.26383185719579277,0.4723831264584884,0.2521349940517798,0.27548187948973185,0.41076034987203602,0.23914340785850174,0.35009624226946229,0.46118068156774589,0.23292962869406314,0.30588968973819125,0.46020098867857645,0.23488901447240201,0.30490999684902181
1624,2025-2026,2025-11-08,West Ham,Burnley,H,0.44539473684210529,0.23026315789473684,0.32434210526315788,0.36789203003900017,0.27993640286037913,0.35217156710062075,0.36973601192737832,0.28063276800924203,0.34963122006337977,0.40976131242679587,0.23918037321228666,0.3510583143609175,0.42475309866337535,0.22781945475014209,0.3474274465864825,0.42383659150119507,0.22965246907450274,0.34651093942430211
1625,2025-2026,2025-11-09,Aston Villa,Bournemouth,H,0.44539473684210529,0.23026315789473684,0.32434210526315788,0.48608649428255407,0.2185450821983177,0.29536842351912829,0.49476877068108216,0.21776259814566656,0.28746863117325122,0.47801459335276653,0.23398482476493768,0.28800058188229571,0.43812536593515161,0.27449984574991743,0.28737478831493113,0.43735864959812665,0.27603327842396741,0.28660807197790616
1626,2025-2026,2025-11-09,Brentford,Newcastle,H,0.44539473684210529,0.23026315789473684,0.32434210526315788,0.4633778219434242,0.24254019310539615,0.2940819849511796,0.45515342334512998,0.24331567806421436,0.30153089859065557,0.41929538182041315,0.238779066185032,0.34192555199455482,0.43594217074921354,0.24811781237713104,0.31594001687365536,0.4352488200311172,0.24950451381332367,0.31524666615555907
1627,2025-2026,2025-11-09,Crystal Palace,Brighton,D,0.44539473684210529,0.23026315789473684,0.32434210526315788,0.46573241427939877,0.25869192151930614,0.27557566420129503,0.46722924667022903,0.25863142418231544,0.27413932914745553,0.45535578763850426,0.23630001609696563,0.30834419626453002,0.52772575846546643,0.22132365454094649,0.25095058699358691,0.52713264118622583,0.22250988909942776,0.2503574697143463
1628,2025-2026,2025-11-09,Manchester City,Liverpool,H,0.44539473684210529,0.23026315789473684,0.32434210526315788,0.54779169033281983,0.21916314844277501,0.23304516122440511,0.53765810230692068,0.22139225503115045,0.24094964266192892,0.44749967949706132,0.23696761061928109,0.31553270988365772,0.57281900393715823,0.21496547445026423,0.21221552161257742,0.57223119519623789,0.21614109193210504,0.21162771287165702
1629,2025-2026,2025-11-09,Nottingham,Leeds United,H,0.44539473684210529,0.23026315789473684,0.32434210526315788,0.40988808010987887,0.26457252446390872,0.32553939542621241,0.41856967891311642,0.26478131220662299,0.31664900888026054,0.44834735042229429,0.23689895842218642,0.31475369115551932,0.51315945609978741,0.26534357568940609,0.22149696821080656,0.51242750281829752,0.26680748225238587,0.22076501492931666
1630,2025-2026,2025-11-22,Bournemouth,West Ham,D,0.44539473684210529,0.23026315789473684,0.32434210526315788,0.5927558532355145,0.23983994976244385,0.16740419700204157,0.59297591435753061,0.23957488864076143,0.16744919700170802,0.53858954316795393,0.22501762685376953,0.23639282997827663,0.62313020002127528,0.19381074374113519,0.1830590562375897,0.62067220402929113,0.1987267357251036,0.18060106024560546
1631,2025-2026,2025-11-22,Brighton,Brentford,H,0.44539473684210529,0.23026315789473684,0.32434210526315788,0.48891328279169205,0.24182825089182558,0.26925846631648226,0.4883653453372398,0.24189878724146247,0.26973586742129779,0.4736725961976293,0.23447294096929761,0.29185446283307309,0.47380246767545176,0.21787436399466475,0.30832316832988355,0.47120799416416786,0.22306331101723254,0.3057286948185996
1632,2025-2026,2025-11-22,Burnley,Chelsea,A,0.44539473684210529,0.23026315789473684,0.32434210526315788,0.26201449031198432,0.25046770174652672,0.48751780794148891,0.26230677066741687,0.25079620084032361,0.48689702849225952,0.32285240868788334,0.23756940646650906,0.43957818484560757,0.20588938255974157,0.21357771753885199,0.58053289990140633,0.20306718364358992,0.21922211537115543,0.57771070098525479
1633,2025-2026,2025-11-22,Fulham,Sunderland,H,0.44539473684210529,0.23026315789473684,0.32434210526315788,0.36689901069298858,0.27399535659758451,0.35910563270942697,0.36379913816485465,0.27401649322361976,0.36218436861152559,0.40175973188765512,0.23943310047784513,0.3588071676344996,0.29098629740319432,0.28935172902814704,0.41966197356865881,0.28719537473881496,0.29693357435690571,0.41587105090427945
1634,2025-2026,2025-11-22,Liverpool,Nottingham,A,0.44539473684210529,0.23026315789473684,0.32434210526315788,0.61371979145928368,0.22727948025703323,0.15900072828368311,0.62780649531724653,0.22360845630058049,0.14858504838217296,0.58379949737840486,0.21573548589829231,0.20046501672330277,0.71820433823745189,0.16080951268044524,0.12098614908210283,0.71614340574076218,0.16493137767382465,0.11892521658541311
1635,2025-2026,2025-11-22,Newcastle,Manchester City,H,0.44539473684210529,0.23026315789473684,0.32434210526315788,0.30672728121631893,0.22981024548330628,0.46346247330037477,0.30089235266883574,0.22859408660791444,0.47051356072324996,0.338298637976366,0.23858814136863846,0.42311322065499563,0.20818924552159829,0.25084453406015522,0.54096622041824627,0.20480520373966327,0.25761261762402532,0.53758217863631119
1636,2025-2026,2025-11-22,Wolves,Crystal Palace,A,0.44539473684210529,0.23026315789473684,0.32434210526315788,0.15575677496121629,0.22306554020352681,0.62117768483525693,0.15162736812458202,0.22037908378285037,0.62799354809256758,0.29207918607217309,0.23450067652596834,0.47342013740185862,0.17751176708785682,0.2391320286643866,0.58335620424775669,0.17429618036943165,0.24556320210123694,0.58014061752933144
1637,2025-2026,2025-11-23,Arsenal,Tottenham,H,0.44539473684210529,0.23026315789473684,0.32434210526315788,0.62386423606880104,0.21415438546786281,0.1619813784633361,0.6452737676343947,0.20854423409020503,0.14618199827540027,0.63176792900103174,0.20346346986565447,0.16476860113331379,0.69441341539029111,0.19615690914322303,0.10942967546648591,0.69386510272566204,0.19725353447248128,0.10888136280185678
1638,2025-2026,2025-11-23,Leeds United,Aston Villa,A,0.44539473684210529,0.23026315789473684,0.32434210526315788,0.27989203229818066,0.25946867540633539,0.46063929229548395,0.26136015032920762,0.25596591068451652,0.48267393898627586,0.32630790612951827,0.23782662018158152,0.43586547368890022,0.15046254672857876,0.23342029094569014,0.61611716232573122,0.14981710739058246,0.23471116962168262,0.61547172298773489
1639,2025-2026,2025-11-24,Manchester Utd,Everton,A,0.44539473684210529,0.23026315789473684,0.32434210526315788,0.4624168031381144,0.27211251849352114,0.26547067836836458,0.46034628524010435,0.27250810749118343,0.26714560726871223,0.44969979507233016,0.23678772821666827,0.31351247671100169,0.47834209918937992,0.26275381633350214,0.25890408447711799,0.47802690579037471,0.26338420313151251,0.25858889107811278
1640,2025-2026,2025-11-29,Brentford,Burnley,H,0.44539473684210529,0.23026315789473684,0.32434210526315788,0.61184914337926466,0.21633984348320873,0.17181101313752653,0.61682240427953361,0.21553188003290863,0.16764571568755776,0.51058924771067637,0.2296597471773707,0.25975100511195298,0.69872358953897695,0.16361332059108138,0.1376630898699418,0.69997755239560899,0.16110539487781736,0.13891705272657381
1641,2025-2026,2025-11-29,Everton,Newcastle,A,0.44539473684210529,0.23026315789473684,0.32434210526315788,0.44462378512725864,0.2645064828296409,0.29086973204310046,0.43647154586362702,0.26535779109146224,0.29817066304491074,0.43123978259679818,0.23812475928805216,0.33063545811514972,0.38963594280566816,0.30238548892965877,0.3079785682646729,0.3920587269261348,0.29753992068872548,0.31040135238513955
1642,2025-2026,2025-11-29,Manchester City,Leeds United,H,0.44539473684210529,0.23026315789473684,0.32434210526315788,0.727569516583082,0.17475201796582335,0.097678465451094654,0.73747294636427896,0.17149417137314479,0.091032882262576442,0.6169226656751593,0.20753060915457694,0.17554672517026373,0.86251483778086779,0.099159296071768058,0.038325866147364093,0.86336044551196567,0.097468080609572419,0.039171473878461913
1643,2025-2026,2025-11-29,Sunderland,Bournemouth,H,0.44539473684210529,0.23026315789473684,0.32434210526315788,0.45270905896091385,0.23827002896030003,0.30902091207878618,0.44048830211586915,0.23925938597819296,0.320252311905938,0.42910675719001778,0.23825385835079152,0.33263938445919072,0.51477609707082606,0.26145128996492784,0.22377261296424603,0.51698120086915123,0.25704108236827738,0.22597771676257125
1644,2025-2026,2025-11-29,Tottenham,Fulham,A,0.44539473684210529,0.23026315789473684,0.32434210526315788,0.44784579884637021,0.26282697209119898,0.28932722906243091,0.44175329754835246,0.26409004206232845,0.29415666038931898,0.43120350444550398,0.23812699928936526,0.3306694962651307,0.49275005962840113,0.23671488638332303,0.27053505398827599,0.49473987456501778,0.23273525651008964,0.27252486892489269
1645,2025-2026,2025-11-30,Aston Villa,Wolves,H,0.44539473684210529,0.23026315789473684,0.32434210526315788,0.73119575602695674,0.16905981376040441,0.099744430212638749,0.73469156074588038,0.16750721906527932,0.097801220188840438,0.64469202315666829,0.19972365229069469,0.15558432455263707,0.74840322916076996,0.1694297523195091,0.082167018519721038,0.74923115571296006,0.167773899215129,0.082994945071911103
1646,2025-2026,2025-11-30,Chelsea,Arsenal,D,0.44539473684210529,0.23026315789473684,0.32434210526315788,0.42032623678993114,0.24648210000958976,0.33319166320047905,0.40986724091240684,0.24803651408249089,0.34209624500510233,0.36598477065848439,0.23959659889300261,0.39441863044851305,0.28395250296711499,0.30122583702693961,0.41482166000594534,0.28535398947040824,0.29842286402035323,0.41622314650923853
1647,2025-2026,2025-11-30,Crystal Palace,Manchester Utd,A,0.44539473684210529,0.23026315789473684,0.32434210526315788,0.52622025122106708,0.25471897495779944,0.21906077382113343,0.52814597553127796,0.25423645535912331,0.21761756910959881,0.50537355901521164,0.23043042532058519,0.26419601566420309,0.53383584063554823,0.24851553768615708,0.21764862167829471,0.53507541523595803,0.24603638848533763,0.21888819627870451
1648,2025-2026,2025-11-30,Nottingham,Brighton,A,0.44539473684210529,0.23026315789473684,0.32434210526315788,0.37680598212467559,0.24629316053787562,0.37690085733744882,0.36761998109101429,0.24605437331080279,0.38632564559818294,0.38635086282538561,0.23969983636776818,0.37394930080684607,0.35724197148836662,0.2453118110583328,0.39744621745330055,0.35844092041508901,0.24291391320488806,0.39864516638002295
1649,2025-2026,2025-11-30,West Ham,Liverpool,A,0.44539473684210529,0.23026315789473684,0.32434210526315788,0.28375149924168735,0.2377195771933073,0.47852892356500532,0.27163446190596002,0.23575057350588072,0.49261496458815923,0.29528723342775298,0.23488795253464478,0.46982481403760218,0.27938331129432076,0.21099567779507633,0.50962101091060286,0.28029164036784882,0.20917901964802019,0.51052933998413086
1650,2025-2026,2025-12-02,Bournemouth,Everton,A,0.44539473684210529,0.23026315789473684,0.32434210526315788,0.47724312002029096,0.29464277026098862,0.22811410971872045,0.47385047933422936,0.29540168159172731,0.23074783907404331,0.45413463527929948,0.23640838866731559,0.30945697605338501,0.45188171043341274,0.25595390989624783,0.29216437967033948,0.45165266975248908,0.25641199125809516,0.29193533898941582
1651,2025-2026,2025-12-02,Fulham,Manchester City,A,0.44539473684210529,0.23026315789473684,0.32434210526315788,0.33408296629669176,0.24965586554232319,0.41626116816098502,0.3170338579120614,0.24741130651990781,0.43555483556803076,0.31955022253037535,0.23730755270186743,0.44314222476775716,0.22484137797945952,0.24644460889070957,0.52871401312983091,0.22462088129287963,0.24688560226386935,0.52849351644325093
1652,2025-2026,2025-12-02,Newcastle,Tottenham,D,0.44539473684210529,0.23026315789473684,0.32434210526315788,0.46674661184360267,0.25964880294308423,0.2736045852133131,0.48359871325323428,0.25771473536467709,0.25868655138208857,0.53916427050353632,0.22491346203903834,0.23592226745742523,0.56382271852241717,0.21108006067559354,0.22509722080198935,0.56364567392718445,0.21143414986605891,0.22492017620675664
1653,2025-2026,2025-12-03,Arsenal,Brentford,H,0.44539473684210529,0.23026315789473684,0.32434210526315788,0.69305025227885864,0.18357003532478933,0.12337971239635198,0.69688960019802659,0.1826725682701231,0.12043783153185014,0.59750377399419619,0.21248566237346336,0.19001056363234048,0.67086796039414731,0.2001221826303845,0.1290098569754683,0.67316656445703726,0.19552497450460465,0.13130846103835822
1654,2025-2026,2025-12-03,Brighton,Aston Villa,A,0.44539473684210529,0.23026315789473684,0.32434210526315788,0.4559268599968565,0.25732795381222934,0.28674518619091427,0.45105556993579754,0.25811741764588708,0.29082701241831543,0.41836382439883291,0.23882303949334122,0.34281313610782588,0.38633421743652246,0.27643859681781996,0.33722718574565763,0.38949447503248352,0.27011808162589784,0.34038744334161869
1655,2025-2026,2025-12-03,Burnley,Crystal Palace,A,0.44539473684210529,0.23026315789473684,0.32434210526315788,0.26185571624576026,0.26978481997348513,0.46835946378075471,0.25251025327429555,0.26808842021460411,0.47940132651110046,0.3431593747719402,0.23883990105029226,0.41800072417776757,0.206642279792283,0.23070563622786083,0.56265208397985622,0.2092959535863311,0.22539828863976466,0.56530575777390435
1656,2025-2026,2025-12-03,Leeds United,Chelsea,H,0.44539473684210529,0.23026315789473684,0.32434210526315788,0.21726752630027724,0.24942480367905023,0.53330767002067259,0.21293162723810347,0.24794753637453454,0.53912083638736208,0.30167044969783974,0.23561087445425707,0.46271867584790322,0.12916982392698459,0.19591447517141275,0.67491570090160269,0.1314257255911368,0.19140267184310833,0.67717160256575482
1657,2025-2026,2025-12-03,Liverpool,Sunderland,D,0.44539473684210529,0.23026315789473684,0.32434210526315788,0.50520242543815286,0.24823367779804223,0.24656389676380497,0.51746169771762951,0.24771878571151829,0.23481951657085232,0.5354759321173721,0.22557574579933357,0.23894832208329425,0.43032054142245307,0.25371749668419336,0.31596196189335363,0.43323169545724372,0.24789518861461182,0.31887311592814432
1658,2025-2026,2025-12-03,Wolves,Nottingham,A,0.44539473684210529,0.23026315789473684,0.32434210526315788,0.25380482716342972,0.24727789843749057,0.49891727439907968,0.25835785275325002,0.24737455517264328,0.49426759207410675,0.34273614667600705,0.23881926790670024,0.41844458541729274,0.2538226639390429,0.26593255157767759,0.48024478448327945,0.25685656244117361,0.25986475457341612,0.48327868298541021
1659,2025-2026,2025-12-04,Manchester Utd,West Ham,D,0.44539473684210529,0.23026315789473684,0.32434210526315788,0.56464934278667867,0.26138505147441088,0.17396560573891054,0.56914537834355894,0.25984972423739255,0.17100489741904845,0.52566351148143997,0.22726611335507105,0.24707037516348904,0.62158033539963164,0.19663707128237271,0.18178259331799548,0.62401980340794649,0.19175813526574326,0.18422206132631028
1660,2025-2026,2025-12-06,Aston Villa,Arsenal,H,0.44539473684210529,0.23026315789473684,0.32434210526315788,0.37510367071470674,0.24761997434534447,0.37727635493994877,0.37067665698602109,0.2481155068673439,0.38120783614663495,0.3750445475476285,0.23970767118368116,0.38524778126869036,0.22574153179965065,0.29261409688982742,0.48164437131052207,0.22720637016654299,0.28968442015604251,0.48310920967741439
1661,2025-2026,2025-12-06,Bournemouth,Chelsea,D,0.44539473684210529,0.23026315789473684,0.32434210526315788,0.35128666656143992,0.30768370410285206,0.34102962933570802,0.35450380319973113,0.30816781180316344,0.33732838499710543,0.37303211870226655,0.23969209747767486,0.38727578382005873,0.28830815117535008,0.24199001885709309,0.46970182996755666,0.28961341446245553,0.23937949228288219,0.47100709325466211
1662,2025-2026,2025-12-06,Everton,Nottingham,H,0.44539473684210529,0.23026315789473684,0.32434210526315788,0.50971105686777785,0.24480703733993533,0.24548190579228679,0.51964427237570476,0.2432996237256386,0.23705610389865675,0.47818678118936758,0.23396503601463328,0.28784818279599922,0.43578567900003606,0.30070466387296763,0.26350965712699614,0.43730214671760237,0.29767172843783501,0.26502612484456245
1663,2025-2026,2025-12-06,Leeds United,Liverpool,D,0.44539473684210529,0.23026315789473684,0.32434210526315788,0.29792736865420955,0.27308285149472133,0.42898977985106918,0.28089760896047794,0.27066882256569447,0.4484335684738277,0.3024566980477712,0.23569557978090366,0.46184772217132514,0.24896240483390308,0.21184405481045018,0.53919354035564704,0.2500146843819942,0.20973949571426773,0.5402458199037381
1664,2025-2026,2025-12-06,Manchester City,Sunderland,H,0.44539473684210529,0.23026315789473684,0.32434210526315788,0.6259448527997713,0.21734935679248854,0.1567057904077401,0.62967886482175484,0.21731820926802137,0.15300292591022377,0.55939977602479274,0.22101885334456972,0.21958137063063765,0.5435603343792812,0.2376588949558851,0.21878077066483384,0.54486169071023693,0.23505618229397371,0.22008212699578955
1665,2025-2026,2025-12-06,Newcastle,Burnley,H,0.44539473684210529,0.23026315789473684,0.32434210526315788,0.62792706240888674,0.20849987782811427,0.16357305976299902,0.63743248616479498,0.20655888719630305,0.156008626638902,0.56307112436364337,0.22026493945614292,0.21666393618021362,0.7069166163284315,0.16924677216168951,0.12383661150987883,0.70781427840349553,0.16745144801156142,0.12473427358494289
1666,2025-2026,2025-12-06,Tottenham,Brentford,H,0.44539473684210529,0.23026315789473684,0.32434210526315788,0.41068634554035172,0.27322551005991208,0.31608814439973609,0.39998751625928058,0.27399223440583703,0.32602024933488238,0.39670544528328583,0.2395527335028845,0.3637418212138297,0.39632244462822325,0.22748844582239031,0.3761891095493865,0.39744675717670969,0.22523982072541737,0.37731342209787294
1667,2025-2026,2025-12-07,Brighton,West Ham,D,0.44539473684210529,0.23026315789473684,0.32434210526315788,0.63183009730842532,0.20528397088747272,0.16288593180410194,0.63947857201072167,0.20303657416588022,0.15748485382339794,0.55932301873121781,0.22103446043021549,0.21964252083856672,0.67082772055775297,0.17399221429586628,0.15518006514638072,0.6702058998191317,0.1752358557731088,0.15455824440775945
1668,2025-2026,2025-12-07,Fulham,Crystal Palace,A,0.44539473684210529,0.23026315789473684,0.32434210526315788,0.37530972096910697,0.2559763067175489,0.36871397231334418,0.37145325814730901,0.25565574530541374,0.3728909965472772,0.38241592854246631,0.23972081677278939,0.3778632546847443,0.34520518949562512,0.27099407352669558,0.3838007369776793,0.34412808260115696,0.27314828731563212,0.38272363008321114
1669,2025-2026,2025-12-08,Wolves,Manchester Utd,A,0.44539473684210529,0.23026315789473684,0.32434210526315788,0.18572065729002823,0.23156750132504272,0.58271184138492904,0.18039461708594287,0.22846835598464071,0.59113702692941639,0.30714164397198657,0.23618081234706439,0.45667754368094893,0.19128849012976884,0.23646555448146631,0.57224595538876477,0.18887082877564584,0.24130087718971213,0.56982829403464175
1670,2025-2026,2025-12-13,Arsenal,Wolves,H,0.44539473684210529,0.23026315789473684,0.32434210526315788,0.81371136842099112,0.1364664540364216,0.049822177542587422,0.82081695549301004,0.1327781783788734,0.046404866128116631,0.72341761933750215,0.17279631944463461,0.10378606121786317,0.87360307102812751,0.097184578952254158,0.029212350019618125,0.87284753246013069,0.098695656088247971,0.028456811451621222
1671,2025-2026,2025-12-13,Burnley,Fulham,A,0.44539473684210529,0.23026315789473684,0.32434210526315788,0.32996473047119407,0.27119676288382261,0.39883850664498333,0.3205573580320133,0.27076351898621787,0.40867912298176873,0.39124276782771972,0.23964684938647463,0.3691103827858056,0.29146210751593238,0.23145995855072593,0.47707793393334169,0.28962074705830121,0.23514267946598838,0.47523657347571052
1672,2025-2026,2025-12-13,Chelsea,Everton,H,0.44539473684210529,0.23026315789473684,0.32434210526315788,0.5508860144407185,0.2383359237636295,0.21077806179565209,0.55256534047376105,0.23867955937085125,0.2087551001553877,0.49317450272347313,0.23211693873686706,0.27470855853965992,0.48070003725044835,0.29355460801989436,0.22574535472965715,0.47846992348254075,0.29801483555570996,0.22351524096174938
1673,2025-2026,2025-12-13,Liverpool,Brighton,H,0.44539473684210529,0.23026315789473684,0.32434210526315788,0.51366135674485325,0.23812404471272006,0.24821459854242675,0.51722618323516267,0.23836435047002399,0.24440946629481333,0.5008456899208793,0.23107540483748532,0.26807890524163536,0.4939923149291478,0.20879058597925942,0.29721709909159288,0.49256117414557404,0.21165286754640686,0.29578595830801918
1674,2025-2026,2025-12-14,Brentford,Leeds United,D,0.44539473684210529,0.23026315789473684,0.32434210526315788,0.55695721062396641,0.229876728867798,0.21316606050823553,0.55232854024226574,0.23122478038205996,0.21644667937567438,0.49018056218849881,0.23250591211894842,0.27731352569255269,0.59473885950009064,0.19531678950517681,0.20994435099473258,0.59369513062698542,0.19740424725138742,0.20890062212162727
1675,2025-2026,2025-12-14,Crystal Palace,Manchester City,A,0.44539473684210529,0.23026315789473684,0.32434210526315788,0.37740798113235235,0.23683953926653037,0.38575247960111725,0.37288599581796961,0.2369318847342575,0.39018211944777281,0.36791323584767283,0.23962909504790053,0.39245766910442664,0.31186780904625988,0.26470165740234802,0.42343053355139215,0.31026075656029806,0.26791576237427145,0.42182348106543033
1676,2025-2026,2025-12-14,Nottingham,Tottenham,H,0.44539473684210529,0.23026315789473684,0.32434210526315788,0.34511497335304248,0.22448858687665257,0.43039643977030501,0.35340963217334886,0.22519688650288006,0.42139348132377108,0.4576905127769571,0.23608811938833507,0.30622136783470777,0.3259149045447956,0.25102305185409568,0.42306204360110866,0.32440298154362501,0.25404689785643686,0.42155012059993807
1677,2025-2026,2025-12-14,Sunderland,Newcastle,H,0.44539473684210529,0.23026315789473684,0.32434210526315788,0.39221008973057148,0.24901972116275398,0.35877018910667463,0.38438519152126549,0.24939396176069203,0.36622084671804261,0.41146043513326819,0.23911679175075232,0.34942277311597963,0.39373052143801873,0.27289259643763802,0.33337688212434302,0.39207997461043387,0.27619369009280775,0.33172633529675821
1678,2025-2026,2025-12-14,West Ham,Aston Villa,A,0.44539473684210529,0.23026315789473684,0.32434210526315788,0.22909698016906999,0.23833708194099695,0.53256593788993301,0.22355575652867626,0.23697441925491289,0.53946982421641088,0.28063000800109439,0.23298483013005428,0.48638516186885128,0.21828751405559191,0.24052584360429949,0.54118664234010871,0.216826615549809,0.24344764061586535,0.53972574383432581
1679,2025-2026,2025-12-15,Manchester Utd,Bournemouth,D,0.44539473684210529,0.23026315789473684,0.32434210526315788,0.46636905960872466,0.28019059288036152,0.25344034751091377,0.46579458186460193,0.28092637037202045,0.25327904776337767,0.46132152473855109,0.2357463419512453,0.30293213331020358,0.51465066130341819,0.22600457116464107,0.2593447675319408,0.51349075564838198,0.22832438247471321,0.25818486187690476
1680,2025-2026,2025-12-20,Bournemouth,Burnley,D,0.44539473684210529,0.23026315789473684,0.32434210526315788,0.59071120034145885,0.24608880680475853,0.16319999285378264,0.59614681984174678,0.24550522229617591,0.15834795786207739,0.54196847127738634,0.22440011014289471,0.23363141857971895,0.64120512943861607,0.18409706176753488,0.17469780879384908,0.64011771618390079,0.18627188827696553,0.17361039553913374
1681,2025-2026,2025-12-20,Brighton,Sunderland,D,0.44539473684210529,0.23026315789473684,0.32434210526315788,0.45594163086257944,0.23643378530499701,0.30762458383242369,0.45683134977481588,0.23726737294430122,0.3059012772808829,0.45938948981762323,0.23593005027858066,0.30468045990379616,0.40015113826254606,0.2726602492314994,0.32718861250595466,0.39836838461201335,0.27622575653256487,0.32540585885542189
1682,2025-2026,2025-12-20,Everton,Arsenal,A,0.44539473684210529,0.23026315789473684,0.32434210526315788,0.28113112715609501,0.23374173179630958,0.48512714104759541,0.27324229772074282,0.23257985666891515,0.49417784561034189,0.30547422383880735,0.23601192467628201,0.45851385148491047,0.19791909725631424,0.2976016013193456,0.50447930142434005,0.19622778382887685,0.30098422817422038,0.50278798799690261
1683,2025-2026,2025-12-20,Leeds United,Crystal Palace,H,0.44539473684210529,0.23026315789473684,0.32434210526315788,0.29492900826427387,0.27464163916822742,0.43042935256749876,0.28934837512481237,0.27392173997595193,0.4367298848992357,0.35481908666120449,0.23931299431950237,0.40586791901929309,0.3013729291307668,0.25714316111744862,0.44148390975178459,0.29968527990100385,0.26051845957697439,0.4397962605220217
1684,2025-2026,2025-12-20,Manchester City,West Ham,H,0.44539473684210529,0.23026315789473684,0.32434210526315788,0.7578080141966278,0.16876067788421936,0.073431307919152894,0.76227933585708607,0.16684594177981438,0.070874722363099565,0.65402710830784228,0.19690598751157246,0.14906690418058524,0.82198270511610805,0.11287035059733534,0.065146944286556693,0.82128143510857143,0.11427289061240882,0.064445674279019941
1685,2025-2026,2025-12-20,Newcastle,Chelsea,D,0.44539473684210529,0.23026315789473684,0.32434210526315788,0.40685927679424322,0.22701268276550232,0.36612804044025438,0.41103244588633275,0.22707728244177836,0.36189027167188886,0.40297201727407206,0.23939978386357436,0.35762819886235359,0.34158850720512163,0.27547180570000074,0.38293968709487769,0.33979092050812731,0.27906697909398942,0.38114210039788338
1686,2025-2026,2025-12-20,Tottenham,Liverpool,A,0.44539473684210529,0.23026315789473684,0.32434210526315788,0.36060610095151857,0.25232230783922621,0.38707159120925522,0.35001423758113082,0.25234050911465394,0.39764525330421513,0.30482044856132495,0.23594455903084247,0.45923499240783255,0.34153799601734763,0.22576443431703744,0.43269756966561501,0.34020209349487956,0.22843623936197352,0.431361667143147
1687,2025-2026,2025-12-20,Wolves,Brentford,A,0.44539473684210529,0.23026315789473684,0.32434210526315788,0.18861339608757438,0.21305480937217236,0.5983317945402532,0.18286781827950058,0.21039055635246232,0.60674162536803711,0.30712254868086808,0.23617890197693731,0.45669854934219462,0.19524687774428892,0.233508829875714,0.57124429237999697,0.19371384454153495,0.23657489628122191,0.56971125917724308
1688,2025-2026,2025-12-21,Aston Villa,Manchester Utd,H,0.44539473684210529,0.23026315789473684,0.32434210526315788,0.60562952200533571,0.21118404188376066,0.18318643611090363,0.61003353640612912,0.21032398029824897,0.17964248329562205,0.55391374844412133,0.22211833485698079,0.22396791669889787,0.57546837806313211,0.2068725567967791,0.21765906514008868,0.57128467078332346,0.21523997135639655,0.21347535786027996
1689,2025-2026,2025-12-22,Fulham,Nottingham,H,0.44539473684210529,0.23026315789473684,0.32434210526315788,0.49807935031325934,0.24964611936824405,0.25227453031849661,0.5011759131646546,0.24909389612779287,0.24973019070755248,0.44343653897580682,0.23728527689568082,0.31927818412851244,0.49387192666295043,0.23490161356184083,0.27122645977520882,0.48883575512069749,0.24497395664634675,0.26619028823295587
1690,2025-2026,2025-12-26,Manchester Utd,Newcastle,H,0.44539473684210529,0.23026315789473684,0.32434210526315788,0.43581953458883282,0.25602020627032768,0.30816025914083955,0.43499973811293424,0.25656307053646432,0.30843719135060155,0.41525142915875685,0.23896249742172587,0.34578607341951739,0.42125504274520414,0.22347673931398465,0.35526821794081126,0.41812714201421247,0.229732540775968,0.35214031720981959
1691,2025-2026,2025-12-27,Arsenal,Brighton,H,0.44539473684210529,0.23026315789473684,0.32434210526315788,0.67277086371436978,0.20078466695389213,0.12644446933173814,0.67288026866890727,0.20115402166474541,0.12596570966634729,0.58389227832724522,0.21571416822477696,0.20039355344797782,0.67082748199556264,0.20414607434826573,0.12502644365617152,0.66985943246954927,0.20608217340029267,0.12405839413015805
1692,2025-2026,2025-12-27,Brentford,Bournemouth,H,0.44539473684210529,0.23026315789473684,0.32434210526315788,0.48419512609789112,0.26262326926382495,0.25318160463828399,0.47751350714235014,0.26366613228686503,0.25882036057078484,0.45167417348904287,0.23662160777358085,0.31170421873737625,0.50521933152764875,0.22679082631645328,0.26798984215589799,0.50418228914475693,0.22886491108223694,0.26695279977300612
1693,2025-2026,2025-12-27,Burnley,Everton,D,0.44539473684210529,0.23026315789473684,0.32434210526315788,0.2875498023516429,0.28193714774995665,0.43051304989840039,0.2768450554044698,0.28047208182348926,0.44268286277204089,0.34828026716229293,0.23907024270194366,0.41264949013576346,0.28338725500026979,0.27949356741448561,0.43711917758524477,0.28207450613767571,0.28211906513967372,0.43580642872265068
1694,2025-2026,2025-12-27,Chelsea,Aston Villa,A,0.44539473684210529,0.23026315789473684,0.32434210526315788,0.47992433361174569,0.25176314741130229,0.26831251897695213,0.4724257217776564,0.25354683584153087,0.27402744238081267,0.40197238557925885,0.23942738519715645,0.35860022922358487,0.43785042646438782,0.26776531103986939,0.29438426249574268,0.43657049211544091,0.27032517973776321,0.29310432814679577
1695,2025-2026,2025-12-27,Liverpool,Wolves,H,0.44539473684210529,0.23026315789473684,0.32434210526315788,0.77876814074320455,0.14845097029145743,0.072780888965338145,0.7861794302414431,0.14539490945802164,0.068425660300535193,0.69699349988162473,0.18264997467683017,0.12035652544154515,0.8120615252812029,0.12437544248392915,0.063563032234868033,0.811467483570252,0.12556352590583097,0.062968990523917134
1696,2025-2026,2025-12-27,Nottingham,Manchester City,A,0.44539473684210529,0.23026315789473684,0.32434210526315788,0.25561122448089646,0.21533963171793249,0.52904914380117107,0.24380973382562382,0.21256394051479946,0.54362632565957669,0.27843796879692745,0.23267032431191823,0.48889170689115424,0.15448131941843993,0.20590366656490033,0.63961501401665988,0.15349490359540524,0.20787649821096971,0.63862859819362516
1697,2025-2026,2025-12-27,West Ham,Fulham,A,0.44539473684210529,0.23026315789473684,0.32434210526315788,0.26407122834746638,0.25172809555778886,0.48420067609474471,0.26933637226114004,0.25317032276635631,0.47749330497250358,0.37978136942180823,0.2397240042929529,0.38049462628523889,0.33763125899530888,0.23570579410618808,0.42666294689850293,0.33655803242319599,0.23785224725041385,0.42558972032639009
1698,2025-2026,2025-12-28,Crystal Palace,Tottenham,A,0.44539473684210529,0.23026315789473684,0.32434210526315788,0.43597998176684777,0.25378737593555312,0.31023264229759917,0.4559011321947683,0.25294307125508114,0.29115579655015056,0.53343431826724974,0.22593602492136011,0.24062965681139017,0.48060432681774151,0.24737396634524794,0.27202170683701055,0.4790507755660891,0.25048106884855276,0.27046815558535808
1699,2025-2026,2025-12-28,Sunderland,Leeds United,D,0.44539473684210529,0.23026315789473684,0.32434210526315788,0.54618072823897323,0.21754057622385395,0.23627869553717293,0.53849790469679848,0.21939748278989563,0.24210461251330587,0.50359036373573618,0.23068710822066432,0.26572252804359953,0.5125827975490963,0.25219425921780292,0.23522294323310072,0.51099629947461123,0.25536725536677302,0.2336364451586157
1700,2025-2026,2025-12-30,Arsenal,Aston Villa,H,0.44539473684210529,0.23026315789473684,0.32434210526315788,0.62864996239507875,0.21695406589048014,0.154395971714441,0.62317363425414529,0.21898192035951974,0.15784444538633496,0.48730376482974885,0.23287037351272979,0.27982586165752132,0.542241550112466,0.25781729329538361,0.19994115659215028,0.54165535727570546,0.25898967896890451,0.1993549637553898
1701,2025-2026,2025-12-30,Burnley,Newcastle,A,0.44539473684210529,0.23026315789473684,0.32434210526315788,0.29057085664942017,0.24925288037757939,0.46017626297300046,0.27414798877163166,0.24698784882185984,0.47886416240650836,0.33327959693795972,0.23829391486595813,0.42842648819608214,0.23691366040891379,0.23662968527371309,0.52645665431737299,0.23636427593824433,0.23772845421505201,0.52590726984670355
1702,2025-2026,2025-12-30,Chelsea,Bournemouth,D,0.44539473684210529,0.23026315789473684,0.32434210526315788,0.59593276413465901,0.22212807963092507,0.18193915623441587,0.59781856133776945,0.22258428017239021,0.17959715848984031,0.52809602224622332,0.2268567751847074,0.2450472025690692,0.63006712255188491,0.19941239386568274,0.17052048358243244,0.62961347780328025,0.20031968336289199,0.17006683883382781
1703,2025-2026,2025-12-30,Manchester Utd,Wolves,D,0.44539473684210529,0.23026315789473684,0.32434210526315788,0.65226008519369028,0.22326467255259466,0.12447524225371506,0.66061019072324234,0.22028774871032139,0.11910206056643628,0.61831997650918891,0.20715814393580329,0.17452187955500789,0.74756795467856463,0.15604608422395522,0.096385961097480169,0.74720684380524116,0.15676830597060221,0.096024850224156674
1704,2025-2026,2025-12-30,Nottingham,Everton,A,0.44539473684210529,0.23026315789473684,0.32434210526315788,0.41066613960481013,0.24621406502049792,0.34311979537469189,0.40361126374546424,0.2462221464462577,0.35016658980827803,0.4078975211135758,0.23924613458172364,0.35285634430470048,0.34748779180039341,0.32188136798245204,0.33063084021715466,0.34682703210675331,0.32320288736973224,0.32997008052351456
1705,2025-2026,2025-12-30,West Ham,Brighton,D,0.44539473684210529,0.23026315789473684,0.32434210526315788,0.23325691632556381,0.23446130886131181,0.53228177481312433,0.2271237129072535,0.2330249927820893,0.53985129431065726,0.3364970897301206,0.23848655886061151,0.42501635140926786,0.27878363323590705,0.23786908636465737,0.48334728039943564,0.27823977072811917,0.23895681138023306,0.48280341789164771
1706,2025-2026,2026-01-01,Brentford,Tottenham,D,0.44539473684210529,0.23026315789473684,0.32434210526315788,0.44193152666009067,0.27989135017271755,0.27817712316719184,0.44836041025071444,0.27938277690369306,0.27225681284559261,0.49294571217635447,0.232147010932648,0.27490727689099753,0.51155725157745024,0.22785017643516195,0.26059257198738778,0.50950842766501236,0.23194782426003768,0.2585437480749499
1707,2025-2026,2026-01-01,Crystal Palace,Fulham,D,0.44539473684210529,0.23026315789473684,0.32434210526315788,0.44823040505777451,0.23747933717820774,0.31429025776401781,0.45420210961876684,0.237586446275414,0.30821144410581913,0.46376968135444319,0.23550752248085988,0.30072279616469694,0.41428541440906291,0.26670519899945466,0.31900938659148237,0.41179667879254839,0.27168267023248371,0.31652065097496784
1708,2025-2026,2026-01-01,Liverpool,Leeds United,D,0.44539473684210529,0.23026315789473684,0.32434210526315788,0.70538196716707335,0.17574773337163893,0.11887029946128772,0.70793170462182797,0.17574297617123336,0.11632531920693856,0.58899937608426645,0.21452636646503992,0.19647425745069372,0.59053777634447036,0.19012574130822843,0.21933648234730124,0.58908242021899593,0.19303645355917712,0.2178811262218269
1709,2025-2026,2026-01-01,Sunderland,Manchester City,D,0.44539473684210529,0.23026315789473684,0.32434210526315788,0.2718149973508649,0.23610911000809048,0.49207589264104462,0.25748836292124883,0.23354457470286044,0.50896706237589073,0.30984285733489597,0.23644553669822965,0.45371160596687438,0.22558006496957012,0.27609363617321275,0.49832629885721713,0.22311340080264999,0.28102696450705295,0.49585963469029698
1710,2025-2026,2026-01-03,Aston Villa,Nottingham,H,0.44539473684210529,0.23026315789473684,0.32434210526315788,0.66023179895246542,0.19016826151152907,0.14959993953600556,0.67915129957723397,0.18517563893135575,0.13567306149141026,0.61299112127033473,0.20856709784273039,0.17844178088693488,0.63556237776609714,0.20723917218619423,0.15719845004770869,0.62639415355349848,0.22557562061139144,0.14803022583511008
1711,2025-2026,2026-01-03,Bournemouth,Arsenal,A,0.44539473684210529,0.23026315789473684,0.32434210526315788,0.25748105749161232,0.26937994056287806,0.47313900194550973,0.24459251732588727,0.26679572510146504,0.48861175757264758,0.26229683395824216,0.23010539837644642,0.50759776766531151,0.14496553113495222,0.19268500626707225,0.66234946259797545,0.1365052038339232,0.20960566086913029,0.65388913529694637
1712,2025-2026,2026-01-03,Brighton,Burnley,H,0.44539473684210529,0.23026315789473684,0.32434210526315788,0.59382938627919779,0.23073706326718563,0.17543355045361658,0.60814793859282912,0.22780696142584658,0.16404509998132438,0.56935188497621658,0.21894147937421157,0.21170663564957184,0.66686589685835596,0.18319754839605981,0.14993655474558426,0.65909086816396034,0.19874760578485121,0.14216152605118854
1713,2025-2026,2026-01-03,Wolves,West Ham,H,0.44539473684210529,0.23026315789473684,0.32434210526315788,0.27303712352462478,0.23696229660400786,0.49000057987136725,0.2690338166261792,0.23537316164615624,0.49559302172766451,0.37423272063018576,0.23970201051546886,0.38606526885434533,0.30030076251281151,0.26794177323183915,0.43175746425534944,0.28846574937354685,0.29161179951036842,0.41992245111608473
1714,2025-2026,2026-01-04,Everton,Brentford,A,0.44539473684210529,0.23026315789473684,0.32434210526315788,0.44652109062153411,0.2529335361505009,0.30054537322796493,0.44697041128069004,0.25305634795270932,0.29997324076660065,0.45940950749492437,0.23592816846118644,0.30466232404388921,0.38281124113372134,0.30322606150561549,0.31396269736066323,0.37099535748680346,0.32685782879945124,0.30214681371374535
1715,2025-2026,2026-01-04,Fulham,Liverpool,D,0.44539473684210529,0.23026315789473684,0.32434210526315788,0.43501672138566783,0.23329890891335428,0.33168436970097781,0.43146383858103982,0.23365780165429526,0.3348783597646649,0.34375270000020475,0.23886841500039033,0.41737888499940484,0.36914425622480507,0.24043135216518347,0.39042439161001125,0.35950073752866185,0.25971838955747023,0.38078087291386792
1716,2025-2026,2026-01-04,Leeds United,Manchester Utd,D,0.44539473684210529,0.23026315789473684,0.32434210526315788,0.36986653562255628,0.25290995671155198,0.3772235076658918,0.36658421292497317,0.25276213047704749,0.38065365659797928,0.41449313252303094,0.23899473099748192,0.34651213647948725,0.43222102292738118,0.22376437494953896,0.34401460212307983,0.42392619019059308,0.24035404042311501,0.33571976938629178
1717,2025-2026,2026-01-04,Manchester City,Chelsea,D,0.44539473684210529,0.23026315789473684,0.32434210526315788,0.63372134478763176,0.20460068133379017,0.16167797387857807,0.64407580095448436,0.20237618188992704,0.15354801715558861,0.54008905314826583,0.224745104146168,0.23516584270556617,0.61138004406374302,0.21345888874465294,0.17516106719160396,0.60250832946798161,0.23120231793617571,0.16628935259584257
1718,2025-2026,2026-01-04,Newcastle,Crystal Palace,H,0.44539473684210529,0.23026315789473684,0.32434210526315788,0.46194466982237303,0.26310674489899116,0.27494858527863586,0.46220999989338751,0.26324099388985778,0.27454900621675465,0.46376335547448105,0.23550814825722408,0.30072849626829495,0.50081129231954402,0.25542102434645059,0.24376768333400539,0.49017722891316073,0.27668915115921716,0.2331336199276221
1719,2025-2026,2026-01-04,Tottenham,Sunderland,D,0.44539473684210529,0.23026315789473684,0.32434210526315788,0.42022147765936518,0.24273840207672287,0.33704012026391189,0.41102894517238114,0.2437820301833612,0.3451890246442576,0.39165090028719235,0.23964108831473616,0.36870801139807141,0.33803990834014935,0.3247782708516091,0.33718182080824166,0.32625010250043712,0.34835788253103345,0.32539201496852949
1720,2025-2026,2026-01-06,West Ham,Nottingham,A,0.44539473684210529,0.23026315789473684,0.32434210526315788,0.30694042388944554,0.25912908635345455,0.43393048975709997,0.31407135254092744,0.26026415213032,0.4256644953287525,0.39882607231119682,0.23950633290799039,0.36166759478081278,0.36709742816628982,0.26317161350716023,0.36973095832654995,0.35275259850127044,0.29186127283719904,0.35538612866153058
1721,2025-2026,2026-01-07,Bournemouth,Tottenham,H,0.44539473684210529,0.23026315789473684,0.32434210526315788,0.39081338697081941,0.28783486484873178,0.32135174818044887,0.3991461305745127,0.28814368482527375,0.31271018460021355,0.46347267847249457,0.23553685446739689,0.30099046706010857,0.41953951022161151,0.230222565623833,0.3502379241545554,0.40798993199461342,0.25332172207782921,0.33868834592755731
1722,2025-2026,2026-01-07,Brentford,Sunderland,H,0.44539473684210529,0.23026315789473684,0.32434210526315788,0.52563719476586512,0.23586254102413584,0.23850026420999909,0.51770300937230385,0.2376597915098006,0.24463719911789558,0.44445521762383605,0.23720740920446909,0.31833737317169492,0.4083059333489214,0.30296347646219479,0.28873059018888392,0.39302118765815536,0.33353296784372688,0.27344584449811787
1723,2025-2026,2026-01-07,Burnley,Manchester Utd,D,0.44539473684210529,0.23026315789473684,0.32434210526315788,0.26140193534265432,0.24324774277271552,0.49535032188463024,0.24762313081195247,0.24032180551632967,0.51205506367171783,0.33386435781166868,0.23833000063078347,0.42780564155754786,0.23619198393038002,0.22742531081469441,0.53638270525492571,0.22406730996898663,0.25167465873748118,0.52425803129353232
1724,2025-2026,2026-01-07,Crystal Palace,Aston Villa,D,0.44539473684210529,0.23026315789473684,0.32434210526315788,0.31301902956086353,0.25905420174182192,0.42792676869731455,0.30296917460136369,0.25829783772216708,0.43873298767646912,0.32467599196882979,0.23770727756586024,0.43761673046530997,0.28593172893829116,0.26226048818316877,0.45180778287854007,0.2716685713255903,0.29078680340857049,0.4375446252658392
1725,2025-2026,2026-01-07,Everton,Wolves,D,0.44539473684210529,0.23026315789473684,0.32434210526315788,0.58857120678569441,0.22283031040927734,0.18859848280502825,0.60132557261393915,0.21991285602414626,0.17876157136191453,0.59529089886664155,0.21302421972935581,0.19168488140400264,0.58200929048080829,0.25564395095683629,0.16234675856235548,0.5690279154378699,0.28160670104271318,0.14936538351941708
1726,2025-2026,2026-01-07,Fulham,Chelsea,H,0.44539473684210529,0.23026315789473684,0.32434210526315788,0.40539722696231878,0.23488386557003119,0.35971890746765006,0.40475418882425551,0.23488817054800268,0.36035764062774178,0.38477965921542329,0.23971053682379598,0.37550980396078082,0.3202277347505329,0.25442919729351027,0.42534306795595672,0.30643036732486384,0.2820239321448485,0.41154570053028761
1727,2025-2026,2026-01-07,Manchester City,Brighton,D,0.44539473684210529,0.23026315789473684,0.32434210526315788,0.66194848587755772,0.19112588190079821,0.14692563222164409,0.66492882239527684,0.19093885289914664,0.14413232470557655,0.5683557126282166,0.21915422853570629,0.21249005883607716,0.69014797546402074,0.17675186319746441,0.13310016133851496,0.6807965329938086,0.19545474813788868,0.12374871886830278
1728,2025-2026,2026-01-07,Newcastle,Leeds United,H,0.44539473684210529,0.23026315789473684,0.32434210526315788,0.60223159044743546,0.21766121488658033,0.18010719466598435,0.60013928742247458,0.21870040510091079,0.18116030747661457,0.51565565037921035,0.22888277651161143,0.25546157310917822,0.55014752022321234,0.22164687911734079,0.22820560065944698,0.53843283157921618,0.24507625640533312,0.21649091201545081
1729,2025-2026,2026-01-08,Arsenal,Liverpool,D,0.44539473684210529,0.23026315789473684,0.32434210526315788,0.70976606553527899,0.17649139005896217,0.11374254440575887,0.71474679646105033,0.17526619654043527,0.10998700699851435,0.53039080082816736,0.226464746627034,0.24314445254479872,0.64701406806531581,0.20234548238188796,0.15064044955279643,0.63326321577375555,0.2298471869650083,0.13688959726123623
1730,2025-2026,2026-01-17,Chelsea,Brentford,H,0.44539473684210529,0.23026315789473684,0.32434210526315788,0.49268413592716681,0.2410435377732133,0.26627232629961983,0.49558318847215543,0.24162512405415276,0.26279168747369186,0.4751853149899895,0.23430526462882065,0.29050942038118988,0.45409571689472522,0.24742458290051114,0.29847970020476372,0.43576478023956261,0.28408645621083639,0.28014876354960111
1731,2025-2026,2026-01-17,Leeds United,Fulham,H,0.44539473684210529,0.23026315789473684,0.32434210526315788,0.37438243200752624,0.24315212350196835,0.38246544449050535,0.37134519160662177,0.24339663293987265,0.38525817545350549,0.39620890673768605,0.23956280314973613,0.36422829011257779,0.42793775605683348,0.22383857693618925,0.34822366700697727,0.41309384187543358,0.25352640529898901,0.33337975282557736
1732,2025-2026,2026-01-17,Liverpool,Burnley,D,0.44539473684210529,0.23026315789473684,0.32434210526315788,0.74235699611291606,0.15689548355558902,0.10074752033149492,0.75607321452497711,0.15268797799346914,0.091238807481553774,0.65277020833652832,0.19729108864304959,0.14993870302042203,0.71882017778893537,0.1694494644702276,0.11173035774083716,0.70625564253378281,0.19457853498053276,0.099165822485684577
1733,2025-2026,2026-01-17,Manchester Utd,Manchester City,H,0.44539473684210529,0.23026315789473684,0.32434210526315788,0.27996398564021252,0.26329288352473518,0.45674313083505225,0.27238635896117092,0.26228915830669464,0.46532448273213439,0.30886099045523846,0.23635057680930874,0.45478843273545277,0.21706555994342011,0.21474990927448454,0.56818453078209541,0.20163435795958476,0.24561231324215527,0.55275332879826
1734,2025-2026,2026-01-17,Nottingham,Arsenal,D,0.44539473684210529,0.23026315789473684,0.32434210526315788,0.21295240280552202,0.2473575310230697,0.53969006617140824,0.19966797818410245,0.24292947956787803,0.55740254224801955,0.23691564115113475,0.22513284751782509,0.53795151133104013,0.13766100417338534,0.22271718943768243,0.63962180638893229,0.12146962900879468,0.25509993976686374,0.62343043122434161
1735,2025-2026,2026-01-17,Sunderland,Crystal Palace,H,0.44539473684210529,0.23026315789473684,0.32434210526315788,0.38320065490342609,0.26014255879777248,0.35665678629880132,0.37816904681040503,0.26069113097114294,0.36113982221845192,0.44906490871399596,0.23684020333141115,0.31409488795459301,0.38575716507576457,0.35418469576370781,0.26005813916052767,0.36600423318796521,0.39369055953930665,0.24030520727272825
1736,2025-2026,2026-01-17,Tottenham,West Ham,A,0.44539473684210529,0.23026315789473684,0.32434210526315788,0.5544168352022828,0.22841229574834948,0.21717086904936772,0.55474735384635743,0.22841736192143322,0.21683528423220924,0.51232095132233568,0.22939731718451908,0.25828173149314515,0.61013468293635731,0.20923745926416715,0.18062785779947574,0.5947131410240224,0.24008054308883689,0.16520631588714088
1737,2025-2026,2026-01-18,Aston Villa,Everton,A,0.44539473684210529,0.23026315789473684,0.32434210526315788,0.58105541578289366,0.2316155106005465,0.1873290736165599,0.59546042645288333,0.22859598835146083,0.17594358519565584,0.5761074228022246,0.21747046261158359,0.20642211458619175,0.56164384244483534,0.24787755135010389,0.19047860620506091,0.54306473619707796,0.28503576384561846,0.17189949995730364
1738,2025-2026,2026-01-18,Wolves,Newcastle,D,0.44539473684210529,0.23026315789473684,0.32434210526315788,0.19183772544859345,0.1947449381366477,0.61341733641475882,0.18444588169615339,0.19190549718685546,0.62364862111699104,0.26470856876899418,0.23051706335322183,0.50477436787778407,0.19353979251969339,0.22000555252955917,0.58645465495074733,0.17688606576215149,0.25331300604464319,0.56980092819320549
1739,2025-2026,2026-01-19,Brighton,Bournemouth,D,0.44539473684210529,0.23026315789473684,0.32434210526315788,0.526005987674935,0.23143405325092581,0.2425599590741391,0.52738398067084413,0.23170695609804332,0.2409090632311125,0.49039882220112868,0.23247788884986068,0.27712328894901062,0.56424874176124329,0.19919251153664785,0.23655874670210875,0.55152200789068551,0.22464597927776334,0.22383201283155102
1740,2025-2026,2026-01-24,Bournemouth,Liverpool,H,0.44539473684210529,0.23026315789473684,0.32434210526315788,0.38984193264891903,0.26248141596231284,0.34767665138876813,0.38660564864512875,0.26318428142396422,0.35021006993090714,0.33749717493005466,0.23854350490159174,0.42395932016835347,0.35278843379122549,0.22503331824979947,0.42217824795897513,0.33691167362547364,0.25678683858130286,0.40630148779322334
1741,2025-2026,2026-01-24,Burnley,Tottenham,D,0.44539473684210529,0.23026315789473684,0.32434210526315788,0.2786069053926768,0.25386758924296099,0.46752550536436221,0.28157142621520548,0.25501186346870619,0.46341671031608839,0.40594918956296983,0.23931041249127405,0.35474039794575613,0.3226497058860695,0.25035481005528859,0.42699548405864207,0.3030390588415936,0.28957610414424029,0.40738483701416628
1742,2025-2026,2026-01-24,Fulham,Brighton,H,0.44539473684210529,0.23026315789473684,0.32434210526315788,0.45373649667723909,0.23020974072596034,0.31605376259680062,0.44685239612594396,0.23068332133618166,0.3224642825378744,0.42114802291852371,0.23868856530617383,0.3401634117753024,0.41432296004867569,0.24757318829573932,0.3381038516555851,0.39506895162124617,0.28608120515059832,0.31884984322815563
1743,2025-2026,2026-01-24,Manchester City,Wolves,H,0.44539473684210529,0.23026315789473684,0.32434210526315788,0.77590750960256394,0.1588025420231392,0.065289948374296872,0.78564671443164902,0.15431607166236858,0.060037213905982323,0.69700210537322382,0.18264690309296513,0.12035099153381106,0.81154008123017918,0.1303403735637895,0.058119545206031381,0.80130182999258037,0.15081687603898716,0.047881293968432548
1744,2025-2026,2026-01-24,West Ham,Sunderland,H,0.44539473684210529,0.23026315789473684,0.32434210526315788,0.2510617372484068,0.24450754336393066,0.50443071938766249,0.24522013562727293,0.24397150975303911,0.51080835461968799,0.33335112068072364,0.2382983542902192,0.42835052502905702,0.27812995679682573,0.29062204162799554,0.43124800157517879,0.25620911497754889,0.33446372526654911,0.40932715975590195
1745,2025-2026,2026-01-25,Arsenal,Manchester Utd,A,0.44539473684210529,0.23026315789473684,0.32434210526315788,0.69606386954342003,0.18542525101341734,0.11851087944316267,0.69952638231274356,0.18456027960565249,0.11591333808160398,0.60579300932094537,0.21042090197932264,0.18378608869973201,0.67107073214636226,0.19972089905195464,0.12920836880168307,0.65558094803649014,0.23070046727169888,0.11371858469181097
1746,2025-2026,2026-01-25,Brentford,Nottingham,A,0.44539473684210529,0.23026315789473684,0.32434210526315788,0.60012596943349183,0.21008564424846557,0.18978838631804254,0.6019553451220091,0.20984116426818303,0.18820349060980782,0.5000229835769765,0.23119019112805564,0.26878682529496789,0.59951649932090623,0.218818907775685,0.18166459290340878,0.58253906929645127,0.25277376782459482,0.16468716287895385
1747,2025-2026,2026-01-25,Crystal Palace,Chelsea,A,0.44539473684210529,0.23026315789473684,0.32434210526315788,0.30773068901789319,0.24670224170380378,0.44556706927830297,0.31343852706890246,0.24791444625431949,0.43864702667677807,0.38225168259527847,0.23972127071412452,0.37802704669059711,0.27761662044662955,0.28850848333873014,0.43387489621464037,0.25610276470875526,0.33153619481447866,0.41236104047676608
1748,2025-2026,2026-01-25,Newcastle,Aston Villa,A,0.44539473684210529,0.23026315789473684,0.32434210526315788,0.468598641484405,0.22867976198145698,0.30272159653413805,0.44910182473250071,0.23000899927662533,0.32088917599087396,0.37886688580365718,0.23972306482809264,0.38141004936825013,0.42065086733273571,0.24677528897039863,0.3325738436968656,0.401785666747282,0.28450569014130606,0.31370864311141189
1749,2025-2026,2026-01-26,Everton,Leeds United,D,0.44539473684210529,0.23026315789473684,0.32434210526315788,0.52179110943386975,0.22503397835389971,0.25317491221223054,0.5187390506458649,0.22622264232237727,0.25503830703175784,0.48565032986517209,0.23307571896264309,0.28127395117218479,0.44007436734074973,0.26863452811814681,0.29129110454110341,0.41920530585452348,0.31037265109059925,0.27042204305487721
1750,2025-2026,2026-01-31,Brighton,Everton,D,0.44539473684210529,0.23026315789473684,0.32434210526315788,0.47167271557030394,0.25252670611607198,0.27580057831362415,0.47256032056906083,0.25262113376935158,0.27481854566158748,0.45563186515129867,0.23627528116746538,0.3080928536812359,0.43730128302483401,0.28568856774261103,0.27701014923255485,0.41462784427257615,0.33103544524712653,0.25433671048029699
1751,2025-2026,2026-01-31,Chelsea,West Ham,H,0.44539473684210529,0.23026315789473684,0.32434210526315788,0.6801053993000179,0.19378666359388416,0.12610793710609797,0.68518877715416449,0.19249627614202175,0.12231494670381379,0.60040173730498658,0.21177231871513508,0.18782594397987831,0.71015666793315679,0.17135523426994445,0.11848809779689877,0.69627131452960045,0.19912594107705703,0.10460274439334251
1752,2025-2026,2026-01-31,Leeds United,Arsenal,A,0.44539473684210529,0.23026315789473684,0.32434210526315788,0.22739023481579476,0.23446615748978406,0.53814360769442127,0.21526372868147439,0.23128736855133691,0.55344890276718861,0.2690219741768835,0.23122812931631756,0.49974989650679902,0.21211261212794699,0.23160106070469777,0.55628632716735538,0.19311007087996521,0.26960614320066134,0.53728378591937354
1753,2025-2026,2026-01-31,Liverpool,Newcastle,H,0.44539473684210529,0.23026315789473684,0.32434210526315788,0.55705981018570561,0.22451458827831036,0.21842560153598398,0.56040877726331328,0.22485107008759619,0.21474015264909047,0.50398374096939924,0.23063078175713961,0.26538547727346112,0.45596038596765093,0.24068134059827831,0.3033582734340709,0.43663152133950706,0.27933906985456608,0.28402940880592703
1754,2025-2026,2026-01-31,Wolves,Bournemouth,A,0.44539473684210529,0.23026315789473684,0.32434210526315788,0.26800474911662386,0.20031736651648496,0.53167788436689123,0.25869489206511492,0.19833186161509891,0.54297324631978616,0.30306127862928883,0.23576007123258103,0.4611786501381302,0.25540036039085606,0.2344808019664717,0.51011883764267196,0.23643822271507287,0.27240507731803792,0.49115669996688899
1755,2025-2026,2026-02-01,Aston Villa,Brentford,A,0.44539473684210529,0.23026315789473684,0.32434210526315788,0.55812103618277331,0.23939497644039001,0.20248398737683673,0.57060149023104467,0.23741132346306842,0.19198718630588676,0.56524356569585343,0.2198119830931278,0.21494445121101874,0.52951147005389454,0.23195022490406769,0.23853830504203766,0.50943973416654453,0.27209369667876759,0.21846656915468771
1756,2025-2026,2026-02-01,Manchester Utd,Fulham,H,0.44539473684210529,0.23026315789473684,0.32434210526315788,0.47271121656079929,0.26132960249247017,0.2659591809467306,0.47658833334114914,0.26141150265948804,0.26200016399936293,0.46748247915993668,0.23513249384593751,0.29738502699412594,0.50283407905688859,0.22429937888667914,0.27286654205643246,0.48435901332838349,0.26124951034368893,0.25439147632792752
1757,2025-2026,2026-02-01,Nottingham,Crystal Palace,D,0.44539473684210529,0.23026315789473684,0.32434210526315788,0.42197087365955133,0.24826353950305999,0.32976558683738871,0.41905138916965434,0.24876218302200853,0.33218642780833718,0.43849386642165383,0.23764617197431803,0.32385996160402813,0.42404165121285758,0.2907296545901657,0.28522869419697694,0.39965566204562647,0.33950163292462787,0.26084270502974582
1758,2025-2026,2026-02-01,Tottenham,Manchester City,D,0.44539473684210529,0.23026315789473684,0.32434210526315788,0.2203328674568705,0.23205125045913411,0.54761588208399548,0.20818435822507433,0.22864972174449694,0.56316592003042876,0.26168354296712792,0.22999908713612369,0.50831736989674836,0.19517070351697094,0.21929282133947228,0.58553647514355667,0.17610571538562159,0.25742279760217107,0.56647148701220729
1759,2025-2026,2026-02-02,Sunderland,Burnley,H,0.44539473684210529,0.23026315789473684,0.32434210526315788,0.5813372105304222,0.21465031953370844,0.20401246993586936,0.58558567499357495,0.21457082511423334,0.19984349989219172,0.55377688196992303,0.2221453501576138,0.22407776787246306,0.51336129907051165,0.27178329404647444,0.21485540688301413,0.4927021944053887,0.3131015033767201,0.1941963022178913
1760,2025-2026,2026-02-06,Leeds United,Nottingham,H,0.44539473684210529,0.23026315789473684,0.32434210526315788,0.40867234291515625,0.24818960410115737,0.34313805298368627,0.41623633843034513,0.24866381080055375,0.33509985076910115,0.43917973895315465,0.23759777238653096,0.32322248866031433,0.43116606076243236,0.25319855864242935,0.31563538059513824,0.41097266139413091,0.29358535737903224,0.29544198122683674
1761,2025-2026,2026-02-07,Arsenal,Sunderland,H,0.44539473684210529,0.23026315789473684,0.32434210526315788,0.68364120762804748,0.19796629963851656,0.11839249273343593,0.69006087932779692,0.19665745037933494,0.11328167029286823,0.60138788010596145,0.21152749179341399,0.18708462810062465,0.6303010821127244,0.24191289283139034,0.12778602505588532,0.61282554456047234,0.27686396793589441,0.11031048750363324
1762,2025-2026,2026-02-07,Bournemouth,Aston Villa,D,0.44539473684210529,0.23026315789473684,0.32434210526315788,0.41946244249359899,0.26070750912734625,0.31983004837905477,0.40448571653515336,0.26154829041343752,0.33396599305140912,0.35346945913442235,0.23926757119410888,0.40726296967146874,0.33053885168538943,0.23386622910469146,0.43559491920991911,0.31278564532189213,0.26937264183168613,0.41784171284642174
1763,2025-2026,2026-02-07,Burnley,West Ham,A,0.44539473684210529,0.23026315789473684,0.32434210526315788,0.41109075706599352,0.23888681876413498,0.35002242416987145,0.40246446347825621,0.23910853476357433,0.35842700175816949,0.42760918157693817,0.23834132573263833,0.33404949269042339,0.37027981415484695,0.23879919291528073,0.39092099292987231,0.35194167322397435,0.27547547477702594,0.37258285199899976
1764,2025-2026,2026-02-07,Fulham,Everton,A,0.44539473684210529,0.23026315789473684,0.32434210526315788,0.45248621893109514,0.258375747863892,0.28913803320501297,0.45049643802686812,0.25862530512043191,0.29087825685269997,0.43915750744444082,0.23759934968989418,0.32324314286566497,0.42056615465657898,0.28349294046861789,0.29594090487480312,0.39833562630486197,0.32795399717205198,0.27371037652308611
1765,2025-2026,2026-02-07,Manchester Utd,Tottenham,H,0.44539473684210529,0.23026315789473684,0.32434210526315788,0.48558981586257988,0.26283519889733109,0.25157498524008909,0.50279637622400175,0.2608533416371478,0.23635028213885048,0.54492400464531054,0.22384987199327336,0.2312261233614161,0.56559343688503072,0.20478295600884056,0.22962360710612867,0.55081566371389801,0.23433850235110584,0.21484583393499604
1766,2025-2026,2026-02-07,Newcastle,Brentford,A,0.44539473684210529,0.23026315789473684,0.32434210526315788,0.47375278501227358,0.22375445752512366,0.30249275746260285,0.47135883695175962,0.22415250585475682,0.30448865719348367,0.4528444561596609,0.23652105026525588,0.3106344935750831,0.39745906611341159,0.24388051043552192,0.35866042345106641,0.37839229383786011,0.28201405498662524,0.33959365117551488
1767,2025-2026,2026-02-07,Wolves,Chelsea,A,0.44539473684210529,0.23026315789473684,0.32434210526315788,0.15094192942997534,0.17763134044153103,0.67142673012849363,0.14759563092877764,0.17589900290869084,0.67650536616253143,0.23166369651577173,0.22395083429814805,0.54438546918608022,0.14263740575420403,0.22803923051100838,0.6293233637347877,0.12487902174702868,0.2635559985253591,0.61156497972761237
1768,2025-2026,2026-02-08,Brighton,Crystal Palace,A,0.44539473684210529,0.23026315789473684,0.32434210526315788,0.47201909633758704,0.24915686706379739,0.27882403659861554,0.47259740988961391,0.24958413897345924,0.27781845113692694,0.47518320977859924,0.23430549974911832,0.29051129047228241,0.50452783470678719,0.2598924047709763,0.23557976052223628,0.4823764210110742,0.30419523216240257,0.21342834682652315
1769,2025-2026,2026-02-08,Liverpool,Manchester City,A,0.44539473684210529,0.23026315789473684,0.32434210526315788,0.43245408431056098,0.24671871531852324,0.32082720037091572,0.42347876920801203,0.24802361681926879,0.32849761397271915,0.41256439735599165,0.23907363002631415,0.34836197261769419,0.31500961842300307,0.24281586398977589,0.44217451758722109,0.29459130570408265,0.28365248942761673,0.42175620486830062
1770,2025-2026,2026-02-10,Chelsea,Leeds United,D,0.44539473684210529,0.23026315789473684,0.32434210526315788,0.69414104424133483,0.1705244236289517,0.13533453212971355,0.69133952382512731,0.17227501997349853,0.13638545620137413,0.55256687088917611,0.22238330904436412,0.22504982006645968,0.6289233076154509,0.19245075442949344,0.17862593795505574,0.6150560233044281,0.22018532305153907,0.16475865364403294
1771,2025-2026,2026-02-10,Everton,Bournemouth,A,0.44539473684210529,0.23026315789473684,0.32434210526315788,0.51230709291659882,0.23368801328641042,0.25400489379699082,0.51547691220230951,0.23361999358876329,0.25090309420892715,0.45830284030447999,0.23603152536047972,0.30566563433504035,0.44279769819709436,0.25853801259735981,0.29866428920554566,0.42286328269368123,0.29840684360418607,0.27872987370213259
1772,2025-2026,2026-02-10,Tottenham,Newcastle,A,0.44539473684210529,0.23026315789473684,0.32434210526315788,0.36446594535415899,0.24926813951167279,0.38626591513416808,0.35826911736803801,0.24957121089294168,0.39215967173902033,0.37227611751483641,0.23968490990433269,0.38803897258083087,0.39422204883473955,0.23713855077710869,0.36863940038815168,0.37686379463502395,0.27185505917654001,0.35128114618843603
1773,2025-2026,2026-02-10,West Ham,Manchester Utd,D,0.44539473684210529,0.23026315789473684,0.32434210526315788,0.28217151278428759,0.23700497316037122,0.48082351405534129,0.27435919725410879,0.23545301239643157,0.49018779034945964,0.32304170539284255,0.23758394030283186,0.43937435430432553,0.27132800542982694,0.21369713276556007,0.51497486180461283,0.25670127800690867,0.24295058761139673,0.50034813438169456
1774,2025-2026,2026-02-11,Aston Villa,Brighton,H,0.44539473684210529,0.23026315789473684,0.32434210526315788,0.53620328401263806,0.23461637200469665,0.22918034398266524,0.54680657307793168,0.23366609898299051,0.21952732793907781,0.54893871979354347,0.22308735437598934,0.22797392583046719,0.52069806191040147,0.25109718840848522,0.22820474968111318,0.50034584518925473,0.2918016218507784,0.20785253295996653
1775,2025-2026,2026-02-11,Crystal Palace,Burnley,A,0.44539473684210529,0.23026315789473684,0.32434210526315788,0.59847823263377808,0.21507649559908842,0.18644527176713344,0.61386533438607616,0.21235133863703401,0.17378332697688989,0.56814131001163026,0.21919987776913405,0.21265881221923566,0.57427894597458173,0.24717940082580034,0.17854165319961796,0.55470027132713384,0.28633675012069637,0.15896297855217001
1776,2025-2026,2026-02-11,Manchester City,Fulham,H,0.44539473684210529,0.23026315789473684,0.32434210526315788,0.67802782397491046,0.20474579944084548,0.11722637658424402,0.68043741092779708,0.20444466214219584,0.11511792693000722,0.59493934482861299,0.21310928918046251,0.19195136599092461,0.67061279271309004,0.18548517769187536,0.14390202959503462,0.65588279910553859,0.21494516490697815,0.12917203598748322
1777,2025-2026,2026-02-11,Nottingham,Wolves,D,0.44539473684210529,0.23026315789473684,0.32434210526315788,0.63057404308203535,0.18396804129066388,0.18545791562730074,0.63345636253227566,0.1834747825629553,0.18306885490476901,0.57171188402299478,0.2184331890792163,0.20985492689778884,0.55648032319682184,0.26217950648276861,0.18134017032040958,0.53636311294806971,0.30241392698027286,0.16122296007165746
1778,2025-2026,2026-02-11,Sunderland,Liverpool,A,0.44539473684210529,0.23026315789473684,0.32434210526315788,0.39075992228204193,0.22824382346075364,0.3809962542572044,0.37859670651529265,0.22844539885063228,0.39295789463407504,0.36878831009784813,0.23964225468999839,0.39156943521215354,0.31965918818463512,0.27563300656413586,0.40470780525122907,0.29744281594938193,0.32006575103464224,0.38249143301597588
1779,2025-2026,2026-02-12,Brentford,Arsenal,D,0.44539473684210529,0.23026315789473684,0.32434210526315788,0.30564262245205776,0.24904042095419598,0.4453169565937462,0.29368272088617331,0.247696274412122,0.45862100470170469,0.3061228729151329,0.23607812301183009,0.45779900407303709,0.21947245558716724,0.24049195336024129,0.54003559105259147,0.20150500572618293,0.27642685308220993,0.52206814119160727
1780,2025-2026,2026-02-18,Wolves,Arsenal,D,0.44539473684210529,0.23026315789473684,0.32434210526315788,0.084800268069258028,0.15765292965836419,0.7575468022723777,0.077787652497598822,0.15164281496556067,0.77056953253684046,0.16332692174862104,0.20289362348234286,0.63377945476903608,0.072964922885250971,0.1804930817357405,0.74654199537900856,0.060123656275751426,0.2061756149547396,0.73370072876950887
1781,2025-2026,2026-02-21,Aston Villa,Leeds United,D,0.44539473684210529,0.23026315789473684,0.32434210526315788,0.65495191461589775,0.2015811076053019,0.14346697777880038,0.6581694609186951,0.20162291829442883,0.14020762078687601,0.57371131799786657,0.21799785241006475,0.2082908295920686,0.57774221725885744,0.21923075677511808,0.20302702596602448,0.56080567130311154,0.25310384868660979,0.18609048001027861
1782,2025-2026,2026-02-21,Brentford,Brighton,A,0.44539473684210529,0.23026315789473684,0.32434210526315788,0.51062830074657151,0.231729667993962,0.2576420312594665,0.51038463243856969,0.23226948486720486,0.25734588269422548,0.48478042410658079,0.23318254414847422,0.28203703174494504,0.50351963306185354,0.24284006565430813,0.25364030128383841,0.48457178160694897,0.28073576856411725,0.23469244982893384
1783,2025-2026,2026-02-21,Chelsea,Burnley,D,0.44539473684210529,0.23026315789473684,0.32434210526315788,0.75991794551393221,0.14131810064017791,0.09876395384588979,0.76975608008463392,0.13868862904194429,0.091555290873421694,0.62540889470468841,0.20523543005672878,0.16935567523858264,0.75706130314754627,0.14792365633239415,0.095015040520059657,0.74578583261806164,0.17047459739136339,0.083739569990575038
1784,2025-2026,2026-02-21,Manchester City,Newcastle,H,0.44539473684210529,0.23026315789473684,0.32434210526315788,0.66805602048234003,0.19590643889856696,0.13603754061909304,0.6702037128952556,0.19593446648990864,0.13386182061483576,0.5712057558936614,0.21854270390119454,0.21025154020514411,0.6744849247896505,0.18238176201150177,0.14313331319884789,0.6606362879695814,0.21007903565163993,0.1292846763787788
1785,2025-2026,2026-02-21,West Ham,Bournemouth,D,0.44539473684210529,0.23026315789473684,0.32434210526315788,0.35014596931095893,0.21793023465055858,0.43192379603848252,0.34676834930846989,0.21794542983693502,0.43528622085459512,0.34585664710584746,0.23896566190723267,0.41517769098691981,0.33626616741801102,0.21702186260770184,0.44671196997428714,0.32185042219318044,0.24585335305736297,0.43229622474945661
1786,2025-2026,2026-02-22,Crystal Palace,Wolves,H,0.44539473684210529,0.23026315789473684,0.32434210526315788,0.59074964975380062,0.19982808187139989,0.20942226837479946,0.59838931905760284,0.19863847002592527,0.20297221091647188,0.57816968991913908,0.2170115856678875,0.20481872441297347,0.52475302789939149,0.27292333064955376,0.20232364145105472,0.50062427089786921,0.32118084465259827,0.17819488444953249
1787,2025-2026,2026-02-22,Nottingham,Liverpool,A,0.44539473684210529,0.23026315789473684,0.32434210526315788,0.33880257066744679,0.21232185328959849,0.4488755760429548,0.33124521547716662,0.21217051500434403,0.45658426951848935,0.31576888554079591,0.23698824779656136,0.44724286666264268,0.2658933528042976,0.2585437952352504,0.47556285196045206,0.24166268719732995,0.30700512644918554,0.45133218635348449
1788,2025-2026,2026-02-22,Sunderland,Fulham,A,0.44539473684210529,0.23026315789473684,0.32434210526315788,0.46274087913421164,0.22729345430134423,0.30996566656444419,0.44809678123541535,0.228509793138053,0.32339342562653167,0.45675223949661642,0.23617401683197028,0.30707374367141332,0.38945981626416071,0.28277654300272176,0.32776364073311787,0.36339627716149348,0.33490362120805617,0.30170010163045063
1789,2025-2026,2026-02-22,Tottenham,Arsenal,A,0.44539473684210529,0.23026315789473684,0.32434210526315788,0.19075555054285026,0.21680719537995635,0.59243725407719339,0.17908869735850397,0.21275703595909132,0.60815426668240469,0.22399886193838089,0.22212594765286542,0.55387519040875377,0.15799984555631855,0.20812157943643447,0.63387857500724687,0.13849617559456315,0.24712891935994527,0.61437490504549153
1790,2025-2026,2026-02-23,Everton,Manchester Utd,A,0.44539473684210529,0.23026315789473684,0.32434210526315788,0.42722065744610715,0.23442452392595148,0.33835481862794131,0.42392613489241726,0.23457631756708522,0.34149754754049738,0.41071863528632369,0.23914497525964673,0.35013638945402964,0.34338282152506089,0.27125694513978693,0.38536023333515235,0.32053078923155509,0.31696100972679853,0.36250820104164649
1791,2025-2026,2026-02-27,Wolves,Aston Villa,H,0.44539473684210529,0.23026315789473684,0.32434210526315788,0.13967620817043105,0.19711661601483718,0.66320717581473176,0.13060750707365257,0.19195542462071577,0.67743706830563155,0.20947474990601575,0.21832788119066027,0.57219736890332396,0.15213645982448895,0.25289812391635713,0.594965416259154,0.13367595136864777,0.2898191408280395,0.57650490780331276
1792,2025-2026,2026-02-28,Bournemouth,Sunderland,D,0.44539473684210529,0.23026315789473684,0.32434210526315788,0.55983977404847884,0.20987556951337444,0.23028465643814666,0.55994557940359435,0.21085248030810086,0.22920194028830476,0.48955657955496196,0.2325857385267131,0.27785768191832494,0.49631261110412234,0.25115315282258777,0.25253423607329006,0.47659825207451745,0.2905818708817976,0.23281987704368515
1793,2025-2026,2026-02-28,Burnley,Brentford,A,0.44539473684210529,0.23026315789473684,0.32434210526315788,0.27982850790518682,0.22132137769989549,0.49885011439491755,0.26742960467985727,0.21958459087790014,0.51298580444224262,0.33010259960093902,0.23808947971222627,0.43180792068683482,0.22439973220869888,0.22288304373574933,0.5527172240555519,0.20729823079662479,0.25708604655989753,0.53561572264347779
1794,2025-2026,2026-02-28,Leeds United,Manchester City,A,0.44539473684210529,0.23026315789473684,0.32434210526315788,0.22282517819415293,0.21875858146701185,0.55841624033883519,0.21850277155383438,0.21799212541333318,0.56350510303283241,0.28644014810488033,0.23378044370038972,0.47977940819472992,0.20230070005910814,0.20542168414816164,0.59227761579273042,0.18702971456739814,0.23596365513158168,0.5770066303010204
1795,2025-2026,2026-02-28,Liverpool,West Ham,H,0.44539473684210529,0.23026315789473684,0.32434210526315788,0.71508841036049775,0.17533772199697817,0.109573867642524,0.71914509427738327,0.17431576831041898,0.10653913741219768,0.62012477455455872,0.20667388313197729,0.17320134231346407,0.63114655841347167,0.20217979067264658,0.16667365091388184,0.61550049051378819,0.23347192647201337,0.15102758301419836
1796,2025-2026,2026-02-28,Newcastle,Everton,A,0.44539473684210529,0.23026315789473684,0.32434210526315788,0.4507664478373859,0.26638913273535458,0.28284441942725952,0.45321511363478795,0.26644414101779873,0.28034074534741332,0.46390862488964341,0.23549376640412756,0.30059760870622904,0.43587081841180814,0.27346957421568646,0.2906596073725054,0.41461327342200743,0.31598466419528781,0.2694020623827047
1797,2025-2026,2026-03-01,Arsenal,Chelsea,H,0.44539473684210529,0.23026315789473684,0.32434210526315788,0.6481165842925426,0.21648659530009284,0.1353968204073645,0.65983170044179174,0.21310683307382153,0.12706146648438679,0.54568760524880489,0.22370617928478925,0.23060621546640592,0.58707152066874813,0.2239603764182872,0.18896810291296459,0.57004362311571177,0.25801617152435996,0.17194020535992827
1798,2025-2026,2026-03-01,Brighton,Nottingham,H,0.44539473684210529,0.23026315789473684,0.32434210526315788,0.52201957965064971,0.25120505121285885,0.22677536913649146,0.5312881690161454,0.25007794250133947,0.21863388848251514,0.50417990586670258,0.23060263038012901,0.2652174637531684,0.50183656216409411,0.27515786468030129,0.22300557315560465,0.48180043683220691,0.31523011534407558,0.20296944782371751
1799,2025-2026,2026-03-01,Fulham,Tottenham,H,0.44539473684210529,0.23026315789473684,0.32434210526315788,0.46733578139089899,0.26561529989411037,0.26704891871499065,0.47930993068748784,0.26445559080895231,0.2562344785035599,0.52643249973302664,0.22713740168708893,0.2464300985798844,0.51904877973356822,0.21968001289145611,0.26127120737497561,0.50348789866952959,0.25080177501953321,0.24571032631093709
1800,2025-2026,2026-03-01,Manchester Utd,Crystal Palace,H,0.44539473684210529,0.23026315789473684,0.32434210526315788,0.52577029305263279,0.24564587708260505,0.22858382986476217,0.5397845940768573,0.24375971387147966,0.21645569205166296,0.51440492598658061,0.22907717840250466,0.25651789561091476,0.55828271440067379,0.23669451087000157,0.20502277472932484,0.54026855568601262,0.27272282829932382,0.18700861601466368
1801,2025-2026,2026-03-03,Bournemouth,Brentford,D,0.44539473684210529,0.23026315789473684,0.32434210526315788,0.48301139527700448,0.22974044042090236,0.28724816430209305,0.48363074633835718,0.23026491097852569,0.28610434268311713,0.43949785916535228,0.23757513968583094,0.32292700114881684,0.39471058951885907,0.22595967618359225,0.37932973429754852,0.37939273766571135,0.25659537988988773,0.3640118824444008
1802,2025-2026,2026-03-03,Everton,Burnley,H,0.44539473684210529,0.23026315789473684,0.32434210526315788,0.61499902838001386,0.20800567172647569,0.17699529989351029,0.62770196380630039,0.20582004023696845,0.16647799595673102,0.56623665688608271,0.21960322744256536,0.21416011567135193,0.57629148516733353,0.23351466276703964,0.19019385206562689,0.55858267201802847,0.26893228906564981,0.17248503891632186
1803,2025-2026,2026-03-03,Leeds United,Sunderland,A,0.44539473684210529,0.23026315789473684,0.32434210526315788,0.39846593940591063,0.23392460870354423,0.36760945189054517,0.40075008914520099,0.23517658279888459,0.36407332805591447,0.4409016522609156,0.23747387476166279,0.32162447297742158,0.46061862627457223,0.2688819427766419,0.27049943094878581,0.44038130936156844,0.30935657660264948,0.25026211403578202
1804,2025-2026,2026-03-03,Wolves,Liverpool,H,0.44539473684210529,0.23026315789473684,0.32434210526315788,0.16760733180392443,0.20088043481795831,0.63151223337811724,0.16463071606938565,0.19958872989935028,0.63578055403126399,0.21941621078805978,0.22097666050202228,0.55960712870991791,0.17475817020628429,0.22866716723349331,0.5965746625602224,0.15744491873307545,0.26329367017991107,0.57926141108701368
1805,2025-2026,2026-03-04,Aston Villa,Chelsea,A,0.44539473684210529,0.23026315789473684,0.32434210526315788,0.46423858538283891,0.24460415623687035,0.29115725838029088,0.47682631929957064,0.24431939511430834,0.27885428558612091,0.46991426838672123,0.23487849183719603,0.29520723977608276,0.38876128106282876,0.2689878696709998,0.34225084926617172,0.36846955095688816,0.309571329882881,0.32195911916023112
1806,2025-2026,2026-03-04,Brighton,Arsenal,A,0.44539473684210529,0.23026315789473684,0.32434210526315788,0.28341111161626403,0.22703253562864267,0.48955635275509318,0.27269716667647853,0.22554512144770225,0.5017577118758193,0.28970220560730942,0.23420325753673979,0.47609453685595082,0.21237740668022823,0.24234044024441168,0.54528215307535999,0.19408962985066505,0.278915993903538,0.52699437624579681
1807,2025-2026,2026-03-04,Fulham,West Ham,A,0.44539473684210529,0.23026315789473684,0.32434210526315788,0.58001887160183718,0.23801853530708283,0.18196259309107995,0.5805144561230029,0.23798378250512858,0.18150176137186844,0.53225682597513224,0.22614176691232035,0.24160140711254738,0.57256966220698091,0.20595035959459268,0.2214799781984263,0.55828831516591559,0.23451305367672337,0.20719863115736095
1808,2025-2026,2026-03-04,Manchester City,Nottingham,D,0.44539473684210529,0.23026315789473684,0.32434210526315788,0.75991302821469331,0.1598690148410766,0.08021795694423009,0.76865906498619552,0.15658069138168193,0.074760243632122386,0.65318218507512038,0.19716505998902795,0.14965275493585167,0.70929631607437493,0.19130496698542851,0.099398716940196835,0.69529970758705983,0.21929818396005865,0.08540210845288175
1809,2025-2026,2026-03-04,Newcastle,Manchester Utd,H,0.44539473684210529,0.23026315789473684,0.32434210526315788,0.40003940873292748,0.25362870484074468,0.34633188642632795,0.38934672428317668,0.25367510104386776,0.35697817467295556,0.38311472069874924,0.23971850688655161,0.3771667724146992,0.35633425812610969,0.22545412182968425,0.4182116200442062,0.34110991931650236,0.25590279944889899,0.40298728123459882
1810,2025-2026,2026-03-05,Tottenham,Crystal Palace,A,0.44539473684210529,0.23026315789473684,0.32434210526315788,0.34092717965037134,0.27309333927986312,0.3859794810697656,0.34169613626752304,0.27376318686617374,0.38454067686630322,0.37521590535706784,0.23970875868186969,0.38507533596106258,0.39874761144591242,0.26499504179501582,0.33625734675907198,0.38282726455150129,0.29683573558383802,0.32033699986466085
1811,2025-2026,2026-03-14,Arsenal,Everton,H,0.44539473684210529,0.23026315789473684,0.32434210526315788,0.69534961100335047,0.20500618724390435,0.099644201752745062,0.70401861516792441,0.20186350565878722,0.094117879173288357,0.61148863195038061,0.20895873013082505,0.17955263791879444,0.62806333343112375,0.2344298375203418,0.13750682904853426,0.61469715522256896,0.26116219393745133,0.12414065083997951
1812,2025-2026,2026-03-14,Burnley,Bournemouth,D,0.44539473684210529,0.23026315789473684,0.32434210526315788,0.28852331483639077,0.22042265319532564,0.49105403196828368,0.2759100593669232,0.21886050198349877,0.50522943864957803,0.31472297001430827,0.23689623278029601,0.44838079720539575,0.25405228756065512,0.21931550883742867,0.52663220360191632,0.2416447481681262,0.24413058762248646,0.51422466420938739
1813,2025-2026,2026-03-14,Chelsea,Newcastle,A,0.44539473684210529,0.23026315789473684,0.32434210526315788,0.57771001267171262,0.21356013729464823,0.20872985003363917,0.58154166579071231,0.21382549226793529,0.20463284194135234,0.51404191201289628,0.22913328392443469,0.25682480406266905,0.57196870094193764,0.20543624970822469,0.2225950493498377,0.56063325754894155,0.22810713649421685,0.21125960595684162
1814,2025-2026,2026-03-14,Sunderland,Brighton,A,0.44539473684210529,0.23026315789473684,0.32434210526315788,0.4015423809465859,0.25526479781236117,0.3431928212410531,0.39307071130195564,0.25589727163377896,0.35103201706426546,0.43596033108296578,0.23782024679003957,0.32621942212699456,0.31460292604066092,0.30937494252458914,0.37602213143474983,0.29747943605283905,0.34362192250023282,0.35889864144692801
1815,2025-2026,2026-03-14,West Ham,Manchester City,D,0.44539473684210529,0.23026315789473684,0.32434210526315788,0.18361438551136239,0.20850209571058578,0.6078835187780518,0.18035172447658401,0.20740221862164768,0.61224605690176837,0.24091691701807885,0.22599703360078358,0.53308604938113768,0.14855367051813981,0.19307079488671497,0.65837553459514542,0.13703160447450854,0.21611492697397749,0.64685346855151415
1816,2025-2026,2026-03-15,Crystal Palace,Leeds United,D,0.44539473684210529,0.23026315789473684,0.32434210526315788,0.55778020353776014,0.20487760805494451,0.23734218840729543,0.55175473642925876,0.20657919105762951,0.24166607251311159,0.47475140167686214,0.23435362196406198,0.29089497635907591,0.40968802488548467,0.25954554024025844,0.33076643487425672,0.39565200848727161,0.28761757303668456,0.31673041847604372
1817,2025-2026,2026-03-15,Liverpool,Tottenham,D,0.44539473684210529,0.23026315789473684,0.32434210526315788,0.66088413052837336,0.183251802194425,0.15586406727720151,0.67207881609307696,0.18095581249718681,0.14696537140973623,0.63151515558836058,0.2035347605719193,0.1649500838397201,0.64577573520399245,0.18340773262184557,0.17081653217416221,0.63677924729214463,0.201400708445541,0.16182004426231444
1818,2025-2026,2026-03-15,Manchester Utd,Aston Villa,H,0.44539473684210529,0.23026315789473684,0.32434210526315788,0.46049380840713106,0.24270284727966046,0.29680334431320854,0.46138922329355253,0.24332073139571275,0.29529004531073472,0.42516584588604528,0.23847839920075758,0.33635575491319719,0.45733722400276583,0.24558868763777603,0.29707408835945809,0.44419632950415994,0.27187047663498787,0.2839331938608522
1819,2025-2026,2026-03-15,Nottingham,Fulham,D,0.44539473684210529,0.23026315789473684,0.32434210526315788,0.40214954870548375,0.23945780847681286,0.35839264281770344,0.39525435010424953,0.23996780067105078,0.36477784922469975,0.40751794564888244,0.2392590157443,0.35322303860681759,0.36141532890908684,0.26521702988031393,0.37336764121059929,0.3470603436161383,0.29392700046621112,0.35901265591765069
1820,2025-2026,2026-03-16,Brentford,Wolves,D,0.44539473684210529,0.23026315789473684,0.32434210526315788,0.68098901877821982,0.17799866942907111,0.14101231179270909,0.68538133424793735,0.17703790157216065,0.13758076417990192,0.59593190952862374,0.21286876161064855,0.19119932886072771,0.61037570178562817,0.22280815122838102,0.16681614698599073,0.59502042941842948,0.25351869596277848,0.15146087461879201
1821,2025-2026,2026-03-20,Bournemouth,Manchester Utd,D,0.44539473684210529,0.23026315789473684,0.32434210526315788,0.43367918047909337,0.24317814137772262,0.32314267814318415,0.41994501010620316,0.24402983600784264,0.33602515388595433,0.39999110494278622,0.23947850468333187,0.36053039037388201,0.33016603456931304,0.23675293212789514,0.43308103330279185,0.3145686950085505,0.26794761124942018,0.41748369374202932
1822,2025-2026,2026-03-21,Brighton,Liverpool,H,0.44539473684210529,0.23026315789473684,0.32434210526315788,0.44599658283667593,0.22061862939883353,0.33338478776449049,0.44797217512155862,0.22117597151017762,0.33085185336826384,0.3814473403308335,0.23972300419451148,0.37882965547465508,0.38192555232897057,0.2556985338232422,0.36237591384778717,0.36433326851385173,0.29088310145348001,0.34478363003266826
1823,2025-2026,2026-03-21,Everton,Chelsea,H,0.44539473684210529,0.23026315789473684,0.32434210526315788,0.3417342683102686,0.23692582197447234,0.42133990971525898,0.35149383070350582,0.23825628443733204,0.41024988485916208,0.39410427869800374,0.2396021267404749,0.36629359456152144,0.30358889004974032,0.27611920286783476,0.42029190708242486,0.2847051265631671,0.31388672984098115,0.40140814359585164
1824,2025-2026,2026-03-21,Fulham,Burnley,H,0.44539473684210529,0.23026315789473684,0.32434210526315788,0.6394018884287116,0.19564085631598974,0.16495725525529856,0.64664663400399591,0.19456441758514792,0.15878894841085614,0.55028400397749466,0.22282795637490554,0.22688803964759971,0.5922148868388617,0.21370288553681918,0.19408222762431909,0.5776952605630068,0.24274213808852904,0.17956260134846416
1825,2025-2026,2026-03-21,Leeds United,Brentford,D,0.44539473684210529,0.23026315789473684,0.32434210526315788,0.31812475070835811,0.24162710783740157,0.44024814145424029,0.3143494472044655,0.24206103416323374,0.44358951863230084,0.3910192506498007,0.23964991724190352,0.36933083210829587,0.35109738974777444,0.24204197781461956,0.40686063243760601,0.33489408706190721,0.2744485831863539,0.39065732975173878
1826,2025-2026,2026-03-22,Aston Villa,West Ham,H,0.44539473684210529,0.23026315789473684,0.32434210526315788,0.61440403415172362,0.2149502304971076,0.17064573535116881,0.6188503580673026,0.21428784809222273,0.16686179384047453,0.57191361357422943,0.21838946224875114,0.20969692417701935,0.53811117655946472,0.23229592237458532,0.22959290106595007,0.5211984242329728,0.26612142702756897,0.21268014873945823
1827,2025-2026,2026-03-22,Newcastle,Sunderland,A,0.44539473684210529,0.23026315789473684,0.32434210526315788,0.54274758479275542,0.21971897782165062,0.23753343738559399,0.54239714739715017,0.22067043749911452,0.23693241510373539,0.48966676819778177,0.23257167319777236,0.27776155860444579,0.49586164487611223,0.26540274616606074,0.23873560895782683,0.47667041304869767,0.30378520982088986,0.2195443771304123
1828,2025-2026,2026-03-22,Tottenham,Nottingham,A,0.44539473684210529,0.23026315789473684,0.32434210526315788,0.36636965862169696,0.26269673409918637,0.37093360727911673,0.37051145148848769,0.26360254154849139,0.36588600696302093,0.4032678916956946,0.23939138195865153,0.357340726345654,0.40058733490350384,0.26950462510632062,0.32990803999017554,0.38084572230354341,0.30898785030624132,0.31016642739021522
1829,2025-2026,2026-04-10,West Ham,Wolves,H,0.44539473684210529,0.23026315789473684,0.32434210526315788,0.47297379028503767,0.22832015833455374,0.29870605138040868,0.48039994996497237,0.22810369614907108,0.29149635388595663,0.49688449868130885,0.23162127755691764,0.27149422376177362,0.442870535373243,0.26542083806359629,0.2917086265631606,0.42349565188447597,0.30417060504113064,0.27233374307439351
1830,2025-2026,2026-04-11,Arsenal,Bournemouth,A,0.44539473684210529,0.23026315789473684,0.32434210526315788,0.76009330777059736,0.15635642093409574,0.083550271295306927,0.76332331187410019,0.15546356979880221,0.081213118327097655,0.61667144204189028,0.20759734750937997,0.17573121044872975,0.71195571663995305,0.17811014979100581,0.10993413356904114,0.69892703169147929,0.20416751968795321,0.096905448620567408
1831,2025-2026,2026-04-11,Brentford,Everton,D,0.44539473684210529,0.23026315789473684,0.32434210526315788,0.46472304238883799,0.25504406993752365,0.28023288767363824,0.46433684207766018,0.25556733169643203,0.28009582622590773,0.44802856601746105,0.23692487272033069,0.31504656126220809,0.39768832802685133,0.27847886601086497,0.32383280596228375,0.37754785399986013,0.31875981406484738,0.3036923319352926
1832,2025-2026,2026-04-11,Burnley,Brighton,A,0.44539473684210529,0.23026315789473684,0.32434210526315788,0.24254163729541792,0.21627512116434935,0.54118324154023278,0.23352240255165796,0.21468177346846279,0.55179582397987925,0.29914515273191505,0.23533240272800363,0.46552244454008135,0.20443795326462347,0.23178171075005993,0.56378033598531652,0.18749326653669002,0.26567108420592689,0.54683564925738304
1833,2025-2026,2026-04-11,Liverpool,Fulham,H,0.44539473684210529,0.23026315789473684,0.32434210526315788,0.6220887606747566,0.19160911187726506,0.18630212744797844,0.62045377930740031,0.19267999388353699,0.18686622680906262,0.52452084079597638,0.22745618886756447,0.24802297033645915,0.51699004661039172,0.22441117145017736,0.25859878193943098,0.50135226656016751,0.25568673155062577,0.24296100188920675
1834,2025-2026,2026-04-12,Chelsea,Manchester City,A,0.44539473684210529,0.23026315789473684,0.32434210526315788,0.37798498164853922,0.25396578457827984,0.36804923377318094,0.37282360792116281,0.25481856263600233,0.37235782944283491,0.35149325081688521,0.23919667726308777,0.40931007192002694,0.29445724564642134,0.2435046696355386,0.4620380847180402,0.27677757024836525,0.27886402043165076,0.44435840931998416
1835,2025-2026,2026-04-12,Crystal Palace,Newcastle,H,0.44539473684210529,0.23026315789473684,0.32434210526315788,0.44652438895469426,0.2066484967349097,0.34682711431039598,0.44659276063111564,0.20720159950785239,0.34620563986103209,0.4244580025443771,0.23851680257336166,0.33702519488226124,0.36468150157889756,0.26246817205914647,0.37285032636195603,0.34535236628943,0.30112644263808164,0.35352119107248842
1836,2025-2026,2026-04-12,Nottingham,Aston Villa,D,0.44539473684210529,0.23026315789473684,0.32434210526315788,0.33679439218575563,0.22878267363738383,0.43442293417686056,0.32334155551732019,0.228162589139522,0.44849585534315772,0.33814306050394338,0.23857954616303428,0.42327739333302233,0.33911687443862543,0.28757983772014151,0.37330328784123307,0.31846485977092825,0.32888386705553585,0.3526512731735359
1837,2025-2026,2026-04-12,Sunderland,Tottenham,H,0.44539473684210529,0.23026315789473684,0.32434210526315788,0.4784324297851007,0.23936228460428835,0.28220528561061087,0.48756129027351841,0.23915883862874224,0.27327987109773949,0.54990136743933626,0.22290193498909136,0.22719669757157229,0.47935567378967292,0.26828922926623378,0.25235509694409314,0.45985522687229963,0.30729012310098047,0.23285465002671982
1838,2025-2026,2026-04-13,Manchester Utd,Leeds United,A,0.44539473684210529,0.23026315789473684,0.32434210526315788,0.61199827017059827,0.20836384773913788,0.17963788209026388,0.61703998580163133,0.20808889402161648,0.1748711201767521,0.54255529184695772,0.22429161015034066,0.23315309800270173,0.55640526873842511,0.22282366313989191,0.22077106812168268,0.54019670741329728,0.25524078579014792,0.20456250679655474
1839,2025-2026,2026-04-18,Brentford,Fulham,D,0.44539473684210529,0.23026315789473684,0.32434210526315788,0.52873223204982023,0.22467940344101117,0.24658836450916854,0.5281746347009465,0.22525614436687799,0.24656922093217554,0.4794702263531479,0.23381649923583706,0.28671327441101507,0.48026320291749264,0.23669780345559266,0.28303899362691465,0.46314796190248325,0.2709282854856111,0.26592375261190532
1840,2025-2026,2026-04-18,Chelsea,Manchester Utd,A,0.44539473684210529,0.23026315789473684,0.32434210526315788,0.47804486813995434,0.24276206942333753,0.27919306243670816,0.46624967091674985,0.24468624714143061,0.2890640819418196,0.44172228278129577,0.23741362713651432,0.32086409008218986,0.41803195997005643,0.2293230682049813,0.35264497182496235,0.4024416410832829,0.26050370597852845,0.33705465293818876
1841,2025-2026,2026-04-18,Leeds United,Wolves,H,0.44539473684210529,0.23026315789473684,0.32434210526315788,0.56482011521985787,0.22678600165465071,0.20839388312549142,0.56779800979449535,0.2269213570931348,0.20528063311236991,0.55453417812666084,0.22199561851553373,0.22347020335780535,0.56521584946940207,0.24629166983945269,0.18849248069114533,0.54721988883934325,0.28228359109957019,0.17049652006108656
1842,2025-2026,2026-04-18,Newcastle,Bournemouth,A,0.44539473684210529,0.23026315789473684,0.32434210526315788,0.47708091017466447,0.22191493226000439,0.30100415756533117,0.46914902098930727,0.22287738861059248,0.30797359040010019,0.41587544140292348,0.23893545895805732,0.34518909963901923,0.40656998930820487,0.23564233309088556,0.35778767760090957,0.39005896512102989,0.26866438146523575,0.34127665341373453
1843,2025-2026,2026-04-18,Tottenham,Brighton,D,0.44539473684210529,0.23026315789473684,0.32434210526315788,0.26577581369264464,0.23738660962079683,0.49683757668655859,0.25885180597170182,0.23637711569610056,0.50477107833219759,0.29903441390861646,0.23531996659887441,0.46564561949250916,0.23052132895980365,0.24399873578426304,0.52547993525593328,0.21242137717293136,0.28019863935800765,0.50737998346906099
1844,2025-2026,2026-04-19,Aston Villa,Sunderland,H,0.44539473684210529,0.23026315789473684,0.32434210526315788,0.5407877845069089,0.23294194825179215,0.22627026724129892,0.54951458418566201,0.23268307601702948,0.21780233979730843,0.51200757954832277,0.22944504869941415,0.25854737175226311,0.43675682353392659,0.30104028677311107,0.26220288969296224,0.41677055058868717,0.34101283266358989,0.24221661674772282
1845,2025-2026,2026-04-19,Everton,Liverpool,A,0.44539473684210529,0.23026315789473684,0.32434210526315788,0.40249317654746769,0.207969537053391,0.38953728639914137,0.41368615596207853,0.20880402519729691,0.37750981884062457,0.38967132217234518,0.23966710761610058,0.37066157021155416,0.36952513086896999,0.26523849373787745,0.3652363753931524,0.35036004621674,0.30356866304233748,0.34607129074092241
1846,2025-2026,2026-04-19,Manchester City,Arsenal,H,0.44539473684210529,0.23026315789473684,0.32434210526315788,0.53977174789798099,0.22633534102047065,0.23389291108154833,0.53968440425245201,0.22715407388867861,0.2331615218588694,0.43213976839957202,0.23806869933260252,0.32979153226782532,0.39956695450544372,0.26809293965704661,0.33234010583750995,0.38021506117742332,0.30679672631308746,0.31298821250948955
1847,2025-2026,2026-04-19,Nottingham,Burnley,H,0.44539473684210529,0.23026315789473684,0.32434210526315788,0.6176492214224798,0.18334929029446453,0.19900148828305556,0.6244136719961263,0.18310975647268576,0.19247657153118786,0.5382187322012707,0.22508464421029514,0.23669662358843424,0.57805028149541127,0.23770550916044844,0.18424420934414043,0.5609851347746363,0.27183580260199847,0.16717906262336549
1848,2025-2026,2026-04-20,Crystal Palace,West Ham,D,0.44539473684210529,0.23026315789473684,0.32434210526315788,0.57438824575441827,0.19386215320698977,0.23174960103859196,0.5707279413531926,0.19465929496914669,0.23461276367766082,0.50704561882872268,0.23018658804835004,0.26276779312292736,0.4413339463462837,0.26337688626410399,0.29528916738961225,0.42340634496417029,0.29923208902833082,0.27736156600749889
1849,2025-2026,2026-04-21,Brighton,Chelsea,H,0.44539473684210529,0.23026315789473684,0.32434210526315788,0.46441964689243043,0.2129183567821307,0.32266199632543885,0.47510693516538549,0.213006457369906,0.31188660746470848,0.45366347614702307,0.23644975032624824,0.30988677352672866,0.44254086767593148,0.25992300848358935,0.29753612384047917,0.42354923978120063,0.29790626427305111,0.27854449594574832
1850,2025-2026,2026-04-22,Bournemouth,Leeds United,D,0.44539473684210529,0.23026315789473684,0.32434210526315788,0.5814836413052441,0.21070756966320553,0.20780878903155034,0.58289634266947776,0.21154345591964535,0.20556020141087689,0.5029575201151375,0.23077736851378261,0.26626511137107983,0.43358999217451416,0.25509038200870515,0.31131962581678085,0.41509921004839134,0.29207194626095073,0.29282884369065798
1851,2025-2026,2026-04-22,Burnley,Manchester City,A,0.44539473684210529,0.23026315789473684,0.32434210526315788,0.11325836142218149,0.17900118771422618,0.70774045086359227,0.1017678874939935,0.17158318762902755,0.72664892487697885,0.17771895886381664,0.20831046607753495,0.61397057505864838,0.07110313661300971,0.12871452126178234,0.80018234212520789,0.061874350045737103,0.14717209439632756,0.79095355555793534
1852,2025-2026,2026-04-24,Sunderland,Nottingham,A,0.44539473684210529,0.23026315789473684,0.32434210526315788,0.49698535492082319,0.20920997482630799,0.29380467025286872,0.50159113788117937,0.2094913775510443,0.28891748456777633,0.47493816814943146,0.23433283350998374,0.2907289983405848,0.37067363676035064,0.29523319204490434,0.33409317119474502,0.35103850621672761,0.3345034531321503,0.31445804065112204
1853,2025-2026,2026-04-25,Arsenal,Newcastle,H,0.44539473684210529,0.23026315789473684,0.32434210526315788,0.73367915096750336,0.16281318517671553,0.10350766385578111,0.74221007745844647,0.1603167771780262,0.097473145363527358,0.61546014428725226,0.20791816017031692,0.17662169554243082,0.69607750866156592,0.17681962640860499,0.12710286492982906,0.6844085307985881,0.20015758213456081,0.11543388706685115
1854,2025-2026,2026-04-25,Fulham,Aston Villa,H,0.44539473684210529,0.23026315789473684,0.32434210526315788,0.38307239014220174,0.24182700153854308,0.37510060831925507,0.37063281189789393,0.24198176891983303,0.38738541918227298,0.36199730580794426,0.23951408441430486,0.39848860977775091,0.36568768119568534,0.25750501602067954,0.37680730278363511,0.34846239506568394,0.29195558828068241,0.35958201665363371
1855,2025-2026,2026-04-25,Liverpool,Crystal Palace,H,0.44539473684210529,0.23026315789473684,0.32434210526315788,0.60394009625694345,0.23454339716132969,0.16151650658172687,0.6085743885797622,0.23405050768341409,0.15737510373682373,0.54235588524692346,0.22432852103645634,0.23331559371662025,0.53269633102398195,0.25197369527997671,0.21532997369604137,0.51591294425080347,0.28554046882633366,0.19854658692286289
1856,2025-2026,2026-04-25,West Ham,Everton,H,0.44539473684210529,0.23026315789473684,0.32434210526315788,0.32956068438534553,0.24159137435164399,0.42884794126301057,0.33129776638000602,0.24206662742411308,0.42663560619588098,0.37733066151329664,0.23971910575308369,0.38295023273361972,0.32508020509103563,0.27272034048065996,0.40219945442830435,0.30686282486191896,0.30915510093889326,0.38398207419918773
1857,2025-2026,2026-04-25,Wolves,Tottenham,A,0.44539473684210529,0.23026315789473684,0.32434210526315788,0.28150189144100124,0.20164932713666231,0.51684878142233648,0.29309579662138918,0.2035713834319042,0.50333281994670664,0.42443164659201854,0.23851822113332993,0.33705013227465158,0.32500626938541977,0.26128674847256145,0.41370698214201873,0.3074759394532306,0.29634740833693984,0.39617665220982951
1858,2025-2026,2026-04-27,Manchester Utd,Brentford,H,0.44539473684210529,0.23026315789473684,0.32434210526315788,0.46888399857472274,0.26381616737501562,0.26729983405026153,0.47810718711209915,0.2634932311787106,0.2583995817091902,0.48903025555050095,0.23265273815924867,0.27831700629025041,0.48634346351917246,0.2348893409353586,0.2787671955454688,0.47445765596072248,0.25866095605225897,0.26688138798701871
1859,2025-2026,2026-05-01,Leeds United,Burnley,H,0.44539473684210529,0.23026315789473684,0.32434210526315788,0.62834860035360351,0.18149086102685646,0.19016053861954008,0.64112707058584195,0.17994706236139343,0.17892586705276459,0.57872895097498367,0.21688635185953106,0.2043846971654853,0.67077081935789551,0.19103371233061472,0.13819546831148977,0.66087499599284993,0.21082535906070579,0.12829964494644422
1860,2025-2026,2026-05-02,Arsenal,Fulham,H,0.44539473684210529,0.23026315789473684,0.32434210526315788,0.72217591721239061,0.17733750442076904,0.10048657836684037,0.72446241958886415,0.17699582990435525,0.09854175050678049,0.6080646585873315,0.20984197810308788,0.18209336330958059,0.63667421406668612,0.22189840155739793,0.14142738437591609,0.62531602379127227,0.24461478210822546,0.13006919410050233
1861,2025-2026,2026-05-02,Brentford,West Ham,H,0.44539473684210529,0.23026315789473684,0.32434210526315788,0.56460903686259534,0.22099309463029024,0.21439786850711434,0.55970034126374502,0.22233130614473678,0.21796835259151814,0.50315036996388662,0.23074990934743075,0.26609972068868265,0.49426434268044389,0.24067293624748776,0.26506272107206835,0.48181009796546775,0.26558142567743992,0.25260847635709233
1862,2025-2026,2026-05-02,Newcastle,Brighton,H,0.44539473684210529,0.23026315789473684,0.32434210526315788,0.40474316001103094,0.23702246501948582,0.35823437496948335,0.39925640662035555,0.23748999983985555,0.36325359353978881,0.38590010813259223,0.23970322140641548,0.3743966704609924,0.3100996094362623,0.25452991532746394,0.43537047523627365,0.29683503387024845,0.28105906645949152,0.42210589967025985
1863,2025-2026,2026-05-02,Wolves,Sunderland,D,0.44539473684210529,0.23026315789473684,0.32434210526315788,0.26674665956724763,0.20451938418430288,0.52873395624844943,0.26061851040562345,0.20408258847703076,0.53529890111734568,0.32135769748656101,0.23745283241135418,0.44118947010208481,0.28746098425552424,0.29090770935980775,0.42163130638466811,0.27290805144631475,0.32001357497822669,0.40707837357545867
1864,2025-2026,2026-05-03,Aston Villa,Tottenham,A,0.44539473684210529,0.23026315789473684,0.32434210526315788,0.58092829724834816,0.21229599177362912,0.20677571097802272,0.60147914840141381,0.20877788020034874,0.18974297139823745,0.60543220463685354,0.2105123335998676,0.18405546176327897,0.58055314899560162,0.21780681414254496,0.20164003686185344,0.56856420475384284,0.24178470262606236,0.18965109262009475
1865,2025-2026,2026-05-03,Bournemouth,Crystal Palace,H,0.44539473684210529,0.23026315789473684,0.32434210526315788,0.51967395689456097,0.24688985766071203,0.23343618544472694,0.53274344599414147,0.24548187111985501,0.22177468288600344,0.4989970889840209,0.23133228932900293,0.26967062168697631,0.49406963223599243,0.25952790189658115,0.2464024658674264,0.47963282142180264,0.28840152352496085,0.23196565505323655
1866,2025-2026,2026-05-03,Manchester Utd,Liverpool,H,0.44539473684210529,0.23026315789473684,0.32434210526315788,0.44206813878043832,0.24287717239088538,0.31505468882867627,0.45549138938452027,0.24304174303753781,0.30146686757794194,0.41632439391086168,0.23891571958554758,0.3447598865035908,0.42490114403267565,0.23095898404487775,0.34413987192244661,0.4129328982951832,0.25489547551986269,0.33217162618495411
1867,2025-2026,2026-05-04,Chelsea,Nottingham,A,0.44539473684210529,0.23026315789473684,0.32434210526315788,0.49930863655197089,0.25093006064892875,0.2497613027991003,0.50827776911449618,0.25088800152246898,0.24083422936303492,0.48549962612725539,0.23309428534502596,0.28140608852771865,0.37914823150058963,0.25851511816617878,0.36233665033323159,0.36502596163301992,0.28675965790131835,0.34821438046566178
1868,2025-2026,2026-05-04,Everton,Manchester City,D,0.44539473684210529,0.23026315789473684,0.32434210526315788,0.2408178818863764,0.23759146711158016,0.52159065100204349,0.23859124488239788,0.23739322009104138,0.52401553502656073,0.28072540536364771,0.23299833783022841,0.48627625680612396,0.21219234902783959,0.26237945169048205,0.52542819928167828,0.19818478180151383,0.29039458614313363,0.51142063205535249
1869,2025-2026,2026-05-09,Brighton,Wolves,H,0.44539473684210529,0.23026315789473684,0.32434210526315788,0.71956414342585839,0.15415182885430093,0.12628402771984062,0.72065251944112851,0.154221836751193,0.12512564380767854,0.61894305594009813,0.20699136502415394,0.1740655790357479,0.67564521801929145,0.2082950691226173,0.11605971285809133,0.66501375859869538,0.22955798796380938,0.10542825343749529
1870,2025-2026,2026-05-09,Fulham,Bournemouth,A,0.44539473684210529,0.23026315789473684,0.32434210526315788,0.46742865790523297,0.22583864257678291,0.30673269951798426,0.45870504057509293,0.22671956962214271,0.31457538980276439,0.39532143720569252,0.23958004795401547,0.36509851484029204,0.34949097169845789,0.26178460330920084,0.38872442499234122,0.33566173827170093,0.28944307016271464,0.37489519156558437
1871,2025-2026,2026-05-09,Liverpool,Chelsea,D,0.44539473684210529,0.23026315789473684,0.32434210526315788,0.60314235554984608,0.19035910298953079,0.20649854146062319,0.61126177745364385,0.18972649697480914,0.19901172557154692,0.52859685781204679,0.22677170078240685,0.24463144140554618,0.5737875174384961,0.20743556307953318,0.21877691948197073,0.56359450328024618,0.22782159139603292,0.20858390532372084
1872,2025-2026,2026-05-09,Manchester City,Brentford,H,0.44539473684210529,0.23026315789473684,0.32434210526315788,0.69423168094510967,0.16701488587405175,0.13875343318083849,0.70115501146794879,0.16571244723591,0.13313254129614127,0.59605135832713541,0.2128397434972803,0.19110889817558416,0.61508300778554426,0.21219033770410733,0.17272665451034852,0.60391354595699387,0.234529261361208,0.16155719268179822
1873,2025-2026,2026-05-09,Sunderland,Manchester Utd,D,0.44539473684210529,0.23026315789473684,0.32434210526315788,0.34203228809430986,0.22174949706399907,0.43621821484169104,0.32063632249727064,0.21989410904856771,0.45946956845416176,0.34990968505620179,0.23913609599981706,0.41095421894398121,0.24818742769059296,0.23967856145601291,0.51213401085339394,0.2355905475847789,0.26487232166764108,0.49953713074757988
1874,2025-2026,2026-05-10,Burnley,Aston Villa,D,0.44539473684210529,0.23026315789473684,0.32434210526315788,0.19943379874790079,0.20914486172194696,0.59142133953015219,0.18730255273354759,0.20575019054360549,0.60694725672284688,0.26088723218866772,0.22986006082713398,0.50925270698419822,0.22185704257462885,0.22753125310332653,0.55061170432204454,0.20870393551063585,0.25383746723131256,0.53745859725805156
1875,2025-2026,2026-05-10,Crystal Palace,Everton,D,0.44539473684210529,0.23026315789473684,0.32434210526315788,0.41674093502632331,0.22593974516424561,0.35731931980943116,0.41124562022534761,0.22647961265054903,0.36227476712410345,0.423976497757244,0.23854258997264896,0.33748091227010701,0.3159563170957842,0.28672700173900473,0.39731668116521096,0.29963342895576583,0.31937277801904151,0.3809937930251926
1876,2025-2026,2026-05-10,Nottingham,Newcastle,D,0.44539473684210529,0.23026315789473684,0.32434210526315788,0.50195409246776712,0.18312393413223785,0.31492197339999506,0.50261270648683787,0.18374695998773138,0.31364033352543075,0.44712803224682279,0.23699745138592959,0.31587451636724762,0.51748276584720188,0.23245580697059157,0.25006142718220642,0.5041371355407126,0.25914706758357015,0.23671579687571714
1877,2025-2026,2026-05-10,West Ham,Arsenal,A,0.44539473684210529,0.23026315789473684,0.32434210526315788,0.14958344100631954,0.18083827543536166,0.66957828355831883,0.14904345121940235,0.18093226346403965,0.67002428531655789,0.23458815063950683,0.22461576582353696,0.5407960835369563,0.14429677456375789,0.20859431331337744,0.64710891212286492,0.13211781710944634,0.23295222822200048,0.63492995466855329
1878,2025-2026,2026-05-11,Tottenham,Leeds United,D,0.44539473684210529,0.23026315789473684,0.32434210526315788,0.41403545972164152,0.22195131037533439,0.36401322990302415,0.40254870959894651,0.22289415979030641,0.37455713061074708,0.36790109572495916,0.23962890552675931,0.39246999874828153,0.31981704538848277,0.24586821408153087,0.43431474052998653,0.30561191900372703,0.27427846685104235,0.42010961414523074
1879,2025-2026,2026-05-13,Manchester City,Crystal Palace,H,0.44539473684210529,0.23026315789473684,0.32434210526315788,0.74122878005880033,0.16907496031476998,0.089696259626429672,0.74937759307783969,0.16629997501336249,0.084322431908797818,0.63463188950473581,0.20265078079850707,0.16271732969675703,0.73990675119635807,0.16881878815416845,0.091274460649473643,0.72934660096492443,0.18993908861703573,0.080714310418039989
1880,2025-2026,2026-05-15,Aston Villa,Liverpool,H,0.44539473684210529,0.23026315789473684,0.32434210526315788,0.45251626065936035,0.22887799833709266,0.31860574100354699,0.45748792659758375,0.22954443280139752,0.31296764060101867,0.40622589584749075,0.23930156226143726,0.35447254189107202,0.34996854884304485,0.23597840663617964,0.41405304452077568,0.33596582366722932,0.26398385698781046,0.40005031934496027
1881,2025-2026,2026-05-17,Brentford,Crystal Palace,D,0.44539473684210529,0.23026315789473684,0.32434210526315788,0.51422716906376731,0.2357189767536865,0.25005385418254622,0.51457219774909346,0.23645774400545536,0.24897005824545121,0.48378877800155706,0.23330329971399491,0.282907922284448,0.54977796579538385,0.24589588641678903,0.20432614778782687,0.5349726332514273,0.27550655150470238,0.18952081524387027
1882,2025-2026,2026-05-17,Everton,Sunderland,A,0.44539473684210529,0.23026315789473684,0.32434210526315788,0.46596802074232213,0.24340367579672587,0.29062830346095198,0.47622525911246139,0.24379423563292701,0.27998050525461177,0.47043295083136383,0.23482345976921323,0.29474358939942291,0.53609624737668693,0.25556729463435174,0.20833645798896142,0.52086821323111043,0.28602336292550468,0.19310842384338497
1883,2025-2026,2026-05-17,Leeds United,Brighton,H,0.44539473684210529,0.23026315789473684,0.32434210526315788,0.39704416277570204,0.20199138140831677,0.40096445581598111,0.39447262031830571,0.20271905611245511,0.40280832356923923,0.4045451299716521,0.23935389603382565,0.35610097399452223,0.37170863954415473,0.26626214748875415,0.36202921296709095,0.35558929373873172,0.29850083909960023,0.34590986716166794
1884,2025-2026,2026-05-17,Manchester Utd,Nottingham,H,0.44539473684210529,0.23026315789473684,0.32434210526315788,0.55591103029373967,0.23498107798316875,0.20910789172309152,0.5760054959452755,0.23149208732485088,0.19250241672987364,0.52992861514711487,0.22654416209859476,0.24352722275429034,0.45152785790669747,0.25070046627641285,0.29777167581688957,0.43641974725474364,0.28091668758032062,0.28266356516493568
1885,2025-2026,2026-05-17,Newcastle,West Ham,H,0.44539473684210529,0.23026315789473684,0.32434210526315788,0.58058053199330395,0.21884587354093404,0.20057359446576192,0.57382485126144323,0.22051197007712678,0.20566317866143005,0.50498227993790634,0.23048704539343629,0.26453067466865743,0.54076132683434819,0.22891659037488543,0.23032208279076655,0.52709118874657446,0.25625686655043278,0.21665194470299287
1886,2025-2026,2026-05-17,Wolves,Fulham,D,0.44539473684210529,0.23026315789473684,0.32434210526315788,0.21908131804318121,0.20788645472187348,0.57303222723494529,0.21435180781748528,0.20656324209782961,0.57908495008468508,0.31503466434153909,0.23692382249283556,0.44804151316562529,0.23774071515695905,0.29023410694060625,0.4720251779024347,0.22137932169766433,0.32295689385919563,0.45566378444313999
1887,2025-2026,2026-05-18,Arsenal,Burnley,H,0.44539473684210529,0.23026315789473684,0.32434210526315788,0.84985348464801624,0.11167062575108419,0.03847588960089935,0.85692953070955036,0.10826836420165138,0.034802105088798253,0.73540376701632149,0.16804224288473196,0.096553990098946468,0.85903026000356619,0.10094655634011555,0.040023183656318406,0.85312454319387288,0.11275798995950213,0.034117466846625109
1888,2025-2026,2026-05-19,Bournemouth,Manchester City,D,0.44539473684210529,0.23026315789473684,0.32434210526315788,0.36117843301112917,0.21759973474452896,0.42122183224434184,0.35711719440355716,0.21789300591713531,0.42498979967930739,0.32865119336430282,0.2379913511476778,0.43335745548801941,0.24307119716820025,0.23852150257556956,0.51840730025623016,0.22971695559679778,0.26522998571837453,0.50505305868482764
1889,2025-2026,2026-05-19,Chelsea,Tottenham,H,0.44539473684210529,0.23026315789473684,0.32434210526315788,0.52224461105098841,0.24868842321709836,0.22906696573191318,0.53322797322017346,0.24786580121555501,0.21890622556427158,0.53794093400667164,0.22513475394911761,0.23692431204421077,0.52638106067118862,0.23169056333379742,0.24192837599501429,0.51353731477955145,0.25737805511707168,0.22908463010337718
1890,2025-2026,2026-05-24,Brighton,Manchester Utd,A,0.44539473684210529,0.23026315789473684,0.32434210526315788,0.47932913820330331,0.21838233173608282,0.30228853006061385,0.4620847393274663,0.21971302791274916,0.3182022327597846,0.39118169264878921,0.23964769379815312,0.36917061355305769,0.42474408373153022,0.25248272207740557,0.32277319419106421,0.40971158452510265,0.28254772049026067,0.30774069498463669
1891,2025-2026,2026-05-24,Burnley,Wolves,D,0.44539473684210529,0.23026315789473684,0.32434210526315788,0.41188832811456422,0.22088033407365454,0.36723133781178124,0.40123714484855449,0.22174912394017218,0.3770137312112733,0.44621048195655955,0.23707044878749736,0.31671906925594306,0.45517990213030024,0.2738137952140538,0.27100630265564596,0.43902634525546219,0.30612090896373018,0.2548527457808078
1892,2025-2026,2026-05-24,Crystal Palace,Arsenal,A,0.44539473684210529,0.23026315789473684,0.32434210526315788,0.1922013151555392,0.22119262661263997,0.58660605823182077,0.19229417103111107,0.22170065574213407,0.58600517322675483,0.25325147679055043,0.22846950403966768,0.51827901916978192,0.14477081533538519,0.24281346019937566,0.6124157244652394,0.13115934855791686,0.27003639375431232,0.5988042576877709
1893,2025-2026,2026-05-24,Fulham,Newcastle,H,0.44539473684210529,0.23026315789473684,0.32434210526315788,0.43746460285651828,0.22684665960458797,0.33568873753889378,0.43387542846550425,0.22756180485300687,0.33856276668148894,0.42563635214223589,0.23845254709806871,0.33591110075969527,0.36076859126123056,0.2635034460038998,0.3757279627348698,0.34498585149913641,0.29506892552808811,0.35994522297277565
1894,2025-2026,2026-05-24,Liverpool,Brentford,D,0.44539473684210529,0.23026315789473684,0.32434210526315788,0.61785725882870179,0.18844178200717698,0.19370095916412119,0.61176832551423999,0.19041326904110534,0.19781840544465457,0.51142587540090667,0.22953336831568652,0.25904075628340667,0.50910868784235341,0.21994620182227065,0.27094511033537622,0.49696347693117227,0.24423662364463283,0.25879989942419512
1895,2025-2026,2026-05-24,Manchester City,Aston Villa,A,0.44539473684210529,0.23026315789473684,0.32434210526315788,0.69818753603997863,0.17279401117251525,0.12901845278750601,0.70183819575025086,0.17240889475126275,0.12575290949848641,0.5696699383480972,0.21887332829763206,0.21145673335427076,0.70276488909663626,0.17401354743856051,0.12322156346480342,0.69251445099392206,0.19451442364398866,0.11297112536208934
1896,2025-2026,2026-05-24,Nottingham,Bournemouth,D,0.44539473684210529,0.23026315789473684,0.32434210526315788,0.4972323696230197,0.19485182233505585,0.30791580804192453,0.48922814780902707,0.1958636689134344,0.31490818327753856,0.371989364399955,0.23968199223056241,0.3883286433694827,0.43198610147881772,0.2534836209147634,0.31453027760641894,0.41686359815531598,0.28372862756176681,0.29940777428291721
1897,2025-2026,2026-05-24,Sunderland,Chelsea,H,0.44539473684210529,0.23026315789473684,0.32434210526315788,0.34251487594151087,0.23670147041130279,0.42078365364718628,0.3507225888026847,0.23845053820579418,0.41082687299152104,0.42449937412223782,0.23851457418030261,0.33698605169745954,0.37537665417011273,0.2694470593351127,0.35517628649477451,0.3592557016389325,0.30168896439747322,0.33905533396359422
1898,2025-2026,2026-05-24,Tottenham,Everton,H,0.44539473684210529,0.23026315789473684,0.32434210526315788,0.34737305392582513,0.2185770628902588,0.43404988318391602,0.3370612408932952,0.2182842396903138,0.44465451941639111,0.367699768596501,0.23962573481266489,0.39267449659083414,0.35960138685862436,0.24946751908866591,0.39093109405270982,0.34487066541142214,0.27892896198307038,0.37620037260550759
1899,2025-2026,2026-05-24,West Ham,Leeds United,H,0.44539473684210529,0.23026315789473684,0.32434210526315788,0.36215728735891117,0.22224976744617309,0.41559294519491574,0.36007377933231466,0.22316520203957241,0.41676101862811293,0.37094118452911934,0.23967043018165585,0.38938838528922476,0.3045974626483694,0.26173247273876354,0.43367006461286717,0.2889198528409555,0.29308769235359122,0.41799245480545333
