match_id,lambda_home,lambda_away,rho,window_matches,has_state
0,,,,0,False
1,1,1,0,1,True
2,1,1,0,1,True
3,1,1,0,1,True
4,1,1,0,1,True
5,1,1,0,1,True
6,1,1,0,1,True
7,1,1,0,1,True
8,1,1,0.49999999999999756,8,True
9,1,1,0.49999999999999756,8,True
10,2,2,0.49999999999999756,10,True
11,2,2.9999999999999996,0.49999999999999756,10,True
12,1.0000000000000002,2,0.49999999999999756,10,True
13,1,3.0000000000000004,0.49999999999999756,10,True
14,2.9999999999999996,0.50787597240032867,0.49999999999999756,10,True
15,1.9689846622863254,1.9689846622863254,0.49999999999999756,10,True
16,1.3794532074682773,579.8127874723599,0.49999999999999756,16,True
17,0.95126872918817862,3.9437712685224926,0.49999999999999756,16,True
18,1.3795655159786133,0.72505137238147943,0.49999999999999756,16,True
19,47.261700001579278,20.287892461228367,0.31160142271796598,19,True
20,6.4759252319357783,0.11438671592224067,0.18298702633339731,20,True
21,2.7832690995067551,0.0022903305696839512,0.18298702633339731,20,True
22,0.91236764408950233,1.5948513365388521,0.18298702633339731,20,True
23,0.8163505360212695,2.0721876012060041,0.18298702633339731,20,True
24,0.094774393891006073,0.17765259007424186,0.18298702633339731,20,True
25,0.30893242668541232,0.59018233474704851,0.18298702633339731,20,True
26,21.944851120788094,14.976419020428111,0.18298702633339731,20,True
27,1.6155084294841155,6.0541971611041285,0.090612236752196734,27,True
28,4.4694188882085202,0.53702542059470026,0.090612236752196734,27,True
29,0.41965246845473464,0.53432136269161978,0.090612236752196734,27,True
30,3.800177847084969,0.53249092367596529,0.1151041462478105,30,True
31,1.6163662457730099,0.29123882650658323,0.1151041462478105,30,True
32,8.1015718105310093,0.40182350977903231,0.1151041462478105,30,True
33,1.349066807930476,0.35349156464704795,0.1151041462478105,30,True
34,0.66798260554641509,1.175255093188452,0.1151041462478105,30,True
35,2.1044402207909645,0.13653313557067931,0.1151041462478105,30,True
36,9.1947919806144096,4.2540016487465904,0.1151041462478105,30,True
37,1.1738243370140307,0.89713647783975015,0.1151041462478105,30,True
38,1.2052767259956247,1.5975775020631877,-0.32834264649725542,38,True
39,3.7490843424014675,0.32076302964435788,-0.30153553525293975,39,True
40,2.8349599075454521,2.0419450376154695,-0.30136934549431982,40,True
41,1.4173044886239226,2.9864129323367425,-0.43529694236353683,41,True
42,2.2062140894919513,0.22348497214117322,-0.43529694236353683,41,True
43,2.1328923578027026,0.50030476923267408,-0.43529694236353683,41,True
44,1.4697509941422446,0.23635486881188217,-0.43529694236353683,41,True
45,0.69128518595058197,1.3864280403460432,-0.43529694236353683,41,True
46,0.23205531863454196,0.27999000279672054,-0.43529694236353683,41,True
47,1.2923108066830529,0.47195232657430669,-0.21670146097091408,47,True
48,0.13345285279837846,1.2859445404385317,-0.21670146097091408,47,True
49,2.6855103149884916,1.6060265972530994,-0.21670146097091408,47,True
50,0.21138573186357118,0.63660839825458659,-0.1299121767994042,50,True
51,1.0657273738859296,0.18760981462976042,-0.1299121767994042,50,True
52,6.0048680837463415,0.39426265494986085,-0.1299121767994042,50,True
53,1.2221057445893686,2.300726368821115,-0.1299121767994042,50,True
54,1.6650567458780399,0.62365338475331145,-0.1299121767994042,50,True
55,1.9388268544365563,0.73864917445320954,-0.1299121767994042,50,True
56,2.4687922987412563,2.1403209643041969,-0.1299121767994042,50,True
57,0.50113341114936949,0.63582678815949112,-0.043789976819467599,57,True
58,0.68913811461600283,0.19741675303666961,-0.043789976819467599,57,True
59,0.90265769176628396,0.57913641038991071,0.069828475218322916,59,True
60,1.3792258603171879,0.50947598162201824,0.0066277356368955277,60,True
61,1.4277566046996275,0.28793170663423584,0.0066277356368955277,60,True
62,2.5176196339811594,0.13004163824359685,0.0066277356368955277,60,True
63,1.8787464672198151,1.2728527179159494,0.0066277356368955277,60,True
64,3.0479920128904481,1.2183259935367505,0.0066277356368955277,60,True
65,0.99076777885761025,0.56894208822019565,0.0066277356368955277,60,True
66,2.6836013523313702,0.91961977722133326,-0.060166676762757956,66,True
67,0.33347107073340571,0.82956620226946587,-0.060166676762757956,66,True
68,0.59573596848699795,1.3691265717425058,-0.060166676762757956,66,True
69,1.4056895520341524,1.9621175028191411,-0.060166676762757956,66,True
70,1.0671300053872337,0.40948614157512508,-0.013089190757557514,70,True
71,0.66617278281630288,1.4819363379519952,-0.013089190757557514,70,True
72,1.3549985065935399,2.1764779743316138,-0.013089190757557514,70,True
73,2.5506073745484463,0.1386836804889387,-0.013089190757557514,70,True
74,0.16411009564257975,1.1437536959599672,-0.013089190757557514,70,True
75,1.1874890299366492,0.52607225437865146,-0.013089190757557514,70,True
76,0.68467002183274528,4.2296370680296604,-0.013089190757557514,70,True
77,2.5609526755654386,1.7515286000245591,0.096004347849263358,77,True
78,1.3345948350301289,1.6869910617962105,0.096004347849263358,77,True
79,0.95409898822599815,1.1941080893506903,0.17218596171442932,79,True
80,1.5019769601836634,1.3766887804239598,0.1552199971948639,80,True
81,0.21168423827143493,0.86111108293110339,0.15356095993665475,81,True
82,3.5380587249020898,0.048382336904957947,0.15356095993665475,81,True
83,3.7758662948824839,0.86898769546957133,0.15356095993665475,81,True
84,2.8335395440936257,0.6894315398017864,0.15356095993665475,81,True
85,0.65542758419254199,1.0243679182263778,0.15356095993665475,81,True
86,0.83910129792386634,0.42037453332175689,0.15356095993665475,81,True
87,2.7677637387227194,0.93401395819477129,0.078195097155881799,87,True
88,0.94130205966666913,3.0349812629606352,0.078195097155881799,87,True
89,1.732797217004939,1.0350533783212739,0.078195097155881799,87,True
90,0.52765432318644767,1.4450346978308142,0.096329566653102092,90,True
91,2.2380669351903197,1.7793210979337513,0.096329566653102092,90,True
92,2.9083450874434775,0.39142836057932429,0.096329566653102092,90,True
93,2.3836791255912853,0.34533407574340813,0.096329566653102092,90,True
94,0.28833725905720481,5.1863370288663244,0.096329566653102092,90,True
95,1.3636536040011158,1.2903809176645649,0.096329566653102092,90,True
96,1.1467900617163072,1.2798540234445455,0.096329566653102092,90,True
97,1.176545128730246,1.7228526808616209,0.12024882990539087,97,True
98,0.28035818466522072,1.100426352758731,0.12024882990539087,97,True
99,1.3497746188195952,1.1392443907855496,0.10863858543966064,99,True
100,1.2933154962461706,1.0449780837411002,0.11219940536204262,100,True
101,2.1886749327874799,0.24793335755368215,0.14501956340573322,101,True
102,1.8045274373824902,0.81542995689957887,0.14501956340573322,101,True
103,3.007658583868781,0.23169132667177436,0.14501956340573322,101,True
104,1.3496533249101224,0.74403157790606245,0.14501956340573322,101,True
105,0.72747780993160571,2.4275424760071291,0.14501956340573322,101,True
106,2.0568069602416812,0.91287256695470476,0.045410347777524944,106,True
107,1.5643772770938627,1.3918076582873509,0.045410347777524944,106,True
108,1.143237982555243,2.0747290587038605,0.045410347777524944,106,True
109,1.0304418129584105,2.6849624641862837,0.045410347777524944,106,True
110,0.97265610859072482,1.4234353545835539,-0.030330737791089378,110,True
111,0.94100054016213075,1.578674006486281,-0.030330737791089378,110,True
112,0.45754464032340625,3.0023265019422687,-0.030330737791089378,110,True
113,2.5713320768884222,0.96009387194213991,-0.030330737791089378,110,True
114,1.0913307391826246,1.9462937305509374,-0.030330737791089378,110,True
115,0.40209288403433491,1.3166419641984952,-0.030330737791089378,110,True
116,1.1239021477768871,2.1866152559628431,-0.030330737791089378,110,True
117,0.76402904554556084,1.7463385683839125,-0.030330737791089378,110,True
118,2.9786254925663518,0.43558783297054754,0.016568100774515725,118,True
119,0.9141390903591845,0.80889419824473863,0.016568100774515725,118,True
120,2.1049436827075008,1.0852871961609174,0.014599086852517512,120,True
121,1.0903797244604208,0.65510084855529871,0.014599086852517512,120,True
122,2.553095999313697,1.1084430935174121,0.014599086852517512,120,True
123,2.8519911384233585,0.55063521166460494,0.014599086852517512,120,True
124,0.60126228495494194,1.2655006773724873,0.014599086852517512,120,True
125,2.0143424744391383,1.1587852292513734,-0.017146194051992754,125,True
126,3.3685407342329921,0.31444187897672998,-0.017146194051992754,125,True
127,2.1920244992116156,1.5597388858505752,-0.017146194051992754,125,True
128,1.8251297179755559,0.54763658955105399,-0.017146194051992754,125,True
129,0.84280641578659388,1.6236412295721523,-0.0022051657285600745,129,True
130,1.9521547817675813,1.0637036127875161,-0.0022051657285600745,129,True
131,0.59957499846157492,2.5159141768580064,0.011785810482141102,131,True
132,0.77317204716411003,3.9651222918095161,0.011785810482141102,131,True
133,1.2125477355129328,1.4219350988436152,0.011785810482141102,131,True
134,0.41356946465596689,2.9419178679721183,0.011785810482141102,131,True
135,1.4538830229889619,0.5844481729736859,0.011785810482141102,131,True
136,1.0022102493115483,0.97913170881925404,0.011785810482141102,131,True
137,1.3012172246871558,1.1741810820548211,-0.03142546849543966,137,True
138,1.0052251398366165,1.2266683065366555,-0.03142546849543966,137,True
139,1.3647658891445615,2.0260281366302322,-0.028178464406313948,139,True
140,0.71951111993382955,0.67104750024510273,-0.028178464406313948,139,True
141,0.62659864529207576,2.5530800241850478,-0.028178464406313948,139,True
142,0.6028979622273557,1.6239721123674007,-0.028178464406313948,139,True
143,0.55149521394794876,1.9946600902926401,-0.028178464406313948,139,True
144,2.297474009367499,1.8917552082370654,0.003936717531259664,144,True
145,1.0191774147213208,1.024216565735226,0.003936717531259664,144,True
146,1.8527605783664713,1.5640428910530062,0.003936717531259664,144,True
147,1.5689084634563677,0.55987263907929652,0.003936717531259664,144,True
148,1.1111966190365266,1.3679793318934994,0.032260733214974455,148,True
149,1.9923146087641108,1.462485872711053,0.034834931081524453,149,True
150,1.2921452037891863,0.77804527481535435,0.032823521582536874,150,True
151,2.56370425173548,0.38382050099259429,0.032823521582536874,150,True
152,4.2264690306606036,0.80352793317767168,0.032823521582536874,150,True
153,1.4042270040586546,0.26542174787059497,0.032823521582536874,150,True
154,0.74278995341238208,2.1108950484284383,0.032823521582536874,150,True
155,1.0701828283720423,1.8407112920495943,0.069289834713959872,155,True
156,1.9009196141672573,0.9898035536362112,0.069289834713959872,155,True
157,2.8845516270521956,1.3807219777552757,0.069289834713959872,155,True
158,2.6195506527752319,0.39490501700326153,0.036368279157242576,158,True
159,0.59956575686258173,1.6798294410304193,0.036368279157242576,158,True
160,1.2527990520154659,1.4521283529015965,0.042519553228302358,160,True
161,0.54309184451243653,0.44840702741228966,0.042519553228302358,160,True
162,1.7537857459034554,0.6970113133280299,0.042519553228302358,160,True
163,3.2777117059822367,0.59451416315898675,0.050732819678248282,163,True
164,5.5834451745217173,0.49689798479837433,0.050732819678248282,163,True
165,0.99959401704672146,1.6684428378513767,0.031833336098646782,165,True
166,0.46399414270760714,3.2196476910847562,0.034243053362363635,166,True
167,0.75187721874546942,2.2190887430109498,0.034243053362363635,166,True
168,0.48343605524025168,1.0010310037965904,0.034243053362363635,166,True
169,0.88852968235969754,1.6648481166089746,0.022772645205511373,169,True
170,0.98739040071427053,0.87226001035490364,0.022772645205511373,169,True
171,3.5954741649925519,0.57778099131977401,0.022772645205511373,169,True
172,0.45992425327590669,1.9421302586476377,0.022772645205511373,169,True
173,1.3765167945542118,1.1553581335556227,0.022772645205511373,169,True
174,2.0732754255626484,0.7397994962902309,0.022772645205511373,169,True
175,1.0994206340154817,2.0472083916378359,0.010105277744346894,175,True
176,2.3841025150206674,0.43097443507522576,-0.013534347380740403,176,True
177,1.4247002545355374,3.5697542050954603,-0.013534347380740403,176,True
178,1.0279003788724754,1.3006063967279822,-0.013534347380740403,176,True
179,1.4700432677181823,2.0473226521508963,-0.013534347380740403,176,True
180,0.66541362383284075,2.7923574144661818,0.017433520945358882,180,True
181,1.648774577587246,0.42172119905199024,0.017433520945358882,180,True
182,1.4325856587561747,0.85890457114199092,0.0095238670437638468,182,True
183,0.91267489981282734,1.8271463203154974,0.0065837230430466475,183,True
184,1.5079280895239806,1.7031154315797599,0.0065837230430466475,183,True
185,1.2567427994158427,1.7412418634148443,0.0065837230430466475,183,True
186,1.2740874920504424,1.362295750976978,0.019854316853745814,186,True
187,1.4146384360648363,1.3439190361995643,0.019854316853745814,186,True
188,0.93826790931759363,0.94672624827266827,0.019854316853745814,186,True
189,1.1591252597689699,1.2220965154435821,0.019854316853745814,186,True
190,0.82694878508950087,0.61445173189047608,0.010038500269090376,190,True
191,1.3174658090278366,1.0930719293424045,0.022554586644340374,191,True
192,3.3847597098763553,0.34961580115361091,0.017226718533632432,192,True
193,1.2731553839882961,0.96366760852635525,0.021192134652480821,193,True
194,1.6027559266327678,1.3581299426411022,0.003260383771580447,194,True
195,1.7362511500895277,0.83512967663449655,0.003260383771580447,194,True
196,1.536043690130332,1.6562985270971042,0.003260383771580447,194,True
197,0.56381888298274463,1.7319908854977695,0.003260383771580447,194,True
198,0.82376941061905207,0.52611639707444724,0.003260383771580447,194,True
199,3.4509928567322277,0.6718134944398787,-0.0018141043417764693,199,True
200,2.9122528964339236,0.95506975843676667,-0.0018141043417764693,199,True
201,0.66153647971360696,1.2755458408882616,-0.0054181959988610058,201,True
202,1.3326218541769002,1.568349553669435,-0.022717269731035328,202,True
203,1.5485930026884516,1.3799709244819409,-0.022717269731035328,202,True
204,1.9445580998858516,0.59777775001571931,-0.017989714742502189,204,True
205,0.55936193759929154,0.94766565451547735,-0.023388770424102652,205,True
206,1.4641943718176027,1.6885579303743588,-0.023388770424102652,205,True
207,2.0954291212732388,1.135678271268971,-0.023388770424102652,205,True
208,1.8121124121645089,1.6774852696047464,-0.023388770424102652,205,True
209,0.64015649818272569,2.5312335521013263,-0.023388770424102652,205,True
210,2.1123801258330457,0.69947114930522958,0.032381680708645985,210,True
211,1.6432928243636455,0.75443707676178273,0.032381680708645985,210,True
212,1.0249244635738428,2.4487457496039244,0.032381680708645985,210,True
213,1.5673118189589896,1.2454633564325894,0.032381680708645985,210,True
214,1.4765744013808249,0.93023195152258531,0.0069272291821079685,214,True
215,0.80706759241036108,1.2992658522516642,-0.0054901212270119177,215,True
216,1.3512282434645908,1.3887664916847919,-0.0054901212270119177,215,True
217,2.6904187947130858,0.89785467403329144,-0.0054901212270119177,215,True
218,2.0444814670229507,1.0865067997710145,-0.011277863318528274,218,True
219,3.3925376233546651,0.46395697378138157,-0.011277863318528274,218,True
220,0.8094825271780397,1.900819242266943,-0.011277863318528274,218,True
221,1.6277151717676719,0.988726778465151,-0.011277863318528274,218,True
222,3.7297452601572316,1.0861529023665832,-0.022693636303354019,222,True
223,0.82839317191149919,0.73207711996121982,-0.022693636303354019,222,True
224,1.3558627014844515,1.5880353198592667,-0.016276801671439037,224,True
225,1.7462523984676253,1.7635559426284526,-0.016276801671439037,224,True
226,1.9558684209907531,1.3930769377169347,-0.016276801671439037,224,True
227,0.3111480549967563,2.8856334131172274,-0.016276801671439037,224,True
228,0.73150643708368657,1.2565505228420755,-0.016276801671439037,224,True
229,0.49814428436569175,2.0491512387252082,-0.060902473664803468,229,True
230,1.9141506106473796,1.7862487804716156,-0.060902473664803468,229,True
231,1.2881014381128766,1.7586743945770473,-0.060902473664803468,229,True
232,0.7755124270763285,0.7473628643628063,-0.060902473664803468,229,True
233,1.1534183594466056,0.97624658458083058,-0.027151331888074441,233,True
234,2.1536512578233662,0.69139012088296692,-0.028989591145888116,234,True
235,2.0106650917973803,0.87461934686221665,-0.028989591145888116,234,True
236,0.95093160559009815,0.48755026619851194,-0.028989591145888116,234,True
237,0.84254799482278153,1.8885161594698729,-0.028989591145888116,234,True
238,3.8646994699478738,0.33196131702309228,-0.028989591145888116,234,True
239,2.5673230802202438,0.50108886609118675,-0.028989591145888116,234,True
240,2.2529828487324366,1.1802033324861907,-0.028989591145888116,234,True
241,2.2268454525664345,0.90258006050765294,-0.028989591145888116,234,True
242,1.2570917365946488,2.2768381341453861,-0.010282371805106902,242,True
243,1.3542573482861933,0.79494465339680809,-0.010282371805106902,242,True
244,0.95840805944660856,1.1377069992940039,-0.0044792786230991224,244,True
245,4.1347666321365617,0.72729550167291879,-0.0044792786230991224,244,True
246,0.9517842624039774,1.4875400134722931,-0.0044792786230991224,244,True
247,0.86206980875972394,0.73366295527136383,0.015810673109400528,247,True
248,2.2137774191615263,0.6627750894197052,0.016639216342015144,248,True
249,1.3218343713400382,1.097134404452883,0.017504269220875668,249,True
250,1.1505786534089242,0.91031560284601087,0.017504269220875668,249,True
251,1.1094961179935225,0.87519398247959312,0.017504269220875668,249,True
252,0.63569033018242838,2.9589135653296559,0.017504269220875668,249,True
253,1.3067921667578519,2.2612771294991556,0.017504269220875668,249,True
254,2.5778686653828271,0.79698613944568453,0.017504269220875668,249,True
255,0.87062569732350015,0.98053285642431076,-0.016825765371475697,255,True
256,1.2886061909735789,1.2767663568200094,-0.005576598042869545,256,True
257,1.3246936444095649,1.5046168564898597,-0.0061504972243622965,257,True
258,0.49251350412696443,1.3700501536000871,-0.0061504972243622965,257,True
259,3.5220978750890506,1.4195309534983123,-0.0061504972243622965,257,True
260,2.4458058814809891,0.82248287435216449,-0.0061504972243622965,257,True
261,1.0510585324020054,0.99576822806070964,-0.0061504972243622965,257,True
262,0.83670630171867177,1.2572311574613402,-0.0061504972243622965,257,True
263,1.0967421173323129,0.72034002994928881,-0.0061504972243622965,257,True
264,2.2103893901202065,0.74704757970101421,0.02004506150838159,264,True
265,0.69794976157832989,2.1335939339782639,0.02004506150838159,264,True
266,1.9965210155063358,0.90806159988413948,0.019507520150015771,266,True
267,1.1522209061918773,2.1917277585031258,0.01685485916981766,267,True
268,0.3639701338704906,2.8376223019986067,0.01685485916981766,267,True
269,1.67628042545071,1.2156931537682885,0.01685485916981766,267,True
270,1.2963525342856836,0.51131615976568312,0.01685485916981766,267,True
271,0.98002533012754967,0.91995149529170961,0.018910838050744228,271,True
272,0.49712162988197078,2.1296904615880843,0.018910838050744228,271,True
273,1.4313414887177389,1.6190851107655468,0.018910838050744228,271,True
274,2.2176853837765442,1.3452181689347167,0.01842216382093393,274,True
275,2.448427814765282,0.61652550634369274,0.01842216382093393,274,True
276,0.59538678284807545,1.3846094186002349,0.01842216382093393,274,True
277,1.6133219278080113,1.1116053214719326,0.01842216382093393,274,True
278,2.023370675635578,0.94131642880472044,0.01842216382093393,274,True
279,1.4626762788296683,1.1607287717443582,0.01842216382093393,274,True
280,0.80222733780992084,2.1303289359162965,0.030974649029120269,280,True
281,0.94358320149937325,1.7775437992407619,0.012632260146538376,281,True
282,0.90559554175200763,1.532434199077273,0.012632260146538376,281,True
283,1.0598950682076675,1.4870947548807618,0.012443837353572462,283,True
284,1.9572419102061902,0.54933371229458594,0.030438470351290083,284,True
285,1.2043374485544396,1.5321865274770279,0.03583961271757731,285,True
286,1.9845824527071885,1.2402393748721907,0.04782912344216015,286,True
287,1.6168564387684055,1.3121584582718633,0.04782912344216015,286,True
288,1.3266736098936904,0.64024901139696266,0.048264311170627322,288,True
289,0.39717182656938688,1.9497994633390463,0.048264311170627322,288,True
290,2.4829604304324158,0.5493092886591695,0.048264311170627322,288,True
291,1.5289649089067763,2.0801016205963418,0.048264311170627322,288,True
292,3.6178507042852837,0.41108546135461504,0.048264311170627322,288,True
293,1.998481476646647,1.5379763359737433,0.048264311170627322,288,True
294,1.0774684866808015,0.83518741068166913,0.048264311170627322,288,True
295,2.0579064359693744,0.93910816410400633,0.015027241286557415,295,True
296,2.0496732525399026,0.82957785307802523,0.015027241286557415,295,True
297,1.0859323623324326,1.3993733877310073,0.019738951348268405,297,True
298,1.015429327006043,0.81701275999449774,0.024097689890299763,298,True
299,0.75083044581152003,1.2609649527496609,0.020751492714469286,299,True
300,1.5706039073941622,0.57618031247461199,0.034261084529349048,300,True
301,1.3340102170246153,1.8618322982819246,0.034261084529349048,300,True
302,1.082623873088576,2.0166633198628086,0.034261084529349048,300,True
303,0.91069984678485305,2.0595109210587657,0.034261084529349048,300,True
304,1.6380053490878008,1.4667712931081929,0.034261084529349048,300,True
305,1.2791606141505163,1.6047787774429898,0.059448969509057738,305,True
306,1.2997815034840394,1.607532136530099,0.059448969509057738,305,True
307,1.0050939100687237,1.0135965459272867,0.059448969509057738,305,True
308,0.66573670610525293,1.2155114171762078,0.059448969509057738,305,True
309,2.082379616064141,0.6936326422299588,0.059340906112295588,309,True
310,1.1206100087119717,1.9246115824171957,0.059340906112295588,309,True
311,2.0039425390031331,0.67367458988570206,0.059340906112295588,309,True
312,0.89519210312639652,1.8070995684684688,0.059340906112295588,309,True
313,1.2575794604506487,1.6866554127783082,0.10272110062755091,313,True
314,1.49627368802446,0.73925921441358844,0.10272110062755091,313,True
315,2.6478355248247554,0.68328008378910043,0.088025108197505753,315,True
316,2.032417024665381,0.86683846192622172,0.086932027232330622,316,True
317,1.1850621559570087,1.8593388967143809,0.086932027232330622,316,True
318,1.9756540264474423,0.39763904051137916,0.086932027232330622,316,True
319,1.0091773653809426,1.5138640714658145,0.086932027232330622,316,True
320,1.0708506021894655,1.0911885691989887,0.090388977682654637,320,True
321,1.8958700525773025,1.2282522343531064,0.090480826061583142,321,True
322,1.2646226273478267,1.9656811548261997,0.090480826061583142,321,True
323,1.7208109756630909,1.3308548066726835,0.090480826061583142,321,True
324,3.5258485072447052,0.36868657940640059,0.090480826061583142,321,True
325,0.90583716709662776,1.4945725240498688,0.090480826061583142,321,True
326,1.1168110392560953,0.88287055037027784,0.031410162539313072,326,True
327,0.62413196074438027,0.95969715048109028,0.031410162539313072,326,True
328,2.283227965247526,1.0464656823135183,0.031410162539313072,326,True
329,3.2314759669952338,0.41836206671977411,0.031410162539313072,326,True
330,2.3933812892266482,0.97284766339780826,0.046463124454599318,330,True
331,1.1722663488198477,2.3007730534868713,0.024043921295302514,331,True
332,1.9224975277798952,0.73780540362587588,0.010928538465234448,332,True
333,0.65738045445730675,3.5047689496391676,0.010928538465234448,332,True
334,0.56559907030798362,2.306422672643416,0.010928538465234448,332,True
335,0.99028263639647574,1.5306385549253272,0.010928538465234448,332,True
336,0.8581116851888545,1.2504759166600259,0.010928538465234448,332,True
337,0.98700221269022614,0.57471566980724886,0.010928538465234448,332,True
338,0.76835428178783272,2.3199383493684702,0.010465190715632329,338,True
339,2.1402342370964376,1.0978052463242254,0.010465190715632329,338,True
340,1.2692723905418737,1.4919316702385996,0.010465190715632329,338,True
341,1.5102072572995411,1.356509860717469,0.031948054674419288,341,True
342,1.7331284475138609,1.1405597331906983,0.031433801090952521,342,True
343,1.1650011073119371,1.2425756836559028,0.031433801090952521,342,True
344,0.97935216528224278,1.0672617316453252,0.031433801090952521,342,True
345,1.6372633670729135,0.68405211849501235,0.031433801090952521,342,True
346,2.0427779259460097,0.64895768953062727,0.031433801090952521,342,True
347,2.0397480984572347,0.74289554277628456,0.031433801090952521,342,True
348,2.8192840073801695,0.9464487754226909,0.032428978628970068,348,True
349,1.6880370531426159,0.98183390100758772,0.032428978628970068,348,True
350,2.5870790912687553,0.54162533729555506,0.032428978628970068,348,True
351,0.75390119456586824,1.803269885721086,0.032428978628970068,348,True
352,0.5800083254887326,2.0849455498167679,0.036743465887992037,352,True
353,0.97947219009908471,2.7100301487250023,0.037599451538168134,353,True
354,2.2946630983335958,0.71776476908809383,0.037599451538168134,353,True
355,0.95297813288393185,1.4095777129425864,0.037599451538168134,353,True
356,0.5198991681690821,1.9673822987516443,0.037599451538168134,353,True
357,1.8507143621594218,1.1791049742313444,0.023558936556390082,357,True
358,1.0952215692154779,1.0922783870122117,0.024409848629748689,358,True
359,1.0012445085115278,1.2287749394412666,0.024409848629748689,358,True
360,0.94839300499496948,1.6399251285116139,0.024409848629748689,358,True
361,2.1879991072775238,0.62576003911989841,0.024409848629748689,358,True
362,0.89766177308681883,1.8600100274534532,0.024409848629748689,358,True
363,0.7485481214956079,2.425347771356265,0.024409848629748689,358,True
364,1.8359206522298892,0.56248457616361502,0.024409848629748689,358,True
365,1.1326887072971228,1.561555033108319,-0.0071235706081816648,365,True
366,0.50810412210494149,2.9298265207746961,-0.0090561762512150722,366,True
367,1.3699410753714518,0.80892047659844168,-0.0095364979412488528,367,True
368,2.2628482689468505,1.1209317370331096,-0.0095364979412488528,367,True
369,0.81443109529208513,1.2043211830923919,-0.0095364979412488528,367,True
370,1.8101103629854871,1.0039159041054448,-0.035587371305892013,370,True
371,2.1831784255526849,1.0262966641866924,-0.035587371305892013,370,True
372,1.1089834619023773,1.1435661386500933,-0.035587371305892013,370,True
373,0.95174519614475372,1.0548943007713607,-0.035587371305892013,370,True
374,2.9902870139447035,0.54005841029554824,-0.035587371305892013,370,True
375,1.5254648281427046,1.1561431048485107,-0.035587371305892013,370,True
376,2.2407738882965784,1.1066429586158337,-0.035587371305892013,370,True
377,2.2480078541205724,0.430545742576876,-0.035587371305892013,370,True
378,2.8602879603875224,0.66181660710032375,-0.035587371305892013,370,True
379,0.49415089156661568,2.8212393735007617,-0.035587371305892013,370,True
380,1.2092119427744783,1.2308870079512302,-0.014992741164636749,380,True
381,1.3665981026365934,1.0390388819625886,-0.014919255107231409,381,True
382,0.90724955864023138,2.0688308255719878,-0.014919255107231409,381,True
383,0.64762595960500968,1.7044634733312092,-0.014919255107231409,381,True
384,1.1501121700663781,1.4249699820180803,-0.014919255107231409,381,True
385,1.0554793321870923,1.2188830927863277,-0.014919255107231409,381,True
386,3.0354125004208936,0.70056488148637985,-0.014919255107231409,381,True
387,1.8316328440952854,1.257029701274494,-0.003782504434404586,387,True
388,1.1906458634040387,1.2850642141690447,-0.003782504434404586,387,True
389,0.93250160141212923,2.5187586704140643,-0.003782504434404586,387,True
390,1.9569698121828163,1.3805240529473413,-0.0063448949498275788,390,True
391,1.7106399782654784,0.96445446680417457,-0.0063448949498275788,390,True
392,1.6743609580967869,1.3669863248721363,-0.0063448949498275788,390,True
393,1.3275026175320555,0.92979943790750919,-0.0063448949498275788,390,True
394,2.1476210631077057,0.97440105042363967,-0.0063448949498275788,390,True
395,1.7279437690679291,1.6107570671520746,-0.0063448949498275788,390,True
396,1.0371879308258021,3.8732810926456023,-0.0063448949498275788,390,True
397,1.2570874675984098,1.3518816206928015,-0.043941641189833847,397,True
398,1.3607254410324019,2.0487373552057693,-0.043941641189833847,397,True
399,2.0906980234748271,0.53593097647861143,-0.026306134358623591,399,True
400,1.2787218993468348,1.6195937899062234,-0.041968294936508936,400,True
401,1.2422636258739508,0.91178206331717249,-0.041968294936508936,400,True
402,0.87523911202322113,0.59066811572558098,-0.041968294936508936,400,True
403,1.4261492154255297,0.86731402565569693,-0.041968294936508936,400,True
404,2.6765946139251127,1.2320541516194687,-0.041968294936508936,400,True
405,2.1846172277278098,0.63145235470035455,-0.041968294936508936,400,True
406,1.0072267724225514,2.3025237046482889,-0.064397979658938606,406,True
407,0.69428371172233028,2.1799377056104285,-0.064397979658938606,406,True
408,1.0716556528720433,1.0342195979208217,-0.064397979658938606,406,True
409,0.74802245784447441,2.4952479133562915,-0.061767744275455332,409,True
410,2.0078105126706687,1.5522622860789219,-0.059962883792225204,410,True
411,2.0728261020308034,0.95379594316641725,-0.059962883792225204,410,True
412,1.777390015267754,0.84842178030245119,-0.059962883792225204,410,True
413,2.1290703438394041,1.2058876702932027,-0.059962883792225204,410,True
414,2.730569367833469,0.36977398465772388,-0.059962883792225204,410,True
415,2.3956165397614257,0.73494959123888204,-0.059962883792225204,410,True
416,1.6157079909311298,1.6641023944265001,-0.059962883792225204,410,True
417,1.3905617616154633,1.2111011546296164,-0.038032419310224906,417,True
418,0.52350452701345351,1.4544356597517272,-0.038032419310224906,417,True
419,0.91603764859484715,1.0559977391597637,-0.038032419310224906,417,True
420,1.56344041274707,1.1639171019966692,-0.032902232187827334,420,True
421,1.2772070862895648,0.99156675522881799,-0.032902232187827334,420,True
422,1.7041116372877347,1.1743919060061241,-0.032902232187827334,420,True
423,1.0444057455578704,1.9427101051395972,-0.032902232187827334,420,True
424,2.3067766950831032,0.87016178619187368,-0.065070751136545091,424,True
425,0.52302747847702646,1.580612681856201,-0.065070751136545091,424,True
426,2.4691834151392316,0.73031562201194256,-0.065070751136545091,424,True
427,2.7435409513614331,0.36217300783351725,-0.065070751136545091,424,True
428,0.87039832049409716,1.8057419968396979,-0.065070751136545091,424,True
429,1.958410934973122,1.395263212794468,-0.085488087612418065,429,True
430,0.95217575726773918,2.9187321943665769,-0.057348256609751472,430,True
431,2.166725996803601,1.1495109618179882,-0.057348256609751472,430,True
432,1.634044713126418,0.92977821620921475,-0.057348256609751472,430,True
433,0.68054044097030686,2.467592903975373,-0.057348256609751472,430,True
434,1.282330686197781,1.0483106525197947,-0.057348256609751472,430,True
435,0.89871462472177355,0.479620157744304,-0.057348256609751472,430,True
436,2.0921426238043761,1.1725807223498239,-0.057348256609751472,430,True
437,1.1859152312271013,0.87200772465360366,-0.057348256609751472,430,True
438,1.6124542715044756,0.88828754948719668,-0.10023758239849119,438,True
439,1.2686432800362839,1.67011925502707,-0.10023758239849119,438,True
440,1.6936522363431172,0.99126682105655972,-0.10229737670177981,440,True
441,0.67069610494690968,2.5457776658534867,-0.10229737670177981,440,True
442,2.6210911770327829,0.66396130987001145,-0.091536499219422376,442,True
443,2.9796902554959996,0.88325203231727667,-0.091536499219422376,442,True
444,0.64618803718564644,1.8834053980816412,-0.091536499219422376,442,True
445,1.7971650599962798,1.6774513111314491,-0.10271460209550218,445,True
446,0.94745755112922092,1.0160578352225997,-0.10271460209550218,445,True
447,1.5365117501497456,1.6068350668697544,-0.089649252159779771,447,True
448,1.2376880616392707,2.2965535810975943,-0.089649252159779771,447,True
449,1.2981906306539468,1.1048918279314099,-0.089649252159779771,447,True
450,1.8767192100680208,1.0263176570932442,-0.089649252159779771,447,True
451,1.9381867678508697,0.70501697451449896,-0.089649252159779771,447,True
452,1.1350881986830852,0.99316410790397125,-0.089649252159779771,447,True
453,0.99975730579633282,0.60425332208126858,-0.089649252159779771,447,True
454,1.4375808127016609,1.4162373437144471,-0.10877234893102911,454,True
455,3.1660250358871393,0.81126084642306295,-0.10877234893102911,454,True
456,2.8053450918874052,1.085130862550816,-0.12286059505554403,456,True
457,1.2001751699283005,2.0981911400848272,-0.12080474647949298,457,True
458,1.367131595004452,1.4060497896179394,-0.12080474647949298,457,True
459,1.5978567640330412,0.54923204401925518,-0.12080474647949298,457,True
460,4.4953295991666629,0.73451319298026496,-0.12080474647949298,457,True
461,1.5855934176659707,1.0272437642002965,-0.12080474647949298,457,True
462,1.5526575927218524,1.7412377147037166,-0.10841226274899515,462,True
463,1.8671166625123483,0.84775908201505035,-0.10841226274899515,462,True
464,1.2087904867963786,1.266004225013466,-0.10841226274899515,462,True
465,1.7061903615892315,1.2927444603166665,-0.10841226274899515,462,True
466,0.7180660190175584,1.492101372593982,-0.10515726342621774,466,True
467,1.237836303794456,1.485399319792079,-0.11931979664799924,467,True
468,2.5347432091606636,1.0264721285362965,-0.11881931002967298,468,True
469,1.5224359160877612,1.4844794674741111,-0.11881931002967298,468,True
470,2.3097611472971344,0.59088808228355727,-0.11881931002967298,468,True
471,1.2509503423691146,0.57343441202460055,-0.11881931002967298,468,True
472,1.0409557921476846,1.3495576347176537,-0.13560499288102973,472,True
473,1.2217483383000984,2.3684870771232061,-0.13560499288102973,472,True
474,2.1329052427102804,2.0148459955974349,-0.13560499288102973,472,True
475,1.5132153030446776,1.4208995804767381,-0.13560499288102973,472,True
476,0.98827407849638271,1.3099315828977007,-0.13560499288102973,472,True
477,2.557328849732297,0.45588792915907983,-0.12683928783807558,477,True
478,1.1940634756918833,0.4315485007116559,-0.12683928783807558,477,True
479,1.4371700795999416,1.0990037988664048,-0.14189998168206422,479,True
480,1.4230462185705786,1.7816006715268511,-0.14189998168206422,479,True
481,2.3988930136107967,0.69896426936804301,-0.14189998168206422,479,True
482,1.2227867028285817,1.7791204037073882,-0.14189998168206422,479,True
483,1.6906352944309766,0.62477411008860928,-0.14189998168206422,479,True
484,1.8613455336653746,1.3365097499817322,-0.12932012431899861,484,True
485,2.3900421107937788,1.3635946986526839,-0.12932012431899861,484,True
486,1.9151286118047379,0.9974152532939452,-0.13176395314737083,486,True
487,0.86715008785683323,1.0106670221173881,-0.13176395314737083,486,True
488,2.7868739375168574,0.75824881621375995,-0.13176395314737083,486,True
489,0.47021122932272286,2.7367349802061018,-0.13176395314737083,486,True
490,1.1915055027248116,1.1860076161197877,-0.10651068863619589,490,True
491,1.8207959920863026,1.9515650933247579,-0.10651068863619589,490,True
492,0.98120073834504518,2.0353816642282765,-0.10651068863619589,490,True
493,1.7301221287732549,0.8879217410197916,-0.10651068863619589,490,True
494,1.1271394183273706,1.2196008292765459,-0.10651068863619589,490,True
495,1.732351958183312,0.58362926805362481,-0.11711792518701054,495,True
496,0.73144331224740189,2.0539187458468851,-0.11733349681353906,496,True
497,1.6964608269787127,0.6596353605738533,-0.11733349681353906,496,True
498,1.1170192401641872,1.0621617518271111,-0.11733349681353906,496,True
499,1.5866917938850114,0.72920250875409864,-0.11733349681353906,496,True
500,2.1530824450039998,1.3070157917400644,-0.11733349681353906,496,True
501,1.4966844600028126,3.2916731032999489,-0.11733349681353906,496,True
502,3.3224365699500678,0.58824189556658146,-0.11733349681353906,496,True
503,1.6820175153287364,0.64686888139815657,-0.11733349681353906,496,True
504,2.7809153175012007,0.46275044525203674,-0.11806687919238718,504,True
505,1.4858760713367805,0.90670411260172545,-0.11806687919238718,504,True
506,1.3688779023412754,1.149032026306618,-0.10663494203277729,506,True
507,1.9083290320154782,0.93580344519548386,-0.10663494203277729,506,True
508,4.640769930498327,0.92027988069062372,-0.10663494203277729,506,True
509,0.8999660563392039,1.4647835466202659,-0.10663494203277729,506,True
510,0.65348273255990819,1.2202756259054888,-0.10663494203277729,506,True
511,1.1190564989690144,1.3278101601910877,-0.10705731337613196,511,True
512,1.5262063801123598,1.504820953696544,-0.10705731337613196,511,True
513,0.77722579084294352,1.5429626876696707,-0.10705731337613196,511,True
514,1.7048595306306757,1.3547889616818323,-0.10705731337613196,511,True
515,1.1216317422162887,0.72595547354701151,-0.10705731337613196,511,True
516,1.1535904841658302,1.1397117648885953,-0.08771630209399213,516,True
517,2.9138391253080096,0.55932358698137485,-0.08771630209399213,516,True
518,3.9014543019962606,0.73691746182639328,-0.08771630209399213,516,True
519,1.7409106907172609,0.90499292926108932,-0.08771630209399213,516,True
520,0.73324409112606403,1.3601402871666508,-0.08771630209399213,516,True
521,3.0108736441979684,0.92488264219290084,-0.08771630209399213,516,True
522,1.4178049892677747,1.1504405723320892,-0.08771630209399213,516,True
523,0.64561013135986955,1.8574241476106297,-0.08771630209399213,516,True
524,1.8486314821859122,0.85192044161954072,-0.057550025903341101,524,True
525,1.8991742579028532,1.4557037106688082,-0.057550025903341101,524,True
526,2.0484583095629736,0.60262512893528375,-0.057601600501100921,526,True
527,1.002876703222658,1.7159259244480274,-0.057601600501100921,526,True
528,1.5190753393699459,1.9181689051523234,-0.057601600501100921,526,True
529,1.5123095291279973,1.1681970236249406,-0.057601600501100921,526,True
530,1.0781789372485253,0.59462106271918125,-0.057601600501100921,526,True
531,1.2919708688979787,1.5424758555141385,-0.057601600501100921,526,True
532,1.0390427150856474,1.5949454982402662,-0.057601600501100921,526,True
533,2.2673478230884054,0.89572500584950709,-0.057284851185375074,533,True
534,2.154051869586433,0.63569889943042224,-0.057284851185375074,533,True
535,1.1201874429705865,3.072987953662488,-0.055653797080153784,535,True
536,2.6346669512214067,0.96601683093103219,-0.055843541663562375,536,True
537,1.3133119731762324,1.1622500714933348,-0.055843541663562375,536,True
538,1.2585126906022437,1.2270528094959832,-0.057149899479569902,538,True
539,1.2873637683073509,1.6488831848997012,-0.057149899479569902,538,True
540,2.6017812974480821,0.9236539012667434,-0.057149899479569902,538,True
541,3.0080231604231185,0.51071983042164182,-0.057149899479569902,538,True
542,2.7474642902262718,0.75617327014925162,-0.057149899479569902,538,True
543,0.85118447941948283,1.5124607839863309,-0.057149899479569902,538,True
544,0.5895637899234486,1.7004010904450924,-0.076132944914436854,544,True
545,2.3927034277722496,1.0491594104481357,-0.076132944914436854,544,True
546,1.1795996951670946,1.9919814264040614,-0.089966459528248055,546,True
547,1.4296906959514712,1.1217157197538126,-0.08911938023006731,547,True
548,0.9982085964542986,1.4220791111769207,-0.08911938023006731,547,True
549,1.9074946892677478,1.7223732329923338,-0.08911938023006731,547,True
550,2.469756371121326,0.83779003646418193,-0.08911938023006731,547,True
551,1.5275406359527826,0.66179724427241871,-0.078149839091570111,551,True
552,1.1710323860836627,1.561649934257769,-0.078149839091570111,551,True
553,1.4290735065542282,1.0766117480262043,-0.078149839091570111,551,True
554,1.3970971505895471,0.87172768990915694,-0.078149839091570111,551,True
555,1.0868246288728618,1.7964974324006486,-0.077967493933765425,555,True
556,1.3416340486102802,1.1761548632001959,-0.066650556344728759,556,True
557,1.7736673578506166,1.2377411126872673,-0.067471822646201718,557,True
558,2.6768339229735045,0.92257032333063005,-0.06752954736026956,558,True
559,1.6125458325460873,1.9006240425670955,-0.06752954736026956,558,True
560,1.2598599081184869,0.87188444980795599,-0.06752954736026956,558,True
561,1.1440654468846803,1.8865172276481725,-0.06752954736026956,558,True
562,0.88709189211061457,1.616043556716902,-0.06752954736026956,558,True
563,0.84720632554289732,0.97436677057537635,-0.06752954736026956,558,True
564,1.5245045436760434,0.69471925659682887,-0.055006481287845403,564,True
565,1.6903591344005757,0.79162573926344715,-0.055006481287845403,564,True
566,1.5815278890811408,1.8314078694602842,-0.055006481287845403,564,True
567,0.86508678503023129,1.5142205289253416,-0.031202737292016884,567,True
568,2.5371695940911336,1.2451857639782473,-0.045010538519512165,568,True
569,1.1246956239344483,1.1288672399003032,-0.041400149343577899,569,True
570,0.5186499303652844,1.3690519262806333,-0.041400149343577899,569,True
571,1.4518538924247522,1.9773326176948696,-0.041400149343577899,569,True
572,1.5682397146479443,0.98736554614499372,-0.041400149343577899,569,True
573,1.041746912753803,1.4867185124381925,-0.041400149343577899,569,True
574,1.2072557758267985,0.77450437790058879,-0.041400149343577899,569,True
575,2.0077640018976251,0.90963655545596145,-0.067252531422292247,575,True
576,1.5685543964081765,1.8734703414372855,-0.067252531422292247,575,True
577,2.8297818294396304,0.54251603907593249,-0.067252531422292247,575,True
578,1.9009912407146461,1.6920077531463278,-0.087480151817830643,578,True
579,1.2532990205377879,0.92576087496177817,-0.064565014753971875,579,True
580,1.6363879553480998,1.1842915811676968,-0.078792285618623101,580,True
581,2.1516321426471237,0.76071519895269091,-0.078792285618623101,580,True
582,3.3140252577374283,0.80326839754223012,-0.078792285618623101,580,True
583,0.64161821119984819,2.3884557951495609,-0.078792285618623101,580,True
584,1.8097232947387389,0.72880287000965327,-0.078792285618623101,580,True
585,1.5987658340249111,0.42537798919592523,-0.078792285618623101,580,True
586,0.70690050110666003,1.6474866438458409,-0.078792285618623101,580,True
587,1.1995887698113255,1.2778372068914363,-0.041638711085421568,587,True
588,1.6185765921393975,2.1549499106755641,-0.041638711085421568,587,True
589,2.4332946668497386,0.93752654155442972,-0.004882879993251067,589,True
590,2.194723841461943,0.96441867179114138,-0.0042983648388107906,590,True
591,0.47667523652595611,1.7256281515180463,-0.0042983648388107906,590,True
592,1.0371406118538733,1.5393107221019351,-0.0042983648388107906,590,True
593,1.7053517239200056,0.61950535207954616,-0.0042983648388107906,590,True
594,1.6080786982257114,2.028114887329564,-0.0042983648388107906,590,True
595,0.93814634862355961,1.0918820591340266,-0.0042983648388107906,590,True
596,0.79064616209955607,0.9682422582332384,-0.0042983648388107906,590,True
597,1.3703055161307891,1.8238751942278921,-0.042099956108067119,597,True
598,2.9366604869384192,0.78218946946731049,-0.042099956108067119,597,True
599,2.0974785426330338,0.69298456165599365,-0.042070271054705566,599,True
600,1.6612253174484155,1.5015164181832359,-0.042119024595936951,600,True
601,1.1504147976149262,1.8997324012060282,-0.041276068540892788,601,True
602,1.6404555958305262,0.72913316137509909,-0.041276068540892788,601,True
603,1.62798728231594,1.2091510550852074,-0.041276068540892788,601,True
604,1.8517260675188105,0.50631177045183562,-0.041276068540892788,601,True
605,1.1260216641576137,1.1304300689234323,-0.041276068540892788,601,True
606,1.415282893292553,0.77861917213843523,-0.041276068540892788,601,True
607,0.6174283308433266,2.3033886271858433,-0.041276068540892788,601,True
608,1.4918042952563781,0.75781768841897934,-0.041276068540892788,601,True
609,2.2269647230615166,1.408785851804214,0.002026510063306571,609,True
610,2.0139993805632006,0.94053138930048563,0.002026510063306571,609,True
611,1.5965940253713993,0.58816674468273011,-0.0031922191607517106,611,True
612,0.72784663597056398,2.7582692297636617,-0.014839592760357364,612,True
613,0.93410799846081272,1.4655685585536498,-0.014839592760357364,612,True
614,1.0625862329918243,1.250020723252091,-0.014839592760357364,612,True
615,1.6707853760891114,0.9805866223630938,-0.014839592760357364,612,True
616,1.571383645821169,2.2805286650310221,-0.014839592760357364,612,True
617,1.1431248691413167,0.70860307188853433,-0.014839592760357364,612,True
618,1.4721680660045162,0.90161927240133866,0.0093183707688925064,618,True
619,2.4973091728432264,0.50237454042688423,0.0067868823759398315,619,True
620,1.820115537288763,0.65620928622195107,0.0067868823759398315,619,True
621,3.304048823134742,0.60443939496002397,0.0077709105650554822,621,True
622,1.4080621980166499,0.92437346764077644,0.0077709105650554822,621,True
623,1.8200333475054478,0.99919567657542063,0.0077709105650554822,621,True
624,1.3923156049811307,0.67481906886214194,0.0077709105650554822,621,True
625,1.6563678821814529,0.83792194162363509,0.0077709105650554822,621,True
626,1.0819787537505781,1.8123403345346076,0.0077709105650554822,621,True
627,0.91035529314283203,1.611669604244387,0.0077709105650554822,621,True
628,1.682402984120976,1.1891343088630228,0.061648549603645041,628,True
629,1.0179999272577209,0.71091548380959979,0.061648549603645041,628,True
630,1.3657077867535483,1.0414311904115925,0.061775437621441748,630,True
631,0.88007527347554415,2.2529491293836732,0.057527675563155307,631,True
632,0.67616681959056713,1.7758756544755485,0.057527675563155307,631,True
633,0.86171891238393949,1.5898143754175635,0.057527675563155307,631,True
634,1.067153863491791,1.802947615096534,0.057527675563155307,631,True
635,1.1587953617007203,0.95680191868676223,0.057527675563155307,631,True
636,2.5525937815254212,0.65207754373258808,0.057527675563155307,631,True
637,1.3634803294155751,1.5046198791631327,0.10085617318643712,637,True
638,2.4137906277476415,0.74333181958777228,0.10085617318643712,637,True
639,1.3325176259216625,0.44482762998385872,0.10085617318643712,637,True
640,1.4724723725874322,1.1989132718742617,0.10085617318643712,637,True
641,1.7566620068385754,0.65792451140752739,0.064445282684768318,641,True
642,0.84482477548637003,1.4527685598670459,0.064445282684768318,641,True
643,0.63608437860959166,1.4121959265123563,0.0729719918706878,643,True
644,1.9782830471068165,0.97770061783972018,0.0713138682754626,644,True
645,2.2437843746985737,1.1236010803485774,0.0713138682754626,644,True
646,1.4166201609671354,0.47190205449634692,0.0713138682754626,644,True
647,0.77834582175693812,1.757672616120703,0.0713138682754626,644,True
648,1.2729146647351166,0.85074023395861775,0.0713138682754626,644,True
649,1.993072571285889,0.49384548151064839,0.066760382633910278,649,True
650,3.2045348014472328,0.8329167510621609,0.065677824214592784,650,True
651,1.0095587562533359,1.4417198507001225,0.065677824214592784,650,True
652,1.7891372674198778,1.1563618388927559,0.065677824214592784,650,True
653,1.3620462188258193,0.90988355299525425,0.065677824214592784,650,True
654,1.073232310714165,1.055827982223313,0.065677824214592784,650,True
655,2.02240451542378,1.0182346864175746,0.065677824214592784,650,True
656,1.0700470406292877,1.0416280806560123,0.065677824214592784,650,True
657,1.5574013899727805,0.82958921679733666,0.0470995113748547,657,True
658,1.4539112472043922,0.70809952445170843,0.0470995113748547,657,True
659,1.0266144871788085,1.7521863095284955,0.053714097095828625,659,True
660,1.1932958083337457,1.9158638305624862,0.040742025520311129,660,True
661,0.99358885574694988,1.2357133504121738,0.040742025520311129,660,True
662,1.8632807789739874,0.93606469702043904,0.040742025520311129,660,True
663,1.6015018180339113,1.5159122360389694,0.040742025520311129,660,True
664,1.6060914510940005,1.4000905628227229,0.029630024108209564,664,True
665,0.73605807852802796,1.1139745820193407,0.029630024108209564,664,True
666,2.2027502104993339,0.72498314075807491,0.04273927907630503,666,True
667,1.0617056219956456,1.2306661133832706,0.04273927907630503,666,True
668,1.6936712704798043,0.88631669053789497,0.04273927907630503,666,True
669,1.9748796487578975,1.0001874659512358,0.04273927907630503,666,True
670,1.7964744472633309,0.72853117018956026,0.04273927907630503,666,True
671,0.58917939051984147,2.5194259278954343,0.04273927907630503,666,True
672,1.9912440428791991,1.5767439272028376,0.04273927907630503,666,True
673,0.80447365288978057,0.88041513712289632,0.04273927907630503,666,True
674,1.2663487197693004,0.92032099299554848,0.079566112409051648,674,True
675,1.6087183573775836,1.5401032840444056,0.079566112409051648,674,True
676,1.0368055477836637,1.3204763601616401,0.074986819359536758,676,True
677,1.0192405435484557,1.1622062075421109,0.074986819359536758,676,True
678,0.91142784721809822,1.128008252447251,0.074986819359536758,676,True
679,3.6214892910044636,0.73470100923628778,0.074986819359536758,676,True
680,0.79391075141421086,1.1505640260191659,0.074986819359536758,676,True
681,2.3860464675241726,0.8171922271017773,0.074986819359536758,676,True
682,1.0152340421290049,1.2867279065579409,0.074986819359536758,676,True
683,0.86934464032791914,1.5641066724924411,0.075050865472351402,683,True
684,0.95149031746865054,2.1579662669530819,0.075050865472351402,683,True
685,1.1153828049512131,2.226458841989214,0.076031402789010771,685,True
686,3.2236284152098089,0.55627744947238189,0.07046302952740191,686,True
687,1.3524507517203461,1.356546199996949,0.07343820863754412,687,True
688,1.4191826599257524,0.60029823984903008,0.07343820863754412,687,True
689,2.2513305584209284,1.0882311380531613,0.07343820863754412,687,True
690,1.329004388242023,1.040450785106259,0.07343820863754412,687,True
691,2.8219101066323726,0.53111879625259761,0.07343820863754412,687,True
692,1.2622561034779434,1.136068510801185,0.054881418170419818,692,True
693,1.8447340095051503,1.0936087607193929,0.054881418170419818,692,True
694,1.6497253148705839,0.96434892115288806,0.05538907771465082,694,True
695,1.6572247182148785,1.8013132902739573,0.05538907771465082,694,True
696,0.86181716834154476,0.86837400029657641,0.05538907771465082,694,True
697,1.001604039698704,0.93629387279885534,0.051065218890693348,697,True
698,2.5942768923054778,1.3389447465725439,0.051065218890693348,697,True
699,0.89992203083139,2.021689769886017,0.051065218890693348,697,True
700,1.1915885012261425,1.7746053785143041,0.051065218890693348,697,True
701,0.5946877774023055,1.7381575090136592,0.049649360594120055,701,True
702,1.2540017671620793,1.0944880075182963,0.049649360594120055,701,True
703,1.7337633234245631,1.555565960257397,0.049649360594120055,701,True
704,1.9522643415131218,0.79471059357005347,0.055027674229702853,704,True
705,1.756527830497935,0.95331537226554086,0.055027674229702853,704,True
706,1.090633474832557,0.93524524545946031,0.055027674229702853,704,True
707,1.6463777337726571,1.2525212786534443,0.055941630461567429,707,True
708,0.86592019331947523,2.0786335444372583,0.055941630461567429,707,True
709,2.7260046508911584,1.2673128410747332,0.055941630461567429,707,True
710,1.3002608297135971,1.1646518985643259,0.055941630461567429,707,True
711,2.6138204263671847,0.49741293404757125,0.055941630461567429,707,True
712,1.6471592805520587,0.79936002743097767,0.061236522951081958,712,True
713,2.0005243435945017,0.72487985751987438,0.060912010352901509,713,True
714,2.0732799889530598,0.91789968288420598,0.059825564170271954,714,True
715,3.1594160648221634,0.75821642241197118,0.059825564170271954,714,True
716,1.7977067485456599,1.207147473348557,0.066727107906056085,716,True
717,1.0450863827300341,0.90995633677047782,0.076685048881301884,717,True
718,2.0520425275306997,1.0402709738372724,0.076685048881301884,717,True
719,4.5810212928601706,0.64114553849188849,0.076685048881301884,717,True
720,1.9213893093281258,1.2406480967738596,0.076685048881301884,717,True
721,0.87260202441231127,1.3231317815150478,0.076685048881301884,717,True
722,2.1114145119108194,1.4455729890103002,0.11097073216245731,722,True
723,1.199841437693423,1.3173868890941425,0.11097073216245731,722,True
724,2.546022493662234,0.70817619944155064,0.12308908424915242,724,True
725,1.574703256280378,0.97999910729304873,0.12308908424915242,724,True
726,1.3999852302931415,0.93031576414159545,0.12308908424915242,724,True
727,1.861029124509594,1.2485229615777242,0.12640345912304385,727,True
728,1.4556678447238769,0.82933178595756951,0.12640345912304385,727,True
729,1.4613394457709221,0.84964864468025181,0.12640345912304385,727,True
730,0.96247840033000165,2.3831129093366998,0.12640345912304385,727,True
731,1.4295099529373636,0.68733450602714674,0.12640345912304385,727,True
732,1.0040850268011048,1.5950338027731672,0.12640345912304385,727,True
733,2.8123190140362153,1.4348432779128504,0.12180861808747742,733,True
734,1.569920296521669,0.9914409397466043,0.12180861808747742,733,True
735,0.74094855293231887,2.4312270933551026,0.12180861808747742,733,True
736,1.2326195687940162,2.2684272955036762,0.1236431794019692,736,True
737,1.956059078891307,1.2934327290330714,0.12333363150902921,737,True
738,0.89433781176910954,1.477643375490181,0.11966103810948803,738,True
739,1.2842827333303541,0.86813234475207901,0.11966103810948803,738,True
740,1.6940959680277921,0.92742857329218942,0.11966103810948803,738,True
741,1.2536711886141041,2.5968460152862289,0.11966103810948803,738,True
742,1.6477000631477516,1.4807599354723093,0.11966103810948803,738,True
743,1.2073262669418976,0.93370016567908609,0.11966103810948803,738,True
744,2.8285780306316219,0.85943688743541125,0.12153256782964174,744,True
745,2.4082058589556268,0.54563877852927811,0.12153256782964174,744,True
746,2.0507342475174299,1.1870113950157479,0.12153256782964174,744,True
747,2.8154808254037205,0.89457343805802247,0.1260725420944645,747,True
748,1.2107822276808953,2.3056525780668853,0.10924347581137984,748,True
749,1.2004923296891954,0.6585888599352695,0.09905206541249989,749,True
750,2.3370488249469519,0.78613317492892165,0.097438205997552929,750,True
751,1.5767785934148475,1.2549453026703128,0.097438205997552929,750,True
752,0.90735985080973169,1.6712246679952278,0.097438205997552929,750,True
753,0.82591472268621613,1.4571513843692325,0.097438205997552929,750,True
754,1.5623207430081374,0.91832243179152451,0.097438205997552929,750,True
755,1.4510414394579361,1.0190959305962921,0.097438205997552929,750,True
756,1.7913131309908825,2.381481204360627,0.097438205997552929,750,True
757,1.5022831428791119,1.440414302627264,0.097438205997552929,750,True
758,1.5278331221668124,0.94083189870054096,0.097438205997552929,750,True
759,0.7841116218583436,2.357853097428837,0.097438205997552929,750,True
760,0.54985057304702556,1.9698551477494073,0.099309869191709227,760,True
761,2.9526715157847265,0.94417662674317182,0.099696132248280653,761,True
762,1.1322789298033162,1.3651515758632708,0.099696132248280653,761,True
763,1.9143864552762675,1.1310716316537417,0.099696132248280653,761,True
764,1.112343069470229,1.3746824686836017,0.099696132248280653,761,True
765,1.4431422360365378,0.88953210692359841,0.099696132248280653,761,True
766,1.2212169527173113,0.8857853551763919,0.099696132248280653,761,True
767,2.011394216183811,1.1960393809137382,0.10158280023832122,767,True
768,1.0117362788554469,1.6101383066925281,0.10158280023832122,767,True
769,1.7890556474669479,0.59173944167884529,0.088460040446313185,769,True
770,1.370980719089935,1.2509445848430956,0.093423194011007835,770,True
771,1.2149774523396257,1.145877977839914,0.087054560756456664,771,True
772,2.684580007402023,0.71703655671906141,0.087054560756456664,771,True
773,1.8989880796903915,0.94538327971468361,0.087054560756456664,771,True
774,1.54186709676179,1.5313543696263379,0.087054560756456664,771,True
775,0.99243843861481496,1.7372157128831378,0.087054560756456664,771,True
776,1.7228914381354292,0.75352691996550447,0.10374093839756146,776,True
777,1.2280139024011707,0.96210075264758843,0.10374093839756146,776,True
778,1.1047815239395531,1.5523769815365938,0.1041357337607741,778,True
779,2.0377997704973647,0.92858404497369573,0.11747232513790914,779,True
780,2.3685308536191934,0.9537206332019128,0.11760938654584895,780,True
781,1.2481431762202428,2.0578425119351618,0.11760938654584895,780,True
782,1.4353668977733787,0.63570428999616457,0.11760938654584895,780,True
783,2.3780447653205825,1.2745368873574496,0.11760938654584895,780,True
784,1.1670605554014009,0.89657275777039114,0.11760938654584895,780,True
785,1.706081496528072,0.77324899994114138,0.11760938654584895,780,True
786,0.56969611104028106,1.7967200201783986,0.11455954520327291,786,True
787,1.8619694184706179,1.2297841967604568,0.11455954520327291,786,True
788,0.2780496217332542,2.5295091771671978,0.11455954520327291,786,True
789,0.57859773990783681,2.8469755582905001,0.11656797862170998,789,True
790,2.056075176343684,0.56869271826633738,0.1158783933238222,790,True
791,1.5399112444730949,1.8748111773834435,0.1158783933238222,790,True
792,0.90649490163747382,2.6497265223744169,0.1158783933238222,790,True
793,1.4794802001009701,1.079013270250361,0.1158783933238222,790,True
794,2.397960270128543,0.62812897858301198,0.1158783933238222,790,True
795,1.0741611161528986,0.82983674849918321,0.1158783933238222,790,True
796,1.7863146790708666,1.0895190971713566,0.13015691339068847,796,True
797,1.2464477852868736,0.5761368728543631,0.13015691339068847,796,True
798,1.9840259977659904,1.1714511947348383,0.13015691339068847,796,True
799,1.38518087655995,0.90814532093875733,0.13268564784771997,799,True
800,3.0231848652359234,0.67474601576859106,0.13268564784771997,799,True
801,1.6510537729682149,1.460013495684638,0.13268564784771997,799,True
802,1.5850167444780938,1.0462507357230699,0.13268564784771997,799,True
803,3.107709883883178,1.0559393438884448,0.13268564784771997,799,True
804,0.84287638452392499,1.9646621961319153,0.13268564784771997,799,True
805,0.82864327553010286,2.1817542926542952,0.13268564784771997,799,True
806,0.97549866869822155,1.0646611731197291,0.15557183033675326,806,True
807,0.83952717954970657,2.2446980540584356,0.15557183033675326,806,True
808,2.7100749578461278,1.0405910943737826,0.15131865434010228,808,True
809,1.8547801879977215,0.55025430938817366,0.13843768693587044,809,True
810,1.0160616783835161,1.9598267855044964,0.13843768693587044,809,True
811,1.3822959785680098,1.0393381493799287,0.13843768693587044,809,True
812,0.66153456867275351,1.3576929408799836,0.13843768693587044,809,True
813,2.9910412574335679,0.56606314267110369,0.13843768693587044,809,True
814,2.5918697121657557,1.5169918668726476,0.11702220914470296,814,True
815,2.6513691144736433,0.85361527245387336,0.11702220914470296,814,True
816,0.98008689842768471,1.2976903161069442,0.11702220914470296,814,True
817,2.521458013093465,1.0773243272074022,0.11702220914470296,814,True
818,0.84650342828746872,1.8978720544214915,0.11702220914470296,814,True
819,1.875438616466399,1.7278672889324991,0.12069107341942018,819,True
820,0.85626700711384329,2.1183958190406154,0.12069107341942018,819,True
821,1.5936617375624318,0.58413393987469364,0.12069107341942018,819,True
822,1.2088766891653036,0.81776989977871217,0.12069107341942018,819,True
823,3.5338191092505835,0.53360814032184656,0.12069107341942018,819,True
824,1.638962852953775,2.2669100009938976,0.12069107341942018,819,True
825,3.1895648597431356,0.89102055398189983,0.12069107341942018,819,True
826,0.51859689936534081,2.4965466256706002,0.12069107341942018,819,True
827,1.0789407894811298,1.4764600936545496,0.13739063247315378,827,True
828,1.1137777821128654,0.82119281777082054,0.12253246485428247,828,True
829,1.2454278151182776,1.0199411116522754,0.1244856367037822,829,True
830,0.76341969689380573,1.209324451176472,0.12507419413521162,830,True
831,1.2488170169378976,0.83424892606609313,0.12507419413521162,830,True
832,1.207907887388679,0.91014926191232359,0.12507419413521162,830,True
833,2.2631806120454803,0.7373064116923369,0.12507419413521162,830,True
834,0.91384129826964366,2.8960331807136983,0.12507419413521162,830,True
835,1.1576494068918586,1.1134018502293512,0.12507419413521162,830,True
836,1.3602296119573718,1.6473142217614964,0.12425990329356493,836,True
837,1.8548944755034948,2.4337946114020013,0.12425990329356493,836,True
838,1.0154532581053015,1.852373705327488,0.12425990329356493,836,True
839,0.95258523218703539,1.989843653221768,0.12425990329356493,836,True
840,0.97032794509206233,1.2327858086456116,0.11970157961113359,840,True
841,2.564427367581489,0.79586603254818311,0.11970157961113359,840,True
842,0.94554695128592092,1.5602515684550962,0.11970157961113359,840,True
843,2.6659629349839689,0.73731416497221347,0.11970157961113359,840,True
844,2.7739155505776352,1.0991359721328826,0.11970157961113359,840,True
845,1.650995881307604,0.61829857366347962,0.11970157961113359,840,True
846,1.5325289604236669,0.61144660559301467,0.11970157961113359,840,True
847,0.76919140991233292,2.2359363965047252,0.11970157961113359,840,True
848,2.1113179576635077,1.1078150859756928,0.11950298440065034,848,True
849,2.1989975801869841,1.0741393211042058,0.12136313553330368,849,True
850,0.9951093596038797,1.4081062431796834,0.12074027827217347,850,True
851,4.6159413173140988,0.60824863939683993,0.12012516855796773,851,True
852,1.4533142682251892,1.0074429472891413,0.12012516855796773,851,True
853,1.1608532741992534,1.0578134674657316,0.12012516855796773,851,True
854,0.83060217327871799,2.0906909914637897,0.12012516855796773,851,True
855,3.0173590158034358,0.60367107606669068,0.11501602772380981,855,True
856,2.5260693084903436,1.1477349371623826,0.11501602772380981,855,True
857,2.5641469525089784,0.71146688909225231,0.11501602772380981,855,True
858,0.76856907971898158,1.5782938690797728,0.11501602772380981,855,True
859,1.7682999419057683,0.97839650998393179,0.11501602772380981,855,True
860,1.8172258377952666,1.0182356820555252,0.1199066047182822,860,True
861,0.81707314803626763,1.4044532466715764,0.1199066047182822,860,True
862,1.2462613398124875,1.8582480397441945,0.1199066047182822,860,True
863,1.1411105425502603,1.0823649223995893,0.1199066047182822,860,True
864,3.0872293031469482,0.39849407160487205,0.1199066047182822,860,True
865,1.8295592784488082,1.436373348350944,0.1199066047182822,860,True
866,0.9138021861425849,2.1213593593249338,0.1199066047182822,860,True
867,0.69876054004402399,2.73382139448087,0.13724291865417534,867,True
868,0.97195706559524297,1.934264445821928,0.13724291865417534,867,True
869,1.8640767896132548,0.95376162179489787,0.12119453532074421,869,True
870,3.9122473484720439,0.48584300267215652,0.12419886862863937,870,True
871,0.65065372540471722,2.6562010587917242,0.12419886862863937,870,True
872,1.0456861766784933,0.73441739485911461,0.12419886862863937,870,True
873,1.735510029247312,0.70605843687362302,0.12419886862863937,870,True
874,1.3838801737391331,1.8852451519097568,0.12419886862863937,870,True
875,2.0205355147789548,0.81435545972740508,0.12860702150461156,875,True
876,4.2828591378314051,0.89241756617206636,0.12860702150461156,875,True
877,0.82074304642740215,1.7265667397090978,0.12860702150461156,875,True
878,1.9748617155419936,0.99920434935154245,0.12860702150461156,875,True
879,1.6308218681994584,1.122112270476425,0.12860702150461156,875,True
880,1.2135270904796112,1.5995259699680575,0.1140376288924244,880,True
881,1.0454422522535769,2.1662345908851988,0.1140376288924244,880,True
882,0.88385498776531968,1.0963556980098839,0.1140376288924244,880,True
883,1.8691645754456221,1.2762868423962377,0.1140376288924244,880,True
884,1.9973182348028005,0.94956320885311252,0.1140376288924244,880,True
885,1.446185188308972,1.6955614079092518,0.1140376288924244,880,True
886,1.3186522149830657,1.4006870594950429,0.1140376288924244,880,True
887,1.0557898394314258,1.0283385097213473,0.10166083184366227,887,True
888,1.7776598467235893,1.8733359361513857,0.10166083184366227,887,True
889,1.2568709895278105,1.0489670706331737,0.10099282075460546,889,True
890,2.5529528205699923,0.7424331261582805,0.10231768701378491,890,True
891,1.8359303486782548,0.71175728588436349,0.10231768701378491,890,True
892,1.5422916420994464,1.2022568425385021,0.10231768701378491,890,True
893,1.7976734560512313,0.80825590137205161,0.10231768701378491,890,True
894,1.4479882621313767,1.0431928417783018,0.10231768701378491,890,True
895,0.97113749062248655,2.2116534005572248,0.12915182195953098,895,True
896,1.9498584144312325,1.6607666553908231,0.12915182195953098,895,True
897,2.4160357112080759,0.65090695943305354,0.12915182195953098,895,True
898,2.9226728109177782,1.0444253285519292,0.12915182195953098,895,True
899,1.6546509841498558,1.0521279407319379,0.12915182195953098,895,True
900,0.72699904910515878,2.1511706322032755,0.109100564195595,900,True
901,2.0647954689375823,1.0906379442289391,0.109100564195595,900,True
902,1.5600825507565801,1.8388397370440213,0.12774441548827417,902,True
903,1.7668552743787433,1.5279342327514311,0.12774441548827417,902,True
904,1.4574956199486511,0.92965922900191411,0.12774441548827417,902,True
905,1.560848078718541,1.0801152347510081,0.12774441548827417,902,True
906,1.3304957881619406,1.0457356615882576,0.12774441548827417,902,True
907,0.60882532222745589,3.7541218226836484,0.12774441548827417,902,True
908,0.7892635345902842,1.7933400886062998,0.1414675565299911,908,True
909,2.4516869545027684,1.4040117380784014,0.1414675565299911,908,True
910,1.6135297417029824,1.4253323176267061,0.14073084757628607,910,True
911,3.0989278172498569,0.99939310062904896,0.14073084757628607,910,True
912,0.74073300541119003,1.7777508157971162,0.14073084757628607,910,True
913,1.739808783419277,0.76655087136947764,0.14073084757628607,910,True
914,0.67267311989302936,2.3039644211133088,0.14073084757628607,910,True
915,1.6218698630729251,0.98856646310877627,0.14073084757628607,910,True
916,1.3462332506907055,1.3139742870619415,0.13997707419986816,916,True
917,1.8665480490776738,1.4324173736119656,0.13997707419986816,916,True
918,0.96687118188525811,2.7856412871089686,0.13997707419986816,916,True
919,1.5696176871819563,1.8877692488139295,0.13997707419986816,916,True
920,1.3124636199183997,2.0165660941531982,0.13773326505897765,920,True
921,1.0211848010599824,1.3890696723274782,0.13760999227597079,921,True
922,2.9027312659910938,0.66284863715914588,0.13760999227597079,921,True
923,2.5381748361093002,0.60398063976031546,0.13760999227597079,921,True
924,2.1790812485775883,1.2619049192630984,0.13760999227597079,921,True
925,2.6421591489235281,1.1829957349150539,0.13716028408301714,925,True
926,1.0917434680154718,1.3833534702640473,0.13716028408301714,925,True
927,1.9831915788069301,0.71971622136371038,0.13716028408301714,925,True
928,1.745968874532593,1.2333748671449867,0.13716028408301714,925,True
929,1.3539687503607827,1.4677626551607112,0.11820585633486434,929,True
930,3.5719140062616779,0.42892412548455788,0.1056058796741418,930,True
931,2.5527590321974514,0.86492701910800229,0.091496525138495793,931,True
932,1.6116193714719114,1.1740455419969107,0.091496525138495793,931,True
933,1.1182319294084899,2.2651480638242307,0.091496525138495793,931,True
934,1.3477475159912102,1.4117638720560128,0.091496525138495793,931,True
935,1.9191128062897862,1.1252298126061107,0.091496525138495793,931,True
936,1.2937664293818645,1.155045908159225,0.091496525138495793,931,True
937,1.3013295591356231,1.4349756163719973,0.098665029929451795,937,True
938,1.8026132566258204,1.6035092269167268,0.097605970026871991,938,True
939,0.78579746508538439,2.1407878885281399,0.097605970026871991,938,True
940,0.90789198105239111,1.1909053475946869,0.097605970026871991,938,True
941,2.6449098382203267,0.73625264552994019,0.097605970026871991,938,True
942,1.0030228753114068,1.6129975295244794,0.097605970026871991,938,True
943,1.6560826991672593,0.8983825964992922,0.10426170639700638,943,True
944,1.5380614541901592,0.94937101881593411,0.10426170639700638,943,True
945,1.0880617440116997,1.7094257827861321,0.10426170639700638,943,True
946,2.4872061321656491,0.91770721294156643,0.10457424990011922,946,True
947,1.9828771279463333,1.9002167465199784,0.10457424990011922,946,True
948,2.444924828072089,0.69210460197261614,0.10510610173811619,948,True
949,1.175329213114723,1.0977019886147497,0.10510610173811619,948,True
950,1.5090650954827791,1.6214126332329886,0.10510610173811619,948,True
951,4.1907012980058989,0.54267051981403913,0.10510610173811619,948,True
952,1.0427073714736772,1.2549101786293964,0.10510610173811619,948,True
953,1.3280167449016735,1.1683525751173689,0.10510610173811619,948,True
954,1.1338769283717773,1.8249248528908697,0.10228304056077828,954,True
955,2.4991340996318541,1.4309594931304768,0.10228304056077828,954,True
956,1.9288502169690451,0.95914246993137375,0.10240493259676429,956,True
957,1.9918332692957315,1.6303687983401354,0.098651302307419697,957,True
958,1.5840235966037877,1.4368724451346118,0.062285376324610509,958,True
959,1.8974248422150717,1.3543402063813659,0.04908877568328418,959,True
960,1.5107902256459007,1.8532500379320116,0.04908877568328418,959,True
961,1.140281579315247,1.5157364185747777,0.064944718111694458,961,True
962,1.4184585749813174,1.4432963187043724,0.064944718111694458,961,True
963,1.9610696787060682,0.73225210110021299,0.045145176584772004,963,True
964,1.7642036219346011,1.1255253056169434,0.045145176584772004,963,True
965,1.1258322598620836,2.0297326826122606,0.045565529328761664,965,True
966,0.82046377828527728,1.9100769230031234,0.045565529328761664,965,True
967,2.020153335782501,1.2555055914921724,0.045193856252928918,967,True
968,1.9539588768428082,1.2849917043990886,0.022341630608853628,968,True
969,1.8595012714018744,0.77058708119429098,0.022341630608853628,968,True
970,1.4192724204956686,1.0260560748761658,0.022341630608853628,968,True
971,1.4526920938637073,1.8218480203234386,0.022341630608853628,968,True
972,1.0135292368186446,2.1334389507601053,0.022341630608853628,968,True
973,2.4374780794841491,0.80709105705151829,0.0079232631394017226,973,True
974,3.1639374125026793,0.67729067088464501,0.0079232631394017226,973,True
975,2.5095163818819088,1.3097453244596031,0.0079232631394017226,973,True
976,2.0510140797742245,1.2223582962912789,0.0081482764652331726,976,True
977,1.2673414405961501,0.98395883302872522,0.0081482764652331726,976,True
978,1.8821964428387616,1.0758354062103206,-0.0019837050684920442,978,True
979,1.19954644189355,1.3745604902840456,-0.0019837050684920442,978,True
980,1.3131379746000551,1.4810491480118462,-0.0019837050684920442,978,True
981,2.5394371324843301,1.2173692083835521,-0.0019837050684920442,978,True
982,0.91371594647378318,2.2846463723417245,-0.0019837050684920442,978,True
983,1.3618499056409981,1.3539238468103292,-0.00075812332521156978,983,True
984,1.8620600648473953,1.2693926724768665,-0.00075812332521156978,983,True
985,1.7493262852512528,1.2825180608383766,-0.00075812332521156978,983,True
986,1.484552796432582,1.1175784524544816,-0.00075812332521156978,983,True
987,1.1756424408151371,2.1505201407823384,-0.015210513555550554,987,True
988,1.7221848827257533,1.1906802960249459,-0.014768900548838147,988,True
989,2.9556156346012514,0.65061927095510097,-0.014768900548838147,988,True
990,3.0303911715701544,0.92492210359496463,-0.014768900548838147,988,True
991,2.1509174085801099,0.70196013549457437,-0.014768900548838147,988,True
992,1.4105199772996033,2.0326109866852611,-0.014768900548838147,988,True
993,2.4025266873426543,1.5928789778905712,-0.014768900548838147,988,True
994,1.9683879772877773,1.29254978606378,-0.014768900548838147,988,True
995,1.7425862864769173,1.0261202212404361,-0.011375328335257052,995,True
996,1.0362807346612151,1.834400943019475,-0.011375328335257052,995,True
997,1.4174102679467695,1.53187066654043,-0.0087738253934681078,997,True
998,1.0554352173476307,2.0801192303740028,-0.0084928097697051716,998,True
999,0.79243473334232906,2.4201397073984734,-0.0084928097697051716,998,True
1000,1.2953013748934816,1.6273779563688442,-0.0084928097697051716,998,True
1001,2.7755132747414728,1.0068320970322444,-0.0084928097697051716,998,True
1002,2.6466971504586239,1.2315566139364438,-0.0084928097697051716,998,True
1003,1.6010750681792514,1.4091078953069822,-0.0084928097697051716,998,True
1004,2.3872451230754081,1.4494835633724068,-0.0084928097697051716,998,True
1005,1.3825607505768869,1.7325139835406327,-0.01949523198361252,1005,True
1006,1.1058572082537723,2.2664572073979667,-0.01949523198361252,1005,True
1007,1.3197930233303761,0.87085016951546734,-0.020287337965641139,1007,True
1008,2.6118034120439888,0.93671404005596459,-0.030732302362858802,1008,True
1009,3.1942767840661235,0.93534898653422416,-0.023262503143123218,1009,True
1010,2.7092523692605206,1.1529215530099812,-0.023292333568794531,1010,True
1011,2.173224243104952,0.995530111696868,-0.023292333568794531,1010,True
1012,0.9784320129008699,2.2726108745792075,-0.023292333568794531,1010,True
1013,1.5412536159027217,0.950854449998359,-0.023292333568794531,1010,True
1014,1.5977473293220326,1.1496689110146787,-0.023292333568794531,1010,True
1015,1.6161533260021521,1.0558510114697606,-0.023292333568794531,1010,True
1016,2.7048943588610279,0.8592506907334333,-0.023419204768600092,1016,True
1017,1.4352725004632054,1.4748633371075459,-0.014440717038191435,1017,True
1018,1.6123420578660346,1.6677484451152003,-0.015452457498857874,1018,True
1019,1.3162711669244005,1.0392965827417782,-0.015452457498857874,1018,True
1020,1.5501518631967532,1.5419656475942338,-0.015452457498857874,1018,True
1021,1.4193222506222081,2.3108926679622543,-0.015452457498857874,1018,True
1022,2.1368006567869826,1.4275192947486413,-0.015452457498857874,1018,True
1023,0.98153833687787706,2.5044650784515579,-0.015452457498857874,1018,True
1024,2.4183158590947262,1.2327342951661484,-0.015452457498857874,1018,True
1025,1.2041574103815158,1.5959269184765299,-0.0023942733894580406,1025,True
1026,1.8518955440374436,0.83602450396862926,-0.0023942733894580406,1025,True
1027,0.56401133188509633,3.5245906098355593,-0.0013528032184855988,1027,True
1028,3.1660053788012306,0.77856815732882967,0.00049035843202048729,1028,True
1029,2.4225011351277521,0.79845677872596477,0.00049035843202048729,1028,True
1030,1.7746522687740338,1.6014213477588055,0.00049035843202048729,1028,True
1031,1.3926657905719575,0.81869281972660846,0.00049035843202048729,1028,True
1032,1.3458179497232106,1.3895104056654652,0.00049035843202048729,1028,True
1033,2.2904803586726823,1.6381887866910489,-0.011064478595962315,1033,True
1034,1.9476104186899621,1.2353104818288656,-0.011064478595962315,1033,True
1035,1.5577793767829367,1.2240695612722188,-0.011064478595962315,1033,True
1036,2.1694566830471027,0.98077937810345905,-0.011064478595962315,1033,True
1037,1.8436947597219373,2.0417254246011067,-0.0055444941745862002,1037,True
1038,1.8734558164066926,1.5184461401203848,-0.0052777031936061449,1038,True
1039,1.17025951358276,1.8128217630001162,-0.0035056860752770615,1039,True
1040,1.6254034399035193,1.8789315039689301,-0.0035056860752770615,1039,True
1041,1.8484027453576153,1.5982586191472181,-0.0035056860752770615,1039,True
1042,1.556627893095843,1.9917586272459342,-0.016232862642370165,1042,True
1043,1.8968574961957965,1.1903664559577058,-0.027014908659654127,1043,True
1044,1.3913373397152331,1.0454607825492397,-0.027014908659654127,1043,True
1045,1.3158029892162273,1.5600435386571498,-0.027014908659654127,1043,True
1046,2.3983912568157075,1.0056897847364408,-0.027014908659654127,1043,True
1047,2.5892540554388526,1.4562506909603337,-0.027014908659654127,1043,True
1048,1.4381418375238115,1.1305783141594372,-0.027014908659654127,1043,True
1049,0.86407515843959704,2.3737125352176758,-0.027014908659654127,1043,True
1050,3.0802888962563881,1.5066308610969628,-0.027014908659654127,1043,True
1051,2.3974632872177377,0.89803083355324131,-0.051200831446538274,1051,True
1052,1.3179310347475279,1.392844395888972,-0.051200831446538274,1051,True
1053,1.732120820501293,1.210085379828824,-0.070978705297759251,1053,True
1054,1.1708156984206524,1.5407584680138973,-0.070978705297759251,1053,True
1055,2.1633312358702219,1.0456065333246387,-0.070978705297759251,1053,True
1056,1.2320494901893535,1.5375673184901608,-0.070978705297759251,1053,True
1057,1.7631007689808091,2.1796079573427365,-0.070978705297759251,1053,True
1058,3.5686822676316212,0.7470684435346191,-0.087998132541671728,1058,True
1059,1.5246387203659439,1.6298812270403873,-0.087998132541671728,1058,True
1060,1.9814587581759275,0.91484877352879745,-0.087998132541671728,1058,True
1061,1.5409366155623589,1.4748625618390647,-0.10624249878666629,1061,True
1062,4.2387670837651612,0.60780624952725715,-0.10624249878666629,1061,True
1063,2.0890025969971404,1.1774022352149394,-0.10242371155724425,1063,True
1064,0.84370254531620603,1.9909805834322314,-0.10242371155724425,1063,True
1065,0.68881251259235143,2.0561244079236451,-0.10242371155724425,1063,True
1066,1.387175034212464,0.88238581851896225,-0.10242371155724425,1063,True
1067,1.9681950654419473,1.963124111170155,-0.10242371155724425,1063,True
1068,1.756938671113244,1.6651565875369749,-0.10242371155724425,1063,True
1069,1.6155584267668843,1.3430346402263265,-0.10242371155724425,1063,True
1070,1.0790180670227039,1.8486557015721872,-0.069058525113714311,1070,True
1071,1.3475835790221042,2.7763771631236573,-0.069058525113714311,1070,True
1072,2.1901584936943537,1.1975405326175366,-0.069058525113714311,1070,True
1073,1.4033877226422293,1.6033660655269528,-0.069579454286516421,1073,True
1074,2.5444684458087625,1.1063187023150278,-0.069579454286516421,1073,True
1075,1.0780451359954824,1.6832333457785997,-0.069579454286516421,1073,True
1076,3.0175857201124239,0.81831068255491479,-0.069579454286516421,1073,True
1077,2.2783501441916045,1.9310824601413219,-0.069579454286516421,1073,True
1078,1.3692137397757707,1.215063582991851,-0.069579454286516421,1073,True
1079,2.7067530833304287,0.79573300001872094,-0.079299843795754998,1079,True
1080,2.7383011661782413,0.71138758167235283,-0.079299843795754998,1079,True
1081,1.6886069300514075,1.5257322871096699,-0.079299843795754998,1079,True
1082,1.6505616411966932,1.045651969032535,-0.049595451509126753,1082,True
1083,1.727278346005485,1.6791185039181009,-0.04766683715867532,1083,True
1084,1.4210764621305505,1.5120115010407937,-0.04766683715867532,1083,True
1085,0.73599178984581703,2.1180549094213852,-0.04766683715867532,1083,True
1086,2.2622246710815426,1.2106950412714446,-0.042133511483556672,1086,True
1087,1.4636795011567281,1.412850175803257,-0.042133511483556672,1086,True
1088,1.1033442848400878,1.1753650241954809,-0.042133511483556672,1086,True
1089,1.0876215465203662,1.7792391762273727,-0.042133511483556672,1086,True
1090,2.7671464067823592,0.90081626164078688,-0.043766711088125416,1090,True
1091,1.4861333388241531,2.014851817751294,-0.04398318468944689,1091,True
1092,0.70096240402150434,1.8148728384644126,-0.04398318468944689,1091,True
1093,2.9283345580185762,0.86338755199358563,-0.04398318468944689,1091,True
1094,1.534690919396307,1.2641090066746412,-0.04398318468944689,1091,True
1095,0.94476095772121216,1.9509235442554469,-0.030949050519496771,1095,True
1096,2.4948899666305508,1.644308948207525,-0.031594350610116027,1096,True
1097,1.1515948716123758,1.2374348385620222,-0.031594350610116027,1096,True
1098,1.6129519392198919,1.2144252872594041,-0.031594350610116027,1096,True
1099,2.1871492765250542,1.0195968667420694,-0.031594350610116027,1096,True
1100,3.7748816510948822,1.0091669709189297,-0.031594350610116027,1096,True
1101,1.161986273171739,2.3279581826920395,-0.031594350610116027,1096,True
1102,1.80797993931747,1.3114171689809153,-0.031594350610116027,1096,True
1103,1.5286030966924173,1.3442142251727285,-0.040538750299157718,1103,True
1104,0.78385154735671481,2.4543913427904025,-0.040538750299157718,1103,True
1105,0.95027632433827647,2.279014933047828,-0.040538750299157718,1103,True
1106,2.3928674422177534,2.0334973737171675,-0.041885981786734909,1106,True
1107,1.3632613941544152,1.3098668432115206,-0.041729136268409302,1107,True
1108,2.7529762819674417,0.65363550799728953,-0.052304925220157242,1108,True
1109,1.5817402240803233,1.3339069776418371,-0.052304925220157242,1108,True
1110,1.3176245265560127,2.1746037432984378,-0.052304925220157242,1108,True
1111,2.5894205329735249,0.58378627029833974,-0.052304925220157242,1108,True
1112,1.3447549102384078,1.9027174436456851,-0.052304925220157242,1108,True
1113,1.3521588362754504,1.8059418392050477,-0.06819147322966905,1113,True
1114,2.7104823265306091,1.5512704869016081,-0.06819147322966905,1113,True
1115,2.4161884836563128,1.2040389767099655,-0.06819147322966905,1113,True
1116,1.4661337984043079,1.3909008514391956,-0.047849162722387553,1116,True
1117,1.5466376619750826,1.2898187259842999,-0.048108236209814928,1117,True
1118,2.0244662899421026,0.79758099576604513,-0.048108236209814928,1117,True
1119,0.86565721380592076,2.0360230944499054,-0.048108236209814928,1117,True
1120,2.3795516177241147,1.159674391337371,-0.048108236209814928,1117,True
1121,1.4868044325990051,2.0063624542642073,-0.048108236209814928,1117,True
1122,2.561927368971344,1.1436361894292062,-0.048108236209814928,1117,True
1123,2.2994205770362717,1.6606696587272387,-0.048108236209814928,1117,True
1124,1.2503713549975402,1.3859905916640596,-0.048108236209814928,1117,True
1125,0.81298070265567424,2.2531015293501371,-0.049411082627998912,1125,True
1126,1.5264907992780874,1.7509877221941121,-0.041469094611896018,1126,True
1127,1.0849502397539526,2.5979183021515531,-0.040120645429283799,1127,True
1128,1.5378393133774284,1.8007256836346592,-0.040318284779671983,1128,True
1129,1.6642145439287155,1.8738938158371663,-0.040318284779671983,1128,True
1130,2.1038994353433282,0.38936803494375349,-0.038292500201770156,1130,True
1131,1.6595901559697723,1.8075026473238149,-0.038292500201770156,1130,True
1132,1.3986403470792315,1.3333165560000146,-0.038292500201770156,1130,True
1133,1.4287689230369063,1.3895871101321988,-0.038292500201770156,1130,True
1134,2.4995641837743547,1.3298505051209697,-0.038292500201770156,1130,True
1135,1.6643432573166848,1.5682864208110785,-0.038292500201770156,1130,True
1136,2.6598185281789908,0.86170569246213846,-0.038292500201770156,1130,True
1137,1.494468089118963,1.703510063678922,-0.038292500201770156,1130,True
1138,3.6854808082053063,0.67197138662468403,-0.038292500201770156,1130,True
1139,1.247328571493344,2.8003487378978562,-0.038292500201770156,1130,True
1140,1.7136288644750384,1.2585427628444128,-0.037767853441729012,1140,True
1141,2.7844904068140526,0.48961161055507163,-0.015955536153499386,1141,True
1142,1.0619359120276641,0.86434299057412178,-0.015955536153499386,1141,True
1143,1.1994115907276739,1.5348974833383444,-0.015955536153499386,1141,True
1144,3.1185680904443891,1.0553755650226837,-0.015955536153499386,1141,True
1145,1.5106824552057792,1.3866149998248232,-0.015955536153499386,1141,True
1146,1.775777773747272,2.0923937241409831,-0.015955536153499386,1141,True
1147,1.410538817828717,1.635445527035907,-0.029303354889062293,1147,True
1148,1.1756418804609823,2.4610371964566635,-0.029303354889062293,1147,True
1149,1.5473541237019575,1.7967153215346381,-0.028635942496264492,1149,True
1150,0.89625256815328014,2.1619020704366894,-0.046264591103287359,1150,True
1151,1.350111659531771,1.309969099493171,-0.046264591103287359,1150,True
1152,2.3582907946144713,1.2261678993874998,-0.046264591103287359,1150,True
1153,1.29810198309109,0.94403514741399075,-0.046264591103287359,1150,True
1154,2.7925680108127797,0.56120949589133073,-0.046264591103287359,1150,True
1155,0.71055269794952314,0.92732400689256111,-0.046264591103287359,1150,True
1156,1.7554638918330134,0.88607012240635896,-0.046264591103287359,1150,True
1157,1.5466056238004144,2.018139250225123,-0.039245453060253593,1157,True
1158,2.3648258321340165,1.0182963090492965,-0.039245453060253593,1157,True
1159,1.2773645992288616,1.9460679183513143,-0.039245453060253593,1157,True
1160,2.2575824183347386,0.51421193277326216,-0.056268452788397372,1160,True
1161,1.2781399258768396,0.33348420414749436,-0.056268452788397372,1160,True
1162,0.92444859047059291,1.2050859120260093,-0.056268452788397372,1160,True
1163,0.9037399286181812,1.6579768724078772,-0.056268452788397372,1160,True
1164,1.2433222457500026,1.603806552558481,-0.056268452788397372,1160,True
1165,1.7096759126147474,1.1768001567904285,-0.056268452788397372,1160,True
1166,0.79156931821955479,2.7434485571472251,-0.056268452788397372,1160,True
1167,2.3619517002184125,1.5050489849778015,-0.099065902360950087,1167,True
1168,1.1290209115361229,1.8004903983770049,-0.099065902360950087,1167,True
1169,2.1896165387186581,1.7288286009244354,-0.099065902360950087,1167,True
1170,2.1087890882096816,0.89501177504199059,-0.11376943657730994,1170,True
1171,1.6260667307280636,2.1503825098287002,-0.11376943657730994,1170,True
1172,1.7579803689082762,0.75267985166906737,-0.11376943657730994,1170,True
1173,1.692295770254711,0.87128763566260736,-0.11376943657730994,1170,True
1174,1.7388143398171323,1.3872891235501119,-0.11376943657730994,1170,True
1175,2.452738431626035,0.70414926763991637,-0.11376943657730994,1170,True
1176,2.8538098233146356,0.69750818213150367,-0.11376943657730994,1170,True
1177,0.57795308212881968,1.4919635488416296,-0.11376943657730994,1170,True
1178,0.81738238038438582,2.0570518655011583,-0.06872312103191687,1178,True
1179,1.2426258685361036,2.3046797884706463,-0.06872312103191687,1178,True
1180,2.410828295896013,1.2052296939036178,-0.056984932716012952,1180,True
1181,1.5886190791905386,1.3865306872688177,-0.056984932716012952,1180,True
1182,1.3595144724126207,1.7773869450867303,-0.056984932716012952,1180,True
1183,1.5861285556308975,1.0899010033012722,-0.056984932716012952,1180,True
1184,2.136551249630366,0.82293192367197066,-0.056984932716012952,1180,True
1185,0.41891206880645249,0.81497896358311561,-0.056984932716012952,1180,True
1186,1.8634480586217348,1.375323775102596,-0.056984932716012952,1180,True
1187,1.5554291874499813,2.3379369892447599,-0.056984932716012952,1180,True
1188,1.3207523797594285,0.96137689379224234,-0.10982105324406637,1188,True
1189,1.0647521528728485,1.0286738054423794,-0.10982105324406637,1188,True
1190,2.4789580611488522,0.48683645738748771,-0.10622257172265821,1190,True
1191,1.8693597480796229,1.3657560054183704,-0.10622257172265821,1190,True
1192,2.0544152569142002,1.1768572474614498,-0.10622257172265821,1190,True
1193,0.97554455484942448,1.5038328016824845,-0.10622257172265821,1190,True
1194,1.1491051240034256,2.6203730716341491,-0.10622257172265821,1190,True
1195,1.2643371041723555,1.3153716934658917,-0.10622257172265821,1190,True
1196,0.75929114992269786,2.4374993190424838,-0.10622257172265821,1190,True
1197,0.77149117862582284,1.7219830121192639,-0.11709496310226945,1197,True
1198,1.4230187479014451,1.5301409721900869,-0.11709496310226945,1197,True
1199,1.8242447210912933,0.5058646166733175,-0.11867114712702925,1199,True
1200,3.5517641082051443,0.2793129465779054,-0.11498785746747592,1200,True
1201,1.8495433349060577,1.1346930863141109,-0.11498785746747592,1200,True
1202,0.91404862516322327,1.7905862722324708,-0.11498785746747592,1200,True
1203,1.1223520979729997,1.9332526821318787,-0.11498785746747592,1200,True
1204,1.661064546824659,1.5361099099669182,-0.11498785746747592,1200,True
1205,2.3380531765052117,0.72707273788228932,-0.11498785746747592,1200,True
1206,1.451240989565467,0.98425582112516352,-0.11498785746747592,1200,True
1207,1.9345109732442365,1.3660729932807212,-0.10359391186249718,1207,True
1208,1.3003034680819086,1.7536116158005568,-0.10359391186249718,1207,True
1209,2.3063272503491921,1.0426870178047731,-0.10359391186249718,1207,True
1210,0.70306710681872198,2.1161800732020488,-0.14381898705621821,1210,True
1211,1.6564384445633746,1.4737731644728438,-0.14381898705621821,1210,True
1212,1.0084255514438207,1.1798806908148507,-0.14381898705621821,1210,True
1213,1.4558971226213631,1.3270273367276422,-0.14381898705621821,1210,True
1214,1.8611909413198005,1.2839121225120753,-0.14381898705621821,1210,True
1215,0.83918956499739317,1.8995000410862126,-0.14381898705621821,1210,True
1216,2.4109959396203418,1.346041061425183,-0.14381898705621821,1210,True
1217,2.0116212128502995,1.1930969834344163,-0.10566302269378144,1217,True
1218,0.88104665685879557,3.2084198315974892,-0.10566302269378144,1217,True
1219,1.1175693343083144,1.0832738070559671,-0.10591732157800154,1219,True
1220,1.3816691427174874,1.2754676681981481,-0.09288342464228945,1220,True
1221,1.8220330845790125,1.26177817535206,-0.089400129685271848,1221,True
1222,2.2337227007647638,0.78811269739305334,-0.089400129685271848,1221,True
1223,2.1480580532629103,1.159996529416333,-0.089400129685271848,1221,True
1224,1.1318062185421909,1.3141388091354202,-0.089400129685271848,1221,True
1225,4.096936045915629,0.49229258197542314,-0.089400129685271848,1221,True
1226,1.2483228819619099,1.0642941572914084,-0.11698242156452758,1226,True
1227,2.1202660206725947,1.4784137116129452,-0.11698242156452758,1226,True
1228,1.2434333103762472,1.68122397156352,-0.11698242156452758,1226,True
1229,1.3402286373560119,1.4741917149708301,-0.11698242156452758,1226,True
1230,0.84298723485523475,1.8645877979415637,-0.091991918423151617,1230,True
1231,1.5727865461010204,2.1699850236658103,-0.091991918423151617,1230,True
1232,2.0848365928136827,0.82193219227521985,-0.091991918423151617,1230,True
1233,1.0726244218476793,1.78506849942124,-0.091991918423151617,1230,True
1234,1.6724792874545118,1.154799794061236,-0.091991918423151617,1230,True
1235,0.78042632160410186,1.293713397373659,-0.091991918423151617,1230,True
1236,1.2139248110225243,1.5050270290842138,-0.091991918423151617,1230,True
1237,1.2647727206180797,1.8151173672774219,-0.058985472344888441,1237,True
1238,2.070754702244979,1.5045658816924097,-0.058985472344888441,1237,True
1239,1.900230333025037,1.5333601065601874,-0.069693253258372223,1239,True
1240,1.6120774683741532,1.5864048090280078,-0.070098322747832634,1240,True
1241,1.0585035154771518,1.8900787341018916,-0.070098322747832634,1240,True
1242,1.317917044791604,1.0840962524688764,-0.070098322747832634,1240,True
1243,2.4132810426595221,0.94809832971592944,-0.070098322747832634,1240,True
1244,1.519987508322203,1.1409871255714674,-0.070098322747832634,1240,True
1245,1.9598926496640292,0.98088820329021731,-0.070098322747832634,1240,True
1246,1.4657205236722699,1.6857138880089515,-0.089188034549615269,1246,True
1247,1.8113154381274637,1.1381190829651318,-0.089188034549615269,1246,True
1248,1.2469769575591716,1.1446453792291904,-0.089188034549615269,1246,True
1249,3.2292008690823764,0.85628633628346795,-0.089188034549615269,1246,True
1250,1.8650128119573508,0.73746867743597266,-0.099214546415699323,1250,True
1251,1.6359125666451779,1.130856303814586,-0.099214546415699323,1250,True
1252,1.4514921128878673,1.3463895139903048,-0.099214546415699323,1250,True
1253,1.2640691418016805,1.4782605388197188,-0.099214546415699323,1250,True
1254,2.1290031364543269,1.1908055438836984,-0.099214546415699323,1250,True
1255,1.2908184375659288,2.7407769376567357,-0.099214546415699323,1250,True
1256,2.3071135541759378,1.1837878304967011,-0.099214546415699323,1250,True
1257,1.0161128980591216,1.5819242690403008,-0.10808409092082014,1257,True
1258,0.41664076843814124,2.3349120697509105,-0.10808409092082014,1257,True
1259,2.3157207437348348,1.0090687351597685,-0.11308368946053465,1259,True
1260,2.2566924606333645,0.73206095708372054,-0.11206023997357559,1260,True
1261,2.4323375319478564,1.4400744549156601,-0.12264737432648604,1261,True
1262,1.1304849550068576,1.3378478301185219,-0.12264737432648604,1261,True
1263,1.7330715573839581,0.97292013085602302,-0.12264737432648604,1261,True
1264,0.85215088057252852,2.1619735629207328,-0.12264737432648604,1261,True
1265,1.6835794999436298,1.6856800759854311,-0.12264737432648604,1261,True
1266,2.3478356752996206,1.3686029725541349,-0.11743846432284151,1266,True
1267,1.728364807524861,1.1727915890262379,-0.11743846432284151,1266,True
1268,1.1317294254807517,0.63869759234642398,-0.11743846432284151,1266,True
1269,2.3404233265547614,1.1568908193730285,-0.11743846432284151,1266,True
1270,0.99214343215829515,1.3324364104982165,-0.13595066758298438,1270,True
1271,1.7255555926951132,1.9697699540572426,-0.13595066758298438,1270,True
1272,1.909350547566466,0.82554558436425796,-0.12623135793938026,1272,True
1273,2.0373341566760921,1.7944930709382483,-0.12623135793938026,1272,True
1274,1.1946173835417955,1.4598179749395719,-0.12623135793938026,1272,True
1275,1.8218815596878388,0.91574958260840988,-0.12623135793938026,1272,True
1276,0.96098780953160645,1.6407425733830499,-0.12623135793938026,1272,True
1277,0.77445293833532336,2.3031159122539187,-0.12623135793938026,1272,True
1278,1.4774666878738281,1.7904852117101042,-0.12277981486422856,1278,True
1279,1.3516422823129508,1.3503826641407333,-0.12277981486422856,1278,True
1280,2.486947148028849,0.86513110737484766,-0.1010886465072592,1280,True
1281,1.7064746954880028,1.7933836585109071,-0.1010886465072592,1280,True
1282,0.98884734281674513,1.5090562111475654,-0.1010886465072592,1280,True
1283,1.3901658250568776,0.84445987531990818,-0.1010886465072592,1280,True
1284,0.92834032168895297,1.8833466743097738,-0.088104682408579452,1284,True
1285,0.92980608708542145,1.5563297975482826,-0.088104682408579452,1284,True
1286,1.4725085197811507,1.8375521784111919,-0.088104682408579452,1284,True
1287,1.7105480586343524,1.6937909338407022,-0.088104682408579452,1284,True
1288,2.2778579165193062,1.7801892821626419,-0.097119058917224679,1288,True
1289,2.0864306900315039,0.49378134835920934,-0.096524579421143522,1289,True
1290,2.2067142356190237,0.85721750123833407,-0.096524579421143522,1289,True
1291,2.5407913485827982,1.2517493516873015,-0.096524579421143522,1289,True
1292,1.4736427705265682,1.3015977764922451,-0.096524579421143522,1289,True
1293,1.9467144722823779,1.2202061089536576,-0.096524579421143522,1289,True
1294,1.403262343810378,1.082370786578797,-0.10163966345630475,1294,True
1295,3.1148476699660459,1.4464324265149744,-0.10163966345630475,1294,True
1296,1.9436198233633,1.0251617189274314,-0.10163966345630475,1294,True
1297,0.834981470158213,2.2847749877299499,-0.10163966345630475,1294,True
1298,2.0329014921712223,1.1810250315413542,-0.094227871299647659,1298,True
1299,1.3891366610364966,1.8733448008202789,-0.10632435802059853,1299,True
1300,1.8052478481932099,1.4308072206058886,-0.10632435802059853,1299,True
1301,0.81216063572349195,1.5256230145941678,-0.10632435802059853,1299,True
1302,1.0063886736298591,1.8050613019299175,-0.10632435802059853,1299,True
1303,1.5961207136541302,1.6248710005960716,-0.10632435802059853,1299,True
1304,0.83058048821972286,1.713299856768999,-0.11425063220257477,1304,True
1305,2.3099265350058751,0.63326261315571997,-0.11425063220257477,1304,True
1306,2.1193433860830448,1.9301259643852187,-0.11425063220257477,1304,True
1307,1.4478944542459882,1.1325464457533356,-0.11425063220257477,1304,True
1308,1.5856840591495671,1.7917654239536871,-0.11425063220257477,1304,True
1309,1.5566459912979365,1.0883170693304622,-0.12857607594930415,1309,True
1310,2.0123554679589217,1.0694684497948039,-0.12857607594930415,1309,True
1311,3.7951570583322591,0.84322650204894356,-0.12857607594930415,1309,True
1312,1.4883099248662948,0.68852896244370809,-0.12857607594930415,1309,True
1313,1.9857544934375151,1.3552828509429042,-0.12857607594930415,1309,True
1314,1.5303317433180406,1.8045142927227829,-0.12857607594930415,1309,True
1315,0.84720324740517849,1.6759795824858434,-0.12857607594930415,1309,True
1316,1.4499225918660121,1.8896678828324394,-0.12857607594930415,1309,True
1317,2.9401344197247572,0.50589328558221558,-0.1327822986671264,1317,True
1318,1.8346072001556015,1.7204052727711299,-0.1327822986671264,1317,True
1319,1.7658079367229675,0.53679936471306444,-0.145865798878345,1319,True
1320,0.76072077748086431,0.93990319439904169,-0.145865798878345,1319,True
1321,1.276724332868143,1.2018070749196712,-0.145865798878345,1319,True
1322,1.107359390122699,2.6636308331908505,-0.145865798878345,1319,True
1323,3.0913346269047017,1.5688210157151985,-0.145865798878345,1319,True
1324,1.0953979313095559,2.6146405628005418,-0.145865798878345,1319,True
1325,1.5670712509404121,1.3569542010479101,-0.1451297067843044,1325,True
1326,0.79374600624553426,2.3631397882610625,-0.1451297067843044,1325,True
1327,1.1940858841471471,1.7583206229646904,-0.1451297067843044,1325,True
1328,0.96757485970040169,2.3046742413681183,-0.1436458301403733,1328,True
1329,2.3672966582797788,1.1762233995673546,-0.143951201711325,1329,True
1330,1.2359743504848728,0.69656771663503414,-0.143951201711325,1329,True
1331,0.80213028760533267,2.0506436777934547,-0.143951201711325,1329,True
1332,1.2359442843130557,1.772160082007125,-0.143951201711325,1329,True
1333,2.396608440107094,1.0139696084467349,-0.143951201711325,1329,True
1334,0.79343893301067703,2.0594388855293442,-0.143951201711325,1329,True
1335,1.7956376339386599,2.0039225998138996,-0.143951201711325,1329,True
1336,1.6538601344204167,0.83713345165956587,-0.1604727109452237,1336,True
1337,2.4727002500653916,0.89026362919687529,-0.1604727109452237,1336,True
1338,1.2688458870630077,1.7778744390720123,-0.15936750941956271,1338,True
1339,1.5459177080906372,2.1230223096450671,-0.16168066490641861,1339,True
1340,1.6682723873968912,1.2830963336683294,-0.16168066490641861,1339,True
1341,1.1678791481537019,1.7512623125671103,-0.16168066490641861,1339,True
1342,1.2368087060973929,1.9067407813755561,-0.16168066490641861,1339,True
1343,2.3231662229568437,1.103024190241211,-0.17408156672089709,1343,True
1344,0.90453759625928054,1.1347188892037392,-0.17408156672089709,1343,True
1345,1.0414438261805139,1.7840050920654307,-0.17408156672089709,1343,True
1346,2.7472351935428012,1.1444506764209039,-0.17408156672089709,1343,True
1347,1.0580597020083691,1.4247430612243122,-0.16405985898854697,1347,True
1348,1.9456730669400288,0.54069166921108136,-0.16405985898854697,1347,True
1349,2.2491913457659209,0.82779222334541602,-0.16583868690224265,1349,True
1350,1.4500606922562298,2.6595065999483452,-0.16583868690224265,1349,True
1351,1.0774642587657648,2.1223634802120372,-0.16583868690224265,1349,True
1352,1.7039706151796798,1.1138303723428549,-0.16583868690224265,1349,True
1353,1.2335385186881229,1.6478449152808783,-0.16583868690224265,1349,True
1354,0.82176185268444368,1.5057726979472661,-0.1588442257491593,1354,True
1355,0.85093320187174015,2.0666892785576683,-0.1588442257491593,1354,True
1356,1.3058275284267182,1.3155036147130319,-0.1588442257491593,1354,True
1357,2.1788608903791795,0.44374000783157996,-0.1588442257491593,1354,True
1358,2.6966073131022785,1.2683967206805691,-0.15426714935489644,1358,True
1359,1.2884995011544227,1.1927880939924245,-0.15441599165139158,1359,True
1360,1.1497384329364144,0.79030036590965047,-0.15441599165139158,1359,True
1361,2.9855644408889952,0.64913828779560101,-0.15441599165139158,1359,True
1362,1.9057565448426992,1.5830068948418519,-0.15441599165139158,1359,True
1363,0.63038818270218988,2.8368597179447002,-0.15441599165139158,1359,True
1364,0.84967317223948613,2.7770706246550589,-0.15441599165139158,1359,True
1365,2.1156414921289137,1.3163911805263535,-0.11680278139096216,1365,True
1366,1.4722066946046963,1.379584411156924,-0.11680278139096216,1365,True
1367,1.542152591780239,1.2520262626649286,-0.11680278139096216,1365,True
1368,2.9952677078977605,1.0662377515907353,-0.11680278139096216,1365,True
1369,1.3739503767911916,1.853465677729818,-0.11037331549904576,1369,True
1370,1.220763911904704,0.7486000936546453,-0.11037331549904576,1369,True
1371,1.4666444441331006,0.96318042719315977,-0.11037331549904576,1369,True
1372,1.8528818056289185,1.2147365620442738,-0.11037331549904576,1369,True
1373,1.3485187053277348,1.2370834626934162,-0.11037331549904576,1369,True
1374,1.4021932522372054,1.9942478035056315,-0.11037331549904576,1369,True
1375,1.5979530460173645,1.1869479839676782,-0.10778363153174859,1375,True
1376,2.0849563650922427,2.0333924175280385,-0.10778363153174859,1375,True
1377,1.1471193458826214,1.1839519527027471,-0.10778363153174859,1375,True
1378,2.5344591980353588,1.1634359963089564,-0.10407424520140657,1378,True
1379,0.70876831740913826,1.6645784885513415,-0.10380414465738245,1379,True
1380,1.2905368992057245,2.0557534389305974,-0.10398234461837867,1380,True
1381,1.9557815642584542,0.89655357108600831,-0.10460440010463287,1381,True
1382,0.99216432603234228,0.8411834742292531,-0.10460440010463287,1381,True
1383,1.2755757571601196,1.514164717497017,-0.10460440010463287,1381,True
1384,0.57976272818110608,2.9981738718213262,-0.10460440010463287,1381,True
1385,1.9717996806871034,1.6695017314681404,-0.10460440010463287,1381,True
1386,0.66217818198861922,2.5565887095012756,-0.10460440010463287,1381,True
1387,1.4147309765876523,1.9904460771309256,-0.10460440010463287,1381,True
1388,3.174161928753795,0.95893902869932679,-0.092307969787033858,1388,True
1389,1.9497632292360907,1.309394040041802,-0.092307969787033858,1388,True
1390,1.0521585095006036,2.3615874490644879,-0.077175625418443555,1390,True
1391,1.0186177917308912,2.1858646928066232,-0.077543021697266179,1391,True
1392,2.6242078135524367,0.63301020166308297,-0.077501725324603463,1392,True
1393,1.4511280557019153,1.8050193337515381,-0.077501725324603463,1392,True
1394,2.2694115940342403,1.052487385085435,-0.077501725324603463,1392,True
1395,1.1144604163829228,0.84280985555592702,-0.077501725324603463,1392,True
1396,1.3204055321996995,1.1675279177090698,-0.077501725324603463,1392,True
1397,0.97775088681268307,2.3311776513939471,-0.077501725324603463,1392,True
1398,0.91273054208222004,2.1321017052426914,-0.077501725324603463,1392,True
1399,1.7545932596926745,2.0076378271104489,-0.022460034024662422,1399,True
1400,1.6283004924544684,1.5948773031667469,-0.022460034024662422,1399,True
1401,1.2252012502804372,1.658293124624846,-0.01844563692094086,1401,True
1402,2.9063745193911088,0.76847648396304669,-0.01844563692094086,1401,True
1403,1.3843530030220654,1.1572232876540742,-0.01844563692094086,1401,True
1404,1.2869080842338456,1.6077403171862286,-0.01844563692094086,1401,True
1405,1.3222612517181895,1.1502307039428612,-0.018759478493921192,1405,True
1406,2.4395235699296589,1.3297994268899702,-0.018759478493921192,1405,True
1407,1.7441887729200558,0.85520852277239912,-0.018759478493921192,1405,True
1408,1.0051632234877923,1.8218739161416411,-0.018759478493921192,1405,True
1409,1.7156720804820254,2.1677580167792425,-0.018759478493921192,1405,True
1410,1.8844299332648429,0.98749195148708135,-0.03398930792296357,1410,True
1411,1.8717423485127465,1.4141092628194576,-0.034581219390869077,1411,True
1412,1.4866670989382138,1.3887147033475626,-0.034581219390869077,1411,True
1413,2.1784678656220415,0.7702646831760751,-0.034581219390869077,1411,True
1414,3.8909569796344456,0.47524325646722709,-0.034581219390869077,1411,True
1415,1.4313174512361884,1.8404461136894468,-0.034581219390869077,1411,True
1416,1.0542554247074929,1.3448042721183329,-0.034581219390869077,1411,True
1417,2.9073123840560973,0.7928805068183048,0.0027177626154871772,1417,True
1418,0.72544804519262507,1.8721416643574447,0.0027177626154871772,1417,True
1419,1.5796157181926502,1.6183508354687539,0.0027177626154871772,1417,True
1420,1.2969609808767026,2.075860488748813,0.00099668011489583656,1420,True
1421,1.7181051257707116,1.2998236683928708,0.013130988964958108,1421,True
1422,1.3262556419346001,0.86831468782585153,0.013130988964958108,1421,True
1423,0.82599141709500634,2.2647152109394648,0.013130988964958108,1421,True
1424,2.0687765228275325,1.2513309315448773,0.013130988964958108,1421,True
1425,0.93745393078043193,2.1113037080831183,0.013130988964958108,1421,True
1426,1.8136073877642658,0.93095617547994847,0.002800397186335405,1426,True
1427,1.505914091656698,1.7440534600360698,0.002800397186335405,1426,True
1428,0.79221863070212384,1.8910460288115509,0.002800397186335405,1426,True
1429,1.6520364511641989,0.72031877007451317,0.01186060808402634,1429,True
1430,1.7727088294638504,1.2100129762669125,0.01186060808402634,1429,True
1431,1.5048935770861507,1.3526818770427611,0.01186060808402634,1429,True
1432,2.4572956269601822,0.86064825413043644,0.036599554829525496,1432,True
1433,1.7615714581357897,1.3991693406526742,0.036599554829525496,1432,True
1434,1.8409395331375171,0.78630967955096864,0.036599554829525496,1432,True
1435,3.1355725880941838,0.59707950811706867,0.036599554829525496,1432,True
1436,1.8582667328788629,1.5480235837738625,0.036599554829525496,1432,True
1437,0.63494105406257062,2.2639600976512742,0.036599554829525496,1432,True
1438,1.8555996239244164,1.6667735260892114,0.032537632872029161,1438,True
1439,1.3491253675892285,1.6946355325505325,0.047486611671621062,1439,True
1440,1.5012842599737832,1.2266680268981633,0.047486611671621062,1439,True
1441,0.60672273294803691,1.3627513480982061,0.047486611671621062,1439,True
1442,1.2837083515115109,1.8301169766473653,0.047486611671621062,1439,True
1443,1.0391559296938151,1.6647458360480027,0.047486611671621062,1439,True
1444,1.4471242949757428,1.6169805387001588,0.036095113349191119,1444,True
1445,1.0092335241622545,2.0310652814025523,0.036095113349191119,1444,True
1446,1.1249379870181868,1.8180939476070341,0.036095113349191119,1444,True
1447,2.7845282610823805,0.79945770286476403,0.036095113349191119,1444,True
1448,0.71234708534537738,2.6717526189021821,-0.0057272234829479013,1448,True
1449,1.7805335180937167,0.80614359285732873,-0.0063925110232504996,1449,True
1450,2.4075545240959193,0.69103814278044196,-0.0063925110232504996,1449,True
1451,1.5392599212637366,1.0813647250673195,-0.0063925110232504996,1449,True
1452,1.3200674365348224,0.97354882537967591,-0.0063925110232504996,1449,True
1453,0.82467167811617836,2.431485903258102,-0.0063925110232504996,1449,True
1454,2.3115049216226908,0.85755207027969071,-0.0030334446495947163,1454,True
1455,2.5660877434514417,0.83893030328643581,-0.0030334446495947163,1454,True
1456,1.694728988956566,1.1532060558557906,-0.0030334446495947163,1454,True
1457,1.4134434093707051,1.9144336836671167,-0.0030334446495947163,1454,True
1458,1.4955596353786755,1.4236228488415439,-0.0024167120075594909,1458,True
1459,1.9064552910632533,1.3319979508419397,0.011899131820971468,1459,True
1460,1.4710888672236917,1.9372014174820562,0.012181673474164196,1460,True
1461,1.7871922818422246,1.3111177045363951,0.012181673474164196,1460,True
1462,1.3118453238862418,1.5518747592540969,0.012181673474164196,1460,True
1463,0.95698230079801794,1.3493584035460324,0.012181673474164196,1460,True
1464,1.955394827371046,0.76422887473545797,0.012181673474164196,1460,True
1465,1.317009265529453,1.3462375851990409,-0.0242666962726567,1465,True
1466,0.6483765159759115,2.3981628954036642,-0.0242666962726567,1465,True
1467,0.56389694795908885,3.1601714929471552,-0.0242666962726567,1465,True
1468,1.4779358630980171,1.3434626871287929,-0.0242666962726567,1465,True
1469,1.5920849722438601,1.7651008465827436,-0.005882795000878481,1469,True
1470,1.942481265172517,1.2952141265842636,-0.0073160328606685816,1470,True
1471,1.9048079683375099,0.67514020713462963,-0.0071887055309616966,1471,True
1472,1.7493078425652377,1.306211802245633,-0.0079823194810296309,1472,True
1473,1.195113170834164,0.88656554014518074,-0.0079823194810296309,1472,True
1474,3.2197587530225196,1.0410910862592393,-0.0079823194810296309,1472,True
1475,0.73235210224012792,2.2091642387425585,-0.0079823194810296309,1472,True
1476,2.0723843595905214,0.72856521999144108,-0.0079823194810296309,1472,True
1477,1.4548963588397055,0.95336279411758074,-0.00050696834612636271,1477,True
1478,2.56058461360425,1.1967961483520684,-0.00050696834612636271,1477,True
1479,1.5886747402732866,1.3344886812275032,-0.010967203161636874,1479,True
1480,2.26727302448906,1.1020564482652548,-0.0089716025177890048,1480,True
1481,1.6662106067735392,0.80020844118903334,0.0018201611252999204,1481,True
1482,1.655454132761677,1.2706154831290819,0.0018201611252999204,1481,True
1483,1.5890503868395314,0.70921098758932022,0.0018201611252999204,1481,True
1484,1.0649251764977539,1.0495743696610587,0.0018201611252999204,1481,True
1485,1.6327928265763278,0.98101089777573924,0.014716178273582065,1485,True
1486,1.6264418732498267,2.4862341465226483,0.014716178273582065,1485,True
1487,1.1848074157622213,1.7845377321609928,0.014716178273582065,1485,True
1488,1.5007557599395391,1.8478029934807052,0.014716178273582065,1485,True
1489,1.2868382016428976,1.4565984483659988,-0.014839845959949983,1489,True
1490,1.3792477218931649,1.3103453552637356,-0.025645177318902299,1490,True
1491,1.0954363513731831,0.91417675618147687,-0.025645177318902299,1490,True
1492,1.1085389704382385,2.5441551722854445,-0.025645177318902299,1490,True
1493,0.56078593767779916,2.9798854868318747,-0.025645177318902299,1490,True
1494,1.754008161276531,1.557345934036185,-0.025645177318902299,1490,True
1495,1.4584376172261884,1.3894371333995317,-0.012606341411980441,1495,True
1496,1.4777765076765723,1.1367001056191519,-0.012606341411980441,1495,True
1497,1.6992326893270671,1.4872532546216732,-0.012606341411980441,1495,True
1498,2.2294915956636459,0.5901583957279023,-0.012606341411980441,1495,True
1499,1.7339810246802168,1.6268633485617161,-0.012606341411980441,1495,True
1500,2.1188418881318922,1.2852049764964142,-0.011489026349178325,1500,True
1501,1.7567729354480905,0.94112167567198646,-0.011489026349178325,1500,True
1502,1.7302510137004672,1.2687536234950358,-0.0046921762856040996,1502,True
1503,1.7964057961192186,1.223814041022496,-0.0046921762856040996,1502,True
1504,1.8228403790942787,0.50867634831244668,-0.0046921762856040996,1502,True
1505,1.1941462013149344,1.4049585429648832,-0.0046921762856040996,1502,True
1506,1.1570340389575862,1.5460560951107092,-0.0046921762856040996,1502,True
1507,1.4005820072777138,2.4703297412529821,0.0067179913783346288,1507,True
1508,1.5608630912212855,1.1961166227451911,0.0067356881611290199,1508,True
1509,1.5906087340238082,0.98968137816588864,0.0067356881611290199,1508,True
1510,2.0115802792145248,0.68675819088491441,0.0059401465075187175,1510,True
1511,1.1204760811119092,1.7970469850849262,0.0059401465075187175,1510,True
1512,1.0835181219497665,1.6534264923775728,0.0059401465075187175,1510,True
1513,2.286573254436429,1.2725529590170483,0.0059401465075187175,1510,True
1514,0.96393129149876899,1.602891980651824,0.0059401465075187175,1510,True
1515,1.549173763101876,0.94297919251282358,0.0059401465075187175,1510,True
1516,1.2598075406941769,1.352700510479981,0.0059401465075187175,1510,True
1517,0.41402582768928237,2.5839484705698865,0.0059401465075187175,1510,True
1518,1.7640016894840513,1.9777707649713483,0.0059401465075187175,1510,True
1519,1.423073261022699,1.8848933263278351,0.0059401465075187175,1510,True
1520,1.9640606975111283,1.183478936487127,0.013350100461150908,1520,True
1521,1.3997031084784994,1.5058590189226262,0.013695884372329159,1521,True
1522,1.9033681147308612,1.4715107078932399,0.013695884372329159,1521,True
1523,1.4471671490319533,0.96275673675963791,0.013695884372329159,1521,True
1524,1.9989882066046007,1.4005134054495529,0.013695884372329159,1521,True
1525,0.97688904219341177,1.9970224563916315,0.013695884372329159,1521,True
1526,1.4845781156652815,1.081235928169225,-0.036205700577815428,1526,True
1527,0.78527099026256308,1.7046769186341131,-0.036205700577815428,1526,True
1528,1.51580039869998,1.4969303333893034,-0.036205700577815428,1526,True
1529,0.91195549756398464,1.713945025740897,-0.045074548264364356,1529,True
1530,0.90092685614606627,1.4665491496542131,-0.0412068364299049,1530,True
1531,0.33825122922400902,0.76098799489832325,-0.044551809126128716,1531,True
1532,1.8739087606497482,1.1959805006334843,-0.044551809126128716,1531,True
1533,1.3113502575788496,1.4799806316371675,-0.044551809126128716,1531,True
1534,0.42469579406256003,3.5632067364830142,-0.044551809126128716,1531,True
1535,2.6818750864142786,0.9398327722466987,-0.044551809126128716,1531,True
1536,1.3797650563244084,1.2721286356948769,0.02436251694651205,1536,True
1537,1.1767686246712623,1.1832254579783115,0.02436251694651205,1536,True
1538,1.4167493192327754,1.0512787748141605,0.02436251694651205,1536,True
1539,1.793053370320236,1.7814205124329472,-0.0094947769195156649,1539,True
1540,1.738104078493959,0.89249808864147162,-0.010166685059056114,1540,True
1541,0.76504961829098928,2.8581420205306163,-0.010166685059056114,1540,True
1542,1.3586551705219441,0.93083725083886348,-0.010166685059056114,1540,True
1543,1.2481551575545935,1.4193885793557881,-0.010166685059056114,1540,True
1544,1.5801914462855531,1.493689353599194,-0.010166685059056114,1540,True
1545,0.84529834570863061,1.1988787187675631,-0.010166685059056114,1540,True
1546,1.1982308594415356,0.98675589286952059,-0.0018294994238387465,1546,True
1547,1.2392276853582447,1.9562959306940753,-0.0018294994238387465,1546,True
1548,1.5070228348348438,1.7494660381106011,-0.0018294994238387465,1546,True
1549,2.2413485172579124,0.99313132856366959,-0.0018294994238387465,1546,True
1550,1.905790810838899,0.73212284634250335,0.022281471099263817,1550,True
1551,1.5793623399309062,1.3239865210787705,0.022281471099263817,1550,True
1552,1.1164806434498349,1.6526090063915135,0.022281471099263817,1550,True
1553,1.1533584891015967,0.98527816616084019,0.022281471099263817,1550,True
1554,1.123236274867105,0.87476799480115752,0.022281471099263817,1550,True
1555,1.4594250770597417,0.4395407274758924,0.022281471099263817,1550,True
1556,2.2642967207009996,1.0184353814356393,0.022281471099263817,1550,True
1557,1.5470014717572358,1.7300395394036487,0.022281471099263817,1550,True
1558,1.4371016935497547,3.4056614486190222,0.020349575008169023,1558,True
1559,1.9120307414385374,0.87296909512744303,0.020349575008169023,1558,True
1560,1.8412289352475602,1.666584441964158,0.033156222826512656,1560,True
1561,1.2845536605778625,1.4473697109230896,0.033156222826512656,1560,True
1562,1.4426264378350029,1.5483130221993144,0.033156222826512656,1560,True
1563,1.7516572609380383,0.8895090361074105,0.033156222826512656,1560,True
1564,0.90726464288174935,1.6935666497026745,0.033156222826512656,1560,True
1565,1.001970793012334,1.8080892649154705,0.033156222826512656,1560,True
1566,1.3016459084001633,0.38039857961371049,0.033156222826512656,1560,True
1567,1.4526692583156025,0.87611910039137009,0.015771650384194119,1567,True
1568,1.1725204265748648,1.2032467390258137,0.015771650384194119,1567,True
1569,0.95447921005364722,0.58997936451780175,0.015771650384194119,1567,True
1570,1.8250365177490298,1.3991190940368796,-0.036188225705281407,1570,True
1571,2.0120688837198055,1.2106479627310121,-0.036188225705281407,1570,True
1572,1.3097187416253118,1.6750471045522748,-0.036188225705281407,1570,True
1573,0.83415639914143891,1.1836942371603156,-0.036188225705281407,1570,True
1574,2.1404084976478206,0.68754641576591957,-0.036188225705281407,1570,True
1575,0.85602390622900493,1.0750594203790012,-0.036188225705281407,1570,True
1576,2.3365436213038833,1.1704010877756206,-0.036188225705281407,1570,True
1577,1.1994704303677994,0.9961940203126235,-0.044862739741436133,1577,True
1578,0.80181143849594105,1.2353823733452791,-0.044862739741436133,1577,True
1579,1.6879706528305392,0.78909253691813641,-0.044437082576304368,1579,True
1580,1.459886688939158,0.99727017430771858,-0.059549980798503328,1580,True
1581,2.7214756200938077,0.59955960867691038,-0.058665311493281962,1581,True
1582,1.4555060522066257,1.7686313510567024,-0.058665311493281962,1581,True
1583,1.3579089639482844,1.4939669407345515,-0.058665311493281962,1581,True
1584,0.60931887667354068,1.0612658183914019,-0.058665311493281962,1581,True
1585,2.0240208816891325,0.84814306817617668,-0.056007005142990327,1585,True
1586,1.286566492073236,2.1786732647101728,-0.056007005142990327,1585,True
1587,0.88929043082292125,0.97486784480441768,-0.056007005142990327,1585,True
1588,1.6602243245659389,0.84690287896940997,-0.056007005142990327,1585,True
1589,1.3657530313372344,2.0687849299867445,-0.056007005142990327,1585,True
1590,1.3490174842548777,1.4676102531898927,-0.052589187386696559,1590,True
1591,1.3992890360258148,1.5509587144106212,-0.052589187386696559,1590,True
1592,1.3449349842021243,1.0712205859519415,-0.052589187386696559,1590,True
1593,0.71811667377347577,1.8259628879559566,-0.052589187386696559,1590,True
1594,1.523007123987639,0.69555558191201983,-0.052589187386696559,1590,True
1595,1.0467455154527212,1.5552960155615547,-0.052589187386696559,1590,True
1596,1.1668958400188552,0.67926346459182041,-0.052589187386696559,1590,True
1597,2.487023484939531,1.0524611570435243,-0.053811901958109677,1597,True
1598,1.3976656330058324,1.2264194683404464,-0.053811901958109677,1597,True
1599,1.403765856002096,1.9408966342298097,-0.050798365393497427,1599,True
1600,1.3199765510653929,1.1747500269484319,-0.052222670008607759,1600,True
1601,1.6234741262511436,1.9734970679318007,-0.05220798795879994,1601,True
1602,1.0329000044003769,0.72807404361042061,-0.05220798795879994,1601,True
1603,1.5908302565544135,1.5798449602662261,-0.05220798795879994,1601,True
1604,1.6109759541940227,0.88334928166543281,-0.05220798795879994,1601,True
1605,1.7326386941886271,0.6758691046978782,-0.049812018481422082,1605,True
1606,0.90874358341412842,1.4486214306804588,-0.049812018481422082,1605,True
1607,1.8894059004950317,0.92009223475625423,-0.049812018481422082,1605,True
1608,1.2770247724003201,1.0271627082647259,-0.049812018481422082,1605,True
1609,1.465801693190538,1.375526410301634,-0.049812018481422082,1605,True
1610,2.2124909178221239,1.0825562941953486,-0.0119069586581903,1610,True
1611,0.69259998901689179,2.0733143690854439,-0.0119069586581903,1610,True
1612,1.7381324462492211,1.3605621591138255,-0.0119069586581903,1610,True
1613,1.8098978194204562,1.0576193367529758,-0.0119069586581903,1610,True
1614,1.6154891450256097,1.2413969542856662,-0.0119069586581903,1610,True
1615,1.1144394707482106,1.5747433593069255,-0.0119069586581903,1610,True
1616,1.4791109214120532,1.5352869251346204,-0.0119069586581903,1610,True
1617,1.810357443364029,0.86694656799377523,0.0085767721312088926,1617,True
1618,0.89291158759696287,1.7744691202307505,0.0085767721312088926,1617,True
1619,1.1055114367423802,0.50434220402657537,0.0071465054698497477,1619,True
1620,2.4894961738420274,0.70086338829791905,-0.0092930008943231269,1620,True
1621,1.1914433244337357,1.0148944372867019,-0.0092930008943231269,1620,True
1622,0.52032084160237124,0.91091472890258762,-0.0092930008943231269,1620,True
1623,1.7489336152467645,1.3869764355678005,-0.0092930008943231269,1620,True
1624,1.761135919020139,1.5764376822678614,-0.0092930008943231269,1620,True
1625,1.3399106401010992,1.0295171940252845,-0.0059423018776006619,1625,True
1626,1.5548470821006473,1.2877165664621228,-0.0059423018776006619,1625,True
1627,1.9310276627992324,1.2723497993882402,-0.0059423018776006619,1625,True
1628,1.996094476507746,1.1365135859470137,-0.0059423018776006619,1625,True
1629,1.4674284037099423,0.86377316703592122,-0.0059423018776006619,1625,True
1630,2.2598953802202106,1.1522241559710182,-0.028629947153854099,1630,True
1631,1.9612500332655727,1.5546559190588132,-0.028629947153854099,1630,True
1632,1.1142331842914719,2.0080187122502862,-0.028629947153854099,1630,True
1633,0.96464748951640955,1.2203029754929824,-0.028629947153854099,1630,True
1634,2.5780784020600764,0.97734193304594486,-0.028629947153854099,1630,True
1635,0.88368363653967397,1.5947759411445537,-0.028629947153854099,1630,True
1636,0.81050219025879988,1.6913916844249171,-0.028629947153854099,1630,True
1637,2.0054034442522637,0.64564078353891208,-0.0060002513609507934,1637,True
1638,0.7091228731232514,1.7178490066092977,-0.0060002513609507934,1637,True
1639,1.4691468868368742,1.0063945138110555,-0.0025342975506460045,1639,True
1640,2.6252570707965779,1.1048683276724718,0.018020846559434797,1640,True
1641,1.1053379849955491,0.94755926729690243,0.018020846559434797,1640,True
1642,2.9469916387117734,0.50012505232215865,0.018020846559434797,1640,True
1643,1.4992379150721509,0.89048797161623694,0.018020846559434797,1640,True
1644,1.7297870370396893,1.2230313291643955,0.018020846559434797,1640,True
1645,2.2058607397076475,0.57618468686344271,0.010521532113237779,1645,True
1646,0.89507072245498442,1.1479100332671903,0.010521532113237779,1645,True
1647,1.6168933027039223,0.93414127351804899,0.010521532113237779,1645,True
1648,1.4270849850104341,1.5177688724243377,0.010521532113237779,1645,True
1649,1.5117180538906998,2.0866711774431472,0.010521532113237779,1645,True
1650,1.5022795951045365,1.1563397363648615,-0.0018823488494290131,1650,True
1651,0.97487966949928606,1.6368390975918359,-0.0018823488494290131,1650,True
1652,2.0635889092565649,1.2391884441815706,-0.0018823488494290131,1650,True
1653,2.0215699986732272,0.75156808911023121,0.024219525103410182,1653,True
1654,1.2486851153163716,1.1474784169570535,0.024219525103410182,1653,True
1655,0.99300532816218678,1.7976946041718491,0.024219525103410182,1653,True
1656,0.77656429688316797,2.0733208502433218,0.024219525103410182,1653,True
1657,1.4948926806625673,1.2445261264186642,0.024219525103410182,1653,True
1658,0.9722278712473853,1.4450879512571495,0.024219525103410182,1653,True
1659,2.2119290113837908,1.1175670902626123,0.027557011811365807,1659,True
1660,0.76728301077611294,1.2650549754251046,0.011517491437087917,1660,True
1661,1.2463106358145188,1.6553541124272113,0.011517491437087917,1660,True
1662,1.1767427485024593,0.84460832732200009,0.011517491437087917,1660,True
1663,1.3552075114261968,2.0684590521890778,0.011517491437087917,1660,True
1664,1.7266219575843116,1.003081689099071,0.011517491437087917,1660,True
1665,2.4416035180037738,0.92601370518392967,0.011517491437087917,1660,True
1666,1.7091493052256361,1.6609029573830096,0.011517491437087917,1660,True
1667,2.511638519349193,1.1457658323711422,-0.0083753454363254144,1667,True
1668,1.2000916560005186,1.2808220678427522,-0.0083753454363254144,1667,True
1669,0.88736945479577656,1.7269931706147632,-0.02154783468179839,1669,True
1670,2.8124346328957714,0.36906435000258336,-0.01752990480002288,1670,True
1671,1.3481789812039042,1.7813520343494866,-0.01752990480002288,1670,True
1672,1.2588928844938814,0.76397421890586548,-0.01752990480002288,1670,True
1673,2.1186091144211212,1.6200345454649243,-0.01752990480002288,1670,True
1674,2.2944286237904379,1.3114905047273631,-0.012769643555702707,1674,True
1675,1.1564701413371781,1.393109683890148,-0.012769643555702707,1674,True
1676,1.2939635890961054,1.5086502528359795,-0.012769643555702707,1674,True
1677,1.2855943388203355,1.1600790919337305,-0.012769643555702707,1674,True
1678,0.98312596303331357,1.6963597223642208,-0.012769643555702707,1674,True
1679,1.8678934907970339,1.2676737332488957,-0.011267371362613179,1679,True
1680,2.4010137286196338,1.1910327752983003,-0.013806456909146805,1680,True
1681,1.2981350133635443,1.1463798317091185,-0.013806456909146805,1680,True
1682,0.66572159620437354,1.2508448942059816,-0.013806456909146805,1680,True
1683,1.1766019734882875,1.4796006497511134,-0.013806456909146805,1680,True
1684,3.0836515123963695,0.80275139045670274,-0.013806456909146805,1680,True
1685,1.163428593010043,1.2488861180182114,-0.013806456909146805,1680,True
1686,1.5813729033432582,1.8005318511704846,-0.013806456909146805,1680,True
1687,0.92247760389458988,1.7600744286576042,-0.013806456909146805,1680,True
1688,2.1186223809023099,1.2385410249816653,-0.045771472099796082,1688,True
1689,1.7512261535053966,1.2404738483557598,-0.046179525854159367,1689,True
1690,1.8109223156709497,1.6507198651145554,-0.033346623088891414,1690,True
1691,1.9639323920939855,0.70555701768670032,-0.010082853282848818,1691,True
1692,1.8556078707068369,1.2975317846420247,-0.010082853282848818,1691,True
1693,0.99212450405489117,1.3045069801673284,-0.010082853282848818,1691,True
1694,1.3888635584770537,1.0878876536920294,-0.010082853282848818,1691,True
1695,2.7849270941500315,0.66906992258720666,-0.010082853282848818,1691,True
1696,0.87534802598080852,2.0182750097266777,-0.010082853282848818,1691,True
1697,1.463790655739424,1.6705708166807611,-0.010082853282848818,1691,True
1698,1.6090836844312224,1.1482976433278371,-0.013249758896793987,1698,True
1699,1.5792171013476577,0.98208837015965533,-0.013249758896793987,1698,True
1700,1.5332704219859596,0.81758706034213213,-0.0049074080627548823,1700,True
1701,1.0876254562374816,1.7399040167064956,-0.0049074080627548823,1700,True
1702,2.1433079667274848,1.0215652416744105,-0.0049074080627548823,1700,True
1703,2.496873447550902,0.78350790420977079,-0.0049074080627548823,1700,True
1704,0.94774492437765134,0.91646760794256588,-0.0049074080627548823,1700,True
1705,1.2450283381414793,1.7110304849170115,-0.0049074080627548823,1700,True
1706,1.8435382710334929,1.2568140786586599,-0.019635743799399766,1706,True
1707,1.3640645364874011,1.1628856713734701,-0.019635743799399766,1706,True
1708,2.4073384217034275,1.4331800526298382,-0.019635743799399766,1706,True
1709,0.83049834937365963,1.3812357614510364,-0.019635743799399766,1706,True
1710,2.0078326367730566,0.88310876790893655,-0.093124385332210652,1710,True
1711,0.90393124911643774,2.1669233375032224,-0.093124385332210652,1710,True
1712,2.3278540862754404,1.0150205546864799,-0.093124385332210652,1710,True
1713,1.1037742546778624,1.3797036339753332,-0.093124385332210652,1710,True
1714,1.0902662633120701,0.95742306066958627,-0.087726322155925976,1714,True
1715,1.5030305233253054,1.5518123286549976,-0.087726322155925976,1714,True
1716,1.8260697973113376,1.6124242078330993,-0.087726322155925976,1714,True
1717,1.9656832528859345,0.94603774917119798,-0.087726322155925976,1714,True
1718,1.5454883043145273,0.99526913672748718,-0.087726322155925976,1714,True
1719,0.91952136621890346,0.9179385219145334,-0.087726322155925976,1714,True
1720,1.3034633645269575,1.30909561981907,-0.11461597342800721,1720,True
1721,1.7224423602655887,1.5582372267137217,-0.11443764003941034,1721,True
1722,1.130056433816647,0.89977211863355344,-0.11443764003941034,1721,True
1723,1.1529486001898988,1.8485785560758587,-0.11443764003941034,1721,True
1724,1.0960471487066104,1.448635050847527,-0.11443764003941034,1721,True
1725,1.5407159086732072,0.67499357749966005,-0.11443764003941034,1721,True
1726,1.2515323672065521,1.481326609748383,-0.11443764003941034,1721,True
1727,2.362173439162452,0.93948936998374044,-0.11443764003941034,1721,True
1728,1.9192604822668478,1.162062211368492,-0.11443764003941034,1721,True
1729,2.0538243492096946,0.87476225359534099,-0.14313481640035036,1729,True
1730,1.5841926309131573,1.2381957927281557,-0.15715748207222027,1730,True
1731,1.8179429053243612,1.6248151539221389,-0.15715748207222027,1730,True
1732,2.3716835975441097,0.82075022166423051,-0.15715748207222027,1730,True
1733,1.1638212961049488,2.0037794473169162,-0.15715748207222027,1730,True
1734,0.69062990645458833,1.7994941976205256,-0.15715748207222027,1730,True
1735,0.89390270198399191,0.67532671788172183,-0.15715748207222027,1730,True
1736,2.0290028964181457,1.0070317716266208,-0.15715748207222027,1730,True
1737,1.6178240979963747,0.82522732790764886,-0.16014879307532764,1737,True
1738,1.0003403591615052,1.9112012128962925,-0.16014879307532764,1737,True
1739,2.2674460981589339,1.4287208257276673,-0.15829147093903537,1739,True
1740,1.6246756848741908,1.7921578813409853,-0.1661616899288148,1740,True
1741,1.289849116127519,1.5208039656913483,-0.1661616899288148,1740,True
1742,1.526905217539053,1.3564530807573132,-0.1661616899288148,1740,True
1743,2.6032903273256003,0.55936717905102629,-0.1661616899288148,1740,True
1744,0.92502321521209196,1.2277341019666632,-0.1661616899288148,1740,True
1745,2.0269383662626046,0.75505540334695254,-0.16346717022389351,1745,True
1746,1.9106571161806167,0.94591673631708995,-0.16346717022389351,1745,True
1747,0.93309820274668953,1.2435099509569509,-0.16346717022389351,1745,True
1748,1.5450409923202357,1.347708047051154,-0.16346717022389351,1745,True
1749,1.3850195200996447,1.0737780044848457,-0.16404942702015854,1749,True
1750,1.2648657970568984,0.94435889198200784,-0.17289799650725363,1750,True
1751,2.3777025702561754,0.86325988397749276,-0.17289799650725363,1750,True
1752,1.0125175603516055,1.7906048630951701,-0.17289799650725363,1750,True
1753,1.6555409208407519,1.3087992016841421,-0.17289799650725363,1750,True
1754,1.180467032917828,1.7623472987826458,-0.17289799650725363,1750,True
1755,1.7939710899804107,1.1285508041313452,-0.18428225203695731,1755,True
1756,1.8877899381118153,1.3413105752554062,-0.18428225203695731,1755,True
1757,1.2180043911398095,0.94332865886700468,-0.18428225203695731,1755,True
1758,1.0138308209057139,1.9217634397033465,-0.18428225203695731,1755,True
1759,1.4187821164961008,0.81206105515579396,-0.16689755968965875,1759,True
1760,1.5007577497589819,1.2474532299053944,-0.16842533953451977,1760,True
1761,1.6186591457209236,0.5702256886379462,-0.16898531473139494,1761,True
1762,1.4601974338476251,1.7054473484103445,-0.16898531473139494,1761,True
1763,1.5221197456374631,1.5696929099967643,-0.16898531473139494,1761,True
1764,1.2572706985116344,1.0059921627063038,-0.16898531473139494,1761,True
1765,2.1652243058997178,1.3266264446883207,-0.16898531473139494,1761,True
1766,1.531741165228415,1.4438232076570015,-0.16898531473139494,1761,True
1767,0.69332093587624777,1.7569504932154461,-0.16898531473139494,1761,True
1768,1.5084349828570685,0.94114464344929538,-0.18074129601566255,1768,True
1769,1.3286138629481499,1.6162906596522457,-0.18074129601566255,1768,True
1770,2.2703758718669813,1.1354145907452646,-0.16212694173599212,1770,True
1771,1.4692523957616399,1.1589331067902435,-0.16212694173599212,1770,True
1772,1.5942603033469467,1.5349754006328304,-0.16212694173599212,1770,True
1773,1.4434651071276126,2.0440376520492682,-0.16212694173599212,1770,True
1774,1.5913476704288325,0.96144722333789923,-0.17083857182212892,1774,True
1775,1.6187808718765582,0.7775036642674682,-0.17083857182212892,1774,True
1776,2.2688798461604618,0.95102956873500866,-0.17083857182212892,1774,True
1777,1.4962876474672824,0.72696246563186007,-0.17083857182212892,1774,True
1778,1.1097486652379251,1.2851496432458787,-0.17083857182212892,1774,True
1779,0.98837295544933146,1.6969023782665524,-0.15707569488620651,1779,True
1780,0.46168367221776851,2.0302901401179061,-0.16556011424020384,1780,True
1781,1.930976364396717,1.0550344579267696,-0.16466043782281542,1781,True
1782,1.6679941827049261,1.1118279666903783,-0.16466043782281542,1781,True
1783,2.6352569367010017,0.83675207573646215,-0.16466043782281542,1781,True
1784,2.314417812347183,0.9706623258795567,-0.16466043782281542,1781,True
1785,1.6690990533016736,1.9429639049594352,-0.16466043782281542,1781,True
1786,1.414039833927919,0.76352021776529377,-0.19722187293829707,1786,True
1787,1.0542299560602431,1.502264888838901,-0.19722187293829707,1786,True
1788,1.2139061878244046,1.0888659928163575,-0.19722187293829707,1786,True
1789,0.88222089454793218,1.9986799272386231,-0.19722187293829707,1786,True
1790,1.1941618753587633,1.2818963090971645,-0.17756081777912733,1790,True
1791,0.64184165814564786,1.5560309549012599,-0.16646443950392559,1791,True
1792,1.582348764764069,1.0527970137202765,-0.16503082674695174,1792,True
1793,1.1336911031622086,1.9012821864994343,-0.16503082674695174,1792,True
1794,1.1642283429834486,2.1189092308786943,-0.16503082674695174,1792,True
1795,2.0953299483282057,0.97595752027605365,-0.16503082674695174,1792,True
1796,1.3444287402023343,1.0444800608688973,-0.16503082674695174,1792,True
1797,1.8595275292383506,0.95052380312395413,-0.16002403130889861,1797,True
1798,1.3896187140768601,0.82582317208480105,-0.16002403130889861,1797,True
1799,1.9547080773789707,1.3351113074694339,-0.16002403130889861,1797,True
1800,1.7321371192479693,0.94829192070561186,-0.16002403130889861,1797,True
1801,1.7243774190329297,1.6873143678944658,-0.15960571946297425,1801,True
1802,1.7564444807931947,0.89883151845569786,-0.15960571946297425,1801,True
1803,1.4055804894001469,1.0098439809973903,-0.15960571946297425,1801,True
1804,0.85150941480399067,1.7927069144856045,-0.15960571946297425,1801,True
1805,1.3041635631491038,1.2063633623620322,-0.15878770298537165,1805,True
1806,0.94721448120400298,1.6767460186127765,-0.15878770298537165,1805,True
1807,2.1374544224508205,1.2690197688353635,-0.15878770298537165,1805,True
1808,2.0238881603945051,0.60141450934639429,-0.15878770298537165,1805,True
1809,1.6302745988408096,1.7794520982883049,-0.15878770298537165,1805,True
1810,1.3514927129840815,1.21869684727411,-0.12631713705692355,1810,True
1811,1.6922360281163782,0.64212802269798275,-0.12697730728303974,1811,True
1812,1.3054557687389861,1.959479337030221,-0.12697730728303974,1811,True
1813,2.1468284006766343,1.2804443194978694,-0.12697730728303974,1811,True
1814,0.93297012838953564,1.0498974979730751,-0.12697730728303974,1811,True
1815,0.9256169530185574,2.172891375699062,-0.12697730728303974,1811,True
1816,1.4131295263187207,1.2429110379753916,-0.11379563721519152,1816,True
1817,2.4002115396159498,1.1694417365394907,-0.11379563721519152,1816,True
1818,1.6060049004455368,1.2478093938414268,-0.11379563721519152,1816,True
1819,1.2761664506032049,1.3015799080843602,-0.11379563721519152,1816,True
1820,1.844925598345311,0.8435310562416849,-0.14513076376920392,1820,True
1821,1.4308396457975519,1.6687977212441771,-0.14494767991986154,1821,True
1822,1.393432442313344,1.3507070473703806,-0.14535828063172579,1822,True
1823,1.0653230265786964,1.305244650046363,-0.14535828063172579,1822,True
1824,1.9913423784696098,1.0490908935441647,-0.14535828063172579,1822,True
1825,1.4411642532517992,1.5682055540956468,-0.14535828063172579,1822,True
1826,1.7886895549136277,1.0867110415113244,-0.15428931491434436,1826,True
1827,1.4592690678184055,0.92400722401116886,-0.15428931491434436,1826,True
1828,1.3212459079079759,1.1729634395161144,-0.15428931491434436,1826,True
1829,1.4131008418264608,1.0941491016525802,-0.15377093373750977,1829,True
1830,2.2332519648284417,0.74711548341585077,-0.15379147332277537,1830,True
1831,1.2548886882064161,1.1036206751030984,-0.15379147332277537,1830,True
1832,0.97581318552284124,1.784464190014599,-0.15379147332277537,1830,True
1833,1.8892135617967609,1.2786946944130322,-0.15379147332277537,1830,True
1834,1.2554826785484301,1.6321922137045,-0.1548793549651474,1834,True
1835,1.3034445487766528,1.3209497524152023,-0.1548793549651474,1834,True
1836,1.0883302509140989,1.1568409028609163,-0.1548793549651474,1834,True
1837,1.4261488649641845,0.95512792493631304,-0.1548793549651474,1834,True
1838,1.8999479898392435,1.1165828683936858,-0.15601792657409627,1838,True
1839,1.722057577610576,1.2705638915765489,-0.15596165413348725,1839,True
1840,1.7306366168148284,1.5751862845667046,-0.15596165413348725,1839,True
1841,1.6313909815870424,0.82437441946834156,-0.15596165413348725,1839,True
1842,1.6355990779551834,1.5220501692905872,-0.15596165413348725,1839,True
1843,1.0125738677716118,1.6611063683501124,-0.15596165413348725,1839,True
1844,1.1760708610821249,0.83986924140103236,-0.15191417879911442,1844,True
1845,1.2934401778617661,1.2843214600647541,-0.15191417879911442,1844,True
1846,1.3297872629681777,1.1881795299867985,-0.15191417879911442,1844,True
1847,1.7099534867920678,0.84847168346478385,-0.15191417879911442,1844,True
1848,1.4274580945981785,1.1173912745069958,-0.14320809974552925,1848,True
1849,1.4572455066702745,1.1463203514240279,-0.15361645909375507,1849,True
1850,1.487230352003114,1.2208011905570333,-0.15276197089846738,1850,True
1851,0.72915787195690462,2.7862143006987372,-0.15276197089846738,1850,True
1852,1.1101820038551717,1.0382191782972294,-0.14601226608702697,1852,True
1853,2.3332572616478835,0.8910362046110315,-0.1410807304553314,1853,True
1854,1.3438230453296185,1.3679970241105579,-0.1410807304553314,1853,True
1855,1.584582059189277,0.90633391079439274,-0.1410807304553314,1853,True
1856,1.140759570744698,1.3011043528908928,-0.1410807304553314,1853,True
1857,1.2152332398751782,1.4054849570541952,-0.1410807304553314,1853,True
1858,1.7470422989827235,1.2697146095331111,-0.10944099583418027,1858,True
1859,2.1675020691249784,0.86893922157838865,-0.10944923002877689,1859,True
1860,1.8141206307234021,0.7142774965995109,-0.10986145954238376,1860,True
1861,1.6867978157371324,1.1713477411545474,-0.10986145954238376,1860,True
1862,1.2212591815859855,1.4946150975941799,-0.10986145954238376,1860,True
1863,0.9483384125080544,1.2138069775917451,-0.10986145954238376,1860,True
1864,1.9475677615094908,1.0584771019641663,-0.11752103094354578,1864,True
1865,1.5063604530996553,0.9815648388205882,-0.11752103094354578,1864,True
1866,1.7228868741590491,1.5321406515264808,-0.11752103094354578,1864,True
1867,1.3647572200930229,1.328319165296477,-0.11511578528958429,1867,True
1868,0.84350891721044585,1.494314806457214,-0.11511578528958429,1867,True
1869,1.895640701201738,0.63241450519821074,-0.11111059279932173,1869,True
1870,1.2737141611860048,1.3579141031936646,-0.11111059279932173,1869,True
1871,2.1114119265471292,1.2393781819629761,-0.11111059279932173,1869,True
1872,1.9772093177892736,0.94087950960491606,-0.11111059279932173,1869,True
1873,1.1125383838896148,1.7043899820629258,-0.11111059279932173,1869,True
1874,1.0861203803585626,1.8424535381851108,-0.12291852493728822,1874,True
1875,1.039848207586598,1.2029905857575904,-0.12291852493728822,1874,True
1876,1.7876199628414728,1.1740984005689157,-0.12291852493728822,1874,True
1877,0.7981602168530022,1.9623472723953299,-0.12291852493728822,1874,True
1878,1.3178071675274954,1.5745972374525912,-0.1234749969386127,1878,True
1879,2.265754014389942,0.65348841255962842,-0.1321387896948549,1879,True
1880,1.4970108199603624,1.6459167178623921,-0.13168486296826526,1880,True
1881,1.6402650160415664,0.8935310554931386,-0.12729406195015364,1881,True
1882,1.5526085260289317,0.86082103714256797,-0.12729406195015364,1881,True
1883,1.2905703208736985,1.2700494529317818,-0.12729406195015364,1881,True
1884,1.5497797216302605,1.211273494735557,-0.12729406195015364,1881,True
1885,1.8288454153674421,1.114805385436304,-0.12729406195015364,1881,True
1886,0.81212853607218771,1.2717222426790769,-0.12729406195015364,1881,True
1887,2.937973626162607,0.51424864289287919,-0.12340497049230179,1887,True
1888,1.0999470394111051,1.7182574554223606,-0.1183286410938917,1888,True
1889,1.7972279047441102,1.1452447123842424,-0.1183286410938917,1888,True
1890,1.4978680235447295,1.2735910484473856,-0.12593806722514606,1890,True
1891,1.3638554487517049,0.98523284589384219,-0.12593806722514606,1890,True
1892,0.64516993009626644,1.6301195745112251,-0.12593806722514606,1890,True
1893,1.2871518837373044,1.3191126944763776,-0.12593806722514606,1890,True
1894,1.949851677592862,1.3757719457462279,-0.12593806722514606,1890,True
1895,2.3591739544426158,0.88167036415898736,-0.12593806722514606,1890,True
1896,1.4993401126047046,1.2420733443422407,-0.12593806722514606,1890,True
1897,1.2753732511190248,1.2329274163609616,-0.12593806722514606,1890,True
1898,1.3961298712705048,1.4658955851174873,-0.12593806722514606,1890,True
1899,1.1552644513944332,1.4309834579255898,-0.12593806722514606,1890,True
