match_id,season,date,home_team,away_team,result,goals_DC_p_H,goals_DC_p_D,goals_DC_p_A,E1a_sot_p_H,E1a_sot_p_D,E1a_sot_p_A,E1a_sot_homeaway_p_H,E1a_sot_homeaway_p_D,E1a_sot_homeaway_p_A
380,2022-2023,2022-08-05,Crystal Palace,Arsenal,A,0.35588079125248417,0.27779872758529467,0.36632048116222121,0.31166058017325393,0.27635693621024648,0.41198248361649947,0.31760675195266619,0.27705221916239453,0.40534102888493928
381,2022-2023,2022-08-06,Bournemouth,Aston Villa,H,0.4412721906329799,0.27543964618572719,0.28328816318129285,0.63032905735779743,0.27838417730866866,0.091286765333533929,0.63241427543779605,0.27718794712400907,0.090397777438194923
382,2022-2023,2022-08-06,Everton,Chelsea,A,0.15421475857961159,0.20502025121808173,0.64076499020230671,0.15748849654832914,0.21813101085963377,0.62438049259203687,0.15923762599485389,0.21921238922420405,0.62154998478094203
383,2022-2023,2022-08-06,Fulham,Liverpool,D,0.13596981722426504,0.2361620733468274,0.62786810942890769,0.46272386752054367,0.36149774572712068,0.17577838675233573,0.46481181553649986,0.36077391496231193,0.17441426950118824
384,2022-2023,2022-08-06,Leeds United,Wolves,H,0.30247840136732013,0.26612916229564965,0.43139243633703006,0.35188100213886941,0.24405362792861429,0.40406536993251635,0.35474726030168496,0.24421316434403106,0.40103957535428408
385,2022-2023,2022-08-06,Newcastle,Nottingham,H,0.31534210341600483,0.28830542497419609,0.39635247160979908,0.10241946484712107,0.3011691353655957,0.59641139978728297,0.10337623152863157,0.30244545612016521,0.59417831235120322
386,2022-2023,2022-08-06,Tottenham,Southampton,H,0.8344505374944694,0.11033607873283113,0.055213383772699409,0.6264055957293384,0.20024746715778427,0.17334693711287746,0.62935700104122083,0.19929201358622417,0.17135098537255494
387,2022-2023,2022-08-07,Leicester City,Brentford,D,0.50839411558265279,0.22953366421792556,0.26207222019942172,0.42141252494772935,0.23728355057644132,0.34130392447582936,0.43061737374058073,0.23676139504255728,0.33262123121686193
388,2022-2023,2022-08-07,Manchester Utd,Brighton,A,0.34131114404902996,0.27220197578355837,0.38648688016741167,0.39649021000582713,0.25039792772899921,0.35311186226517366,0.40517659596823241,0.2501517134393984,0.34467169059236902
389,2022-2023,2022-08-07,West Ham,Manchester City,A,0.11825506628237177,0.16371931098951883,0.71802562272810933,0.12669500098676426,0.201923446759283,0.6713815522539528,0.1312196348165077,0.20551289421762828,0.66326747096586391
390,2022-2023,2022-08-13,Arsenal,Leicester City,H,0.50903336343787975,0.22067516028313125,0.27029147627898897,0.58972520555309471,0.21455616976922368,0.19571862467768134,0.59106869081392355,0.21417110068681322,0.19476020849926323
391,2022-2023,2022-08-13,Aston Villa,Everton,H,0.54846657267979526,0.24044520243035761,0.21108822488984719,0.56414043607302577,0.22565788260746944,0.21020168131950501,0.56547494882412097,0.22530552623135214,0.20921952494452706
392,2022-2023,2022-08-13,Brentford,Manchester Utd,H,0.44720294214795958,0.23947000814645611,0.31332704970558434,0.35167617115898914,0.23496105208766652,0.41336277675334426,0.35301233473661342,0.23504650705392888,0.41194115820945776
393,2022-2023,2022-08-13,Brighton,Newcastle,D,0.45771145804797986,0.28118148995026465,0.2611070520017556,0.422945566710896,0.267211047008859,0.30984338628024505,0.4241943409225154,0.26710243913583048,0.30870321994165434
394,2022-2023,2022-08-13,Manchester City,Bournemouth,H,0.64137410488053337,0.1985171646056611,0.16010873051380567,0.46738305253220958,0.35397629648624107,0.17864065098154941,0.46834109165171844,0.35365342099300562,0.17800548735527599
395,2022-2023,2022-08-13,Southampton,Leeds United,D,0.40974024827333827,0.22960963686245245,0.36065011486420906,0.52836867262910236,0.20831551787636346,0.2633158094945342,0.52988081004333898,0.2080512251132059,0.26206796484345485
396,2022-2023,2022-08-13,Wolves,Fulham,D,0.054471691815837199,0.084284481769533903,0.86124382641462871,0.24045008699783549,0.27689292822564737,0.48265698477651708,0.24138741582224371,0.27719188199418543,0.48142070218357086
397,2022-2023,2022-08-14,Chelsea,Tottenham,D,0.34082021460324696,0.27402593417565896,0.38515385122109408,0.42577004745935226,0.26922592128508732,0.30500403125556014,0.43644982436092417,0.26818374754473023,0.29536642809434549
398,2022-2023,2022-08-14,Nottingham,West Ham,H,0.24891973106028931,0.22133016900283425,0.52975009993687661,0.17769211990292036,0.17853055986832747,0.64377732022875211,0.18654259750757551,0.18250761994555267,0.63094978254687195
399,2022-2023,2022-08-15,Liverpool,Crystal Palace,D,0.73621690319859323,0.18335189177248085,0.080431205028925909,0.61657636008870509,0.22978836427260282,0.15363527563869206,0.62872744586644602,0.22515699485845003,0.1461155592751042
400,2022-2023,2022-08-20,Bournemouth,Arsenal,A,0.2974982381633417,0.25345628156513644,0.4490454802715218,0.20055848528294037,0.29899062487728506,0.50045088983977448,0.20839023137838014,0.30266485616880101,0.48894491245281896
401,2022-2023,2022-08-20,Crystal Palace,Aston Villa,H,0.43314764385768606,0.30068942534378862,0.26616293079852515,0.42445934197176494,0.28868395337642133,0.28685670465181384,0.43612204126104948,0.28726274572294697,0.27661521301600356
402,2022-2023,2022-08-20,Everton,Nottingham,D,0.39548985902865935,0.37658099001727452,0.22792915095406596,0.67872947836147823,0.17828478298507699,0.14298573865344474,0.69147035964298298,0.17354484962645542,0.13498479073056166
403,2022-2023,2022-08-20,Fulham,Brentford,H,0.49597125630641087,0.28055497874273738,0.22347376495085178,0.53554604789069782,0.29316944112512061,0.17128451098418163,0.54621035754305602,0.28935644746733236,0.16443319498961159
404,2022-2023,2022-08-20,Leicester City,Southampton,A,0.67783724963428982,0.17106546015375881,0.15109729021195137,0.45781011036303343,0.23543782160701213,0.30675206802995464,0.47181466672068412,0.23387920535498988,0.2943061279243262
405,2022-2023,2022-08-20,Tottenham,Wolves,H,0.72778594640671235,0.18254880819562297,0.089665245397664697,0.64751829864155863,0.21125308274008986,0.14122861861835165,0.659312095204449,0.20655241981518557,0.1341354849803654
406,2022-2023,2022-08-21,Leeds United,Chelsea,H,0.14555630851427476,0.19592820863156563,0.65851548285415951,0.16305687235132849,0.20492822323719148,0.63201490441148001,0.16951644723037773,0.2085363794336392,0.62194717333598315
407,2022-2023,2022-08-21,Newcastle,Manchester City,D,0.09915418015410471,0.19123495496942239,0.70961086487647285,0.15065400672285897,0.24049192075960207,0.60885407251753909,0.15604973108368198,0.24420624557555137,0.5997440233407666
408,2022-2023,2022-08-21,West Ham,Brighton,A,0.3514128259244822,0.31636704091996964,0.33222013315554799,0.29756586605410512,0.2931136152469267,0.40932051869896807,0.30529323490858667,0.29422438759331632,0.40048237749809706
409,2022-2023,2022-08-22,Manchester Utd,Liverpool,H,0.086497494514584675,0.1628346258542028,0.75066787963121251,0.18983783353493666,0.21826043756357458,0.59190172890148873,0.19786952303630054,0.22191553613587292,0.58021494082782676
410,2022-2023,2022-08-27,Arsenal,Fulham,H,0.47906654577114727,0.22595374249157824,0.29497971173727461,0.39416492473099018,0.27827815473804035,0.32755692053096946,0.40647882197653412,0.27762479093814807,0.31589638708531792
411,2022-2023,2022-08-27,Brentford,Everton,D,0.62610075547803989,0.2149923285197764,0.15890691600218385,0.49263367441694578,0.24227864142783903,0.26508768415521511,0.50642858155973314,0.23985085813945139,0.2537205603008153
412,2022-2023,2022-08-27,Brighton,Leeds United,H,0.58729642896402234,0.24335321808120169,0.16935035295477616,0.57063279968726011,0.23017799857378402,0.19918920173895596,0.58386860589193013,0.22636397853632423,0.18976741557174567
413,2022-2023,2022-08-27,Chelsea,Leicester City,H,0.57946290728578886,0.21644217257710216,0.20409492013710906,0.61769217639834295,0.22061726699161213,0.16169055661004483,0.63024561282499081,0.21611976963510246,0.15363461753990679
414,2022-2023,2022-08-27,Liverpool,Bournemouth,H,0.8625337169047097,0.10880713112366906,0.028659151971621222,0.75993127887540046,0.18367586919747905,0.056392851927120638,0.76865262239500221,0.1780916536766344,0.053255723928363467
415,2022-2023,2022-08-27,Manchester City,Crystal Palace,H,0.73777021609769922,0.17111553688178036,0.091114247020520511,0.62628701892729,0.23068337480147863,0.14302960627123137,0.63802133110385839,0.22593649231850527,0.13604217657763626
416,2022-2023,2022-08-27,Southampton,Manchester Utd,A,0.36822240532087325,0.24310973336446814,0.38866786131465852,0.35684084962551355,0.2435708233977904,0.399588326976696,0.37027272884876894,0.24414585670932126,0.3855814144419098
417,2022-2023,2022-08-28,Aston Villa,West Ham,A,0.40595040175804825,0.27204980000210482,0.32199979823984681,0.45157595869733053,0.26659574570543326,0.28182829559723632,0.47647110344117016,0.26291934200178402,0.2606095545570461
418,2022-2023,2022-08-28,Nottingham,Tottenham,A,0.12852560008558209,0.27354185892346794,0.59793254099094983,0.085114282576979519,0.12957624176175397,0.78530947566126641,0.097739644131909165,0.1408079981431041,0.76145235772498665
419,2022-2023,2022-08-28,Wolves,Newcastle,D,0.30301072650527566,0.32031729060494557,0.37667198288977882,0.36613691649732871,0.27014055093799355,0.36372253256467774,0.39025293938204797,0.27016654505487975,0.33958051556307212
420,2022-2023,2022-08-30,Crystal Palace,Brentford,D,0.46173750219751231,0.2586364226409697,0.27962607516151811,0.5457317246048734,0.23930057948098934,0.21496769591413728,0.56996141887499829,0.23281248717835987,0.19722609394664162
421,2022-2023,2022-08-30,Fulham,Brighton,H,0.42527308213250503,0.29085585443285883,0.28387106343463636,0.42778188805489792,0.27071532631365947,0.30150278563144278,0.45116010605520768,0.26809385142336145,0.28074604252143098
422,2022-2023,2022-08-30,Leeds United,Everton,D,0.49401814396910282,0.2466402612258615,0.25934159480503577,0.41413583964656048,0.23823890129688138,0.34762525905655817,0.4403371188444663,0.23679949430721559,0.32286338684831806
423,2022-2023,2022-08-30,Southampton,Chelsea,H,0.19582906176798823,0.2247105938443002,0.57946034438771143,0.26184230082894594,0.244655422385856,0.4935022767851982,0.28292392986330128,0.24954359803129944,0.46753247210539928
424,2022-2023,2022-08-31,Arsenal,Aston Villa,H,0.69073390193517192,0.18900286581254447,0.12026323225228365,0.58858448794099139,0.23026381965273726,0.18115169240627152,0.61214900252814353,0.22255760333915189,0.16529339413270466
425,2022-2023,2022-08-31,Bournemouth,Wolves,D,0.11337594636117541,0.25886992500117556,0.62775412863764934,0.22040887451922386,0.29965734867460719,0.47993377680616889,0.23652704497611687,0.3056062243808656,0.45786673064301747
426,2022-2023,2022-08-31,Liverpool,Newcastle,H,0.75029608658135205,0.1644992758019545,0.085204637616693307,0.67604467451435046,0.19149177288449254,0.13246355260115689,0.6985273753139194,0.18228376385036937,0.11918886083571133
427,2022-2023,2022-08-31,Manchester City,Nottingham,H,0.86518109747634087,0.10744789003864035,0.027371012485018813,0.92409598621805211,0.056916570447173048,0.018987443334774822,0.93340935780278245,0.050561116764552237,0.016029525432665413
428,2022-2023,2022-08-31,West Ham,Tottenham,D,0.17045756849191857,0.24179188321780748,0.58775054829027407,0.218085609885386,0.2793009315260549,0.50261345858855899,0.23498079015070691,0.28561917673318149,0.47940003311611157
429,2022-2023,2022-09-01,Leicester City,Manchester Utd,A,0.49860646053179603,0.23564590427020918,0.26574763519799494,0.36739727215237267,0.25517047386857217,0.377432253979055,0.39593176376228012,0.25541986188009197,0.3486483743576278
430,2022-2023,2022-09-03,Aston Villa,Manchester City,D,0.089372690842656005,0.14048062129876107,0.77014668785858287,0.15305142488568468,0.21867716275022381,0.62827141236409145,0.16945935739529536,0.22889221423103526,0.60164842837366961
431,2022-2023,2022-09-03,Brentford,Leeds United,H,0.60015756404246001,0.21157848395297746,0.18826395200456236,0.4754947869804369,0.232898629350378,0.29160658366918524,0.50433191964177893,0.22882362173835774,0.2668444586198635
432,2022-2023,2022-09-03,Chelsea,West Ham,H,0.53245839160779962,0.26012955767011864,0.20741205072208169,0.52056321534085181,0.26309916172447073,0.21633762293467751,0.54534416770220595,0.25653075730145775,0.19812507499633639
433,2022-2023,2022-09-03,Everton,Liverpool,D,0.078328154492848343,0.1598469022846456,0.76182494322250627,0.13453449523341202,0.19787336619963161,0.66759213856695632,0.15016413912800938,0.20878501167213001,0.64105084919986055
434,2022-2023,2022-09-03,Newcastle,Crystal Palace,D,0.41033474798068964,0.29400481052934446,0.29566044148996612,0.36160923326247219,0.28144735044176217,0.35694341629576581,0.3855823015092571,0.28147231021565933,0.33294538827508358
435,2022-2023,2022-09-03,Nottingham,Bournemouth,A,0.43281625687288527,0.38535898135816921,0.18182476176894555,0.41161858229993142,0.29773903946071378,0.29064237823935479,0.43492129455801937,0.29507447101868162,0.27000423442329885
436,2022-2023,2022-09-03,Tottenham,Fulham,H,0.57947420117222059,0.21849868462306318,0.20202711420471614,0.53775155133624375,0.24736323688067963,0.21488521178307665,0.56351795403118377,0.24048604878464272,0.19599599718417357
437,2022-2023,2022-09-03,Wolves,Southampton,H,0.4242200467763963,0.31327966473081981,0.26250028849278384,0.39886545529881184,0.26451977823420236,0.33661476646698568,0.42473133880392355,0.26315216929115037,0.31211649190492596
438,2022-2023,2022-09-04,Brighton,Leicester City,H,0.53244368318732815,0.27246142747255603,0.1950948893401159,0.48479153004467501,0.29020797124115016,0.22500049871417499,0.5158533783780378,0.28240975798765106,0.20173686363431112
439,2022-2023,2022-09-04,Manchester Utd,Arsenal,H,0.27997080398787949,0.26297349075891052,0.45705570525321032,0.26847248118834327,0.25736476404889957,0.47416275476275699,0.29853649517671688,0.26353920028366973,0.4379243045396134
440,2022-2023,2022-09-16,Aston Villa,Southampton,H,0.52683004267874456,0.26425563859064433,0.2089143187306112,0.44772692044462653,0.26533558927266038,0.28693749028271331,0.48369453948446706,0.26016204427156225,0.25614341624397075
441,2022-2023,2022-09-16,Nottingham,Fulham,A,0.069352093526467665,0.15796712425214868,0.77268078222138381,0.17359125452780105,0.21840045315352058,0.60800829231867848,0.19937463925025772,0.23125551782712786,0.5693698429226145
442,2022-2023,2022-09-17,Newcastle,Bournemouth,D,0.78574943025057264,0.14898956829786483,0.065261001451562592,0.68087377239058566,0.21064768924273944,0.10847853836667493,0.7106085174683624,0.19619976079911297,0.093191721732524713
443,2022-2023,2022-09-17,Tottenham,Leicester City,H,0.78958016136689724,0.13537069784014502,0.075049140792957797,0.66604159377934891,0.20409040551085997,0.12986800070979129,0.69844642696168624,0.19025674918939398,0.1112968238489197
444,2022-2023,2022-09-17,Wolves,Manchester City,A,0.11115060524734192,0.22825270051776159,0.66059669423489664,0.12778376901038985,0.2447867489844634,0.6274294820051467,0.14602987151061214,0.26000025427044804,0.59396987421893988
445,2022-2023,2022-09-18,Brentford,Arsenal,A,0.40337196394841962,0.24250147686299475,0.35412655918858549,0.23140819325331272,0.24175855782723946,0.52683324891944794,0.26099933671174669,0.25075728913780643,0.48824337415044694
446,2022-2023,2022-09-18,Everton,West Ham,H,0.31217077130291854,0.33946339305513817,0.34836583564194351,0.33447065136702109,0.29417349851010188,0.37135585012287708,0.36557806841127327,0.29534949731546301,0.33907243427326356
447,2022-2023,2022-10-01,Arsenal,Tottenham,H,0.3570645905921736,0.25558793195900292,0.38734747744882359,0.42134919233148027,0.2657816732196579,0.31286913444886189,0.45687100699918753,0.26217976090626649,0.28094923209454603
448,2022-2023,2022-10-01,Bournemouth,Brentford,D,0.18790472759619739,0.20826664954408461,0.60382862285971783,0.22409207587198507,0.27103925768805309,0.50486866643996198,0.25051929505299314,0.27991504999750177,0.46956565494950503
449,2022-2023,2022-10-01,Crystal Palace,Chelsea,A,0.39775409153146951,0.29805419850810461,0.30419170996042605,0.40913617704603011,0.28662098466849678,0.30424283828547305,0.44231056701222782,0.28316337883521242,0.27452605415255971
450,2022-2023,2022-10-01,Fulham,Newcastle,A,0.56309548228467865,0.24264416762225224,0.19426035009306927,0.42716971942234766,0.24236818820189132,0.3304620923757613,0.46562637733350798,0.23908136368722904,0.29529225897926287
451,2022-2023,2022-10-01,Liverpool,Brighton,D,0.65695856721436618,0.22446216261918314,0.11857927016645053,0.57698779362798147,0.24810481275544988,0.17490739361656871,0.60997874726949908,0.23657937073204072,0.1534418819984604
452,2022-2023,2022-10-01,Southampton,Everton,A,0.37607824557119618,0.32022033694524599,0.30370141748355772,0.47453542063350473,0.26278722301799268,0.26267735634850253,0.50992749790969316,0.25612430899753497,0.23394819309277184
453,2022-2023,2022-10-01,West Ham,Wolves,H,0.43012950365605213,0.36397389219396298,0.20589660414998479,0.43847237514206655,0.31249063074307959,0.2490369941148538,0.46899457996793675,0.30644011110422914,0.22456530892783416
454,2022-2023,2022-10-02,Leeds United,Aston Villa,D,0.36702141451215103,0.27555582001063661,0.3574227654772123,0.33836266290852357,0.26479606247311704,0.3968412746183595,0.37068550191483335,0.26634437904936303,0.36297011903580356
455,2022-2023,2022-10-02,Manchester City,Manchester Utd,H,0.82432880009233667,0.11862164693812494,0.057049552969538467,0.68976991448464087,0.20183914370740483,0.10839094180795442,0.71816147848697487,0.18819999449592961,0.093638527017095338
456,2022-2023,2022-10-03,Leicester City,Nottingham,H,0.72333844362323074,0.1647400047704885,0.11192155160628063,0.68033088276785136,0.1968875868404662,0.12278153039168251,0.71640786547274327,0.18093386191567989,0.10265827261157701
457,2022-2023,2022-10-08,Bournemouth,Leicester City,H,0.20112104832412614,0.23026437374530676,0.56861457793056713,0.1863221470359599,0.2868524356376389,0.52682541732640098,0.21434653345238747,0.30026796549575613,0.48538550105185635
458,2022-2023,2022-10-08,Brighton,Tottenham,A,0.34955300154245306,0.2831687371027215,0.3672782613548255,0.35879251666492751,0.27512331738620999,0.36608416594886262,0.40112327717875429,0.27482794386980192,0.32404877895144391
459,2022-2023,2022-10-08,Chelsea,Wolves,H,0.61874285876797464,0.26892991463258736,0.11232722659943788,0.53403034305313757,0.2755378309524481,0.19043182599441452,0.57414580843777852,0.26240211603712243,0.16345207552509902
460,2022-2023,2022-10-08,Manchester City,Southampton,H,0.93369514065264292,0.048518552430530631,0.017786306916826464,0.73738331052587947,0.17601453700082759,0.086602152473292962,0.77214078308353784,0.15769782131016263,0.070161395606299498
461,2022-2023,2022-10-08,Newcastle,Brentford,H,0.48881475090838994,0.28000681558966539,0.23117843350194478,0.53992205620927514,0.23020245880745926,0.22987548498326585,0.58693423598040995,0.21844987055469925,0.19461589346489089
462,2022-2023,2022-10-09,Arsenal,Liverpool,H,0.33468541513764782,0.2512100313192388,0.41410455354311348,0.36049281106529607,0.27243893833377314,0.3670682506009309,0.40987474684464487,0.27193262324643774,0.3181926299089175
463,2022-2023,2022-10-09,Crystal Palace,Leeds United,H,0.60286963173829344,0.24328148692524981,0.15384888133645683,0.61630035501555613,0.2246161916831349,0.15908345330130916,0.66434403635818917,0.20637360720072137,0.12928235644108946
464,2022-2023,2022-10-09,Everton,Manchester Utd,A,0.33657934722422661,0.29945547592475497,0.36396517685101853,0.27000325028201028,0.23968939945274476,0.49030735026524519,0.31807127302162336,0.24864034011628486,0.43328838686209165
465,2022-2023,2022-10-09,West Ham,Fulham,H,0.45967321177399884,0.26132035767652811,0.27900643054947305,0.49544925553264701,0.27029398034575969,0.23425676412159327,0.54457281009000169,0.25824268126186467,0.19718450864813372
466,2022-2023,2022-10-10,Nottingham,Aston Villa,D,0.16719027347954982,0.28740130247028994,0.54540842405016032,0.13874969973045428,0.22116905842895729,0.64008124184058846,0.16796844617575243,0.24106177264357143,0.59096978118067611
467,2022-2023,2022-10-14,Brentford,Brighton,H,0.30158893608789916,0.28344295656903074,0.41496810734306994,0.26536713578954246,0.26857453320661351,0.46605833100384408,0.3067216348252858,0.27685093335396371,0.41642743182075054
468,2022-2023,2022-10-15,Fulham,Bournemouth,D,0.69173345499007854,0.18435155731316208,0.12391498769675927,0.5332924074432347,0.27325849813020436,0.19344909442656102,0.58229668138543444,0.25740804178781901,0.16029527682674666
469,2022-2023,2022-10-15,Leicester City,Crystal Palace,D,0.37374337445899874,0.26918939383760115,0.35706723170340005,0.29098070274544241,0.27414896254478444,0.43487033470977304,0.33867450276641931,0.28035331177990508,0.38097218545367578
470,2022-2023,2022-10-15,Tottenham,Everton,H,0.7530617771350715,0.1777087440435314,0.069229478821396975,0.67571298565152649,0.19542688337853784,0.12886013096993584,0.72433155645147029,0.17450742300083116,0.10116102054769853
471,2022-2023,2022-10-15,Wolves,Nottingham,H,0.51638742747609478,0.32701754469228983,0.15659502783161505,0.57715784575238982,0.25861475258875549,0.1642274016588546,0.625153058882845,0.24032352604321564,0.1345234150739395
472,2022-2023,2022-10-16,Aston Villa,Chelsea,A,0.27132462412216535,0.30802830469218356,0.42064707118565109,0.31761348748495433,0.29878365869506535,0.38360285381998033,0.36399822323257658,0.30143923954543644,0.33456253722198703
473,2022-2023,2022-10-16,Leeds United,Arsenal,A,0.17316984524766976,0.20919976786252403,0.6176303868898062,0.14786437364542557,0.20811296206364444,0.64402266429093002,0.18372828148305129,0.2292968924598236,0.58697482605712514
474,2022-2023,2022-10-16,Liverpool,Manchester City,H,0.41184527264254583,0.22107134469962672,0.36708338265782764,0.312720356202353,0.2788772701118849,0.40840237368576221,0.36148021520926271,0.28279637425374432,0.35572341053699297
475,2022-2023,2022-10-16,Manchester Utd,Newcastle,D,0.38208495726379194,0.27682404085341639,0.34109100188279179,0.44683009229220316,0.2460584328026002,0.30711147490519669,0.50461716175948845,0.23859621643799428,0.25678662180251755
476,2022-2023,2022-10-16,Southampton,West Ham,D,0.26370629101589121,0.31437933171319615,0.42191437727091252,0.32812497747865826,0.30334508743531113,0.36852993508603071,0.37448573052054168,0.3047522652991283,0.32076200418033002
477,2022-2023,2022-10-18,Brighton,Nottingham,D,0.82048516983184983,0.13997079148667077,0.039544038681479349,0.73559548029019195,0.18688205117688284,0.077522468532925354,0.77170511388582264,0.16646935037465976,0.061825535739517531
478,2022-2023,2022-10-18,Crystal Palace,Wolves,H,0.54131770209002916,0.33775751342039428,0.12092478448957644,0.51801407855843973,0.29656839442180422,0.18541752701975572,0.56004882002353606,0.28237937892234621,0.1575718010541175
479,2022-2023,2022-10-19,Bournemouth,Southampton,A,0.43036917440288502,0.29865165650297792,0.27097916909413711,0.24331752592492104,0.29874471096747857,0.45793776310760054,0.27876498480184969,0.30798712757496094,0.41324788762318931
480,2022-2023,2022-10-19,Brentford,Chelsea,D,0.29410873150318084,0.25942407008960455,0.44646719840721455,0.27494987426601442,0.26651611680601706,0.45853400892796858,0.3165568173615021,0.27392217704503963,0.40952100559345839
481,2022-2023,2022-10-19,Liverpool,West Ham,H,0.74038185772427256,0.18063292351866617,0.078985218757061437,0.62065491970805553,0.23262235483533636,0.14672272545660803,0.66338979827161981,0.21531722740000989,0.12129297432837037
482,2022-2023,2022-10-19,Manchester Utd,Tottenham,H,0.24735527803158289,0.26359506166826302,0.48904966030015395,0.32311382275085548,0.27056938545945147,0.40631679178969293,0.36756633133017347,0.27363963259260793,0.35879403607721849
483,2022-2023,2022-10-19,Newcastle,Everton,H,0.6175998859063937,0.26359259967701726,0.1188075144165891,0.59203548225069413,0.23830885420088668,0.16965566354841941,0.63665554669374369,0.22231618981105902,0.14102826349519743
484,2022-2023,2022-10-20,Fulham,Aston Villa,H,0.4847876785278456,0.25243270230759873,0.26277961916455578,0.25067300879521132,0.26370076115702568,0.48562623004776323,0.28773244729465891,0.27288401573381044,0.43938353697153054
485,2022-2023,2022-10-20,Leicester City,Leeds United,H,0.5920791099590661,0.20954935387202278,0.19837153616891112,0.49949068419513115,0.24727810180126378,0.25323121400360515,0.54556111254169859,0.2377663704731374,0.21667251698516418
486,2022-2023,2022-10-22,Chelsea,Manchester Utd,D,0.57434532394146376,0.24692745070757199,0.17872722535096427,0.401189147237623,0.27333525353710114,0.32547559922527586,0.45191803655223195,0.26927143289329136,0.2788105305544768
487,2022-2023,2022-10-22,Everton,Crystal Palace,H,0.28415198342111186,0.35465029662737002,0.36119771995151811,0.25856629124457814,0.30795066064518906,0.43348304811023286,0.29761501255133327,0.31621135506774245,0.38617363238092434
488,2022-2023,2022-10-22,Manchester City,Brighton,H,0.78638195831761926,0.1468133908257232,0.066804650856657544,0.61243167803869125,0.25009792705785372,0.13747039490345497,0.65622944189925048,0.23109280579375849,0.11267775230699112
489,2022-2023,2022-10-22,Nottingham,Liverpool,H,0.035150705030929451,0.12565663777341415,0.83919265719565628,0.072004616111548542,0.1727212123546979,0.75527417153375342,0.091724215697096684,0.19791276364572385,0.7103630206571796
490,2022-2023,2022-10-23,Aston Villa,Brentford,H,0.34829114397427618,0.30609555290187673,0.34561330312384703,0.50397701520775751,0.25426308931566144,0.241759895476581,0.5624918420860614,0.24058095828060552,0.19692719963333302
491,2022-2023,2022-10-23,Leeds United,Fulham,A,0.3587248319000621,0.23075104626236162,0.41052412183757625,0.48914090337323274,0.23910580777944457,0.2717532888473228,0.55175166195386249,0.22740637116312881,0.22084196688300883
492,2022-2023,2022-10-23,Southampton,Arsenal,D,0.16408175804197894,0.2287250704474092,0.6071931715106117,0.2152406868109,0.2588230118418513,0.52593630134724878,0.26016805627272521,0.27434128541128494,0.46549065831599001
493,2022-2023,2022-10-23,Tottenham,Newcastle,A,0.56091091136024851,0.26000965785291941,0.17907943078683219,0.48827162092237347,0.25777026917932455,0.25395810989830192,0.54688850574350589,0.24529798185474291,0.20781351240175097
494,2022-2023,2022-10-23,Wolves,Leicester City,A,0.32338527495056513,0.30795994898216589,0.36865477606726915,0.36549236416726832,0.30276892216145179,0.33173871367127999,0.41702446920741398,0.30033289298041355,0.28264263781217236
495,2022-2023,2022-10-24,West Ham,Bournemouth,H,0.64154196571535971,0.25003106490923432,0.10842696937540587,0.56320190245972912,0.28207866850482621,0.15471942903544483,0.60358827099992218,0.26587313746639563,0.13053859153368211
496,2022-2023,2022-10-29,Bournemouth,Tottenham,A,0.11121411789461046,0.21737441293300663,0.67141146917238304,0.17367131670152713,0.26231703147653962,0.56401165182193325,0.20655511613294517,0.27981500502781159,0.51362987883924294
497,2022-2023,2022-10-29,Brentford,Wolves,D,0.61188190082270921,0.25939050941350583,0.12872758976378523,0.42142458985012127,0.2823510176394925,0.29622439251038613,0.47005910075096435,0.27623767058581278,0.25370322866322281
498,2022-2023,2022-10-29,Brighton,Chelsea,H,0.35169480310735513,0.32433272958945208,0.32397246730319285,0.49293443747507465,0.28251139287499455,0.22455416964993086,0.53982310453935722,0.27045366091659778,0.18972323454404511
499,2022-2023,2022-10-29,Crystal Palace,Southampton,H,0.56565439976304588,0.27723480753716617,0.157110792699788,0.45209652786630916,0.2914831408453164,0.25642033128837427,0.49893826267046149,0.28235987618042785,0.21870186114911064
500,2022-2023,2022-10-29,Fulham,Everton,D,0.55702235830342295,0.22613047235797504,0.21684716933860201,0.43001527559922537,0.2635900406719614,0.30639468372881312,0.48163930272048416,0.25749447642601148,0.26086622085350419
501,2022-2023,2022-10-29,Leicester City,Manchester City,A,0.13476112271690929,0.14759665758620288,0.71764221969688791,0.11647509254141206,0.21363419565087921,0.66989071180770865,0.14332775771900694,0.23629768153539937,0.62037456074559372
502,2022-2023,2022-10-29,Liverpool,Leeds United,A,0.87709765882336588,0.092178488144397316,0.030723853032236886,0.72828486121040392,0.16980551295230439,0.10190962583729177,0.77090177691544493,0.14957771018340263,0.079520512901152543
503,2022-2023,2022-10-29,Newcastle,Aston Villa,H,0.61194181811180703,0.26081476891213845,0.12724341297605432,0.46810175699467382,0.27050248044701264,0.26139576255831359,0.51789918915161781,0.26092906698328278,0.2211717438650995
504,2022-2023,2022-10-30,Arsenal,Nottingham,H,0.84645361489550186,0.11975279985669651,0.033793585247801766,0.77679313393397431,0.16121238171389235,0.061994484352133242,0.81194980438697262,0.14014938906676128,0.047900806546266196
505,2022-2023,2022-10-30,Manchester Utd,West Ham,H,0.49266378820069079,0.291830483586418,0.21550572821289116,0.54220169474020907,0.26248131240230399,0.1953169928574871,0.59080962937616976,0.24722330102236545,0.16196706960146465
506,2022-2023,2022-11-05,Everton,Leicester City,A,0.40512694940529015,0.2939888618790315,0.30088418871567846,0.34527000429089627,0.28907266729056541,0.36565732841853821,0.39736022079938133,0.2895179346313253,0.31312184456929348
507,2022-2023,2022-11-05,Leeds United,Bournemouth,H,0.59039625899121895,0.24095207824272652,0.16865166276605462,0.5009759175749906,0.27837387184952683,0.22065021057548259,0.55396594961323076,0.2641813850882524,0.18185266529851685
508,2022-2023,2022-11-05,Manchester City,Fulham,H,0.92338981061718317,0.052267278402369458,0.024342910980447472,0.83769603419701455,0.11428375192522654,0.048020213877758872,0.87201232021384767,0.093522831881244634,0.034464847904907545
509,2022-2023,2022-11-05,Nottingham,Brentford,D,0.21828957652324626,0.29159898944834145,0.49011143402841223,0.30571497736619607,0.27219595548799624,0.42208906714580768,0.35805169421492405,0.27751822272799131,0.36443008305708469
510,2022-2023,2022-11-05,Wolves,Brighton,A,0.18563432706463767,0.32878396012761846,0.48558171280774409,0.23915431367171955,0.30283947914521375,0.45800620718306662,0.28106928656935143,0.31434061190831303,0.40459010152233554
511,2022-2023,2022-11-06,Aston Villa,Manchester Utd,H,0.30029365202058156,0.29917820878824486,0.40052813919117358,0.34680038496275623,0.27363738896678852,0.37956222607045526,0.39799828271744159,0.27454920284680523,0.32745251443575318
512,2022-2023,2022-11-06,Chelsea,Arsenal,A,0.37203100247451426,0.26530047472171925,0.36266852280376649,0.27838874157113075,0.27132062166261978,0.45029063676624942,0.325265687157825,0.2791402688945076,0.39559404394766734
513,2022-2023,2022-11-06,Southampton,Newcastle,A,0.17563637672215382,0.28171870603333121,0.54264491724451513,0.3049043943297895,0.28508876415885287,0.41000684151135769,0.35200323500273645,0.28975796865712899,0.35823879634013456
514,2022-2023,2022-11-06,Tottenham,Liverpool,A,0.446153659764217,0.25959296484177158,0.29425337539401153,0.38813383958347836,0.24610584645542294,0.36576031396109882,0.44553168376666202,0.2440861237701667,0.31038219246317134
515,2022-2023,2022-11-06,West Ham,Crystal Palace,A,0.43513977209214161,0.34205032102290095,0.22280990688495725,0.40927120661385102,0.31254372309442152,0.27818507029172784,0.45598623745488048,0.30581681608687378,0.23819694645824566
516,2022-2023,2022-11-12,Bournemouth,Everton,H,0.3497038314577614,0.30745710110824653,0.34283906743399217,0.39914631766866859,0.30034776766432958,0.30050591466700188,0.44118025604896538,0.29593724928223675,0.26288249466879798
517,2022-2023,2022-11-12,Liverpool,Southampton,H,0.84374466695887651,0.11517500876347968,0.041080324277643854,0.64342490524651286,0.20178366577569454,0.15479142897779269,0.68879992963023751,0.1848102439818827,0.12638982638787991
518,2022-2023,2022-11-12,Manchester City,Brentford,A,0.90101217711370685,0.070030445442232178,0.028957377444061034,0.82101825013341978,0.12629910480121084,0.052682645065369474,0.85080891010167148,0.10844682048582122,0.040744269412507292
519,2022-2023,2022-11-12,Newcastle,Chelsea,H,0.56130585968633784,0.25485649762357498,0.18383764269008721,0.46823656416714821,0.26600030642358902,0.26576312940926289,0.51464674014102718,0.25738912787519341,0.22796413198377929
520,2022-2023,2022-11-12,Nottingham,Crystal Palace,H,0.19087267582480039,0.30204392865780649,0.50708339551739334,0.24253262211049031,0.28201719331619696,0.47545018457331278,0.27868888430246008,0.29183907308560786,0.42947204261193217
521,2022-2023,2022-11-12,Tottenham,Leeds United,H,0.78589520543510882,0.1353238558204749,0.07878093874441619,0.66498161432856318,0.19085312340882579,0.14416526226261123,0.70986113389769834,0.17336617454656145,0.11677269155574022
522,2022-2023,2022-11-12,West Ham,Leicester City,A,0.42032872306093277,0.28490863143554074,0.29476264550352665,0.40894274147821069,0.28134095506072343,0.30971630346106577,0.4536386181452382,0.27682394163835533,0.26953744021640647
523,2022-2023,2022-11-12,Wolves,Arsenal,A,0.11365411810513168,0.2308371299859682,0.65550875190890023,0.18449419527044977,0.26885798741557099,0.54664781731397916,0.21530232705296759,0.2839780384103231,0.50071963453670931
524,2022-2023,2022-11-13,Brighton,Aston Villa,A,0.60300274527561615,0.23482829009433243,0.16216896463005137,0.53688497902944154,0.24627773387655244,0.21683728709400585,0.58016527866229006,0.23455297673756997,0.18528174460014002
525,2022-2023,2022-11-13,Fulham,Manchester Utd,A,0.47521256877786988,0.23371737867980907,0.29107005254232116,0.27872308070090629,0.23858983660507696,0.48268708269401683,0.32030718389819413,0.24597807482952355,0.43371474127228249
526,2022-2023,2022-12-26,Arsenal,West Ham,H,0.70863600775700253,0.19860607345200668,0.092757918790990726,0.61732944874196072,0.23517093364286973,0.14749961761516975,0.65399080322348613,0.22032883476837617,0.12568036200813759
527,2022-2023,2022-12-26,Aston Villa,Liverpool,A,0.21370768679734242,0.25176735635705377,0.53452495684560375,0.295585085927838,0.24781570071413794,0.45659921335802411,0.33489791676469133,0.25338121967110722,0.41172086356420146
528,2022-2023,2022-12-26,Brentford,Tottenham,D,0.30217606140641856,0.23151447181259965,0.4663094667809819,0.25728581594942634,0.22255251772407766,0.52016166632649607,0.29676590571358968,0.23146036135537201,0.47177373293103825
529,2022-2023,2022-12-26,Crystal Palace,Fulham,A,0.44477937535672085,0.26875645086543298,0.28646417377784633,0.50528138217376894,0.25031387449666548,0.24440474332956547,0.54713770372932069,0.24101138513909962,0.21185091113157958
530,2022-2023,2022-12-26,Everton,Wolves,A,0.46301271622919221,0.34265431709601885,0.19433296667478903,0.3404647533079157,0.29208533482771054,0.36744991186437387,0.37683985804774023,0.29305638529271028,0.33010375665954955
531,2022-2023,2022-12-26,Leicester City,Newcastle,A,0.31248692825725555,0.26231120440425604,0.42520186733848825,0.33677684386929241,0.26452086910880129,0.39870228702190624,0.37626750015292532,0.26656208151056304,0.35717041833651153
532,2022-2023,2022-12-26,Southampton,Brighton,A,0.2402526755882308,0.26384511215224399,0.49590221225952519,0.29799736306737112,0.27009413702607515,0.43190849990655383,0.33475863829434122,0.27493177196170071,0.39030958974395796
533,2022-2023,2022-12-27,Chelsea,Bournemouth,H,0.67821713344539758,0.19284779842304861,0.12893506813155373,0.52530331297004762,0.25789806547230959,0.21679862155764254,0.55656249232408661,0.24945374602736675,0.19398376164854667
534,2022-2023,2022-12-27,Manchester Utd,Nottingham,H,0.71996846844693707,0.1887790675838682,0.091252463969194827,0.6585619655813435,0.20522388962393556,0.13621414479472105,0.68821773913077178,0.19293112656253997,0.11885113430668819
535,2022-2023,2022-12-28,Leeds United,Manchester City,A,0.10203628207837206,0.13892999273526749,0.75903372518636025,0.1315071994482554,0.19509346045920903,0.67339934009253555,0.15394565496053575,0.21068787487895271,0.63536647016051162
536,2022-2023,2022-12-30,Liverpool,Leicester City,H,0.72569427833461297,0.16349154245835026,0.11081417920703676,0.64518696627412242,0.18807167664126007,0.16674135708461743,0.6843179748156939,0.1746666582048966,0.14101536697940958
537,2022-2023,2022-12-30,West Ham,Brentford,A,0.39361903462447728,0.28499741202106255,0.32138355335446028,0.4976594327212997,0.24471598351151946,0.257624583767181,0.53702676560296247,0.23672447545449088,0.22624875894254676
538,2022-2023,2022-12-31,Bournemouth,Crystal Palace,A,0.364703226249811,0.28562531349757397,0.34967146025261497,0.38993712455896135,0.29743973777148047,0.31262313766955829,0.42087919762009196,0.29492574004602434,0.28419506233388364
539,2022-2023,2022-12-31,Brighton,Arsenal,A,0.29289670893815872,0.25449359060362076,0.45260970045822052,0.33424350739337361,0.2874330834154738,0.37832340919115248,0.36483566297710157,0.28870599029594429,0.34645834672695419
540,2022-2023,2022-12-31,Fulham,Southampton,H,0.7294207510372841,0.164003811836367,0.10657543712634884,0.44708961980066697,0.2376296912722427,0.31528068892709044,0.48514338796746298,0.2333556541174325,0.28150095791510449
541,2022-2023,2022-12-31,Manchester City,Everton,D,0.86396000481781998,0.10114628775103397,0.034893707431145976,0.79299951023779736,0.14310383796565959,0.063896651796543108,0.81730164362184876,0.12917271401862893,0.053525642359522396
542,2022-2023,2022-12-31,Newcastle,Leeds United,D,0.78605829763031176,0.14076159784942588,0.073180104520262385,0.62474132853289566,0.21547062891358795,0.15978804255351647,0.65796009904758679,0.20317604867953457,0.13886385227287848
543,2022-2023,2022-12-31,Wolves,Manchester Utd,A,0.20465712388042037,0.27406047539557582,0.52128240072400389,0.25205896280434498,0.25721418903002352,0.49072684816563172,0.28091898375388391,0.26436008450193121,0.45472093174418493
544,2022-2023,2023-01-01,Nottingham,Chelsea,D,0.11672912373744772,0.24671419337483994,0.6365566828877125,0.22600717857008204,0.26680181981716383,0.5071910016127541,0.24805621745087009,0.27409648123249108,0.47784730131663877
545,2022-2023,2023-01-01,Tottenham,Aston Villa,A,0.66484292212995022,0.19151173570157509,0.14364534216847477,0.51548391432702689,0.23934692749733202,0.24516915817564114,0.5463779858278055,0.23256978302761347,0.22105223114458095
546,2022-2023,2023-01-02,Brentford,Liverpool,H,0.21318220098258878,0.23365221468331043,0.55316558433410079,0.18893367736588038,0.19300583068914606,0.6180604919449737,0.20991205723089973,0.20158331803210902,0.58850462473699139
547,2022-2023,2023-01-03,Arsenal,Newcastle,D,0.42979008186646739,0.28532597628334677,0.28488394185018601,0.46784970777959967,0.28406365453538235,0.24808663768501785,0.49398986043242327,0.27861656554703035,0.2273935740205463
548,2022-2023,2023-01-03,Everton,Brighton,A,0.25332901914472888,0.29008890597366915,0.45658207488160213,0.20564309744158984,0.25574131869848937,0.53861558385992103,0.22594102967829227,0.2638575833520137,0.5102013869696943
549,2022-2023,2023-01-03,Leicester City,Fulham,A,0.42079536597702333,0.23300269938130508,0.34620193464167154,0.40582469765928963,0.25061951811221944,0.34355578422849076,0.4352104329699033,0.24893596819393249,0.31585359883616415
550,2022-2023,2023-01-03,Manchester Utd,Bournemouth,H,0.72446876522494619,0.17530402577795848,0.10022720899709527,0.62011672787432948,0.21845227918201268,0.16143099294365773,0.64719776321100109,0.20857571583144877,0.14422652095755037
551,2022-2023,2023-01-04,Aston Villa,Wolves,D,0.57338139333563687,0.2749383251107585,0.15168028155360466,0.51293772585154818,0.27136938769379571,0.21569288645465604,0.53476840681648607,0.2655055290923648,0.19972606409114915
552,2022-2023,2023-01-04,Crystal Palace,Tottenham,A,0.2763346297210203,0.26937870806160358,0.45428666221737618,0.27041049731227146,0.26916775907173229,0.46042174361599608,0.28987821340641784,0.27316902350193772,0.43695276309164455
553,2022-2023,2023-01-04,Leeds United,West Ham,D,0.44134877555125507,0.28422763037041759,0.27442359407832728,0.31463826862349714,0.2707447107787565,0.41461702059774624,0.33567541463056672,0.27286020316946513,0.39146438219996821
554,2022-2023,2023-01-04,Southampton,Nottingham,A,0.48235548098762304,0.2930531639017202,0.22459135511065673,0.5135211771060233,0.26987195709074441,0.2166068658032321,0.53545608365623532,0.26401881592055065,0.20052510042321417
555,2022-2023,2023-01-05,Chelsea,Manchester City,A,0.21998355026861166,0.24863812185163472,0.53137832787975359,0.17944503717383173,0.2530916082035703,0.56746335462259778,0.18808325108182214,0.25766134750051067,0.55425540141766694
556,2022-2023,2023-01-12,Fulham,Chelsea,H,0.39688538930224088,0.28476624088550617,0.31834836981225278,0.3716241219977533,0.25829899795721711,0.3700768800450297,0.383865492721288,0.25836548517115765,0.35776902210755429
557,2022-2023,2023-01-13,Aston Villa,Leeds United,H,0.49244898448852387,0.2478079387232959,0.25974307678818009,0.5343887556054846,0.24555785951938183,0.22005338487513365,0.55215743241833382,0.24097799311931445,0.20686457446235176
558,2022-2023,2023-01-14,Brentford,Bournemouth,H,0.74061018311604698,0.15905265890538714,0.10033715797856588,0.46933754675548212,0.24413712622465422,0.2865253270198635,0.48918182526884457,0.2412257415184722,0.26959243321268339
559,2022-2023,2023-01-14,Brighton,Liverpool,H,0.32495189764802668,0.23247136897718701,0.44257673337478626,0.38276741224520278,0.23914488954425714,0.37808769821053989,0.40272685560777977,0.23905103164497213,0.35822211274724819
560,2022-2023,2023-01-14,Everton,Southampton,A,0.44474742240941811,0.30700494500197012,0.24824763258861177,0.30055893365744668,0.28854209213979792,0.41089897420275551,0.3160858627806169,0.29049585665836214,0.39341828056102096
561,2022-2023,2023-01-14,Manchester Utd,Manchester City,H,0.22174214345154622,0.23828742879405596,0.53997042775439774,0.2338129874726714,0.25750336741851748,0.50868364510881092,0.24834458833782747,0.26204312573378635,0.48961228592838624
562,2022-2023,2023-01-14,Nottingham,Leicester City,H,0.19815379747399184,0.26435315120838138,0.53749305131762692,0.28832888878584162,0.28933847024254011,0.42233264097161849,0.3034824349548883,0.29169924708441441,0.40481831796069745
563,2022-2023,2023-01-14,Wolves,West Ham,H,0.29365626398994171,0.34356886982979606,0.36277486618026233,0.34905386667642258,0.29539115645594899,0.35555497686762844,0.36529211987632354,0.29558426560676343,0.3391236145169132
564,2022-2023,2023-01-15,Chelsea,Crystal Palace,H,0.56616315437840647,0.27079035022822073,0.16304649539337276,0.50747055495363635,0.2658186679820238,0.2267107770643399,0.52946598360651542,0.26037039659144418,0.21016361980204057
565,2022-2023,2023-01-15,Newcastle,Fulham,H,0.58184015883437312,0.25118496816316116,0.1669748730024658,0.59380009673632206,0.22176141027328855,0.18443849299038925,0.61690584332008269,0.21439584706473122,0.1686983096151862
566,2022-2023,2023-01-15,Tottenham,Arsenal,A,0.33091009252170012,0.23472525651293516,0.43436465096536475,0.31550313577632555,0.26016395192415859,0.42433291229951581,0.33689234099957932,0.26241169572090989,0.4006959632795109
567,2022-2023,2023-01-18,Crystal Palace,Manchester Utd,D,0.21115438020792571,0.26751634316716894,0.52132927662490536,0.27432575477923826,0.25654211419678585,0.46913213102397577,0.29118482697117737,0.25999418618936709,0.4488209868394557
568,2022-2023,2023-01-19,Manchester City,Tottenham,H,0.65082489116488429,0.18241599888829985,0.16675910994681589,0.56224082898734806,0.23940653513882221,0.19835263587382981,0.58113758076502842,0.23382079062762492,0.18504162860734658
569,2022-2023,2023-01-21,Bournemouth,Nottingham,D,0.34986024633968943,0.29820073264633445,0.35193902101397601,0.37874428571986912,0.30105135777170144,0.3202043565084296,0.39629587185510068,0.3001469544819213,0.30355717366297802
570,2022-2023,2023-01-21,Crystal Palace,Newcastle,D,0.13587643377371034,0.28849878394030659,0.57562478228598313,0.27191493368493319,0.2942386086628403,0.43384645765222646,0.28746607702646881,0.2974175489394969,0.41511637403403412
571,2022-2023,2023-01-21,Leicester City,Brighton,D,0.27950146795230857,0.22555410769370965,0.49494442435398167,0.26678101898677237,0.2522730540660551,0.48094592694717242,0.28418342286275838,0.2561579585002009,0.45965861863704072
572,2022-2023,2023-01-21,Liverpool,Chelsea,D,0.50354325316289972,0.26320127558053602,0.23325547125656423,0.52488802650655719,0.22271217253014391,0.25239980096329878,0.54722889107626826,0.21822032107080935,0.23455078785292235
573,2022-2023,2023-01-21,Southampton,Aston Villa,A,0.26012412920772421,0.27050197061851233,0.46937390017376363,0.36429599312642397,0.28646081758064335,0.3492431892929328,0.3824625224900054,0.28632760882859298,0.33120986868140168
574,2022-2023,2023-01-21,West Ham,Everton,H,0.45730906564613077,0.31081216110452431,0.23187877324934481,0.49700393684242405,0.25930030664381348,0.24369575651376257,0.51684827245057385,0.25503921992243872,0.22811250762698729
575,2022-2023,2023-01-22,Arsenal,Manchester Utd,H,0.62244454694950779,0.22148078267469246,0.15607467037579972,0.50612678514089293,0.25107986574375302,0.242793349115354,0.5316419926943301,0.24545537418006597,0.22290263312560427
576,2022-2023,2023-01-22,Leeds United,Brentford,D,0.3196918965716965,0.23499795519204403,0.44531014823625958,0.38849377067769891,0.24397123557978087,0.36753499374252013,0.4151859272945343,0.24342000652853962,0.34139406617692625
577,2022-2023,2023-01-22,Manchester City,Wolves,H,0.83870119228892948,0.11808626728151715,0.043212540429553317,0.69499922701235017,0.20848874066523018,0.096512032322419838,0.71502730198564823,0.19809401298305038,0.086878685031301348
578,2022-2023,2023-01-23,Fulham,Tottenham,A,0.42531723997127346,0.2339408986248909,0.34074186140383567,0.24897009547380744,0.22557099424923663,0.52545891027695579,0.27197758852439924,0.23149180779960757,0.49653060367599328
579,2022-2023,2023-02-03,Chelsea,Fulham,D,0.42998758621829075,0.30474234582156801,0.26527006796014135,0.53202533067945346,0.24285176963562591,0.22512289968492039,0.55488875795958104,0.2371831967769088,0.20792804526351003
580,2022-2023,2023-02-04,Aston Villa,Leicester City,A,0.46997722148915116,0.26273998945943061,0.26728278905141817,0.4573130844411894,0.27505035638777137,0.2676365591710394,0.47992284905225369,0.27121176117666546,0.24886538977108102
581,2022-2023,2023-02-04,Brentford,Southampton,H,0.68677531102469247,0.20106548015997641,0.11215920881533112,0.36094556961939811,0.27234613863483026,0.36670829174577158,0.38325589353298745,0.27253125860128191,0.34421284786573053
582,2022-2023,2023-02-04,Brighton,Bournemouth,H,0.84280615876316745,0.10545839615087249,0.051735445085960126,0.66448123913033619,0.20926123438367258,0.12625752648599128,0.68535569632484239,0.20016398779442532,0.11448031588073236
583,2022-2023,2023-02-04,Everton,Arsenal,H,0.075523796521228523,0.16770338743052612,0.75677281604824542,0.1552736574758723,0.23288017001736089,0.61184617250676698,0.16961462248562623,0.2418785790316928,0.58850679848268073
584,2022-2023,2023-02-04,Manchester Utd,Crystal Palace,H,0.62370081696883739,0.23939222115445016,0.13690696187671245,0.57297658067739199,0.23967334563838583,0.18735007368422216,0.59581137500784165,0.23242962543306026,0.1717589995590979
585,2022-2023,2023-02-04,Newcastle,West Ham,D,0.65976362863818883,0.2525878652828385,0.087648506078972552,0.56051852912572608,0.26803430822496649,0.17144716264930734,0.58136952716280721,0.26059732231670663,0.15803315052048614
586,2022-2023,2023-02-04,Wolves,Liverpool,H,0.14909713844555827,0.25963936207436744,0.59126349948007439,0.22156785362038683,0.2437066094589162,0.53472553692069713,0.24011601276798183,0.25013168834486632,0.50975229888715179
587,2022-2023,2023-02-05,Nottingham,Leeds United,H,0.34030760830445378,0.28195240045281561,0.3777399912427305,0.40527616366311642,0.27997297177341396,0.3147508645634694,0.43292735087120898,0.27762800055020515,0.28944464857858582
588,2022-2023,2023-02-05,Tottenham,Manchester City,H,0.28797746446999528,0.21351754590958416,0.49850498962042061,0.25618237663381926,0.25922044981430686,0.48459717355187371,0.28054268369621299,0.26518345678471145,0.45427385951907562
589,2022-2023,2023-02-08,Manchester Utd,Leeds United,D,0.70255629014356624,0.17132588128563378,0.12611782857079995,0.59918168969248331,0.21096166635406022,0.18985664395345664,0.63399715490514197,0.20014236372150096,0.16586048137335704
590,2022-2023,2023-02-11,Arsenal,Brentford,D,0.65309673144964819,0.19346816261356722,0.15343510593678455,0.68200097765655476,0.18185030342810579,0.13614871891533942,0.7113427966489374,0.17013289177499297,0.11852431157606969
591,2022-2023,2023-02-11,Bournemouth,Newcastle,D,0.096287276030800673,0.22276242099890464,0.6809503029702948,0.2004392916177572,0.2657805351071531,0.53378017327508953,0.22134769907334739,0.2750441971124879,0.50360810381416454
592,2022-2023,2023-02-11,Crystal Palace,Brighton,D,0.2549214640992471,0.25645284890617237,0.48862568699458042,0.24501682065527333,0.25266366302474236,0.50231951631998428,0.27021818670027836,0.25965582217187022,0.47012599112785136
593,2022-2023,2023-02-11,Fulham,Nottingham,H,0.63681358320198056,0.2327190400209932,0.13046737677702633,0.47044295690191701,0.25899965129552116,0.27055739180256172,0.50117932024825051,0.25365357818818141,0.24516710156356813
594,2022-2023,2023-02-11,Leicester City,Tottenham,H,0.30864192873917062,0.2144210303962624,0.47693704086456695,0.32492735311907545,0.24312754958239183,0.43194509729853287,0.35560996712152287,0.24587238796122324,0.39851764491725372
595,2022-2023,2023-02-11,Southampton,Wolves,A,0.3072051594851945,0.30565114390157527,0.38714369661323023,0.46478741911909838,0.2692698454357938,0.26594273544510794,0.49449715865257543,0.26395233598572349,0.24155050536170111
596,2022-2023,2023-02-11,West Ham,Chelsea,D,0.28474159930281706,0.33270990213396007,0.38254849856322298,0.34436937709187887,0.28155759379214551,0.37407302911597562,0.37201811525650935,0.28244249918963321,0.34553938555385744
597,2022-2023,2023-02-12,Leeds United,Manchester Utd,A,0.2852808383580821,0.23697800806385683,0.47774115357806107,0.25432273430003866,0.2431009919671617,0.50257627373279967,0.28621305870486513,0.25074251769391248,0.4630444236012225
598,2022-2023,2023-02-12,Manchester City,Aston Villa,H,0.80625374217113666,0.12614339723293888,0.067602860595924311,0.64267123524018765,0.22287890085793316,0.13444986390187905,0.67462471687643555,0.20910602645153828,0.11626925667202619
599,2022-2023,2023-02-13,Liverpool,Everton,H,0.69646607460634569,0.19630471491928339,0.10722921047437101,0.66385581002863858,0.18862045393718926,0.14752373603417226,0.69529389508903161,0.17673016409778308,0.12797594081318533
600,2022-2023,2023-02-15,Arsenal,Manchester City,A,0.41229906883944317,0.24393283394498619,0.34376809721557078,0.30003448638791202,0.29258387821299259,0.40738163539909539,0.32703561196613512,0.29590765626645144,0.37705673176741356
601,2022-2023,2023-02-18,Aston Villa,Arsenal,A,0.22407393265124734,0.23170381151026853,0.54422225583848427,0.28391956450148342,0.26380765630608388,0.45227277919243286,0.31137359756316885,0.26850686795860257,0.4201195344782287
602,2022-2023,2023-02-18,Brentford,Crystal Palace,D,0.58773277625678888,0.2528558732363374,0.15941135050687386,0.4069389986505314,0.26196999028054896,0.33109101106891947,0.43844738652224935,0.25976774544159442,0.30178486803615634
603,2022-2023,2023-02-18,Brighton,Fulham,A,0.46661930697598664,0.2542843365195383,0.2790963565044749,0.63353729963494232,0.20876631779583801,0.15769638256921972,0.66387911717421244,0.19757033985312777,0.1385505429726599
604,2022-2023,2023-02-18,Chelsea,Southampton,A,0.69649081873629859,0.21371258596116771,0.089796595302533797,0.46008009268649497,0.27919866034322555,0.26072124697027949,0.48963444254505972,0.27371705574318689,0.23664850171175345
605,2022-2023,2023-02-18,Everton,Leeds United,H,0.34992990282239184,0.2979446170685231,0.35212548010908529,0.35975376826038863,0.27270941322611375,0.36753681851349768,0.38940106495612037,0.2728850675454994,0.33771386749838045
606,2022-2023,2023-02-18,Newcastle,Liverpool,A,0.51605036060338227,0.28275633080255019,0.20119330859406753,0.44134881061914361,0.25979731194276134,0.29885387743809522,0.47314100187063585,0.2557976953889663,0.27106130274039786
607,2022-2023,2023-02-18,Nottingham,Manchester City,D,0.079654872213308567,0.16881756391140038,0.75152756387529118,0.1150624088280537,0.24071141549003092,0.64422617568191543,0.12935603650587754,0.25462838260331644,0.61601558089080599
608,2022-2023,2023-02-18,Wolves,Bournemouth,A,0.54217231599459126,0.27271417910651302,0.18511350489889575,0.44970539199731491,0.27618854993377168,0.27410605806891353,0.47968116710987402,0.27132935777979877,0.24898947511032724
609,2022-2023,2023-02-19,Manchester Utd,Leicester City,H,0.56055111898955745,0.20127245452564152,0.238176426484801,0.52449697322339162,0.23059844535984847,0.24490458141676003,0.54341747274344032,0.22657964562281818,0.23000288163374169
610,2022-2023,2023-02-19,Tottenham,West Ham,H,0.62310808510748072,0.20823076459896314,0.16866115029355616,0.54746045497316631,0.23211922260966958,0.220420322417164,0.56572512909656192,0.2274831774009628,0.20679169350247514
611,2022-2023,2023-02-24,Fulham,Wolves,D,0.6195852986148398,0.24637662161465099,0.13403807977050944,0.42201579447996951,0.27046858357152093,0.3075156219485094,0.44182258540081859,0.26855943730784743,0.28961797729133387
612,2022-2023,2023-02-25,Bournemouth,Manchester City,A,0.071503183846129359,0.13258749422243613,0.79590932193143427,0.10296788861269779,0.197377869742354,0.69965424164494816,0.11169010559562746,0.20617763986609502,0.68213225453827764
613,2022-2023,2023-02-25,Crystal Palace,Liverpool,D,0.23857689793311712,0.26823858138636031,0.49318452068052265,0.24400396854214051,0.2341770325667864,0.52181899889107297,0.26049369918385751,0.23888926031367216,0.50061704050247047
614,2022-2023,2023-02-25,Everton,Aston Villa,A,0.31134246735093096,0.28508232892047219,0.40357520372859695,0.32891230830820362,0.26793911847631358,0.40314857321548286,0.34647876479300527,0.26939655905776805,0.38412467614922646
615,2022-2023,2023-02-25,Leeds United,Southampton,H,0.53390882393839501,0.2464848320532072,0.21960634400839771,0.34507618774625648,0.2724348718347866,0.38248894041895704,0.36272845274178739,0.27326884917665367,0.36400269808155888
616,2022-2023,2023-02-25,Leicester City,Arsenal,A,0.26209322964312881,0.20199596578705376,0.53591080456981743,0.28570964259466236,0.25803468088884229,0.45625567651649518,0.30258843248458905,0.26110964558338434,0.43630192193202655
617,2022-2023,2023-02-25,West Ham,Nottingham,H,0.45825738218134665,0.31607117142002256,0.22567144639863074,0.43989681550235088,0.30711172641681367,0.25299145808083556,0.45637072540460172,0.30414067984037491,0.23948859475502338
618,2022-2023,2023-02-26,Tottenham,Chelsea,H,0.50601401276375046,0.26203218602684397,0.23195380120940567,0.49203865166926475,0.23445137173622843,0.27350997659450704,0.51241146651680125,0.23105260742569558,0.25653592605750314
619,2022-2023,2023-03-01,Arsenal,Everton,H,0.81024845909297016,0.13399089355256083,0.055760647354469062,0.64077256700333352,0.21397381912576255,0.14525361387090416,0.66032026492354456,0.20623517993852719,0.13344455513792794
620,2022-2023,2023-03-01,Liverpool,Wolves,H,0.65393644465977208,0.21734341868251528,0.12872013665771279,0.63412055510318355,0.20655658949364303,0.15932285540317351,0.65477803888060937,0.19909371466326939,0.14612824645612116
621,2022-2023,2023-03-04,Arsenal,Bournemouth,H,0.87790261091924404,0.08458575910428083,0.037511629976475232,0.65865453514502315,0.20498567280642782,0.13635979204854892,0.68359015979792959,0.19468239715832936,0.12172744304374125
622,2022-2023,2023-03-04,Aston Villa,Crystal Palace,H,0.48302023781479514,0.26898680795178276,0.24799295423342196,0.51124421410213627,0.24954814780383938,0.2392076380940244,0.53871578298490108,0.2433321413045014,0.21795207571059769
623,2022-2023,2023-03-04,Brighton,West Ham,H,0.56712419911435752,0.22695241957941376,0.20592338130622864,0.63255914687770187,0.21581408589903722,0.1516267672232611,0.65808015302429135,0.20599187446793887,0.13592797250776981
624,2022-2023,2023-03-04,Chelsea,Leeds United,H,0.54351208777942217,0.27462114139537769,0.18186677082520006,0.53428107532347302,0.24526244704799754,0.22045647762852957,0.56149374915026007,0.23820404172623416,0.20030220912350566
625,2022-2023,2023-03-04,Manchester City,Newcastle,H,0.56874197815594274,0.24180258649551389,0.18945543534854339,0.58302320190432078,0.24919417041494743,0.16778262768073177,0.60776651561656203,0.24020889242407176,0.15202459195936627
626,2022-2023,2023-03-04,Southampton,Leicester City,H,0.22597385273893011,0.22848389467672955,0.54554225258434041,0.41338609007423616,0.27081379989224619,0.31580011003351754,0.439875430068986,0.26854263517535892,0.29158193475565503
627,2022-2023,2023-03-04,Wolves,Tottenham,H,0.21339142369323619,0.24721964093378843,0.53938893537297539,0.27600276081128494,0.25735453595861352,0.46664270323010165,0.29980452814302294,0.26211817888718436,0.43807729296979281
628,2022-2023,2023-03-05,Liverpool,Manchester Utd,H,0.49611752922056335,0.22685078592973587,0.27703168484970064,0.51102486933839852,0.20765728355004345,0.28131784711155799,0.55005399193606197,0.20120038992502889,0.24874561813890922
629,2022-2023,2023-03-05,Nottingham,Everton,D,0.42721508166741479,0.31527680151421422,0.25750811681837088,0.3691027784291212,0.27381427883165915,0.3570829427392197,0.39952697390376646,0.27369735612270546,0.32677566997352808
630,2022-2023,2023-03-06,Brentford,Fulham,H,0.45029557976414747,0.25578279623090527,0.2939216240049472,0.40652288814203319,0.22204359485251884,0.37143351700544791,0.45124980609286397,0.22038639970216062,0.32836379420497536
631,2022-2023,2023-03-11,Bournemouth,Liverpool,H,0.13727711729714487,0.17360587611498041,0.68911700658787478,0.19697210060001621,0.19522733439866458,0.60780056500131929,0.23044262557427628,0.20816038700262715,0.56139698742309663
632,2022-2023,2023-03-11,Crystal Palace,Manchester City,A,0.14275683830560779,0.21313977624077471,0.64410338545361778,0.13693671363485868,0.2299082902453787,0.63315499611976256,0.15839597922149176,0.24673596798370803,0.59486805279480037
633,2022-2023,2023-03-11,Everton,Brentford,H,0.21015496251763929,0.23775739223088396,0.5520876452514768,0.45889956617006311,0.22603240075564723,0.31506803307428966,0.50322922783569146,0.22087255482616772,0.27589821733814091
634,2022-2023,2023-03-11,Leeds United,Brighton,D,0.22931179971848134,0.21836450011246322,0.55232370016905563,0.20961195180719661,0.21701496429835937,0.57337308389444397,0.24185094421387227,0.22899423374520117,0.52915482204092679
635,2022-2023,2023-03-11,Leicester City,Chelsea,A,0.41118294775919423,0.28079923864708056,0.30801781359372499,0.36090467453858721,0.26421449470733649,0.37488083075407624,0.39835735987445642,0.26474666910397404,0.33689597102156948
636,2022-2023,2023-03-11,Tottenham,Nottingham,H,0.78859466173715831,0.13421152513665977,0.077193813126182106,0.62835616449722131,0.20398431721765528,0.16765951828512343,0.66671831378103341,0.1905504541117635,0.14273123210720312
637,2022-2023,2023-03-12,Fulham,Arsenal,A,0.35579121933070235,0.22513385854628698,0.41907492212301062,0.28242815536241,0.22207772319435035,0.49549412144323962,0.32040965962782375,0.22890905481340934,0.45068128555876708
638,2022-2023,2023-03-12,Manchester Utd,Southampton,D,0.75110736157196611,0.1453847892787736,0.10350784914926033,0.53956089913001626,0.21268874339776161,0.2477503574722221,0.58234511671451017,0.20338291156885976,0.21427197171663004
639,2022-2023,2023-03-12,Newcastle,Wolves,H,0.60161184284414415,0.26496135536399684,0.13342680179185917,0.59414144417420678,0.22567390184773098,0.18018465397806246,0.6308768953745032,0.21336077863307709,0.15576232599241976
640,2022-2023,2023-03-12,West Ham,Aston Villa,D,0.44697665738895281,0.23231974911151121,0.32070359349953592,0.37191272175889273,0.24535352308274552,0.38273375515836183,0.41120696655017519,0.24562219588562859,0.34317083756419609
641,2022-2023,2023-03-15,Brighton,Crystal Palace,H,0.64532764326967129,0.21339507611483344,0.14127728061549544,0.65707468527495849,0.20602460852962193,0.13690070619541977,0.6895417220257346,0.19248778387984078,0.11797049409442449
642,2022-2023,2023-03-15,Southampton,Brentford,A,0.226587919431669,0.25137424653814661,0.52203783403018444,0.53963405551327825,0.22064893474499153,0.23971700974173027,0.57883113071955894,0.21165844726638067,0.20951042201406064
643,2022-2023,2023-03-17,Nottingham,Newcastle,A,0.17618598926423668,0.25665028106969634,0.56716372966606687,0.23400254020740396,0.25325663163827994,0.5127408281543161,0.26178834177613741,0.2622594924413999,0.47595216578246274
644,2022-2023,2023-03-18,Aston Villa,Bournemouth,H,0.61360375079066709,0.19878803361935704,0.18760821558997601,0.55455440069719253,0.2199149160626985,0.22553068324010886,0.59079654176426644,0.21079289233424392,0.19841056590148978
645,2022-2023,2023-03-18,Brentford,Leicester City,D,0.63263956115179421,0.18182506180243946,0.18553537704576636,0.41281216790880892,0.22841110616928678,0.35877672592190413,0.45113212105459183,0.22653761607286391,0.32233026287254413
646,2022-2023,2023-03-18,Chelsea,Everton,D,0.61404569291579703,0.25622428509641298,0.12973002198779024,0.52195025314320487,0.23384594985107995,0.24420379700571523,0.55755533549999625,0.22595062925161857,0.2164940352483852
647,2022-2023,2023-03-18,Southampton,Tottenham,D,0.16979055135952889,0.21524681939126269,0.61496262924920819,0.34805887564594362,0.24089825302987061,0.41104287132418565,0.38300197353670151,0.24266142315009018,0.37433660331320839
648,2022-2023,2023-03-18,Wolves,Leeds United,A,0.47183196748855144,0.27021184429994405,0.25795618821150468,0.40538408244812713,0.2615758746031604,0.33304004294871242,0.43905178368640058,0.25944374854630137,0.30150446776729789
649,2022-2023,2023-03-19,Arsenal,Crystal Palace,H,0.73676458518427246,0.17658022099796211,0.086655193817765555,0.62872950240988035,0.2185823575055246,0.15268814008459494,0.65211203944181595,0.20963666353946425,0.13825129701871994
650,2022-2023,2023-04-01,Arsenal,Leeds United,H,0.83301111843765863,0.10102029516438282,0.065968586397958467,0.63833742210740951,0.19706960720099764,0.16459297069159282,0.66661092009900147,0.18722749053128318,0.14616158936971546
651,2022-2023,2023-04-01,Bournemouth,Fulham,H,0.272536552526289,0.24888441722315235,0.47857903025055881,0.3684300764712215,0.2367889657523414,0.39478095777643701,0.39852516667857285,0.23746894117462747,0.3640058921467999
652,2022-2023,2023-04-01,Brighton,Brentford,D,0.52907142183211353,0.21807338921467992,0.25285518895320641,0.67838783480021125,0.17352106243028997,0.14809110276949869,0.70694750490238667,0.16306266971002831,0.12998982538758494
653,2022-2023,2023-04-01,Chelsea,Aston Villa,A,0.48142219114478929,0.25960351395105252,0.25897429490415824,0.4717987596616624,0.23370644614392111,0.29449479419441671,0.50271993585663532,0.22946286025200896,0.26781720389135577
654,2022-2023,2023-04-01,Crystal Palace,Leicester City,H,0.36475219922804852,0.27937823147245405,0.35586956929949753,0.3804213862276149,0.27833153207205225,0.34124708170033285,0.40665576348781085,0.27766102040189816,0.31568321611029082
655,2022-2023,2023-04-01,Manchester City,Liverpool,H,0.61256031286451129,0.197215080940632,0.19022460619485676,0.58133446381147857,0.22319999390685974,0.19546554228166182,0.6097498862243298,0.21467906694706546,0.17557104682860467
656,2022-2023,2023-04-01,Nottingham,Wolves,D,0.36687446127472451,0.28080461092438241,0.35232092780089297,0.38244183760275868,0.26963228187874855,0.34792588051849288,0.40944266851722144,0.26902941853947743,0.32152791294330146
657,2022-2023,2023-04-02,Newcastle,Manchester Utd,H,0.55092024546705576,0.24379142985850194,0.20528832467444244,0.49049739499920514,0.23200959660785342,0.27749300839294144,0.50900273737160595,0.2291804044386086,0.26181685818978562
658,2022-2023,2023-04-02,West Ham,Southampton,H,0.55589908660807474,0.25664149059527547,0.18745942279664982,0.37907686952141861,0.27725358078406909,0.34366954969451252,0.39481776561730531,0.27711841158653133,0.32806382279616353
659,2022-2023,2023-04-03,Everton,Tottenham,D,0.22674071795264111,0.22334255099004807,0.54991673105731076,0.32886517592405257,0.22674487468510079,0.44438994939084681,0.34926430107491974,0.22890990210525236,0.42182579681982796
660,2022-2023,2023-04-04,Bournemouth,Brighton,A,0.23977313908728271,0.21384263920081939,0.54638422171189782,0.20354483983584595,0.20831815816330865,0.5881370020008454,0.21813131012709863,0.21428067797888731,0.56758801189401409
661,2022-2023,2023-04-04,Chelsea,Liverpool,D,0.30181888218712266,0.27548342519233054,0.42269769262054674,0.37216436397972463,0.23771683520035181,0.39011880081992345,0.39102877169392014,0.23825442461833077,0.37071680368774917
662,2022-2023,2023-04-04,Leeds United,Nottingham,H,0.59577939413120773,0.21462811276547025,0.18959249310332191,0.45432293021865544,0.25973344277958077,0.28594362700176384,0.47197436707735846,0.25747429345591233,0.27055133946672916
663,2022-2023,2023-04-04,Leicester City,Aston Villa,A,0.40411048194813093,0.22877030131020396,0.36711921674166492,0.40228882253782944,0.24736078499070097,0.35035039247146965,0.42076574661617649,0.24684616907087034,0.33238808431295314
664,2022-2023,2023-04-05,Manchester Utd,Brentford,H,0.42781784824618957,0.23473624737816581,0.33744590437564459,0.64815483252114958,0.17840780002515841,0.17343736745369201,0.66477043234262945,0.17326003213840913,0.16196953551896121
665,2022-2023,2023-04-05,West Ham,Newcastle,A,0.24484412282936863,0.30747718349928577,0.44767869367134561,0.26324803437127164,0.27140791159854777,0.46534405403018037,0.27542723506115707,0.27460361871750316,0.44996914622133954
666,2022-2023,2023-04-08,Aston Villa,Nottingham,H,0.71545024873044383,0.17249959426700306,0.11205015700255307,0.52979402813138421,0.23859318957095166,0.23161278229766424,0.54209341001606515,0.23582607073922898,0.22208051924470584
667,2022-2023,2023-04-08,Brentford,Newcastle,A,0.32242964407079361,0.2716624405318252,0.40590791539738108,0.23993176333264962,0.22762189392900922,0.53244634273834113,0.25032728570752649,0.2308904754019388,0.51878223889053465
668,2022-2023,2023-04-08,Fulham,West Ham,A,0.56943355716630595,0.23031720926692745,0.2002492335667666,0.44671192965773537,0.25035671960239292,0.30293135073987187,0.45913550102191747,0.24908699548578836,0.29177750349229425
669,2022-2023,2023-04-08,Leicester City,Bournemouth,A,0.60461997789554511,0.20542766857616954,0.18995235352828524,0.4932481104330122,0.24109922816344123,0.26565266140354654,0.50586140662794843,0.23898960616785506,0.25514898720419643
670,2022-2023,2023-04-08,Manchester Utd,Everton,H,0.63349330849748908,0.21557900918747513,0.15092768231503598,0.58368039120818926,0.21274268000202218,0.20357692878978864,0.59640385428114773,0.20930046183892398,0.19429568387992852
671,2022-2023,2023-04-08,Southampton,Manchester City,A,0.069044819196425106,0.13435455818604375,0.79660062261753117,0.17303838869379315,0.25979768884364063,0.56716392246256631,0.1802995346368339,0.26435496775002887,0.55534549761313745
672,2022-2023,2023-04-08,Tottenham,Brighton,H,0.47956194556649306,0.20841417558412353,0.31202387884938321,0.33565957715299227,0.22082292516769525,0.44351749767931226,0.34880933400804598,0.22212266253569887,0.42906800345625506
673,2022-2023,2023-04-08,Wolves,Chelsea,H,0.31331944308087417,0.33076945676229136,0.35591110015683453,0.31975488601984658,0.25883189734604112,0.42141321663411241,0.33089109758924157,0.26021355484729131,0.40889534756346707
674,2022-2023,2023-04-09,Leeds United,Crystal Palace,A,0.45394186352377158,0.2657775003766677,0.28028063609956083,0.44272610554918768,0.25511498889639883,0.30215890555441333,0.45330406098306231,0.25406307658953048,0.29263286242740727
675,2022-2023,2023-04-09,Liverpool,Arsenal,D,0.40508637114571489,0.21935164451151359,0.37556198434277166,0.49994294650674753,0.21857847276501008,0.28147858072824233,0.51194359956160451,0.21681247162955347,0.27124392880884207
676,2022-2023,2023-04-15,Aston Villa,Newcastle,H,0.30262260439273309,0.2565822201901945,0.44079517541707264,0.31148597151769031,0.2422389030574377,0.44627512542487213,0.31625759387975055,0.24295776059723004,0.44078464552301927
677,2022-2023,2023-04-15,Chelsea,Brighton,A,0.32804591024941876,0.2717508267471791,0.40020326300340198,0.31861499652225139,0.24129015710809545,0.44009484636965329,0.32345952670040451,0.24194794909506717,0.4345925242045281
678,2022-2023,2023-04-15,Everton,Fulham,A,0.30267827258448132,0.28236886320844545,0.41495286420707345,0.47324802644213942,0.23119251383995815,0.29555945971790226,0.4787319215064772,0.23053890677687741,0.29072917171664553
679,2022-2023,2023-04-15,Manchester City,Leicester City,H,0.88636943596896367,0.072495832379565694,0.041134731651470448,0.80706414754515965,0.13200742399497026,0.060928428459870058,0.81055394010071713,0.13003522529732914,0.059410834601953552
680,2022-2023,2023-04-15,Southampton,Crystal Palace,A,0.26251266145409519,0.28719380758810853,0.4502935309577964,0.44509631017706563,0.26354927521705396,0.29135441460588035,0.44997896070042298,0.26300795961553347,0.28701307968404355
681,2022-2023,2023-04-15,Tottenham,Bournemouth,A,0.72799538468795255,0.15606158066963219,0.11594303464241545,0.60746890838985801,0.19098200768322834,0.20154908392691356,0.61309877887672926,0.18949239932298068,0.19740882180028985
682,2022-2023,2023-04-15,Wolves,Brentford,H,0.30289230198734562,0.26059161861910651,0.43651607939354797,0.45267737655944168,0.23385834093573227,0.31346428250482611,0.45813503942681394,0.23336591984884816,0.30849904072433804
683,2022-2023,2023-04-16,Nottingham,Manchester Utd,A,0.21783730259168241,0.23635240613832684,0.5458102912699907,0.28000956556415618,0.24842414475263444,0.47156628968320941,0.28324769213237788,0.24915164806827114,0.46760065979935106
684,2022-2023,2023-04-16,West Ham,Arsenal,D,0.16198188768964752,0.18176204734448989,0.65625606496586264,0.27162884304094553,0.24194043294432113,0.48643072401473336,0.2748749680162007,0.24273351912403834,0.48239151285976112
685,2022-2023,2023-04-17,Leeds United,Liverpool,A,0.18637591463440917,0.18202196084708533,0.63160212451850561,0.27358593096721162,0.21148122481108242,0.51493284422170593,0.2784991845785959,0.21257955854537636,0.50892125687602774
686,2022-2023,2023-04-21,Arsenal,Southampton,D,0.88131513835350506,0.080433022254821518,0.038251839391673328,0.56561115825471742,0.22806608278654966,0.20632275895873312,0.56539576983963169,0.22812353656298087,0.20648069359738766
687,2022-2023,2023-04-22,Brentford,Aston Villa,D,0.37919052099493794,0.23973421285739172,0.38107526614767007,0.37256145731121304,0.22393505829355498,0.40350348439523215,0.37202592896031705,0.2239119407768061,0.40406213026287657
688,2022-2023,2023-04-22,Crystal Palace,Everton,D,0.57890497549896536,0.25567666230928005,0.16541836219175451,0.49434207755650872,0.2380180979506353,0.26763982449285606,0.49383158064627986,0.23810040696550433,0.26806801238821587
689,2022-2023,2023-04-22,Fulham,Leeds United,H,0.64227907742061996,0.17968444429941399,0.17803647827996627,0.4206149258524815,0.22488482434163881,0.35450024980587963,0.42006655142814758,0.22490240061404523,0.35503104795780716
690,2022-2023,2023-04-22,Leicester City,Wolves,H,0.44207558988288925,0.25607386470352739,0.3018505454135833,0.42926752607137014,0.24704892729120295,0.32368354663742704,0.42876576379272752,0.24708173534104511,0.32415250086622732
691,2022-2023,2023-04-22,Liverpool,Nottingham,H,0.84742640039398764,0.10294240224872878,0.049631197357283628,0.70756645439397559,0.1721699852698671,0.12026356033615743,0.70711824326225314,0.17235687203280251,0.12052488470494439
692,2022-2023,2023-04-23,Bournemouth,West Ham,A,0.39972352598828265,0.26174189440264634,0.33853457960907085,0.44203027293804537,0.24470399821665287,0.31326572884530191,0.44178814214899087,0.24472430566007425,0.31348755219093488
693,2022-2023,2023-04-23,Newcastle,Tottenham,H,0.55522771204645582,0.21566685682012662,0.22910543113341758,0.53689442405786347,0.21801003341819816,0.24509554252393823,0.53663838207714898,0.21806085327888472,0.24530076464396644
694,2022-2023,2023-04-25,Aston Villa,Fulham,H,0.54092161971017838,0.23223970402005195,0.22683867626976956,0.52770096708952896,0.22196375748906758,0.25033527542140344,0.52842902484419341,0.22182465274406585,0.24974632241174072
695,2022-2023,2023-04-25,Leeds United,Leicester City,D,0.36365178140549193,0.21331227281469683,0.4230359457798113,0.43036481140134375,0.23803045494551459,0.33160473365314164,0.43107724306135231,0.23798827133497047,0.33093448560367722
696,2022-2023,2023-04-25,Wolves,Crystal Palace,H,0.33708581796879977,0.32218786831998902,0.34072631371121143,0.41859037700002977,0.26109093253604382,0.32031869046392641,0.41924282358018355,0.26105033453768001,0.31970684188213633
697,2022-2023,2023-04-26,Chelsea,Brentford,A,0.36711036610318437,0.30042428151429612,0.33246535238251945,0.53071260389412755,0.22016946254055836,0.24911793356531409,0.53467360152098065,0.21939894181072872,0.24592745666829063
698,2022-2023,2023-04-26,Manchester City,Arsenal,H,0.64788689632084318,0.16821651173269464,0.18389659194646224,0.62971752926462832,0.21447592176625735,0.15580654896911453,0.63311001283530643,0.21324261439460176,0.15364737277009147
699,2022-2023,2023-04-26,Nottingham,Brighton,H,0.16418562120772254,0.1964781751739568,0.63933620361832078,0.18238871063515694,0.21968361174930096,0.59792767761554222,0.1848924306845649,0.2209886518899587,0.5941189174254764
700,2022-2023,2023-04-26,West Ham,Liverpool,A,0.26167966216877514,0.22232090113062047,0.51599943670060455,0.27431791100185626,0.22339683138937191,0.50228525760877196,0.2777203599245418,0.22416587412143094,0.49811376595402718
701,2022-2023,2023-04-27,Everton,Newcastle,A,0.12705732226038635,0.21643825722925727,0.6565044205103564,0.26454356619804464,0.23526121565940672,0.50019521814254864,0.26737111370905225,0.23598278022840624,0.4966461060625415
702,2022-2023,2023-04-27,Southampton,Bournemouth,A,0.40598269683665544,0.26604886790744386,0.32796843525590075,0.54947404635174413,0.22105540826739353,0.2294705453808622,0.55290141310983754,0.22028068632083261,0.22681790056932999
703,2022-2023,2023-04-27,Tottenham,Manchester Utd,D,0.42767133705197613,0.21976145520225107,0.35256720774577271,0.36417599700846237,0.22118610838764108,0.41463789460389672,0.36773467351709821,0.22138218465363865,0.41088314182926311
704,2022-2023,2023-04-29,Brentford,Nottingham,H,0.65133983685945362,0.19858199915932337,0.1500781639812229,0.46602189603842142,0.24297033694063763,0.29100776702094089,0.46595678669976431,0.24297828966135995,0.29106492363887598
705,2022-2023,2023-04-29,Brighton,Wolves,H,0.5689198944133631,0.22202023979869714,0.20905986578793964,0.71597590722782822,0.16243141019815863,0.12159268257401315,0.71591674062101585,0.16245530376327325,0.12162795561571089
706,2022-2023,2023-04-29,Crystal Palace,West Ham,H,0.39541280278557589,0.29003832721588896,0.31454886999853521,0.43410266352266402,0.2621557334272992,0.30374160305003689,0.43404170846160717,0.26216129192533305,0.30379699961305984
707,2022-2023,2023-04-30,Bournemouth,Leeds United,H,0.47249783276647617,0.22982139315748468,0.29768077407603916,0.43241862219150679,0.22994673138328761,0.33763464642520569,0.43646315546560099,0.22971903069352312,0.33381781384087589
708,2022-2023,2023-04-30,Fulham,Manchester City,A,0.15162792163076028,0.18892936205970431,0.6594427163095351,0.11937674866046932,0.18881009752193373,0.691813153817597,0.12127889843048351,0.19044364284439166,0.68827745872512502
709,2022-2023,2023-04-30,Liverpool,Tottenham,H,0.68506003330848408,0.15639923112131215,0.15854073557020371,0.60837623282450859,0.18323185222416555,0.208391914951326,0.61267102035672416,0.18215938356153374,0.20516959608174207
710,2022-2023,2023-04-30,Manchester Utd,Aston Villa,H,0.40392778306408678,0.2571240004180268,0.33894821651788642,0.57765716816340629,0.20917121399718058,0.21317161783941307,0.58160551293482365,0.20817927449649246,0.21021521256868383
711,2022-2023,2023-04-30,Newcastle,Southampton,H,0.82921918655737337,0.11775981564528054,0.053020997797345912,0.56657252439140515,0.2316855914546096,0.20174188415398539,0.57019466236169447,0.23068292473882065,0.19912241289948471
712,2022-2023,2023-05-01,Leicester City,Everton,D,0.58253430424686958,0.23014494691633555,0.18732074883679478,0.48164649031405743,0.22762381060157535,0.29072969908436741,0.4937342688282183,0.22600434630841426,0.28026138486336755
713,2022-2023,2023-05-02,Arsenal,Chelsea,H,0.67913099682559597,0.18948655765115033,0.1313824455232537,0.53288149850339017,0.22357511821933626,0.24354338327727351,0.54543594788765304,0.22095341572425875,0.23361063638808793
714,2022-2023,2023-05-03,Liverpool,Fulham,H,0.64624984527286089,0.19070736716924427,0.16304278755789472,0.68944444846235364,0.16837080818950523,0.14218474334814113,0.70120596418384695,0.16405994841910826,0.1347340873970449
715,2022-2023,2023-05-03,Manchester City,West Ham,H,0.84101910072489361,0.09921014577487558,0.059770753500230582,0.78282506623487935,0.14531729242168598,0.071857641343434822,0.79145969999586063,0.14064576846594637,0.067894531538192887
716,2022-2023,2023-05-04,Brighton,Manchester Utd,H,0.51943259809947495,0.21719742236406303,0.26336997953646202,0.53011896214447685,0.20961812601984303,0.26026291183568023,0.54660474279259919,0.20659308640762655,0.24680217079977435
717,2022-2023,2023-05-06,Bournemouth,Chelsea,A,0.3901241587717853,0.29112738954591461,0.31874845168230004,0.36749652666895222,0.22858684237587626,0.40391663095517144,0.38391054175094735,0.22922080749996498,0.38686865074908766
718,2022-2023,2023-05-06,Liverpool,Brentford,H,0.6145244902443241,0.1932099489259187,0.19226556082975721,0.64247664151834072,0.17811037190307258,0.17941298657858679,0.65920210901977894,0.17304550984289915,0.16775238113732183
719,2022-2023,2023-05-06,Manchester City,Leeds United,H,0.94878962195625172,0.0350326015260677,0.01617777651768049,0.80595009408667384,0.1273902207759704,0.066659685137355845,0.81690263630612525,0.12148945000599067,0.061607913687884076
720,2022-2023,2023-05-06,Tottenham,Crystal Palace,H,0.54044468879785157,0.20648041512026666,0.25307489608188183,0.53952637408116999,0.21183646434854933,0.24863716157028098,0.55662327515029386,0.20838817047969105,0.23498855437001501
721,2022-2023,2023-05-06,Wolves,Aston Villa,H,0.25645445946788692,0.26224976422003715,0.48129577631207598,0.37204452242840896,0.24979801089621584,0.37815746667537525,0.38721514081489888,0.25011708515087405,0.36266777403422695
722,2022-2023,2023-05-07,Newcastle,Arsenal,A,0.53844177763232248,0.19009799810540312,0.27146022426227434,0.47826792088994208,0.21488642563789073,0.30684565347216719,0.49488215913063888,0.2129710290279469,0.29214681184141417
723,2022-2023,2023-05-07,West Ham,Manchester Utd,H,0.35204246527107319,0.24008935485246558,0.40786817987646123,0.27517956300161922,0.21305595369864572,0.51176448329973523,0.28923534319448763,0.2160901612884536,0.49467449551705867
724,2022-2023,2023-05-08,Brighton,Everton,A,0.78012162965274234,0.12952145782931315,0.090356912517944518,0.72627194389767669,0.1428530250759002,0.13087503102642298,0.74033497151407768,0.13765515439792131,0.12200987408800097
725,2022-2023,2023-05-08,Fulham,Leicester City,H,0.52671617224553924,0.22313979023707303,0.25014403751738767,0.41511812690456673,0.22636005234313974,0.35852182075229377,0.43028591934499905,0.22586785662602132,0.34384622402897963
726,2022-2023,2023-05-08,Nottingham,Southampton,H,0.49397421691268956,0.24049277620285772,0.26553300688445269,0.33396246238022231,0.25634752630543639,0.40969001131434135,0.34670686055649541,0.25758244682518144,0.39571069261832326
727,2022-2023,2023-05-13,Aston Villa,Tottenham,H,0.53049973509358361,0.20034432647088599,0.26915593843553043,0.40823940659390201,0.2171266087023361,0.37463398470376208,0.42217267846988227,0.21690225811891395,0.36092506341120401
728,2022-2023,2023-05-13,Chelsea,Nottingham,D,0.53437102424009597,0.23602756564095567,0.22960141011894841,0.55010629378809062,0.21599872992031682,0.23389497629159262,0.56313457569364489,0.21307670197922027,0.22378872232713481
729,2022-2023,2023-05-13,Crystal Palace,Bournemouth,H,0.53070447110679531,0.23508133193303921,0.23421419696016565,0.5027064751480852,0.21711474811513076,0.28017877673678404,0.51635820690292855,0.21502966560591188,0.26861212749115948
730,2022-2023,2023-05-13,Leeds United,Newcastle,D,0.14547780818094166,0.1556540004520022,0.69886819136705614,0.276444853019299,0.21044119702944375,0.51311394995125736,0.28844616085848701,0.21300616339429002,0.49854767574722297
731,2022-2023,2023-05-13,Manchester Utd,Wolves,H,0.56431782575625133,0.24124823406887447,0.19443394017487414,0.66468599354544411,0.17250474478720784,0.16280926166734805,0.67745491494030208,0.16828723654024055,0.15425784851945734
732,2022-2023,2023-05-13,Southampton,Fulham,A,0.25339137718677424,0.22035604461046174,0.52625257820276405,0.52947245074966121,0.21801519699481559,0.25251235225552304,0.54271937454279995,0.21543618536683842,0.24184444009036182
733,2022-2023,2023-05-14,Arsenal,Brighton,A,0.66893124079803201,0.15008300224343901,0.18098575695852889,0.40614068827891997,0.2049457621681586,0.38891354955292146,0.41725778464682584,0.20490216478327514,0.37784005056989883
734,2022-2023,2023-05-14,Brentford,West Ham,H,0.52258990624620161,0.22376714336262235,0.25364295039117613,0.43904490621441594,0.21938541764461666,0.34156967614096734,0.44944462982750277,0.21876685340826854,0.33178851676422871
735,2022-2023,2023-05-14,Everton,Manchester City,A,0.10341489830441968,0.14065278176506263,0.75593231993051768,0.13932043577451403,0.17339695188537554,0.68728261234011057,0.14512920373139729,0.17724858182316036,0.67762221444544246
736,2022-2023,2023-05-15,Leicester City,Liverpool,A,0.20813588721028273,0.17452194461162018,0.61734216817809695,0.31026553817501329,0.20653482326279043,0.48319963856219622,0.31529265275029134,0.20729010447710841,0.4774172427726
737,2022-2023,2023-05-18,Newcastle,Brighton,H,0.54065226832469293,0.19532516900957653,0.26402256266573049,0.38381565842002757,0.21659962071063929,0.39958472086933311,0.38593482484605424,0.21666075263582163,0.39740442251812408
738,2022-2023,2023-05-20,Bournemouth,Manchester Utd,A,0.24279555666558822,0.23431564153182943,0.52288880180258235,0.21949754468092508,0.1853056931179087,0.59519676220116602,0.2217337740710065,0.18607483653776669,0.59219138939122695
739,2022-2023,2023-05-20,Fulham,Crystal Palace,D,0.47701825554228955,0.25566679537623893,0.26731494908147163,0.39681696842940634,0.23998568564441197,0.36319734592618175,0.39932961314820781,0.23997630421618274,0.36069408263560948
740,2022-2023,2023-05-20,Liverpool,Aston Villa,D,0.568045551198196,0.21308046961285831,0.21887397918894569,0.55926714514097375,0.20985560306745754,0.23087725179156859,0.56192237803021661,0.20926611942072137,0.22881150254906205
741,2022-2023,2023-05-20,Nottingham,Arsenal,H,0.17363656738423372,0.15542224471353316,0.67094118790223312,0.24692685581899107,0.20661912388652551,0.54645402029448342,0.24915983166331382,0.20727186526288122,0.54356830307380499
742,2022-2023,2023-05-20,Tottenham,Brentford,A,0.43056486298308094,0.21084986971946162,0.35858526729745765,0.56389967242744787,0.18551063028761519,0.25058969728493685,0.56693526428589269,0.18493892109222479,0.24812581462188274
743,2022-2023,2023-05-20,Wolves,Everton,D,0.43907562439072001,0.26068059733132365,0.30024377827795629,0.38381573042919398,0.22314495788474373,0.39303931168606221,0.38648465185943481,0.2232153047216752,0.39030004341888969
744,2022-2023,2023-05-21,Brighton,Southampton,H,0.78705973225457404,0.11969169194067757,0.093248575804748546,0.63931217367069704,0.18615280688202604,0.17453501944727687,0.63855977967271982,0.18638576413416369,0.17505445619311666
745,2022-2023,2023-05-21,Manchester City,Chelsea,H,0.79589773412815734,0.13007377327321107,0.074028492598631632,0.73388330324638862,0.16139648564700393,0.10472021110660755,0.73326184443954157,0.16167590657493314,0.10506224898552527
746,2022-2023,2023-05-21,West Ham,Leeds United,H,0.58450407244618208,0.18809464082956034,0.22740128672425758,0.45678880564393071,0.21864446595718634,0.3245667283988829,0.45597120836892596,0.21870846533170418,0.3253203262993698
747,2022-2023,2023-05-22,Newcastle,Leicester City,D,0.77862089021340208,0.12215408775803886,0.09922502202855922,0.65395608234535374,0.17228094806544944,0.17376296958919696,0.65553199352568525,0.17180313200019842,0.17266487447411655
748,2022-2023,2023-05-24,Brighton,Manchester City,D,0.19814973213702708,0.17385065498079336,0.62799961288217965,0.34039405244040483,0.2362829880242179,0.42332295953537719,0.34101408900320634,0.2363443828789146,0.42264152811787897
749,2022-2023,2023-05-25,Manchester Utd,Chelsea,H,0.50343469416576936,0.28120167650282607,0.21536362933140465,0.56826043933307091,0.20455977318649848,0.22717978748043069,0.56800785606458504,0.20461652758088197,0.22737561635453302
750,2022-2023,2023-05-28,Arsenal,Wolves,H,0.72876766498293022,0.15479093535063995,0.11644139966642995,0.65691936591091893,0.1808896977630757,0.16219093632600556,0.65848530255613769,0.18037350678215286,0.16114119066170945
751,2022-2023,2023-05-28,Aston Villa,Brighton,H,0.45991038499103715,0.22481128886013105,0.31527832614883189,0.28282900033691538,0.22317398593328328,0.49399701372980143,0.28427120441629805,0.22348391749233085,0.49224487809137135
752,2022-2023,2023-05-28,Brentford,Manchester City,H,0.21468566823150842,0.22023647704977334,0.56507785471871819,0.18126805295894946,0.19408637591072131,0.62464557113032915,0.18240387680936029,0.19464979489161341,0.62294632829902641
753,2022-2023,2023-05-28,Chelsea,Newcastle,D,0.22489888636864089,0.2430263859569988,0.53207472767436037,0.34547185376091827,0.23259508185797784,0.42193306438110412,0.3470217999760884,0.23273350997695189,0.4202446900469598
754,2022-2023,2023-05-28,Crystal Palace,Nottingham,D,0.53575779767554621,0.23094526834052764,0.23329693398392595,0.52342791163512459,0.24567777348038086,0.23089431488449472,0.52491806605723046,0.24534769857148073,0.22973423537128881
755,2022-2023,2023-05-28,Everton,Bournemouth,H,0.48271388047922104,0.23984021823859672,0.27744590128218227,0.54401745943667601,0.20087728740602154,0.25510525315730243,0.54580334898132132,0.20055187748621592,0.2536447735324629
756,2022-2023,2023-05-28,Leeds United,Tottenham,A,0.2984622247881501,0.18223785181263841,0.51929992339921138,0.34814791917831817,0.21055076837091871,0.44130131245076309,0.34986129530897619,0.21070089708125728,0.43943780760976647
757,2022-2023,2023-05-28,Leicester City,West Ham,H,0.40205695820978932,0.22332904580477084,0.37461399598543976,0.46598995603090226,0.22069498689135214,0.31331505707774576,0.46771127527014994,0.22053268827832423,0.311756036451526
758,2022-2023,2023-05-28,Manchester Utd,Fulham,H,0.52148969664759437,0.23412378421944879,0.24438651913295675,0.70107429258425902,0.15826519904862452,0.14066050836711652,0.70263282587922138,0.15770992051950861,0.1396572536012701
759,2022-2023,2023-05-28,Southampton,Liverpool,D,0.11439662325737099,0.15294061591058822,0.73266276083204074,0.31085875056072243,0.24043108956275466,0.44871015987652296,0.31228858926700515,0.24065538151434732,0.44705602921864745
760,2023-2024,2023-08-11,Burnley,Manchester City,A,0.10214144232075689,0.17698911721098143,0.72086944046826162,0.14892547600275033,0.19391040566503581,0.65716411833221366,0.15035643061738452,0.19486647131332732,0.6547770980692883
761,2023-2024,2023-08-12,Arsenal,Nottingham,H,0.78515626891943369,0.11969018134354044,0.095153549737026083,0.6763288494000147,0.1777899123388422,0.14588123826114283,0.67742675047166589,0.177392889176928,0.14518036035140616
762,2023-2024,2023-08-12,Bournemouth,West Ham,D,0.32330504543970645,0.24260810656431975,0.43408684799597375,0.39839949611617598,0.22517813401584566,0.37642236986797845,0.39962650425765989,0.22518196702119306,0.37519152872114697
763,2023-2024,2023-08-12,Brighton,Luton Town,H,0.56650939074681961,0.20121093224261702,0.23227967701056371,0.23323925752940389,0.31638473239488241,0.4503760100757136,0.23395279812180342,0.31666519958214967,0.44938200229604702
764,2023-2024,2023-08-12,Everton,Fulham,A,0.31619352927819788,0.2426676880658197,0.44113878265598239,0.52689584750595053,0.2071680588661049,0.26593609362794463,0.5281873708219883,0.20695275819875283,0.26485987097925884
765,2023-2024,2023-08-12,Newcastle,Aston Villa,H,0.51259248756290299,0.24292662990550642,0.24448088253159037,0.56703900362493931,0.21893384822815176,0.21402714814690882,0.56819271529792137,0.21864493818206956,0.21316234652000907
766,2023-2024,2023-08-12,Sheffield United,Crystal Palace,A,0.45197724245003118,0.26706568938763492,0.28095706816233401,0.66552765708980355,0.25260819918513072,0.081864143725065841,0.66633660658191296,0.25213173305517861,0.081531660362908348
767,2023-2024,2023-08-13,Brentford,Tottenham,D,0.57234881580890018,0.19480389500807863,0.23284728918302119,0.38895884966933925,0.21055597310895835,0.4004851772217024,0.3885445489868905,0.21054458255852163,0.40091086845458773
768,2023-2024,2023-08-13,Chelsea,Liverpool,D,0.24997606710026135,0.22487786071484928,0.52514607218488951,0.41042897354560931,0.22051062013172695,0.3690604063226639,0.41002966472603181,0.22051428624122876,0.36945604903273943
769,2023-2024,2023-08-14,Manchester Utd,Wolves,H,0.67233312305369364,0.20222678724016382,0.1254400897061427,0.71939415008888874,0.15960040562392891,0.12100544428718235,0.71753418147996006,0.16034452466306393,0.12212129385697608
770,2023-2024,2023-08-18,Nottingham,Sheffield United,H,0.40861284377245333,0.23877893362373226,0.35260822260381458,0.89864519230481199,0.077391158116652745,0.023963649578535296,0.89932643715384164,0.076920934754815068,0.023752628091343268
771,2023-2024,2023-08-19,Fulham,Brentford,A,0.38875076140915599,0.2562489355374889,0.355000303053355,0.38589283805611091,0.22069887794975895,0.39340828399413014,0.38863947782564734,0.22076841696461402,0.39059210520973886
772,2023-2024,2023-08-19,Liverpool,Bournemouth,H,0.79480648159828771,0.12461598120047353,0.0805775372012386,0.66052753345956139,0.17545034848126237,0.16402211805917624,0.66311691884837709,0.17461755270418805,0.16226552844743461
773,2023-2024,2023-08-19,Manchester City,Newcastle,H,0.60617796491180298,0.20176965763927227,0.19205237744892478,0.5687545593588873,0.21738314221232713,0.21386229842878551,0.57130745531036009,0.21674724566541106,0.21194529902422896
774,2023-2024,2023-08-19,Tottenham,Manchester Utd,H,0.39195512508131558,0.2206637951858155,0.38738107973286889,0.41368995924841928,0.2109373947115967,0.37537264603998388,0.41661250995455823,0.21090488318790629,0.37248260685753543
775,2023-2024,2023-08-19,Wolves,Brighton,A,0.22456519397320451,0.21698251366862911,0.5584522923581664,0.22541341920210581,0.20911555892782543,0.56547102187006881,0.22750682171955491,0.20986091292452258,0.5626322653559227
776,2023-2024,2023-08-20,Aston Villa,Everton,H,0.61692915767159295,0.21147254061988946,0.17159830170851781,0.45436066729920449,0.22126833245313762,0.32437100024765791,0.45637276902719132,0.22111195493755662,0.32251527603525221
777,2023-2024,2023-08-20,West Ham,Chelsea,H,0.4362071277266778,0.26125843376001362,0.30253443851330869,0.34759294011364195,0.23898920174063412,0.41341785814572407,0.34936521661631725,0.23913883650117329,0.41149594688250951
778,2023-2024,2023-08-21,Crystal Palace,Arsenal,A,0.2830303077516596,0.22793718319234449,0.4890325090559961,0.33124489466707235,0.23992079277481587,0.42883431255811183,0.33815584036272317,0.24070013215028685,0.4211440274869897
779,2023-2024,2023-08-25,Chelsea,Luton Town,H,0.64216705314097233,0.18304951519688892,0.17478343166213883,0.73219004605398974,0.13889622046979511,0.12891373347621518,0.73848050830258916,0.13660277061449341,0.12491672108291742
780,2023-2024,2023-08-26,Arsenal,Fulham,D,0.69763531348294416,0.15774054598799916,0.14462414052905651,0.72927659383665933,0.14968826171796487,0.12103514444537575,0.73608706416421188,0.14699789085042092,0.11691504498536712
781,2023-2024,2023-08-26,Bournemouth,Tottenham,A,0.23884229132232498,0.1894815981508457,0.57167611052682921,0.31321019179583348,0.20075120454946482,0.48603860365470164,0.32122668238364699,0.20190132771287789,0.47687198990347501
782,2023-2024,2023-08-26,Brentford,Crystal Palace,D,0.57864192652454394,0.24306869059492134,0.17828938288053478,0.45994692416104921,0.23011123004174899,0.30994184579720185,0.46769514043797061,0.22936635808155195,0.30293850148047741
783,2023-2024,2023-08-26,Brighton,West Ham,A,0.62802795847339798,0.16990304887417873,0.2020689926524232,0.69939215107947039,0.15499357911579806,0.14561426980473163,0.7068904053680467,0.15240480758400382,0.14070478704794973
784,2023-2024,2023-08-26,Everton,Wolves,A,0.43583566188434425,0.26769098048796458,0.29647335762769128,0.51359695078798384,0.21341640073122201,0.27298664848079413,0.5216925956797781,0.21214229666143553,0.26616510765878643
785,2023-2024,2023-08-26,Manchester Utd,Nottingham,H,0.60950836307782941,0.21061534744939195,0.1798762894727787,0.69984357389474816,0.166245541496338,0.13391088460891393,0.70672390500308491,0.16362778347716772,0.12964831151974743
786,2023-2024,2023-08-27,Burnley,Aston Villa,A,0.1222934872336561,0.1953977735650155,0.68230873920132851,0.22623552105630218,0.21431604858634612,0.55944843035735181,0.22035673706822362,0.21210889205416544,0.56753437087761094
787,2023-2024,2023-08-27,Newcastle,Liverpool,A,0.53375105405736323,0.20266924646378875,0.26357969947884802,0.54046267783284252,0.20027780849167592,0.25925951367548156,0.53206088060509982,0.20169751627535426,0.26624160311954603
788,2023-2024,2023-08-27,Sheffield United,Manchester City,A,0.031484245821015118,0.1011473138060026,0.86736844037298222,0.040699564433695636,0.094680812391656557,0.86461962317464791,0.038967110320429821,0.091719681024888991,0.86931320865468098
789,2023-2024,2023-09-01,Luton Town,West Ham,A,0.056380983820815321,0.10017495975991178,0.84344405641927289,0.20922827859091989,0.19915934260155643,0.59161237880752371,0.20148267402098138,0.19596742496137923,0.6025499010176395
790,2023-2024,2023-09-02,Brentford,Bournemouth,D,0.73353171520055638,0.16577319043853589,0.10069509436090768,0.56708940484532899,0.19413722202352507,0.23877337313114599,0.55502525975527184,0.1965298469968573,0.24844489324787086
791,2023-2024,2023-09-02,Brighton,Newcastle,H,0.33041512096327469,0.20079457512656373,0.46879030391016152,0.50896367935537457,0.19810303155000131,0.29293328909462413,0.49627580117090836,0.19964238249083838,0.3040818163382531
792,2023-2024,2023-09-02,Burnley,Tottenham,A,0.11237961726145226,0.13520538181481687,0.75241500092373093,0.15053248633751912,0.17084199655684024,0.67862551710564067,0.14359914633878038,0.166617002751663,0.68978385090955652
793,2023-2024,2023-09-02,Chelsea,Nottingham,A,0.47814651127208102,0.23137728310709668,0.29047620562082227,0.61711763027714295,0.2039142625438595,0.17896810717899744,0.60676051594607117,0.20705580071380672,0.18618368334012225
794,2023-2024,2023-09-02,Manchester City,Fulham,H,0.77563811831684037,0.13720844425432785,0.087153437428831804,0.82266515422072473,0.11394635192428006,0.063388493854995329,0.81521313372304782,0.11784531383775734,0.066941552439194613
795,2023-2024,2023-09-02,Sheffield United,Everton,D,0.42324850411773307,0.28367875612002291,0.29307273976224391,0.14985462862188539,0.16393753179701875,0.68620783958109566,0.14272554986358105,0.15971836122903174,0.69755608890738729
796,2023-2024,2023-09-03,Arsenal,Manchester Utd,H,0.55117495557065144,0.20395887887037506,0.24486616555897348,0.51219691040019721,0.19744140532786786,0.29036168427193498,0.5015987217242811,0.19878366014100141,0.29961761813471754
797,2023-2024,2023-09-03,Crystal Palace,Wolves,H,0.5431268629021837,0.27002593848530348,0.18684719861251289,0.54708019853655043,0.23246085751295525,0.22045894395049415,0.53846450435450866,0.23448467266550038,0.22705082297999118
798,2023-2024,2023-09-03,Liverpool,Aston Villa,H,0.57506862023554628,0.19067627454389605,0.23425510522055765,0.53797469346516824,0.19931013611855505,0.26271517041627673,0.52778518708252875,0.20099439362751609,0.27122041928995533
799,2023-2024,2023-09-16,Aston Villa,Crystal Palace,H,0.49667151800724363,0.24017329836331031,0.26315518362944607,0.41397383403988125,0.24229665050510918,0.34372951545500935,0.40833693667493809,0.24243668029640347,0.34922638302865833
800,2023-2024,2023-09-16,Fulham,Luton Town,H,0.84529034078093468,0.094324276022761513,0.060385383196303828,0.70924339856873808,0.17090442149312396,0.11985217993813811,0.70425832476654115,0.17296908105139611,0.12277259418206268
801,2023-2024,2023-09-16,Manchester Utd,Brighton,A,0.43707975504876118,0.20839086784283559,0.35452937710840321,0.39229586870847183,0.19981604236054706,0.407888088930981,0.38551566273065441,0.19960990444159579,0.41487443282774977
802,2023-2024,2023-09-16,Newcastle,Brentford,H,0.51438342699915995,0.2193078236104932,0.2663087493903466,0.66116282499087087,0.16511309638293242,0.17372407862619685,0.65496511621729603,0.16693419441910262,0.17810068936360143
803,2023-2024,2023-09-16,Tottenham,Sheffield United,H,0.78519656189192655,0.11375034639282691,0.10105309171524639,0.80195267205993326,0.10407779494462334,0.093969532995443333,0.79654767104139534,0.10622565452110527,0.097226674437499286
804,2023-2024,2023-09-16,West Ham,Manchester City,A,0.16667927824533413,0.18360575634601264,0.64971496540865326,0.19519001952840487,0.21154229991749038,0.59326768055410473,0.19114403854713896,0.20957752486475556,0.59927843658810531
805,2023-2024,2023-09-16,Wolves,Liverpool,A,0.14105739528991895,0.16404419937057987,0.69489840533950131,0.29946264846575343,0.20367252586481896,0.49686482566942752,0.29365142212098272,0.2026163338568783,0.50373224402213912
806,2023-2024,2023-09-17,Bournemouth,Chelsea,D,0.34565044681374574,0.26239675037538701,0.39195280281086736,0.32358553798056872,0.21079432993244221,0.46562013208698916,0.32314847796915136,0.21073613470574448,0.46611538732510432
807,2023-2024,2023-09-17,Everton,Arsenal,A,0.13904596447136466,0.15539641448896788,0.70555762103966768,0.28895552138658293,0.19852119602055396,0.51252328259286306,0.28852319670368975,0.19843710269747988,0.51303970059883053
808,2023-2024,2023-09-18,Nottingham,Burnley,D,0.73566679729973161,0.13398639363484416,0.13034680906542448,0.61973428428644928,0.19491157886650928,0.18535413684704147,0.6207763194138407,0.1946025838195628,0.18462109676659666
809,2023-2024,2023-09-23,Brentford,Everton,A,0.70167716520013101,0.18322550035703827,0.11509733444283057,0.48183523414586027,0.20739404392812527,0.31077072192601468,0.48253774368423991,0.20732074003302983,0.31014151628273046
810,2023-2024,2023-09-23,Burnley,Manchester Utd,A,0.20495728341998959,0.18769891620434637,0.60734380037566393,0.14961711882265233,0.15507394701298918,0.69530893416435868,0.15004953066796617,0.15531290086475685,0.69463756846727687
811,2023-2024,2023-09-23,Crystal Palace,Fulham,D,0.46502196708043642,0.23482341453407443,0.30015461838548924,0.63045139132082784,0.19107056837156364,0.17847804030760836,0.63106612582501276,0.19088186478785812,0.17805200938712915
812,2023-2024,2023-09-23,Luton Town,Wolves,D,0.19834705871742511,0.24858306734896404,0.55306987393361107,0.22364938363132614,0.25758563935191503,0.51876497701675883,0.22407205865522994,0.25776003202670855,0.51816790931806167
813,2023-2024,2023-09-23,Manchester City,Nottingham,H,0.86164535788763941,0.088162147885337355,0.050192494227023259,0.77536579408400275,0.14189427223249826,0.082739933683499078,0.77583584970721919,0.14166020005424193,0.082503950238538806
814,2023-2024,2023-09-24,Arsenal,Tottenham,D,0.61494787659386885,0.16513238027722488,0.21991974312890653,0.57097384710532784,0.19230510271508958,0.23672105017958261,0.57269070516196552,0.19194276677574398,0.23536652806229036
815,2023-2024,2023-09-24,Brighton,Bournemouth,H,0.76383387322372587,0.13179017087537204,0.10437595590090247,0.79796950332700356,0.11253015256360892,0.089500344109387453,0.79928019294762465,0.111965365862622,0.088754441189753494
816,2023-2024,2023-09-24,Chelsea,Aston Villa,A,0.29649774106343596,0.25018120290017054,0.4533210560363935,0.44700251147457049,0.23168958010047733,0.32130790842495238,0.44857167109732227,0.23156365577059529,0.31986467313208222
817,2023-2024,2023-09-24,Liverpool,West Ham,H,0.69597540784887879,0.15286609266173767,0.15115849948938359,0.64421801023000713,0.17241206315824945,0.18336992661174356,0.64586419500386472,0.17193843533222913,0.18219736966390621
818,2023-2024,2023-09-24,Sheffield United,Newcastle,A,0.17355527708226559,0.19307937221029803,0.63336535070743649,0.17159871452156236,0.15889457214360966,0.66950671333482792,0.17281067876844872,0.15944765263999836,0.66774166859155304
819,2023-2024,2023-09-30,Aston Villa,Brighton,H,0.4311581556352157,0.19737249885462593,0.37146934551015837,0.30471550598158559,0.20686651127215888,0.4884179827462557,0.30467192474190891,0.20685954828321323,0.48846852697487775
820,2023-2024,2023-09-30,Bournemouth,Arsenal,A,0.15166165850368535,0.17283603896683206,0.67550230252948262,0.21450587279885255,0.19484408104992482,0.59065004615122285,0.21447067092035421,0.19483109199917786,0.59069823708046809
821,2023-2024,2023-09-30,Everton,Luton Town,A,0.63305320834077705,0.22053430689194697,0.14641248476727614,0.6673245706508476,0.19552560635377672,0.13714982299537568,0.66728632714045566,0.19554090064670332,0.1371727722128408
822,2023-2024,2023-09-30,Manchester Utd,Crystal Palace,A,0.46783162808487971,0.26656360833342202,0.26560476358169821,0.49437275630942956,0.21945053555474944,0.28617670813582091,0.49432655512907442,0.21945699633407731,0.28621644853684836
823,2023-2024,2023-09-30,Newcastle,Burnley,H,0.90959664667535833,0.060428127169397369,0.029975226155244377,0.79128149422928384,0.12428803468737018,0.084430471083345657,0.79124689856459074,0.12430422951701339,0.084448871918395965
824,2023-2024,2023-09-30,Tottenham,Liverpool,H,0.28774313154177228,0.18271394773077865,0.52954292072744935,0.43198849080613472,0.20009793047323926,0.36791357872062591,0.43193658874903423,0.20009964440320238,0.36796376684776327
825,2023-2024,2023-09-30,West Ham,Sheffield United,H,0.82388113191047807,0.10037122226159531,0.075747645827926771,0.66427402872573127,0.15443620503724689,0.18128976623702192,0.66422336033821172,0.15445030496957612,0.18132633469221199
826,2023-2024,2023-09-30,Wolves,Manchester City,H,0.065232923393082398,0.1209625848401308,0.81380449176678682,0.12759919869615494,0.16791752403545876,0.70448327726838644,0.12757511619643239,0.16790000605785108,0.70452487774571648
827,2023-2024,2023-10-01,Nottingham,Brentford,D,0.29364822135657914,0.22629856530290787,0.48005321334051276,0.36567358462334831,0.2370025594494431,0.39732385592720865,0.36622001889343986,0.23702891957276048,0.39675106153379963
828,2023-2024,2023-10-02,Fulham,Chelsea,A,0.43853170096685351,0.27761077802634126,0.28385752100680528,0.3087594500228138,0.2170055557436559,0.47423499423353044,0.31106775335932157,0.2173581642902902,0.47157408235038828
829,2023-2024,2023-10-03,Luton Town,Burnley,A,0.43038561856392421,0.25108145579660768,0.31853292563946811,0.32766228438530876,0.27244471220334299,0.39989300341134815,0.32769635589027823,0.27244831729010527,0.3998553268196165
830,2023-2024,2023-10-07,Burnley,Chelsea,A,0.24960548616914022,0.26820994669353954,0.48218456713732033,0.24597339900415793,0.21068932639773208,0.5433372745981101,0.24513259451123137,0.2104412110355153,0.54442619445325346
831,2023-2024,2023-10-07,Crystal Palace,Nottingham,D,0.47597216633993877,0.2598199775588575,0.26420785610120362,0.53340298674650921,0.2447971190941314,0.2217998941593595,0.53247966604826547,0.24502387210652526,0.22249646184520919
832,2023-2024,2023-10-07,Everton,Bournemouth,H,0.44557572302845105,0.26050456242809905,0.29391971454345001,0.54372159170885914,0.20125188283986278,0.25502652545127807,0.54261895126032822,0.20145707703679389,0.25592397170287778
833,2023-2024,2023-10-07,Fulham,Sheffield United,H,0.72994872183077275,0.15380763576151152,0.11624364240771573,0.65821933453032699,0.16112013507672285,0.18066053039295024,0.65710383832484098,0.16143763563798549,0.18145852603717375
834,2023-2024,2023-10-07,Luton Town,Tottenham,A,0.096333875524357349,0.1184031714071508,0.78526295306849192,0.13822235850523762,0.1741802933924588,0.68759734810230366,0.13764252396508389,0.17378871256474265,0.68856876347017348
835,2023-2024,2023-10-07,Manchester Utd,Brentford,H,0.38475040718944503,0.25247423139762826,0.36277536141292682,0.54358639233732609,0.19888893729239296,0.25752467037028093,0.54246887931452303,0.19909245331390846,0.25843866737156856
836,2023-2024,2023-10-08,Arsenal,Manchester City,H,0.33091293926573201,0.21245209635373027,0.45663496438053769,0.33951554046692894,0.2413564777509776,0.41912798178209348,0.33879212685590809,0.24128874429631936,0.41991912884777283
837,2023-2024,2023-10-08,Brighton,Liverpool,D,0.30439846156741895,0.17719646989110185,0.51840506854147927,0.56119661351481875,0.18414672589493003,0.2546566605902511,0.56025431335885512,0.18431950134925673,0.25542618529188821
838,2023-2024,2023-10-08,West Ham,Newcastle,D,0.21777256114512858,0.19924154315931819,0.58298589569555315,0.21124692438522588,0.18801431588269191,0.60073875973208213,0.21060181433892342,0.18777478013569618,0.60162340552538029
839,2023-2024,2023-10-08,Wolves,Aston Villa,D,0.18616887443967392,0.18648146934483262,0.62734965621549377,0.23326240989901306,0.20369978986841455,0.56303780023257233,0.23260749149074153,0.20348749755238449,0.56390501095687395
840,2023-2024,2023-10-21,Bournemouth,Wolves,A,0.30612230602278478,0.25613547833340494,0.43774221564381022,0.4743812232221245,0.21473009368793611,0.31088868308993944,0.47510614402410944,0.21465383232980165,0.31024002364608888
841,2023-2024,2023-10-21,Brentford,Burnley,H,0.76371946213707254,0.13412803359091741,0.10215250427200978,0.61071264986731888,0.19020425752093367,0.19908309261174753,0.61140512533715219,0.1900158354447454,0.19857903921810241
842,2023-2024,2023-10-21,Chelsea,Arsenal,D,0.24324196019777777,0.22558304269198046,0.53117499711024174,0.28019996098963779,0.22622513990688914,0.49357489910347291,0.28077868638833148,0.22635017921767217,0.49287113439399649
843,2023-2024,2023-10-21,Liverpool,Everton,H,0.79026022697288956,0.1230789777118767,0.086660795315233824,0.55565055298346366,0.19429969666950694,0.25004975034702942,0.55640080447603357,0.19415476847733099,0.24944442704663519
844,2023-2024,2023-10-21,Manchester City,Brighton,H,0.73098669351293111,0.13725012795142491,0.13176317853564404,0.57574638661219146,0.20110616741532289,0.22314744597248568,0.57644523465507136,0.20094104470809618,0.22261372063683249
845,2023-2024,2023-10-21,Newcastle,Crystal Palace,H,0.63742152634908888,0.2138467622408225,0.14873171141008881,0.59533193750494118,0.20832741094855717,0.19634065154650179,0.59598241745854041,0.20814209549672075,0.19587548704473873
846,2023-2024,2023-10-21,Nottingham,Luton Town,D,0.6105338029773324,0.22927729887637882,0.16018889814628892,0.54512445309871072,0.26558442492849932,0.18929112197279008,0.54568909431812118,0.26540730670173918,0.18890359898013986
847,2023-2024,2023-10-21,Sheffield United,Manchester Utd,A,0.12385825992259056,0.15876148272092039,0.71738025735648925,0.10352407155867675,0.11850344802284435,0.77797248041847888,0.10390690530794454,0.11876966953369177,0.77732342515836383
848,2023-2024,2023-10-22,Aston Villa,West Ham,H,0.61479835567112506,0.18236049943862978,0.2028411448902451,0.60427811250425123,0.18910325241679007,0.20661863507895858,0.60468438458065088,0.18899890479258988,0.20631671062675941
849,2023-2024,2023-10-23,Tottenham,Fulham,H,0.63980009083947209,0.1746251993460079,0.18557470981451998,0.66732229102231055,0.16329445298032741,0.16938325599736193,0.67052453223962649,0.16231147302784787,0.16716399473252577
850,2023-2024,2023-10-27,Crystal Palace,Tottenham,A,0.28140433134536252,0.23847431399227606,0.48012135466236133,0.37718108044745619,0.22083061251864269,0.40198830703390126,0.38237326289838675,0.22100642710361681,0.3966203099979963
851,2023-2024,2023-10-28,Arsenal,Sheffield United,H,0.95335962700654431,0.031444582876769558,0.015195790116686241,0.87069894475910103,0.078798869579645769,0.050502185661253141,0.87219875380188627,0.078027880490181348,0.049773365707932359
852,2023-2024,2023-10-28,Bournemouth,Burnley,H,0.48893292043023989,0.23425112744051518,0.27681595212924492,0.57377589626490566,0.19644724912028336,0.2297768546148109,0.57631762599974623,0.19588103840193544,0.22780133559831825
853,2023-2024,2023-10-28,Chelsea,Brentford,A,0.39720128111367575,0.25725816883828329,0.34554055004804085,0.4924411068817085,0.21475629859909803,0.29280259451919355,0.49498244313405793,0.21442740115242973,0.29059015571351227
854,2023-2024,2023-10-28,Wolves,Newcastle,D,0.14937592983983328,0.17428317351161243,0.67634089664855446,0.19221396172805483,0.18694854893989837,0.62083748933204663,0.19400309963568607,0.18772880397275266,0.61826809639156133
855,2023-2024,2023-10-29,Aston Villa,Luton Town,H,0.85645892183235539,0.09151311310569113,0.052027965061953493,0.75950475287379837,0.14783650061862413,0.092658746507577369,0.76217967133096665,0.14657291599108713,0.091247412677946213
856,2023-2024,2023-10-29,Brighton,Fulham,D,0.68137133807502659,0.15605544401249927,0.16257321791247414,0.72898149082810104,0.14436915125412858,0.12664935791777041,0.73221433341319087,0.14315278042321705,0.12463288616359183
857,2023-2024,2023-10-29,Liverpool,Nottingham,H,0.78141350365263451,0.12948251530511484,0.089103981042250535,0.63072584374860718,0.18880135708543361,0.18047279916595926,0.63411921300599428,0.18777470057406664,0.17810608641993894
858,2023-2024,2023-10-29,Manchester Utd,Manchester City,A,0.19479770054410872,0.22533637161227632,0.57986592784361468,0.2428912194968306,0.21164716072898157,0.54546161977418783,0.24574165440911644,0.21251634886378745,0.54174199672709633
859,2023-2024,2023-10-29,West Ham,Everton,A,0.57215267916047241,0.20787356972138632,0.21997375111814121,0.40787870729912346,0.21425031425707886,0.37787097844379747,0.41160450571686846,0.21422094485473722,0.37417454942839423
860,2023-2024,2023-11-04,Brentford,West Ham,H,0.57406136575440425,0.20310202026899116,0.2228366139766044,0.55277978144190554,0.19986744590657968,0.24735277265151503,0.55579315406599095,0.19927601173371007,0.24493083420029885
861,2023-2024,2023-11-04,Burnley,Crystal Palace,A,0.23328053827794648,0.24363855837530693,0.52308090334674651,0.22296041347486439,0.2260920324590257,0.55094755406610996,0.22500237276134583,0.22687228481747812,0.54812534242117583
862,2023-2024,2023-11-04,Everton,Brighton,D,0.26841121278051505,0.20186234965466185,0.52972643756482285,0.31640267058623617,0.2040974887536969,0.47949984066006679,0.31925775804552892,0.2044947755428298,0.4762474664116414
863,2023-2024,2023-11-04,Fulham,Manchester Utd,A,0.38609177604659783,0.2572524509904574,0.35665577296294482,0.32418200309926104,0.20700833994708595,0.46880965695365312,0.32703505836256008,0.20736759752811412,0.46559734410932568
864,2023-2024,2023-11-04,Manchester City,Bournemouth,H,0.8974017623806716,0.072581224447266293,0.03001701317206211,0.83869559942815408,0.1005629406112537,0.060741459960592298,0.84055605291836677,0.099603323371510552,0.059840623710122484
865,2023-2024,2023-11-04,Newcastle,Arsenal,H,0.4812308566444819,0.20303822589720735,0.31573091745831067,0.41498573360148122,0.23163495174340135,0.35337931465511752,0.41777401644610512,0.23155347319610758,0.35067251035778724
866,2023-2024,2023-11-04,Sheffield United,Wolves,H,0.1626538726567337,0.17505688440866585,0.66228924293460056,0.28213502511006056,0.19777765274345735,0.52008732214648201,0.28487111572928187,0.19833020931135367,0.5167986749593646
867,2023-2024,2023-11-05,Luton Town,Liverpool,D,0.078376761891537597,0.11360666032047713,0.80801657778798541,0.13247076944535832,0.17186569428893991,0.69566353626570188,0.1344919547416546,0.17331404656976065,0.69219399868858456
868,2023-2024,2023-11-05,Nottingham,Aston Villa,H,0.19859156267094433,0.18895852568301075,0.61244991164604479,0.28594923238054515,0.21915759041487887,0.49489317720457621,0.28918268531683922,0.21982684480991563,0.49099046987324524
869,2023-2024,2023-11-06,Tottenham,Chelsea,A,0.60016870848772985,0.19783658681919958,0.20199470469307049,0.51154007260346113,0.20359517624502685,0.284864751151512,0.51938886681445307,0.20246226941758333,0.27814886376796338
870,2023-2024,2023-11-11,Arsenal,Burnley,H,0.93665982262687375,0.043631308098259755,0.019708869274866429,0.80042218887737027,0.12398343392549728,0.075594377197132495,0.80341720260328453,0.12249145505781719,0.074091342338898331
871,2023-2024,2023-11-11,Bournemouth,Newcastle,H,0.075445998452491086,0.11742876372475064,0.80712523782275825,0.19399352830409639,0.17901985973891713,0.62698661195698657,0.19725190538384466,0.1803703924609398,0.62237770215521548
872,2023-2024,2023-11-11,Crystal Palace,Everton,A,0.43849880011778314,0.29303861333057551,0.2684625865516414,0.41186503740805697,0.24031039423985343,0.34782456835208975,0.41586078657728226,0.24018479912038335,0.34395441430233431
873,2023-2024,2023-11-11,Manchester Utd,Luton Town,H,0.63427475815017642,0.2046460540569103,0.16107918779291339,0.73494836257957008,0.14826580212648172,0.11678583529394827,0.73858010968490573,0.14679323347806195,0.11462665683703234
874,2023-2024,2023-11-11,Wolves,Tottenham,H,0.29513849347699722,0.19952989094729481,0.50533161557570805,0.31413211173198446,0.20200989739913627,0.48385799086887921,0.31839771560107549,0.2026147510394358,0.47898753335948885
875,2023-2024,2023-11-12,Aston Villa,Fulham,H,0.6674872858197467,0.1783135690763962,0.15419914510385713,0.63641924406804629,0.18247288306958065,0.18110787286237287,0.64371891737000042,0.18028544465076712,0.17599563797923248
876,2023-2024,2023-11-12,Brighton,Sheffield United,D,0.91154129930621519,0.053581972514439691,0.034876728179345118,0.87824832008434051,0.073258298362910798,0.048493381552748696,0.88274385678262057,0.070962802003719364,0.046293341213660112
877,2023-2024,2023-11-12,Chelsea,Manchester City,D,0.18989175441230002,0.20677355123372118,0.60333469435397868,0.21733984169744214,0.21064585661170149,0.57201430169085632,0.2228887113677149,0.21276480554375796,0.56434648308852697
878,2023-2024,2023-11-12,Liverpool,Brentford,H,0.61350893153773844,0.18808926726091807,0.19840180120134351,0.55714284272353465,0.19523718380217689,0.24761997347428874,0.56516101398219787,0.19365375191976739,0.24118523409803455
879,2023-2024,2023-11-12,West Ham,Nottingham,H,0.50703403363047761,0.21593143741967458,0.27703452894984792,0.46260933830638451,0.22810747308935009,0.30928318860426562,0.4700114364086253,0.22735543318029364,0.30263313041108103
880,2023-2024,2023-11-25,Brentford,Arsenal,A,0.3030299649617712,0.22028554294073344,0.4766844920974953,0.29706433013561556,0.23047019928781781,0.47246547057656679,0.30506203060219728,0.2319098305698753,0.46302813882792743
881,2023-2024,2023-11-25,Burnley,West Ham,A,0.18311916188034338,0.17739473792209418,0.63948610019756247,0.35821937735322551,0.21867086352795623,0.42310975911881837,0.36743726446835823,0.21926391709824716,0.4132988184333945
882,2023-2024,2023-11-25,Luton Town,Crystal Palace,H,0.30554056018107667,0.27740917504281132,0.41705026477611196,0.27986540464122533,0.25756454981328797,0.46257004554548653,0.28691741586422548,0.25916511589088548,0.45391746824488899
883,2023-2024,2023-11-25,Manchester City,Liverpool,D,0.52472417322183995,0.20246735855777412,0.27280846822038601,0.62386739238307243,0.18162521520949457,0.19450739240743309,0.63328065870091732,0.17902964794373599,0.1876896933553466
884,2023-2024,2023-11-25,Newcastle,Chelsea,H,0.62858924389691639,0.18780555777662891,0.18360519832645469,0.54739632295533036,0.19615110079845499,0.25645257624621476,0.55744300633338639,0.19429240398776568,0.24826458967884801
885,2023-2024,2023-11-25,Nottingham,Brighton,A,0.34109367558591464,0.21063298130248298,0.44827334311160216,0.25925200325698228,0.21146582614943657,0.52928217059358096,0.26713842604669813,0.21350563558320662,0.5193559383700953
886,2023-2024,2023-11-25,Sheffield United,Bournemouth,A,0.36661302971941095,0.22909486547367822,0.40429210480691091,0.2626512977313013,0.1975149440597416,0.53983375820895729,0.27113835099326433,0.19954769792144725,0.52931395108528856
887,2023-2024,2023-11-26,Everton,Manchester Utd,A,0.37035215288212847,0.27343078730158327,0.35621705981628843,0.44673227296442614,0.21375904308944935,0.33950868394612443,0.45956565358975271,0.21287005463038169,0.32756429177986568
888,2023-2024,2023-11-26,Tottenham,Aston Villa,A,0.38084189607736757,0.19983353347179303,0.41932457045083954,0.42392272511899548,0.21345433829896931,0.36262293658203504,0.43676259999743755,0.21298004280698862,0.35025735719557372
889,2023-2024,2023-11-27,Fulham,Wolves,H,0.42381955384386633,0.25475607387329546,0.32142437228283799,0.44991442613171739,0.22986693667671732,0.32021863719156535,0.45402666713588824,0.22952164275033754,0.31645169011377433
890,2023-2024,2023-12-02,Arsenal,Wolves,H,0.77230253053898501,0.13409780696910642,0.093599662491908597,0.67668525115787226,0.18179929799765196,0.1415154508444757,0.68136134805022919,0.18003134987743216,0.13860730207233873
891,2023-2024,2023-12-02,Brentford,Luton Town,H,0.65260541683589934,0.19828103277794623,0.14911355038615454,0.66003116501412717,0.18518632614015512,0.15478250884571754,0.66487130643143033,0.18348368317338568,0.15164501039518419
892,2023-2024,2023-12-02,Burnley,Sheffield United,H,0.46386176968549064,0.22712688150290081,0.30901134881160847,0.63844778705487404,0.18424720714947423,0.17730500579565192,0.64363467733276269,0.18265532158256026,0.17371000108467713
893,2023-2024,2023-12-02,Newcastle,Manchester Utd,H,0.61967632889319968,0.20502731903493085,0.1752963520718695,0.57252783145146091,0.18963167197184005,0.23784049657669909,0.57836645171063938,0.18840587948469503,0.23322766880466539
894,2023-2024,2023-12-02,Nottingham,Everton,A,0.47679580748739825,0.23826660621319573,0.28493758629940613,0.34950704941456717,0.23746034816186534,0.41303260242356754,0.35439980396095222,0.23782436018573366,0.40777583585331417
895,2023-2024,2023-12-03,Bournemouth,Aston Villa,D,0.1648828693067898,0.16844422689701269,0.66667290379619759,0.34612217005607887,0.20050404155405918,0.45337378838986214,0.35614045270973937,0.20135661338620892,0.44250293390405177
896,2023-2024,2023-12-03,Chelsea,Brighton,H,0.46116820112594392,0.19423701622016629,0.34459478265388971,0.40497901344142723,0.20486711110941433,0.39015387544915869,0.41529965358754223,0.20484594309737444,0.3798544033150833
897,2023-2024,2023-12-03,Liverpool,Fulham,H,0.77421863714493022,0.13522135541700897,0.090560007438060974,0.69864353456700456,0.15322911537887116,0.14812735005412431,0.70769953583529299,0.15013771677091559,0.14216274739379134
898,2023-2024,2023-12-03,Manchester City,Tottenham,D,0.76345635563824465,0.12406307672321769,0.11248056763853766,0.70619944112980559,0.15061861966016127,0.14318193921003328,0.71515337594395345,0.14749345409121736,0.13735316996482921
899,2023-2024,2023-12-03,West Ham,Crystal Palace,D,0.52939771464159424,0.21444478625865487,0.25615749909975077,0.37169089710717973,0.22839514203468977,0.39991396085813047,0.38071111470492969,0.22875221538412027,0.3905366699109501
900,2023-2024,2023-12-05,Luton Town,Arsenal,A,0.1225272510042842,0.16598033919102873,0.7114924098046872,0.13627658972176529,0.19088702302459343,0.67283638725364137,0.14013949498966316,0.19374516236198511,0.66611534264835148
901,2023-2024,2023-12-05,Wolves,Burnley,H,0.60845642741079775,0.18729505059802035,0.20424852199118179,0.52344546976607442,0.20882343229265296,0.26773109794127259,0.53108984436695506,0.20753859958390808,0.26137155604913709
902,2023-2024,2023-12-06,Aston Villa,Manchester City,H,0.34230418020156717,0.19982901893940974,0.45786680085902315,0.24398146987390468,0.20164043043397281,0.55437809969212271,0.25131943225738823,0.20376809834103118,0.54491246940158045
903,2023-2024,2023-12-06,Brighton,Brentford,H,0.4486500191785141,0.20322815166980898,0.34812182915167683,0.58297964615701414,0.18551981355100727,0.2315005402919785,0.59242372609690552,0.18344378214567905,0.22413249175741534
904,2023-2024,2023-12-06,Crystal Palace,Bournemouth,A,0.50989500688846623,0.23368422683139836,0.25642076628013555,0.48500125042701742,0.20971548796428752,0.30528326160869529,0.49428086010427053,0.2086422007057317,0.29707693918999778
905,2023-2024,2023-12-06,Fulham,Nottingham,H,0.4997795409728002,0.22199430171553308,0.27822615731166694,0.4351813673779818,0.22112071900129135,0.34369791362072671,0.44407450479582511,0.22063020709946826,0.33529528810470632
906,2023-2024,2023-12-06,Manchester Utd,Chelsea,H,0.44827194620513555,0.24168264687465593,0.3100454069202086,0.44925214890558479,0.20061035780050629,0.35013749329390881,0.45914356900015274,0.20002655934381255,0.34082987165603479
907,2023-2024,2023-12-06,Sheffield United,Liverpool,A,0.030153332595366681,0.055948845684366359,0.91389782172026723,0.081449667294369796,0.10619654768796494,0.8123537850176652,0.08549111016165209,0.10958243991090849,0.80492644992743945
908,2023-2024,2023-12-07,Everton,Newcastle,H,0.17563660450858257,0.19664716052660547,0.6277162349648121,0.36200810135361544,0.21872910847157626,0.41926279017480828,0.37000250906697485,0.21921182481126944,0.41078566612175554
909,2023-2024,2023-12-07,Tottenham,West Ham,A,0.61531739271685715,0.16597263353484126,0.21870997374830151,0.62887093618753742,0.17190381320249951,0.19922525060996338,0.63746499886171315,0.16964224947809994,0.19289275166018688
910,2023-2024,2023-12-09,Aston Villa,Arsenal,H,0.436549982566032,0.20908591437047067,0.35436410306349714,0.37051963931211612,0.22177732678927911,0.40770303389860479,0.37891801909155742,0.22216200290485974,0.39891997800358264
911,2023-2024,2023-12-09,Brighton,Burnley,D,0.7950078149895623,0.11005754930379499,0.094934635706642789,0.76051944384442283,0.12837149412185633,0.11110906203372084,0.76799361031407065,0.12540655145001894,0.10659983823591043
912,2023-2024,2023-12-09,Crystal Palace,Liverpool,A,0.16614610956389061,0.19731643163223458,0.63653745880387491,0.3084028166657663,0.21509780431330527,0.47649937902092843,0.31634268973675289,0.21633566518404887,0.46732164507919816
913,2023-2024,2023-12-09,Manchester Utd,Bournemouth,A,0.62146882956227978,0.20184177884720292,0.17668939159051719,0.56144485882377415,0.18001824289275711,0.25853689828346854,0.57143096032469332,0.17822084771556682,0.25034819195973962
914,2023-2024,2023-12-09,Sheffield United,Brentford,H,0.10298084412824064,0.14413365805015299,0.75288549782160663,0.16173986417289507,0.1701470009168799,0.66811313491022506,0.16747916340530075,0.17319424841927444,0.659326588175425
915,2023-2024,2023-12-09,Wolves,Nottingham,D,0.53825088320027459,0.2147334925677874,0.24701562423193818,0.46913876923015735,0.22813509487338426,0.30272613589645864,0.47751639050365585,0.22720822258538836,0.29527538691095589
916,2023-2024,2023-12-10,Everton,Chelsea,H,0.3946097449532785,0.22574461480448207,0.37964564024223951,0.50061132077072434,0.20222001108237608,0.29716866814689952,0.50358148678480974,0.20185146323877445,0.29456704997641586
917,2023-2024,2023-12-10,Fulham,West Ham,H,0.49222232846720448,0.19724008400314694,0.31053758752964855,0.46732192769705427,0.20515825378184799,0.32751981852109768,0.47029966025748882,0.20491452269181171,0.3247858170506997
918,2023-2024,2023-12-10,Luton Town,Manchester City,A,0.11249647322398425,0.12662053347840879,0.76088299329760689,0.10554507025593765,0.14173497699486681,0.75271995274919545,0.10688404559493528,0.1428260496710716,0.75028990473399315
919,2023-2024,2023-12-10,Tottenham,Newcastle,H,0.33689357297488431,0.19544466981822634,0.46766175720688918,0.41837370318293199,0.20327577310426126,0.3783505237128067,0.4213867130926971,0.20323280418684533,0.37538048272045771
920,2023-2024,2023-12-15,Nottingham,Tottenham,A,0.26032764097553229,0.18912483141642494,0.55054752760804282,0.28001050669485544,0.20640351357807279,0.51358597972707176,0.28907422148531969,0.2083084571557629,0.50261732135891735
921,2023-2024,2023-12-16,Burnley,Everton,A,0.2939343436348037,0.23506394340297931,0.4710017129622171,0.27977217689280481,0.20798243748178155,0.51224538562541355,0.28839024502926386,0.20980253288188611,0.50180722208884987
922,2023-2024,2023-12-16,Chelsea,Sheffield United,H,0.83487058074376463,0.10021589979281662,0.06491351946341882,0.80693635028007193,0.11011573107640421,0.082947918643523744,0.8142095131707523,0.10683817799021984,0.078952308839027763
923,2023-2024,2023-12-16,Manchester City,Crystal Palace,D,0.80226092242391633,0.12131533478315092,0.076423742792932778,0.66355027217805485,0.18427547628749014,0.15217425153445518,0.6719842455218753,0.18126355090172713,0.1467522035763974
924,2023-2024,2023-12-16,Newcastle,Fulham,H,0.59477341975273135,0.1784869864295939,0.22673959381767481,0.63750031445725197,0.16846631864795025,0.19403336689479794,0.64763537422290085,0.16573096447643243,0.18663366130066686
925,2023-2024,2023-12-17,Arsenal,Brighton,H,0.69445972136813738,0.14719203798589972,0.15834824064596292,0.50109329791404789,0.20670886768400584,0.2921978344019463,0.50920636364275085,0.20563879133761737,0.28515484501963201
926,2023-2024,2023-12-17,Brentford,Aston Villa,A,0.31384529235027531,0.23323395530517838,0.45292075234454621,0.39166151823145123,0.21826455036692388,0.39007393140162511,0.39939430140338911,0.21838294342807216,0.38222275516853882
927,2023-2024,2023-12-17,Liverpool,Manchester Utd,D,0.68426770459993302,0.17647302292707773,0.1392592724729893,0.59601457245235112,0.17938572082540394,0.2245997067222448,0.60434624215638155,0.17750184706383099,0.21815191077978766
928,2023-2024,2023-12-17,West Ham,Wolves,H,0.50924681681073103,0.20534611179187229,0.28540707139739657,0.46665794569825847,0.21460174751107913,0.31874030679066229,0.47460507604632995,0.21387355378781578,0.31152137016585441
929,2023-2024,2023-12-21,Crystal Palace,Brighton,D,0.36266320714822037,0.22326655099235762,0.41407024185942209,0.34045935156775287,0.22232370389422856,0.43721694453801863,0.34743667090080665,0.22301351445673553,0.42954981464245767
930,2023-2024,2023-12-22,Aston Villa,Sheffield United,D,0.92514836265383449,0.05316923684298322,0.021682400503182278,0.82824199367811058,0.10731585728825227,0.064442149033637153,0.83399326791709272,0.10437009992440227,0.061636632158504991
931,2023-2024,2023-12-23,Fulham,Burnley,A,0.74508488700643249,0.14317979358164523,0.11173531941192232,0.58032291029077221,0.19182580174049152,0.2278512879687363,0.58874612349889921,0.1899416061372193,0.22131227036388146
932,2023-2024,2023-12-23,Liverpool,Arsenal,D,0.48600522920504535,0.22535193914090912,0.28864283165404553,0.41609900914257758,0.23112137479878239,0.35277961605864006,0.42393878777086652,0.23087954388147428,0.34518166834765907
933,2023-2024,2023-12-23,Luton Town,Newcastle,H,0.18376824324933594,0.17658793323661473,0.63964382351404947,0.18558923948653422,0.19291514277480898,0.6214956177386568,0.19118891634196064,0.19554751150489377,0.61326357215314542
934,2023-2024,2023-12-23,Nottingham,Bournemouth,A,0.36901996562960343,0.23274327127897282,0.3982367630914237,0.35083679118251704,0.23480764549288372,0.41435556332459933,0.35822002111267898,0.23536780765303836,0.40641217123428269
935,2023-2024,2023-12-23,Tottenham,Everton,H,0.56805540732691939,0.20246572306643126,0.22947886960664945,0.5297995506249874,0.20546828274971121,0.2647321666253013,0.53822613622283699,0.20402987390382982,0.25774398987333336
936,2023-2024,2023-12-23,West Ham,Manchester Utd,H,0.40887130698979346,0.24891361774855597,0.3422150752616504,0.37219523868475185,0.22082517288994388,0.4069795884253043,0.38019790363417522,0.22117189140369881,0.39863020496212603
937,2023-2024,2023-12-24,Wolves,Chelsea,H,0.35358131703780765,0.23164900951997269,0.4147696734422196,0.37331816845140087,0.22621319736201484,0.40046863418658435,0.38041539433499422,0.22649999996299802,0.39308460570200771
938,2023-2024,2023-12-26,Bournemouth,Fulham,H,0.43809278256049899,0.20638909960596388,0.35551811783353704,0.55972048404488939,0.18803091202190261,0.25224860393320825,0.56887278361861948,0.18631311857221594,0.24481409780916455
939,2023-2024,2023-12-26,Burnley,Liverpool,A,0.13363571790278619,0.17190645156332773,0.69445783053388621,0.17200593065261602,0.18040905270852578,0.64758501663885815,0.17763687948276191,0.18324135250239168,0.63912176801484644
940,2023-2024,2023-12-26,Manchester Utd,Aston Villa,H,0.29276022699257809,0.26972732296566332,0.43751245004175848,0.41529982674359406,0.22482454941813973,0.35987562383826621,0.42353051399386288,0.22461468980450666,0.35185479620163063
941,2023-2024,2023-12-26,Newcastle,Nottingham,A,0.78618267310649959,0.12743906106220523,0.086378265831294931,0.64942022942933242,0.18750067562121903,0.16307909494944853,0.65687002972967068,0.18501295827723055,0.15811701199309899
942,2023-2024,2023-12-26,Sheffield United,Luton Town,A,0.24689227264060074,0.22562088810248257,0.52748683925691653,0.33261934239893842,0.25113380648924033,0.41624685111182153,0.33956877515790712,0.25188055681689325,0.40855066802519979
943,2023-2024,2023-12-27,Brentford,Wolves,A,0.56449124133985906,0.22009966498169473,0.21540909367844641,0.51279638219118973,0.22156566537648825,0.26563795243232186,0.52020011866455296,0.22031675874442669,0.25948312259102019
944,2023-2024,2023-12-27,Chelsea,Crystal Palace,H,0.5228020403890653,0.23138160826152937,0.24581635134940549,0.49252241639110056,0.22461651542559555,0.28286106818330392,0.49994440032753573,0.22356539077791676,0.27649020889454751
945,2023-2024,2023-12-27,Everton,Manchester City,A,0.25338313564057369,0.21569454138959968,0.53092232296982655,0.29035549719098819,0.222541930585228,0.48710257222378395,0.29692355080799188,0.22381639252470062,0.47926005666730759
946,2023-2024,2023-12-28,Arsenal,West Ham,A,0.7243041892509311,0.14910033568699038,0.12659547506207874,0.70860793986664528,0.1660000414675008,0.12539201866585384,0.71347400224825108,0.1640471650233353,0.12247883272841363
947,2023-2024,2023-12-28,Brighton,Tottenham,H,0.41915739104375604,0.19400512805991307,0.38683748089633113,0.53072935638088292,0.18724992695818407,0.28202071666093315,0.53747634344613149,0.18625370254511073,0.27626995400875787
948,2023-2024,2023-12-30,Aston Villa,Burnley,H,0.76761725537078362,0.13900839691608455,0.093374347713131842,0.71282673857118872,0.15926391439752091,0.12790934703129042,0.71391238774449151,0.15884422087003675,0.12724339138547161
949,2023-2024,2023-12-30,Crystal Palace,Brentford,H,0.39052640585116077,0.25747840759396057,0.35199518655487871,0.46167286128784624,0.23979514147001429,0.29853199724213952,0.46284490351004176,0.23966795409862335,0.29748714239133472
950,2023-2024,2023-12-30,Luton Town,Chelsea,A,0.36860889463968344,0.21432734652183588,0.41706375883848079,0.27080365180058391,0.21340744134151474,0.51578890685790146,0.27187823098113162,0.21366337903462768,0.51445838998424054
951,2023-2024,2023-12-30,Manchester City,Sheffield United,H,0.94284782727535632,0.03929273854023696,0.017859434184406834,0.91119664345689511,0.060652442331384476,0.028150914211720394,0.91173476141831322,0.060326193112777961,0.027939045468908828
952,2023-2024,2023-12-30,Nottingham,Manchester Utd,H,0.32058476384494122,0.25416800573663029,0.42524723041842855,0.33166508559886232,0.22907525347545343,0.43925966092568408,0.33280296992210529,0.22920667501591538,0.43799035506197925
953,2023-2024,2023-12-30,Wolves,Everton,H,0.41685573551811272,0.24235282832023608,0.34079143616165142,0.36016795143237201,0.22831157106704597,0.41152047750058218,0.36135092818838238,0.2283878173048145,0.4102612545068029
954,2023-2024,2023-12-31,Fulham,Arsenal,H,0.24623596179164967,0.20737447464717468,0.54638956356117563,0.21335784529997176,0.20218134588585335,0.58446080881417495,0.21893073167619284,0.20431009811419021,0.57675917020961709
955,2023-2024,2023-12-31,Tottenham,Bournemouth,H,0.6153622792198632,0.16972838508724108,0.21490933569289597,0.58693033865659194,0.17767976663859439,0.23538989470481358,0.59532521951159723,0.17592314029389589,0.22875164019450686
956,2023-2024,2024-01-01,Liverpool,Newcastle,H,0.61081790325970564,0.19627823575057282,0.19290386098972143,0.61572473166107045,0.18081478037393769,0.20346048796499208,0.62554011051300984,0.17826486329834207,0.19619502618864826
957,2023-2024,2024-01-02,West Ham,Brighton,D,0.47357614196460085,0.19815691027144705,0.32826694776395193,0.26376810303537135,0.19656741728817814,0.53966447967645048,0.27024864274229898,0.19811529127422481,0.53163606598347624
958,2023-2024,2024-01-12,Burnley,Luton Town,D,0.41847604667912641,0.227513944920686,0.35401000840018765,0.45811868041195136,0.23460571350947382,0.30727560607857457,0.46794580090547561,0.23360063961502539,0.2984535594794992
959,2023-2024,2024-01-13,Chelsea,Fulham,H,0.50702738745964304,0.21380487813643884,0.27916773440391801,0.54405819235891684,0.20347065776325465,0.25247114987782837,0.55419362140128725,0.20154988488688055,0.24425649371183233
960,2023-2024,2024-01-13,Newcastle,Manchester City,A,0.32129408806545906,0.21497901124205207,0.46372690069248884,0.24912175712147841,0.21127364314547453,0.5396045997330472,0.25717023439660386,0.21352148516535402,0.52930828043804223
961,2023-2024,2024-01-14,Everton,Aston Villa,D,0.29360565004433914,0.23952552205285449,0.4668688279028062,0.43015669123722972,0.23418227621133439,0.33566103255143565,0.44241157062550196,0.23343566986971168,0.32415275950478611
962,2023-2024,2024-01-14,Manchester Utd,Tottenham,D,0.37720828847814158,0.23442715869374683,0.38836455282811155,0.42365081632956353,0.21323702336566328,0.36311216030477311,0.43711726689389591,0.21276647718791544,0.35011625591818868
963,2023-2024,2024-01-20,Arsenal,Crystal Palace,H,0.66783944247733429,0.1970097688697531,0.13515078865291252,0.60918749203466005,0.2249754970794226,0.16583701088591737,0.62246094157270804,0.22031796895940359,0.15722108946788835
964,2023-2024,2024-01-20,Brentford,Nottingham,H,0.52825883883475389,0.22452255105628058,0.24721861010896534,0.53090598850155013,0.23710834919887591,0.23198566229957407,0.54532072431097667,0.23381107555012198,0.22086820013890146
965,2023-2024,2024-01-21,Bournemouth,Liverpool,A,0.21000526959120919,0.20309021687420017,0.58690451353459072,0.24365526559680209,0.20255205163512097,0.5537926827680768,0.26224340713903493,0.20764587156528294,0.53011072129568215
966,2023-2024,2024-01-21,Sheffield United,West Ham,D,0.15915572275507983,0.2057463708821152,0.63509790636280516,0.27750023093319248,0.24010806454116243,0.48239170452564528,0.29504233376643102,0.24379297868925889,0.46116468754431017
967,2023-2024,2024-01-22,Brighton,Wolves,D,0.5552526113944134,0.2058972118152913,0.23885017679029538,0.65846422037653884,0.1801939273615675,0.1613418522618936,0.67518636047957936,0.17454530344769748,0.15026833607272308
968,2023-2024,2024-01-30,Aston Villa,Newcastle,A,0.53216180685336201,0.21526730559480203,0.25257088755183599,0.51180400855138974,0.21292453148835397,0.27527145996025648,0.53074691044578282,0.20984899871034951,0.25940409084386773
969,2023-2024,2024-01-30,Crystal Palace,Sheffield United,H,0.63442487015036297,0.21417425656461073,0.15140087328502641,0.66713407999052365,0.19729861105385715,0.13556730895561939,0.6820669641212459,0.19126728200328566,0.12666575387546861
970,2023-2024,2024-01-30,Fulham,Everton,D,0.46325272098857628,0.26142957425242097,0.27531770475900297,0.39388792745223616,0.24312101242625833,0.36299106012150567,0.41094144356381379,0.24284807647414267,0.34621047996204363
971,2023-2024,2024-01-30,Luton Town,Brighton,H,0.31093903366158099,0.22281581395612654,0.46624515238229264,0.15435855427567594,0.17831629158848863,0.66732515413583549,0.16598484885740825,0.18479890817670569,0.64921624296588598
972,2023-2024,2024-01-30,Nottingham,Arsenal,A,0.17208819612846332,0.19586347066493459,0.63204833320660203,0.18359387803518429,0.23420845108554011,0.58219767087927554,0.19466089892221639,0.23992541642310647,0.56541368465467701
973,2023-2024,2024-01-31,Liverpool,Chelsea,H,0.73345085637010765,0.16152732808352355,0.10502181554636886,0.70693276547052386,0.1638210200385794,0.12924621449089674,0.72153818034915884,0.15811452708524898,0.12034729256559207
974,2023-2024,2024-01-31,Manchester City,Burnley,H,0.85302854402737494,0.098110416477491982,0.048861039495133027,0.84932887926751266,0.10036942848116143,0.050301692251326011,0.85902605593084047,0.094910476765545246,0.046063467303614235
975,2023-2024,2024-01-31,Tottenham,Brentford,H,0.63604904815362728,0.17892605796176014,0.18502489388461255,0.5844111251587627,0.20394682632288547,0.21164204851835194,0.60096376599387447,0.19968473180352644,0.19935150220259931
976,2023-2024,2024-02-01,West Ham,Bournemouth,D,0.56572247631664518,0.21027344971205392,0.22400407397130101,0.38646893609912469,0.23283947619903889,0.38069158770183625,0.40509706088555553,0.23290523384118994,0.36199770527325442
977,2023-2024,2024-02-01,Wolves,Manchester Utd,A,0.42965415062523682,0.28144285173905087,0.28890299763571242,0.40307153392310069,0.25212158318613576,0.34480688289076367,0.42051129590022301,0.25146339778446281,0.32802530631531407
978,2023-2024,2024-02-03,Brighton,Crystal Palace,H,0.56180319975624349,0.22431877104626832,0.21387802919748827,0.58316029021457061,0.21446679901509896,0.20237291077033065,0.60025742067898646,0.20973748807762541,0.19000509124338805
979,2023-2024,2024-02-03,Burnley,Fulham,D,0.32650074831470183,0.26474183011212593,0.4087574215731723,0.34198058671352621,0.24131294269972517,0.41670647058674865,0.35852953615965782,0.24255767816190579,0.3989127856784363
980,2023-2024,2024-02-03,Everton,Tottenham,D,0.3356468887696924,0.25256875427001252,0.41178435696029508,0.37209988897734453,0.23402583035233396,0.3938742806703216,0.38963068396187156,0.23448421221143351,0.37588510382669499
981,2023-2024,2024-02-03,Newcastle,Luton Town,D,0.6602204450742698,0.17503701268852953,0.16474254223720083,0.63183727471967743,0.18573459086996516,0.18242813441035735,0.64964371073055827,0.18039952496560444,0.16995676430383733
982,2023-2024,2024-02-03,Sheffield United,Aston Villa,A,0.13537947196302871,0.18266127292961598,0.68195925510735522,0.2009383150917243,0.22010357084492072,0.57895811406335485,0.2135537800257987,0.22543928873475091,0.56100693123945045
983,2023-2024,2024-02-04,Arsenal,Liverpool,H,0.37307578410081793,0.25749202630596796,0.36943218959321428,0.36510725182227827,0.25337561690231553,0.38151713127540632,0.3815151211401912,0.25378303964981469,0.36470183920999394
984,2023-2024,2024-02-04,Bournemouth,Nottingham,D,0.5128683189582629,0.22658877644157546,0.2605429046001615,0.5246940414254736,0.23865900812733765,0.236646950447189,0.5416682022435565,0.23487082847692126,0.22346096927952228
985,2023-2024,2024-02-04,Chelsea,Wolves,A,0.48395172561531419,0.23472836218928786,0.28131991219539781,0.46330257249269446,0.23111752006635394,0.3055799074409517,0.48161855727390196,0.22901854419146439,0.28936289853463354
986,2023-2024,2024-02-04,Manchester Utd,West Ham,H,0.45609696478626682,0.25871508482603345,0.28518795038769956,0.57181476450544999,0.21188260870702302,0.21630262678752699,0.58971060144448706,0.20734215722065952,0.20294724133485351
987,2023-2024,2024-02-05,Brentford,Manchester City,A,0.19932490099889391,0.20590817902924852,0.5947669199718576,0.21270666664832288,0.23026138652764291,0.5570319468240339,0.22701853655126233,0.23575230270753547,0.53722916074120219
988,2023-2024,2024-02-10,Fulham,Bournemouth,H,0.49665405762317177,0.24092080790698531,0.26242513446984295,0.45945804193669698,0.23161054290384553,0.30893141515945749,0.48246153109303003,0.22900357245012398,0.28853489645684577
989,2023-2024,2024-02-10,Liverpool,Burnley,H,0.83488739004394563,0.11207597569607639,0.053036634259978004,0.81010954262893287,0.12085921459239618,0.069031242778671065,0.8256054549330275,0.11283189992070079,0.061562645146271695
990,2023-2024,2024-02-10,Luton Town,Sheffield United,A,0.79230776131167036,0.12605343170180727,0.081638806986522608,0.55927496395236642,0.21913660428651813,0.22158843176111542,0.58144960422665348,0.21359889601698087,0.20495149975636581
991,2023-2024,2024-02-10,Manchester City,Everton,H,0.70667617092114254,0.1862758215741126,0.1070480075047449,0.7022731172673341,0.17602598903579686,0.12170089369686914,0.72124830228652281,0.16799619986878717,0.11075549784468997
992,2023-2024,2024-02-10,Nottingham,Newcastle,A,0.2646336818520777,0.2171417927869293,0.51822452536099317,0.34612639805305523,0.24226861690581999,0.41160498504112464,0.36722121476983577,0.24352518333499554,0.38925360189516856
993,2023-2024,2024-02-10,Tottenham,Brighton,H,0.55554578747652039,0.1949318604551234,0.24952235206835602,0.42333139574628154,0.21778006869680985,0.35888853555690853,0.44774339700708454,0.21662611771510054,0.33563048527781497
994,2023-2024,2024-02-10,Wolves,Brentford,A,0.53000314729156883,0.22151816428534776,0.24847868842308338,0.46305934560327028,0.23922282743891365,0.29771782695781596,0.48534541883589605,0.23637172651919036,0.27828285464491365
995,2023-2024,2024-02-11,Aston Villa,Manchester Utd,A,0.54049447343391888,0.23880049020610308,0.22070503635997826,0.49440827520051694,0.22724452534113815,0.27834719945834474,0.5135246553710674,0.22422786727943839,0.26224747734949416
996,2023-2024,2024-02-11,West Ham,Arsenal,A,0.21039074088369489,0.23020584742883898,0.55940341168746632,0.17508275632402057,0.22280638396483243,0.60211085971114719,0.18681602832627764,0.22902216011777521,0.58416181155594726
997,2023-2024,2024-02-12,Crystal Palace,Chelsea,A,0.35118228389996398,0.24693372777240385,0.40188398832763222,0.45269515439187713,0.23852816990675563,0.30877667570136724,0.46498099117641112,0.23723418729391407,0.29778482152967478
998,2023-2024,2024-02-17,Brentford,Liverpool,A,0.18382794873754357,0.20762839161177127,0.60854365965068513,0.19586872610415362,0.19708280749405271,0.60704846640179355,0.20347361572363679,0.20023091266769513,0.59629547160866814
999,2023-2024,2024-02-17,Burnley,Arsenal,A,0.10265511454241594,0.16468206471962027,0.73266282073796396,0.12709563114962988,0.18593406144967975,0.68697030740069054,0.13240707295217211,0.18991184493356003,0.67768108211426803
1000,2023-2024,2024-02-17,Fulham,Aston Villa,A,0.30400902394420587,0.24485640415260002,0.45113457190319411,0.33735866577579715,0.23018488410139726,0.4324564501228057,0.34712629651600968,0.23104548195715657,0.42182822152683364
1001,2023-2024,2024-02-17,Manchester City,Chelsea,D,0.74189497362559154,0.14843419070984201,0.10967083566456653,0.73854038403652267,0.15200986780356293,0.10944974815991462,0.74715563322977085,0.14833217797051101,0.1045121887997183
1002,2023-2024,2024-02-17,Newcastle,Bournemouth,D,0.67516556834713359,0.16874538138189724,0.15608905027096912,0.52007761215727377,0.2083222808609779,0.27160010698174819,0.53113866319455383,0.20649509105742228,0.26236624574802392
1003,2023-2024,2024-02-17,Nottingham,West Ham,H,0.42048252095357547,0.24321861942491588,0.33629885962150868,0.44916617825654287,0.26037778223843627,0.29045603950502097,0.45846297310515122,0.25921091776948368,0.28232610912536521
1004,2023-2024,2024-02-17,Tottenham,Wolves,A,0.58264827668385499,0.19300236000319829,0.2243493633129468,0.57330212820189563,0.20651423645945025,0.22018363533865409,0.5837079157293501,0.20398254999424884,0.21230953427640128
1005,2023-2024,2024-02-18,Luton Town,Manchester Utd,A,0.30558178184381096,0.23819860755819658,0.45621961059799199,0.32705433920005755,0.23390605713017237,0.43903960366977013,0.3306547904764599,0.23429606631792804,0.43504914320561217
1006,2023-2024,2024-02-18,Sheffield United,Brighton,A,0.17170618106253124,0.19515014686598936,0.63314367207147937,0.15140342998256628,0.18214407990132059,0.66645249011611307,0.15380699100727657,0.18354971454504754,0.66264329444767589
1007,2023-2024,2024-02-19,Everton,Crystal Palace,D,0.46833200284028692,0.28761673522704695,0.2440512619326663,0.42769450887960342,0.26844168879868413,0.30386380232171245,0.42975943941186329,0.26823953894528496,0.3020010216428517
1008,2023-2024,2024-02-20,Manchester City,Brentford,H,0.73007497511765518,0.1601968960890813,0.10972812879326367,0.70924827974539106,0.16931743505689154,0.12143428519771739,0.71132365346946969,0.1684626716424954,0.12021367488803497
1009,2023-2024,2024-02-21,Liverpool,Luton Town,H,0.80965013020202492,0.11673542215931199,0.073614447638663275,0.78225837447833735,0.13153941827640339,0.086202207245259482,0.78237422982579852,0.13148537295785426,0.086140397216347364
1010,2023-2024,2024-02-24,Arsenal,Newcastle,H,0.70074780078016774,0.16276629224896536,0.13648590697086693,0.68736779055481723,0.17980972411425661,0.1328224853309263,0.68712913753170501,0.17990319072455482,0.13296767174374022
1011,2023-2024,2024-02-24,Aston Villa,Nottingham,H,0.63992907040179425,0.20007403788604011,0.15999689171216536,0.55906921479701832,0.2339622691673908,0.20696851603559108,0.55881963130492252,0.23402945369425146,0.20715091500082589
1012,2023-2024,2024-02-24,Bournemouth,Manchester City,A,0.14662597609439984,0.19038174365256816,0.66299228025303214,0.17514803628663189,0.20234882360946987,0.62250314010389829,0.1749717359343641,0.20225875864321266,0.62276950542242315
1013,2023-2024,2024-02-24,Brighton,Everton,D,0.50777572130454762,0.26199263205043577,0.23023164664501666,0.54709856171730908,0.22520367626004725,0.22769776202264372,0.5468350645139578,0.22526448533043508,0.22790045015560717
1014,2023-2024,2024-02-24,Crystal Palace,Burnley,H,0.47473684023295176,0.25377342936311176,0.27148973040393654,0.56612462307824118,0.23417637128920835,0.19969900563255066,0.56587796751347264,0.2342461277803714,0.19987590470615613
1015,2023-2024,2024-02-24,Manchester Utd,Fulham,A,0.50127458947737535,0.2534859234670121,0.24523948705561258,0.47309974633798113,0.22871978332969695,0.29818047033232192,0.47282391746791991,0.22875257237151883,0.29842351016056134
1016,2023-2024,2024-02-25,Wolves,Sheffield United,H,0.76095688642665937,0.14692840480912553,0.092114708764215361,0.66742587076691395,0.19188475566046559,0.1406893735726204,0.66604297883582719,0.19241154506066971,0.14154547610350288
1017,2023-2024,2024-02-26,West Ham,Brentford,H,0.36590628372199119,0.25053736054544212,0.38355635573256663,0.34682077610242462,0.23509984789680272,0.41807937600077288,0.34735625539960097,0.23514068199594254,0.41750306260445658
1018,2023-2024,2024-03-02,Brentford,Chelsea,D,0.37126243752839755,0.23406880894899731,0.39466875352260522,0.40165323523882634,0.22066081403258292,0.37768595072859062,0.40548479075818411,0.22063596206612646,0.37387924717568938
1019,2023-2024,2024-03-02,Everton,West Ham,A,0.42733057890451159,0.28031438236428213,0.29235503873120627,0.56104791342296756,0.22503273711071167,0.21391934946632066,0.56453326882815658,0.22414165750251289,0.21132507366933065
1020,2023-2024,2024-03-02,Fulham,Brighton,H,0.38067135631480453,0.24220928650130971,0.37711935718388595,0.28600839950406698,0.22078716170485674,0.49320443879107628,0.28929609608557433,0.22141873136325166,0.48928517255117399
1021,2023-2024,2024-03-02,Luton Town,Aston Villa,A,0.22774867806316754,0.1986341960758376,0.57361712586099489,0.2383456487229311,0.21517703615958864,0.54647731511748054,0.24130057731436849,0.2160753374114141,0.54262408527421735
1022,2023-2024,2024-03-02,Newcastle,Wolves,H,0.53659003067710298,0.21037230631665835,0.2530376630062387,0.46280187722186394,0.22613881216465193,0.31105931061348419,0.46657949396783621,0.22575496159823866,0.30766554443392513
1023,2023-2024,2024-03-02,Nottingham,Liverpool,A,0.12665805879563496,0.16927279694618869,0.70406914425817646,0.17153599822427806,0.20644434090400191,0.62201966087172011,0.17385218467468203,0.20767881416865552,0.61846900115666259
1024,2023-2024,2024-03-02,Tottenham,Crystal Palace,H,0.63413518760608711,0.18657442833469842,0.17929038405921457,0.49942737003598558,0.23631269563720553,0.26425993432680872,0.50298655558810723,0.23570049345458535,0.26131295095730733
1025,2023-2024,2024-03-03,Burnley,Bournemouth,A,0.28776177231478434,0.24790008879702563,0.46433813888819014,0.28129632691416645,0.23602497769498079,0.48267869539085279,0.28450457313475708,0.23668357120271874,0.47881185566252416
1026,2023-2024,2024-03-03,Manchester City,Manchester Utd,H,0.61356498800574155,0.22233796656190194,0.16409704543235665,0.6814789273798515,0.17434428045540004,0.14417679216474863,0.68500733286197957,0.1730637919341213,0.14192887520389924
1027,2023-2024,2024-03-04,Sheffield United,Arsenal,A,0.02834739520345431,0.070886597674591129,0.90076600712195454,0.087873567999480817,0.16381101642066562,0.74831541557985359,0.087801732108133107,0.16373271682524612,0.74846555106662083
1028,2023-2024,2024-03-09,Arsenal,Brentford,H,0.83532510421396544,0.10586581308269208,0.05880908270334255,0.7458123116464791,0.15576217256295383,0.098425515790567242,0.74300046240923801,0.15704955127931225,0.099949986311449857
1029,2023-2024,2024-03-09,Bournemouth,Sheffield United,D,0.73238227055504779,0.16346000997782459,0.10415771946712749,0.64503075413393096,0.19416222007638825,0.16080702578968059,0.64175943488571008,0.19527265906082042,0.16296790605346947
1030,2023-2024,2024-03-09,Crystal Palace,Luton Town,D,0.42288461553223694,0.22638979622499478,0.35072558824276823,0.55944091508982474,0.2238651558316711,0.21669392907850429,0.55605921128037028,0.22470152040245278,0.21923926831717697
1031,2023-2024,2024-03-09,Manchester Utd,Everton,H,0.50457076159406655,0.27478697815298359,0.22064226025295,0.44734905734860281,0.23094732464283199,0.32170361800856523,0.44378067842678076,0.23123094710899431,0.32498837446422491
1032,2023-2024,2024-03-09,Wolves,Fulham,H,0.36196341531048576,0.25605273866149725,0.38198384602801699,0.42087390086776083,0.23986865629432955,0.3392574428379096,0.41743883382525993,0.24003130203046058,0.34252986414427966
1033,2023-2024,2024-03-10,Aston Villa,Tottenham,A,0.52457632345326322,0.20110798562438362,0.27431569092235314,0.43617105988529692,0.22797548563192185,0.33585345448278114,0.4356606522563935,0.22800665177786875,0.33633269596573767
1034,2023-2024,2024-03-10,Brighton,Nottingham,H,0.53859880630326906,0.22213444395394966,0.2392667497427812,0.60535377911077182,0.21772709696846507,0.17691912392076317,0.60490187021837494,0.21787176955353313,0.17722636022809193
1035,2023-2024,2024-03-10,Liverpool,Manchester City,D,0.44936665169180529,0.2523657024135248,0.29826764589466992,0.38921701622378457,0.2431662169563899,0.36761676681982525,0.38874379579250756,0.24316636471402014,0.36808983949347246
1036,2023-2024,2024-03-10,West Ham,Burnley,D,0.64374602934522063,0.19763318875808447,0.1586207818966949,0.45820439447374239,0.23890581199910349,0.30288979352715395,0.4577164598252918,0.2389580729127648,0.30332546726194348
1037,2023-2024,2024-03-11,Chelsea,Newcastle,H,0.3562041221524167,0.21026578230327192,0.43353009554431149,0.45726039191076667,0.21052715392536886,0.33221245416386436,0.45500961048935756,0.21069296732183587,0.33429742218880659
1038,2023-2024,2024-03-13,Bournemouth,Luton Town,H,0.46140589001928622,0.22424498241494223,0.31434912756577171,0.55336758529517238,0.20534187889283156,0.24129053581199611,0.55026872466263799,0.20597157177799641,0.24375970355936569
1039,2023-2024,2024-03-16,Burnley,Brentford,H,0.24501836769724997,0.23115913310557523,0.52382249919717483,0.3071303035499291,0.23240478039830267,0.46046491605176837,0.30328418283175779,0.23180573807767982,0.46491007909056237
1040,2023-2024,2024-03-16,Fulham,Tottenham,H,0.3373578033749533,0.22157988520659297,0.44106231141845359,0.32673915043843782,0.2290023548395122,0.44425849472205009,0.32271235626592742,0.22852565181813569,0.44876199191593669
1041,2023-2024,2024-03-16,Luton Town,Nottingham,D,0.43971581334562015,0.22367028093202565,0.33661390572235411,0.33044929993698297,0.25738262939120399,0.41216807067181316,0.32678522741243199,0.25701023834738129,0.416204534240187
1042,2023-2024,2024-03-17,West Ham,Aston Villa,D,0.30236026209775563,0.21907007283777294,0.47856966506447146,0.23892041032888722,0.21921573683704348,0.54186385283406913,0.23921531611524946,0.21930660599479235,0.5414780778899585
1043,2023-2024,2024-03-30,Aston Villa,Wolves,H,0.53587626828644841,0.22922766266069294,0.2348960690528589,0.5359206515537901,0.23264026142607153,0.23143908702013843,0.53640454592831743,0.23253168765411722,0.23106376641756535
1044,2023-2024,2024-03-30,Bournemouth,Everton,H,0.4449308349556545,0.27595050405547461,0.27911866098887111,0.40640865762954126,0.23275138133775738,0.36083996103270127,0.40691513182750044,0.2327409923532178,0.36034387581928173
1045,2023-2024,2024-03-30,Brentford,Manchester Utd,D,0.31882727973330549,0.25313847172122539,0.42803424854546912,0.38865749389678161,0.22182879973070782,0.38951370637251032,0.38918058729530058,0.22183650087171208,0.38898291183298733
1046,2023-2024,2024-03-30,Chelsea,Burnley,D,0.67949578724347659,0.18119278887764553,0.13931142387887793,0.61968789872058183,0.20054496802664645,0.17976713325277191,0.62017326234555459,0.20039624649855972,0.17943049115588591
1047,2023-2024,2024-03-30,Newcastle,West Ham,H,0.61753081889725792,0.18249321840470001,0.19997596269804208,0.5945691793716521,0.19571757420019331,0.2097132464281545,0.59509376202302733,0.19558571722627691,0.20932052075069588
1048,2023-2024,2024-03-30,Nottingham,Crystal Palace,D,0.43776641353797313,0.26875804543632459,0.29347554102570245,0.36962366022903148,0.3003389447908138,0.33003739498015489,0.37001939503098608,0.30033245992411867,0.32964814504489548
1049,2023-2024,2024-03-30,Sheffield United,Fulham,D,0.11678307039671025,0.17610507938697417,0.70711185021631562,0.2221741063335386,0.21535837619978274,0.56246751746667878,0.22256043727922115,0.2154949835187065,0.56194457920207241
1050,2023-2024,2024-03-30,Tottenham,Luton Town,H,0.68886635172796495,0.15305313495928943,0.15808051331274567,0.70914540479850607,0.16164646804591287,0.12920812715558089,0.70960457810042155,0.16147061670520163,0.1289248051943768
1051,2023-2024,2024-03-31,Liverpool,Brighton,H,0.70158492791049576,0.17970057617948312,0.11871449591002123,0.56637384538730262,0.21113790030212329,0.22248825431057409,0.56810014536415843,0.21073247596394359,0.22116737867189781
1052,2023-2024,2024-03-31,Manchester City,Arsenal,D,0.34783501041101322,0.26987244865044235,0.38229254093854448,0.40392906465540052,0.28247204071087101,0.31359889463372853,0.40537371613312356,0.28237715645327982,0.31224912741359662
1053,2023-2024,2024-04-02,Bournemouth,Crystal Palace,H,0.48838797235995601,0.25236042261550917,0.25925160502453476,0.41544956078864798,0.26600080707167395,0.31854963213967796,0.41677648021767649,0.26591154028362779,0.31731197949869577
1054,2023-2024,2024-04-02,Burnley,Wolves,D,0.28065379464963036,0.26947731549282755,0.44986888985754209,0.32696253079203719,0.26229452190574493,0.41074294730221778,0.32821255664749782,0.26242126626628787,0.40936617708621431
1055,2023-2024,2024-04-02,Newcastle,Everton,D,0.62198103273632699,0.21143405181055233,0.16658491545312082,0.43539485963858177,0.23775097349924537,0.32685416686217283,0.43686224606913987,0.23764902980040267,0.32548872413045749
1056,2023-2024,2024-04-02,Nottingham,Fulham,H,0.29670641134486986,0.26788286175937881,0.43541072689575133,0.3767530738610585,0.27372129200140699,0.34952563413753435,0.37802408029628876,0.27371557067972874,0.34826034902398251
1057,2023-2024,2024-04-02,West Ham,Tottenham,D,0.31193128130355224,0.21529586326008712,0.47277285543636072,0.22153413819928355,0.22057497269107193,0.55789088910964446,0.22264678144858174,0.22097312584350037,0.55638009270791799
1058,2023-2024,2024-04-03,Arsenal,Luton Town,H,0.87469952854763067,0.087303546314233552,0.037996925138135781,0.80254102756806533,0.14006398911847304,0.057394983313461566,0.80282795063629475,0.13989690029935986,0.057275149064345485
1059,2023-2024,2024-04-03,Brentford,Brighton,D,0.35013813725658599,0.25448666640875767,0.3953751963346564,0.30308870827224871,0.23350929108012761,0.46340200064762366,0.30349356949281292,0.23357446856403674,0.46293196194315028
1060,2023-2024,2024-04-03,Manchester City,Aston Villa,H,0.61349577772808117,0.22857869281994236,0.15792552945197677,0.63709688905005657,0.21405250212464896,0.14885060882529438,0.63748928740632382,0.21390618838044795,0.14860452421322815
1061,2023-2024,2024-04-04,Chelsea,Manchester Utd,H,0.38159515628792406,0.26579767048614333,0.35260717322593249,0.46866063281756043,0.22427384936712699,0.30706551781531255,0.47298403775897441,0.22382386481620664,0.30319209742481906
1062,2023-2024,2024-04-04,Liverpool,Sheffield United,H,0.93431316991127522,0.049827132020519978,0.015859698068204742,0.87915900759535559,0.084523404030702687,0.036317588373941861,0.88130054765885424,0.083235229764101651,0.035464222577044083
1063,2023-2024,2024-04-06,Aston Villa,Brentford,D,0.57349173940899922,0.22731135784907971,0.19919690274192106,0.53617339839182898,0.22902793965049059,0.23479866195768054,0.53909299397838195,0.2284023672233754,0.23250463879824279
1064,2023-2024,2024-04-06,Brighton,Arsenal,A,0.14070885351851878,0.22765255604069376,0.63163859044078763,0.25948961405920812,0.28478054408315318,0.45572984185763848,0.26159140833431022,0.28532791387488471,0.45308067779080508
1065,2023-2024,2024-04-06,Crystal Palace,Manchester City,A,0.10429584796785657,0.21165892367410072,0.68404522835804271,0.16780623540506776,0.25363616908622227,0.57855759550870989,0.16945098248773932,0.25464291979022885,0.57590609772203172
1066,2023-2024,2024-04-06,Everton,Burnley,H,0.47384342549969333,0.30018709828188445,0.22596947621842245,0.56147358981454643,0.23644712271321555,0.20207928747223783,0.56421689223835492,0.23569824865401268,0.20008485910763232
1067,2023-2024,2024-04-06,Fulham,Newcastle,A,0.38873730493769959,0.22449727192777452,0.386765423134526,0.45039787510162743,0.23346124126256879,0.31614088363580384,0.45341753523230355,0.23320203061336131,0.31338043415433525
1068,2023-2024,2024-04-06,Luton Town,Bournemouth,H,0.39654066994736764,0.2449450867612647,0.35851424329136761,0.31398300915012151,0.24548016591807054,0.44053682493180801,0.31661073328223072,0.24583826472550804,0.43755100199226132
1069,2023-2024,2024-04-06,Wolves,West Ham,A,0.42736541988048549,0.26552793594555252,0.30710664417396205,0.4988778832455798,0.25450692421291082,0.24661519254150951,0.50162619596412994,0.25397394447749932,0.24439985955837065
1070,2023-2024,2024-04-07,Manchester Utd,Liverpool,D,0.21201094259850045,0.24166283704030536,0.54632622036119416,0.23091184295508393,0.20913335236901015,0.55995480467590597,0.22705134473032085,0.20785827507621105,0.56509038019346813
1071,2023-2024,2024-04-07,Sheffield United,Chelsea,D,0.15906255281705484,0.17166125274285687,0.66927619444008835,0.18972828124573848,0.19140570082502278,0.61886601792923879,0.18622886088915538,0.18985299167213082,0.62391814743871377
1072,2023-2024,2024-04-07,Tottenham,Nottingham,H,0.5931018872534356,0.21276777677358433,0.19413033597297999,0.5172636312118446,0.25709864878119393,0.22563772000696161,0.51298247013230913,0.25807950257320761,0.22893802729448318
1073,2023-2024,2024-04-13,Bournemouth,Manchester Utd,D,0.32770047523499779,0.25686828360884056,0.4154312411561617,0.40493791426636461,0.2273433559332452,0.36771872980039028,0.40168346158915358,0.22737042647413105,0.37094611193671551
1074,2023-2024,2024-04-13,Brentford,Sheffield United,H,0.67986134507991192,0.17996911874032262,0.1401695361797653,0.61372443880512761,0.20487307999585092,0.1814024811990215,0.61068131372873258,0.2057858837417412,0.18353280252952631
1075,2023-2024,2024-04-13,Burnley,Brighton,D,0.23512805248524907,0.25768240655502622,0.5071895409597249,0.2194100013363488,0.22511429303842218,0.55547570562522919,0.2170704743984066,0.22423733676897387,0.55869218883261929
1076,2023-2024,2024-04-13,Manchester City,Luton Town,H,0.80777621757743534,0.12575756048733411,0.066466221935230649,0.79913905443734201,0.13178349653297666,0.069077449029681326,0.79692221824171561,0.13294031745643115,0.070137464301853386
1077,2023-2024,2024-04-13,Newcastle,Tottenham,H,0.4612046548497315,0.20792690198514102,0.33086844316512731,0.39761172606868278,0.23049146921162389,0.37189680471969355,0.39440656674428082,0.2304894805113997,0.37510395274431935
1078,2023-2024,2024-04-13,Nottingham,Wolves,D,0.39548501446421569,0.28137756017377613,0.32313742536200818,0.4507619204875325,0.27789453546454068,0.27134354404792693,0.44801427128188609,0.27828383494301423,0.27370189377509963
1079,2023-2024,2024-04-14,Arsenal,Aston Villa,A,0.77079184917562515,0.14981556868726478,0.079392582137110063,0.66619260448557371,0.21481762800503842,0.11898976750938767,0.66672729864679425,0.21458003494683831,0.11869266640636744
1080,2023-2024,2024-04-14,Liverpool,Crystal Palace,A,0.79265028505893587,0.14093114269058649,0.066418572250477731,0.68879263382160549,0.19057672820802579,0.12063063797036877,0.68935426473087769,0.19033885495293396,0.12030688031618833
1081,2023-2024,2024-04-14,West Ham,Fulham,A,0.41003760067595052,0.24930352805215095,0.34065887127189876,0.30410432557709571,0.23946515224643128,0.45643052217647317,0.30470167651074292,0.23956132972376992,0.45573699376548726
1082,2023-2024,2024-04-15,Chelsea,Everton,H,0.50916307045382125,0.25642607913129223,0.23441085041488649,0.48212478573794543,0.23278214362569066,0.28509307063636391,0.47869571474373079,0.23323153138090347,0.28807275387536585
1083,2023-2024,2024-04-20,Luton Town,Brentford,A,0.39235059787338511,0.2352981971898247,0.37235120493679025,0.37985347950167064,0.24168390621998154,0.37846261427834771,0.38014512714586418,0.24168989879038924,0.3781649740637465
1084,2023-2024,2024-04-20,Sheffield United,Burnley,A,0.35141816890088512,0.25677611121214189,0.3918057198869731,0.38315716185092419,0.25236898571452621,0.36447385243454938,0.38343879071001874,0.25237098876543917,0.36419022052454231
1085,2023-2024,2024-04-20,Wolves,Arsenal,A,0.11310892871008278,0.19767105998476353,0.68922001130515365,0.13861084614129326,0.23004613940530919,0.6313430144533978,0.13875981493052536,0.23016284626714262,0.63107733880233208
1086,2023-2024,2024-04-21,Aston Villa,Bournemouth,H,0.6069706374066296,0.20244550777089865,0.19058385482247192,0.51814429733814682,0.2302137256247378,0.25164197703711561,0.51199203799074167,0.23134584537643346,0.2566621166328249
1087,2023-2024,2024-04-21,Crystal Palace,West Ham,H,0.38206837473782079,0.25864006576087517,0.35929155950130393,0.56606277243277536,0.23055907803334016,0.20337814953388464,0.56027397902902576,0.2321081208879929,0.20761790008298131
1088,2023-2024,2024-04-21,Everton,Nottingham,H,0.33403402804866306,0.29622004382538103,0.36974592812595602,0.39891146914382331,0.274702030897225,0.32638649995895153,0.39353442851780607,0.27491539185073477,0.33155017963145894
1089,2023-2024,2024-04-21,Fulham,Liverpool,A,0.22652841801581178,0.24241228298607814,0.53105929899811011,0.2528105545676031,0.21750916143010285,0.52968028400229417,0.24761076986043856,0.21606049817508099,0.5363287319644805
1090,2023-2024,2024-04-23,Arsenal,Chelsea,H,0.76004861082972142,0.14726558234647658,0.092685806823802133,0.6840719007029995,0.18932738834355875,0.12660071095344186,0.68242802303684802,0.19000069486358151,0.1275712820995705
1091,2023-2024,2024-04-24,Crystal Palace,Newcastle,H,0.28097008414139413,0.22332445065508372,0.49570546520352227,0.41069655403631239,0.25444788779584343,0.33485555816784429,0.41091553933109787,0.25443846435086392,0.33464599631803826
1092,2023-2024,2024-04-24,Everton,Liverpool,H,0.13387940014278049,0.23031843413419936,0.63580216572302017,0.21609340146948908,0.22154628066906432,0.56236031786144691,0.21626672661889412,0.22161256125432463,0.56212071212678127
1093,2023-2024,2024-04-24,Manchester Utd,Sheffield United,H,0.78944885477182947,0.13255060168413854,0.078000543544032019,0.65728351830733989,0.17896043170320527,0.16375604998945475,0.65751350069393555,0.17888663777968519,0.16359986152637954
1094,2023-2024,2024-04-24,Wolves,Bournemouth,A,0.43086851437319096,0.26064158081990241,0.30848990480690647,0.37917487819057699,0.2431457256481569,0.37767939616126617,0.37939894091435883,0.24315017917618145,0.37745087990945964
1095,2023-2024,2024-04-25,Brighton,Manchester City,A,0.17346389856547464,0.22115951931701583,0.60537658211750967,0.27371429221397886,0.23360426917445265,0.49268143861156849,0.27570792675709321,0.23405821796412754,0.49023385527877911
1096,2023-2024,2024-04-27,Aston Villa,Chelsea,D,0.56171867274953158,0.19232962572797274,0.24595170152249557,0.45448504220788116,0.2252677186014462,0.32024723919067261,0.45324334878938022,0.2253689438008733,0.32138770740974659
1097,2023-2024,2024-04-27,Everton,Brentford,H,0.33649023569952707,0.28530997407808711,0.37819979022238565,0.4436707550564094,0.24724722139197705,0.30908202355161368,0.44252956079415084,0.24734912949632334,0.31012130970952595
1098,2023-2024,2024-04-27,Fulham,Crystal Palace,D,0.46284207081591877,0.25313574513864945,0.28402218404543189,0.43803695609126392,0.25592617197609208,0.30603687193264401,0.43693113549755452,0.25602579608938003,0.30704306841306533
1099,2023-2024,2024-04-27,Manchester Utd,Burnley,D,0.63632826841573642,0.201194453253283,0.16247727833098055,0.63483513643161427,0.18587275947210455,0.17929210409628107,0.63364249399154982,0.18622536769899525,0.18013213830945501
1100,2023-2024,2024-04-27,Newcastle,Sheffield United,H,0.85600728666245218,0.088986210936643967,0.055006502400903927,0.68437919549148829,0.16666381753403206,0.14895698697447968,0.68322812081834183,0.16705620576890917,0.14971567341274911
1101,2023-2024,2024-04-27,West Ham,Liverpool,D,0.17466894070894398,0.19396451050593244,0.63136654878512355,0.12679019832590771,0.15811647162750661,0.71509333004658582,0.12610647728402671,0.15765166366685135,0.71624185904912208
1102,2023-2024,2024-04-27,Wolves,Luton Town,H,0.487960092905462,0.23669051465431487,0.275349392440223,0.48794043371562262,0.23408519005032952,0.27797437623404792,0.48675628427189405,0.23425514063745023,0.27898857509065561
1103,2023-2024,2024-04-28,Bournemouth,Brighton,H,0.41261451172332242,0.25733981203906364,0.33004567623761394,0.32895335504462192,0.23527873378309433,0.43576791117228364,0.33518891226852487,0.23594635232583877,0.42886473540563619
1104,2023-2024,2024-04-28,Nottingham,Manchester City,A,0.096372770132236163,0.16590388924135607,0.73772334062640788,0.1737010991362043,0.22691601702043004,0.59938288384336569,0.17777406466983564,0.229166791262298,0.5930591440678662
1105,2023-2024,2024-04-28,Tottenham,Arsenal,A,0.13931064965377121,0.19150315531381326,0.66918619503241572,0.20082717950820347,0.2527097938604595,0.54646302663133695,0.20507722005883317,0.25465390331386467,0.54026887662730216
1106,2023-2024,2024-05-02,Chelsea,Tottenham,H,0.46671391244492982,0.19830977759399382,0.33497630996107641,0.43200421145667511,0.22651027547272162,0.34148551307060315,0.43806751450321552,0.22617949750049682,0.33575298799628767
1107,2023-2024,2024-05-03,Luton Town,Everton,D,0.37742484797951736,0.26986418770383075,0.35271096431665178,0.36372065254964864,0.25243881858000411,0.38384052887034725,0.37049019681535805,0.25267637056003173,0.37683343262461028
1108,2023-2024,2024-05-04,Arsenal,Bournemouth,H,0.80804887913337531,0.13190426617042517,0.060046854696199331,0.70775777193963796,0.19075308234735747,0.10148914571300462,0.71289890455534666,0.18828127303438635,0.098819822410266933
1109,2023-2024,2024-05-04,Brentford,Fulham,D,0.42663380156856345,0.25686451156670453,0.31650168686473229,0.42779592921435738,0.24385433829581946,0.32834973248982313,0.43436661305579416,0.24342580410180617,0.32220758284239959
1110,2023-2024,2024-05-04,Burnley,Newcastle,A,0.22197325351846137,0.21310910091655239,0.56491764556498636,0.31828906217918423,0.22389764863242084,0.45781328918839503,0.32472702092911609,0.22473042770318608,0.45054255136769794
1111,2023-2024,2024-05-04,Manchester City,Wolves,H,0.80119621050527456,0.1401225843192582,0.058681205175467155,0.81245773988684156,0.12479828587863191,0.062743974234526781,0.8169193266909025,0.12238265579281384,0.060698017516283675
1112,2023-2024,2024-05-04,Sheffield United,Nottingham,A,0.26612022170307353,0.23366131728186104,0.50021846101506529,0.27938393400654188,0.24658222925037437,0.47403383674308391,0.28492051123328072,0.24774244775333892,0.46733704101338031
1113,2023-2024,2024-05-05,Brighton,Aston Villa,H,0.28127748629933208,0.24391727575967592,0.47480523794099211,0.50925661565080571,0.23985916535649732,0.25088421899269692,0.5131149550798273,0.23913070636842923,0.24775433855174372
1114,2023-2024,2024-05-05,Chelsea,West Ham,H,0.61744901689826448,0.18197773170752252,0.200573251394213,0.67754656287168857,0.17168492150932407,0.15076851561898733,0.68138249681725638,0.17037266923707378,0.14824483394566984
1115,2023-2024,2024-05-05,Liverpool,Tottenham,H,0.63584964142312606,0.19401739484138375,0.17013296373549017,0.5985934444347919,0.20432477501628313,0.19708178054892511,0.60255965965676672,0.20323858561160568,0.19420175473162757
1116,2023-2024,2024-05-06,Crystal Palace,Manchester Utd,H,0.38645535063950381,0.26089929266414119,0.35264535669635494,0.45802173712938588,0.24892875338163886,0.29304950948897523,0.46135556752312368,0.24854453512872446,0.29009989734815184
1117,2023-2024,2024-05-11,Bournemouth,Brentford,A,0.42782011918685614,0.25986454657506769,0.31231533423807606,0.46978761905588656,0.24168123671927133,0.28853114422484227,0.47464287031503571,0.24107287630848787,0.28428425337647656
1118,2023-2024,2024-05-11,Everton,Sheffield United,H,0.65538483509668877,0.21124951174039122,0.13336565316292018,0.58425974886643905,0.21816319981305229,0.19757705132050873,0.58898453733447598,0.2168556237662321,0.19415983889929192
1119,2023-2024,2024-05-11,Fulham,Manchester City,A,0.1459781498488186,0.21306340334682453,0.64095844680435676,0.17921818202117881,0.21451472649032075,0.60626709148850055,0.18246491979023371,0.2161911729785761,0.60134390723119036
1120,2023-2024,2024-05-11,Newcastle,Brighton,D,0.64026163915419643,0.19236555543653008,0.16737280540927357,0.36757955727075026,0.23259486785908526,0.39982557487016451,0.37247726233577294,0.232818322608215,0.39470441505601184
1121,2023-2024,2024-05-11,Nottingham,Chelsea,A,0.28204489757933082,0.2246116416891927,0.49334346073147656,0.36763514123550217,0.24974180542206009,0.38262305334243762,0.37224453332736718,0.24990659984669619,0.3778488668259366
1122,2023-2024,2024-05-11,Tottenham,Burnley,H,0.67647036507901337,0.17704136379553503,0.14648827112545168,0.67259703277635852,0.17750906739447761,0.1498938998291641,0.67725903697923362,0.17588785472034374,0.14685310830042275
1123,2023-2024,2024-05-11,West Ham,Luton Town,H,0.51913270243522514,0.20605466994064411,0.27481262762413072,0.40067523732316379,0.23375172425284313,0.36557303842399314,0.40566405061875538,0.23370915131241449,0.36062679806883002
1124,2023-2024,2024-05-11,Wolves,Crystal Palace,A,0.33193524104778516,0.2730167463746962,0.39504801257751893,0.2886672428719384,0.26771034097460905,0.4436224161534526,0.29256460021271946,0.26845902036459557,0.43897637942268519
1125,2023-2024,2024-05-12,Manchester Utd,Arsenal,A,0.11587617007280605,0.18843241194378188,0.69569141798341216,0.16265386436593338,0.21790995212204253,0.61943618351202412,0.15961686431778768,0.21604091203464634,0.62434222364756609
1126,2023-2024,2024-05-13,Aston Villa,Liverpool,D,0.33363195947893032,0.23802857323937246,0.42833946728169725,0.27753988963829385,0.22191190976518552,0.50054820059652083,0.27314924737890095,0.22092303563854776,0.50592771698255123
1127,2023-2024,2024-05-14,Tottenham,Manchester City,A,0.13397464794120381,0.17041879549131761,0.69560655656747872,0.20020185562510667,0.21886555354371101,0.58093259083118254,0.19708986088768135,0.21748088686799968,0.58542925224431885
1128,2023-2024,2024-05-15,Brighton,Chelsea,A,0.32769079946073321,0.23471312951915249,0.43759607102011444,0.5068636947023708,0.21742186249433912,0.27571444280329016,0.50003082697840961,0.21840485385339098,0.28156431916819941
1129,2023-2024,2024-05-15,Manchester Utd,Newcastle,H,0.34346369488058232,0.22761768974554583,0.42891861537387183,0.45088189461177547,0.21308525007318263,0.33603285531504207,0.44376937541498096,0.21350038953456496,0.34273023505045414
1130,2023-2024,2024-05-19,Arsenal,Everton,H,0.77533891570610469,0.17071470595127478,0.053946378342620532,0.72846304516219484,0.18927485980707734,0.08226209503072765,0.72499486660658818,0.19113370208390751,0.08387143130950446
1131,2023-2024,2024-05-19,Brentford,Newcastle,A,0.35427857950576647,0.23055370655299301,0.41516771394124058,0.42928154888647435,0.23168277608543694,0.33903567502808851,0.42424929163827307,0.23191370462408847,0.34383700373763842
1132,2023-2024,2024-05-19,Brighton,Manchester Utd,A,0.38219089372838588,0.26556374819221729,0.35224535807939672,0.56858349368786842,0.20374317938879022,0.22767332692334105,0.56340509565799624,0.20487069644934275,0.23172420789266107
1133,2023-2024,2024-05-19,Burnley,Nottingham,A,0.37841972548604752,0.2608787329020909,0.36070154161186152,0.32834238707182528,0.25219468692967889,0.41946292599849594,0.32401994577130167,0.2516993622450121,0.4242806919836864
1134,2023-2024,2024-05-19,Chelsea,Bournemouth,H,0.62666994350789562,0.18690103814317036,0.18642901834893416,0.57693347566580266,0.20290293505724588,0.22016358927695145,0.57180271130386162,0.20408088987726983,0.22411639881886844
1135,2023-2024,2024-05-19,Crystal Palace,Aston Villa,H,0.40014632300664188,0.24054564209515486,0.35930803489820334,0.46416714175183554,0.26314862155350832,0.27268423669465613,0.45970505731559913,0.26377604893541551,0.2765188937489852
1136,2023-2024,2024-05-19,Liverpool,Wolves,H,0.75282422130480831,0.15273247858629652,0.094443300108895054,0.77561694881974907,0.13139967477636549,0.092983376403885362,0.77157025788785472,0.1331725054494125,0.095257236662732725
1137,2023-2024,2024-05-19,Luton Town,Fulham,A,0.33490389014126165,0.2409999002695242,0.42409620958921401,0.33238497424095581,0.24230860806067009,0.42530641769837413,0.32789005931397758,0.24181339796920917,0.43029654271681311
1138,2023-2024,2024-05-19,Manchester City,West Ham,H,0.89605689253478227,0.072941648789880353,0.031001458675337427,0.88190956449215063,0.08126498242648153,0.036825453081367983,0.87931533263384809,0.0827957861275124,0.037888881238639607
1139,2023-2024,2024-05-19,Sheffield United,Tottenham,A,0.14257013610516131,0.16227826931615158,0.69515159457868725,0.22668632313138679,0.21048688616712272,0.56282679070149055,0.22276100687909653,0.20912132339343836,0.56811766972746525
1140,2024-2025,2024-08-16,Manchester Utd,Fulham,H,0.4767726772623036,0.2458261648853825,0.27740115785231395,0.47999011032545952,0.22043387522934532,0.29957601444519516,0.46982823928364076,0.22151537606285782,0.30865638465350131
1141,2024-2025,2024-08-17,Arsenal,Wolves,H,0.84670262765980042,0.11159212829234479,0.041705244047854917,0.80426249961991425,0.13619318751123233,0.059544312868853172,0.79838530460358581,0.13952697635016489,0.062087719046249421
1142,2024-2025,2024-08-17,Everton,Brighton,A,0.3936040880668315,0.31768302740064613,0.28871288453252242,0.34779385014532099,0.26191158473559734,0.39029456511908156,0.33990530343261538,0.26131316852582465,0.39878152804155986
1143,2024-2025,2024-08-17,Ipswich Town,Liverpool,A,0.29548696218716375,0.25597746357251733,0.44853557424031903,0.59826895901088406,0.26674390583011376,0.13498713515900235,0.59141933717118123,0.26964995118066426,0.13893071164815426
1144,2024-2025,2024-08-17,Newcastle,Southampton,H,0.7790996188868935,0.12817821355561415,0.09272216755749238,0.49645746884793035,0.23316749969282022,0.27037503145924952,0.48738726531952026,0.23452088570095503,0.2780918489795246
1145,2024-2025,2024-08-17,Nottingham,Bournemouth,D,0.40217040528759423,0.25104841693836799,0.34678117777403772,0.43407726044635325,0.25445960059989636,0.31146313895375044,0.42556467802906722,0.25508950612919601,0.31934581584173666
1146,2024-2025,2024-08-17,West Ham,Aston Villa,A,0.33269404283159104,0.21097501426256995,0.45633094290583903,0.32425372467014757,0.23147332022140032,0.44427295510845211,0.31575966757615337,0.23034562119575708,0.45389471122808966
1147,2024-2025,2024-08-18,Brentford,Crystal Palace,H,0.32811645223766067,0.24571049939772685,0.42617304836461228,0.3681149870244157,0.26631615026297628,0.36556886271260802,0.35751095792206583,0.26596330060565548,0.37652574147227863
1148,2024-2025,2024-08-18,Chelsea,Manchester City,A,0.16331956518909679,0.18346601917438249,0.65321441563652061,0.22297591598844768,0.21175731485883659,0.56526676915271579,0.21353990710112358,0.20830148716707528,0.57815860573180122
1149,2024-2025,2024-08-19,Leicester City,Tottenham,D,0.33170165663861634,0.23239742010632411,0.43590092325505947,0.34700186404943711,0.2521806354903402,0.40081750046022269,0.33646129068880792,0.25132268836006921,0.41221602095112286
1150,2024-2025,2024-08-24,Aston Villa,Arsenal,A,0.13976968897827724,0.20123884779924359,0.65899146322247915,0.16884635013565813,0.25482502201111212,0.57632862785322958,0.16384331185204537,0.25166218474129065,0.5844945034066642
1151,2024-2025,2024-08-24,Brighton,Manchester Utd,H,0.37340643429778764,0.27180817694009424,0.35478538876211796,0.53930491870037311,0.22243903383475022,0.23825604746487677,0.52999902942284016,0.22432950920026187,0.24567146137689805
1152,2024-2025,2024-08-24,Crystal Palace,West Ham,A,0.62186293873340848,0.19586906776020721,0.18226799350638423,0.65479435770989514,0.19885251588436337,0.14635312640574141,0.64652627831183507,0.20188051363273746,0.15159320805542739
1153,2024-2025,2024-08-24,Fulham,Leicester City,H,0.44079307084232139,0.29420868102015046,0.26499824813752815,0.57453720091436966,0.22751629459847583,0.19794650448715459,0.56587700222811321,0.22989533549953795,0.2042276622723489
1154,2024-2025,2024-08-24,Manchester City,Ipswich Town,H,0.83185102273649547,0.1203873762015205,0.047761601061984217,0.75648520881216141,0.18953151733030793,0.053983273857530857,0.75086388076303745,0.19317525134254857,0.05596086789441377
1155,2024-2025,2024-08-24,Southampton,Nottingham,A,0.26015689008144621,0.35704147109052431,0.38280163882802914,0.53062807605390483,0.29858057341257277,0.17079135053352237,0.52360895428142584,0.30099469251316624,0.17539635320540808
1156,2024-2025,2024-08-24,Tottenham,Everton,H,0.57413365755468271,0.24365431808252522,0.18221202436279235,0.57735608941335204,0.23194551284713955,0.19069839773950847,0.56890273197003327,0.2343952152276057,0.19670205280236092
1157,2024-2025,2024-08-25,Bournemouth,Newcastle,D,0.29396799125327316,0.22172836213644614,0.48430364661028064,0.43399035039400458,0.22330811038674636,0.34270153921924906,0.42938223131606051,0.22352786943776345,0.347089899246176
1158,2024-2025,2024-08-25,Liverpool,Brentford,H,0.66963821063985729,0.18664783107969252,0.14371395828045025,0.7158893647947524,0.1550850013297686,0.12902563387547902,0.7118224642118316,0.15659977471758599,0.13157776107058242
1159,2024-2025,2024-08-25,Wolves,Chelsea,A,0.24596483399640676,0.22799312158193508,0.52604204442165803,0.27592068930343744,0.22040239886935861,0.50367691182720409,0.27205697570155896,0.21953723249716814,0.50840579180127288
1160,2024-2025,2024-08-31,Arsenal,Brighton,D,0.76783346499794103,0.16733200102719198,0.064834533974867103,0.60291762348473177,0.2441981635653338,0.15288421294993451,0.59573876277511484,0.24688558115795373,0.15737565606693132
1161,2024-2025,2024-08-31,Brentford,Southampton,H,0.60505455699721511,0.30370262439715551,0.091242818605629564,0.48286551616203682,0.2792315038642687,0.23790297997369433,0.47545691712296201,0.28072818931583199,0.24381489356120592
1162,2024-2025,2024-08-31,Everton,Bournemouth,A,0.27464031352815438,0.30803711555436253,0.41732257091748304,0.38154874178890608,0.26745463436483174,0.35099662384626212,0.37386912614457651,0.2674430173933609,0.35868785646206253
1163,2024-2025,2024-08-31,Ipswich Town,Fulham,D,0.19789368465365487,0.25706295560634657,0.54504335973999851,0.27478894008711341,0.35568367532543943,0.36952738458744711,0.26956086790304301,0.35467857497998145,0.37576055711697559
1164,2024-2025,2024-08-31,Leicester City,Aston Villa,A,0.28984157616365847,0.25887354556202358,0.45128487827431796,0.32723105660236418,0.25778426094803797,0.41498468244959763,0.31975266197470092,0.25693662261222716,0.42331071541307197
1165,2024-2025,2024-08-31,Nottingham,Wolves,D,0.49218325617077818,0.25139111973118367,0.25642562409803815,0.58372586651106739,0.22288955101538374,0.19338458247354898,0.57553399846737674,0.22520177465380639,0.19926422687881701
1166,2024-2025,2024-08-31,West Ham,Manchester City,A,0.078199463197793889,0.14350726035371997,0.77829327644848623,0.087941455896566739,0.15253236212508631,0.75952618197834665,0.084441961067719548,0.14893039396246213,0.76662764496981839
1167,2024-2025,2024-09-01,Chelsea,Crystal Palace,D,0.55943524442056403,0.20894113714380536,0.23162361843563067,0.49112594260583753,0.25255188895112984,0.25632216844303285,0.4806994847187045,0.25433879610533588,0.26496171917595951
1168,2024-2025,2024-09-01,Manchester Utd,Liverpool,A,0.22693350191566714,0.25291273322584457,0.52015376485848841,0.24563518667692885,0.20826805025703743,0.54609676306603372,0.23625337566850221,0.20550876895281744,0.5582378553786802
1169,2024-2025,2024-09-01,Newcastle,Tottenham,H,0.47940372445222157,0.2194137692489152,0.30118250629886323,0.35023705949575179,0.24557153344990004,0.40419140705434797,0.33997850483997932,0.24480180642455948,0.41521968873546117
1170,2024-2025,2024-09-14,Aston Villa,Everton,H,0.64247467570032712,0.21912240291482973,0.13840292138484317,0.47548938980514405,0.27536749705286317,0.24914311314199286,0.46224445481838711,0.27772571004779145,0.2600298351338215
1171,2024-2025,2024-09-14,Bournemouth,Chelsea,A,0.28445190763035422,0.22528609885640552,0.49026199351324018,0.31159101184809929,0.22902554917356938,0.45938343897833123,0.29773874696083952,0.22686236137047042,0.47539889166868987
1172,2024-2025,2024-09-14,Brighton,Ipswich Town,D,0.60174599098282666,0.25436045962042902,0.14389354939674448,0.52469174916554018,0.29972606391362966,0.17558218692083044,0.51301786402191718,0.3035743047770959,0.18340783120098708
1173,2024-2025,2024-09-14,Crystal Palace,Leicester City,D,0.55511685078381268,0.26584387241993135,0.17903927679625606,0.57869014928354956,0.24963913076523755,0.17167071995121294,0.56570841746383771,0.25392247295816339,0.18036910957799887
1174,2024-2025,2024-09-14,Fulham,West Ham,D,0.44670881096166559,0.25765166418160235,0.29563952485673201,0.56274758071402287,0.23055379992214306,0.20669861936383396,0.54838114167715502,0.23422556809109105,0.21739329023175394
1175,2024-2025,2024-09-14,Liverpool,Nottingham,A,0.75003318134794617,0.17131536796035302,0.078651450691700389,0.61417015267040542,0.21797150279254257,0.16785834453705195,0.60034719081106624,0.22248340141645989,0.1771694077724737
1176,2024-2025,2024-09-14,Manchester City,Brentford,H,0.80840701083137145,0.13433180518729121,0.057261183981337269,0.78268101496238318,0.14690148369728256,0.070417501340334268,0.77195495478880305,0.15259302942852779,0.075452015782669093
1177,2024-2025,2024-09-14,Southampton,Manchester Utd,A,0.13048259923062527,0.28560434577645433,0.58391305499292068,0.32838817890212663,0.26646313775699565,0.40514868334087784,0.31566441907035364,0.26508192942011616,0.41925365150953026
1178,2024-2025,2024-09-15,Tottenham,Arsenal,A,0.13226180835042831,0.21259300351667285,0.65514518813289868,0.26490035481693519,0.28193782494099656,0.45316182024206808,0.24586033567336171,0.27677908792064998,0.47736057640598839
1179,2024-2025,2024-09-15,Wolves,Newcastle,A,0.1896640696434867,0.2042544647710994,0.60608146558541387,0.34112538796686814,0.24231580669969771,0.41655880533343403,0.31639348951050811,0.23969292861989852,0.44391358186959345
1180,2024-2025,2024-09-21,Aston Villa,Wolves,H,0.63546654386316792,0.1927404617097043,0.17179299442712759,0.56475291769761016,0.22754847983966378,0.20769860246272612,0.53629875221592405,0.23458096409746892,0.22912028368660708
1181,2024-2025,2024-09-21,Crystal Palace,Manchester Utd,D,0.41672758082410016,0.25561741337885324,0.32765500579704654,0.39674082445179659,0.2608510439440313,0.34240813160417194,0.36985262881610481,0.26104316767736246,0.36910420350653295
1182,2024-2025,2024-09-21,Fulham,Newcastle,H,0.28876246689396956,0.2435151940475489,0.46772233905848171,0.4197103813374336,0.24403974425577721,0.33624987440678911,0.3909317081229991,0.24490299432399984,0.36416529755300125
1183,2024-2025,2024-09-21,Leicester City,Everton,D,0.48170031943930292,0.26384838684030232,0.25445129372039477,0.41060630884172561,0.27261629817678118,0.31677739298149327,0.38455612866718125,0.27379329894223847,0.34165057239058039
1184,2024-2025,2024-09-21,Liverpool,Bournemouth,H,0.6706781789001498,0.20221233902210936,0.12710948207774089,0.69164868771495824,0.1689693448680232,0.13938196741701836,0.66330162250915281,0.17891274973117599,0.15778562775967131
1185,2024-2025,2024-09-21,Southampton,Ipswich Town,D,0.17124366999984603,0.4107017417047375,0.4180545882954167,0.4118410976504846,0.31773375646437502,0.27042514588514022,0.38914292160959113,0.32020616351370523,0.29065091487670353
1186,2024-2025,2024-09-21,Tottenham,Brentford,H,0.48422631282170092,0.23714314841040934,0.27863053876788957,0.59778925301149821,0.2123070927795839,0.189903654208918,0.56896606869370381,0.22024332822293974,0.2107906030833567
1187,2024-2025,2024-09-21,West Ham,Chelsea,A,0.24784056952042322,0.20469081379455259,0.54746861668502422,0.23509139536992946,0.22060768490934193,0.5443009197207288,0.2121822720638043,0.21264852523665204,0.57516920269954386
1188,2024-2025,2024-09-22,Brighton,Nottingham,D,0.43475943703658088,0.30755790990793591,0.25768265305548327,0.45908863256210086,0.28739943201176193,0.25351193542613731,0.43900581725518456,0.29061716564148637,0.27037701710332906
1189,2024-2025,2024-09-22,Manchester City,Arsenal,D,0.34441323913210753,0.32971595328307551,0.32587080758481696,0.42818296763949543,0.30783545260167117,0.26398157975883357,0.40926780869124507,0.31030604688529062,0.2804261444234642
1190,2024-2025,2024-09-28,Arsenal,Leicester City,H,0.80417987594364437,0.14837874758651232,0.047441376469843498,0.74069250560626154,0.18209555954786616,0.07721193484587241,0.72067183895313203,0.19284325880627146,0.086484902240596559
1191,2024-2025,2024-09-28,Brentford,West Ham,D,0.48268733211577097,0.24672750976115626,0.27058515812307277,0.5346351429567695,0.2372863670807023,0.2280784899625283,0.50777907503390718,0.2429205751291818,0.2493003498369111
1192,2024-2025,2024-09-28,Chelsea,Brighton,H,0.56583343543910947,0.23114975091652187,0.20301681364436866,0.41084574566489912,0.25864344001076983,0.33051081432433094,0.38498467806223774,0.2593895911228426,0.35562573081491966
1193,2024-2025,2024-09-28,Everton,Crystal Palace,H,0.23218136625621763,0.28599611373970041,0.4818225200040821,0.34779896677037753,0.30478077084058686,0.34742026238903556,0.32627930422091,0.30371675362220374,0.37000394215688631
1194,2024-2025,2024-09-28,Newcastle,Manchester City,D,0.13801933936865754,0.18075814094782189,0.68122251968352054,0.13614804541014749,0.19427719517671171,0.66957475941314071,0.12146266724870827,0.18338735378755827,0.69514997896373365
1195,2024-2025,2024-09-28,Nottingham,Fulham,A,0.34210339051282812,0.29180089556620115,0.36609571392097079,0.45151511349745033,0.28186411306042325,0.26662077344212626,0.4273774579911897,0.28508044248844949,0.28754209952036081
1196,2024-2025,2024-09-28,Wolves,Liverpool,A,0.088666335099037819,0.17577367558932216,0.73555998931164002,0.16112456018427099,0.19711414904888844,0.64176129076684041,0.1441339411617851,0.18692700218598621,0.66893905665222853
1197,2024-2025,2024-09-29,Ipswich Town,Aston Villa,D,0.15174225702535935,0.26039899722961374,0.58785874574502706,0.33562247263725664,0.33529487444040401,0.32908265292233935,0.3180370495151924,0.3345187186682213,0.34744423181658624
1198,2024-2025,2024-09-29,Manchester Utd,Tottenham,A,0.34057964936285962,0.2714143100371611,0.38800604059997951,0.38032879385377033,0.25132088853575163,0.36835031761047782,0.35699601881470716,0.25063100024609991,0.39237298093919304
1199,2024-2025,2024-09-30,Bournemouth,Southampton,H,0.68389797348278547,0.23133245334001101,0.084769573177203475,0.63444010597862188,0.19782378363825656,0.16773611038312145,0.60871995778591648,0.20580402351657995,0.18547601869750363
1200,2024-2025,2024-10-05,Arsenal,Southampton,H,0.93749222652844011,0.054109690449664807,0.0083980830218950593,0.81387772969298955,0.13189892910017265,0.054223341206837944,0.79787101142693806,0.14112490438175065,0.061004084191311293
1201,2024-2025,2024-10-05,Brentford,Wolves,H,0.52863377346772178,0.25166859552696025,0.21969763100531772,0.4986641525199364,0.25067572614173927,0.25066012133832427,0.47530349795076132,0.25470164454446997,0.26999485750476865
1202,2024-2025,2024-10-05,Crystal Palace,Liverpool,A,0.17678156855014693,0.25539468281430056,0.56782374863555241,0.2365643656153219,0.25422837229997303,0.50920726208470513,0.21897720895959563,0.2480518345171559,0.53297095652324855
1203,2024-2025,2024-10-05,Everton,Newcastle,D,0.20576340767172502,0.2435514819895406,0.55068511033873424,0.35163662881301799,0.27244363353135348,0.37591973765562847,0.33057988706163743,0.27105920571374753,0.39836090722461487
1204,2024-2025,2024-10-05,Leicester City,Bournemouth,H,0.39773755844171282,0.25790156086020521,0.34436088069808191,0.2606576561714023,0.23147568436855245,0.50786665946004528,0.24057500511031776,0.22589520397885593,0.53352979091082631
1205,2024-2025,2024-10-05,Manchester City,Fulham,H,0.72561985344299884,0.184973719887362,0.089406426669639286,0.71889381866618141,0.18200801398589647,0.099098167347922067,0.6991810911807983,0.19118778666961878,0.10963112214958302
1206,2024-2025,2024-10-05,West Ham,Ipswich Town,H,0.46457859585821448,0.29379485282250772,0.2416265513192779,0.32915097540569144,0.31402513834530321,0.35682388624900546,0.31090922482751471,0.31255935444069538,0.37653142073178991
1207,2024-2025,2024-10-06,Aston Villa,Manchester Utd,D,0.49774170235279058,0.24119094795609039,0.26106734969111905,0.40756589445264202,0.25892698120758462,0.33350712433977336,0.38632280302880612,0.25945448879706495,0.35422270817412888
1208,2024-2025,2024-10-06,Brighton,Tottenham,H,0.27372685777906469,0.25631223087744515,0.46996091134349011,0.35514350546458207,0.26633203512054515,0.37852445941487284,0.33517550013022213,0.26502581539400272,0.3997986844757751
1209,2024-2025,2024-10-06,Chelsea,Nottingham,D,0.64788202828180275,0.20365803257540105,0.14845993914279623,0.46124263427812356,0.26910378946783819,0.26965357625403813,0.44059507361453948,0.27185243398863812,0.28755249239682257
1210,2024-2025,2024-10-19,Bournemouth,Arsenal,H,0.098584014213409329,0.21293483896905727,0.68848114681753336,0.19888318466163335,0.24656046591168665,0.55455634942668008,0.1864122199896997,0.24059215516585172,0.57299562484444866
1211,2024-2025,2024-10-19,Fulham,Aston Villa,A,0.40593014560568691,0.26686329370931161,0.32720656068500159,0.47622443169449746,0.28289056668543011,0.24088500162007243,0.45950642455496166,0.28599182655061756,0.25450174889442095
1212,2024-2025,2024-10-19,Ipswich Town,Everton,A,0.29221116455303342,0.32919149195788389,0.37859734348908264,0.35075655131846012,0.31988900404474868,0.32935444463679125,0.33618237085501723,0.31957381147211744,0.34424381767286533
1213,2024-2025,2024-10-19,Manchester Utd,Brentford,H,0.38554563895972138,0.28747532844435514,0.32697903259592326,0.50257199134361152,0.23615072696079864,0.26127728169558989,0.48331235343513018,0.23915865760580043,0.27752898895906936
1214,2024-2025,2024-10-19,Newcastle,Brighton,A,0.49471087786564238,0.25604651616552709,0.24924260596883069,0.34252059811522551,0.27598532889883215,0.38149407298594235,0.32622293878436687,0.27467731326032546,0.39909974795530778
1215,2024-2025,2024-10-19,Southampton,Leicester City,A,0.14487820957506164,0.24648149434516162,0.60864029607977654,0.45322505103335903,0.28517859619504204,0.26159635277159893,0.43649160399862486,0.28760006029710639,0.27590833570426887
1216,2024-2025,2024-10-19,Tottenham,West Ham,H,0.59874856754796424,0.20973583670809681,0.19151559574393895,0.65569469848550055,0.20308261393936258,0.14122268757513698,0.6384512473690086,0.20947456891294886,0.15207418371804268
1217,2024-2025,2024-10-20,Liverpool,Chelsea,H,0.55289074475243416,0.23510009289916894,0.21200916234839703,0.6286479185749615,0.18647505957537272,0.18487702184966581,0.60341719174047004,0.19331685634758938,0.20326595191194072
1218,2024-2025,2024-10-20,Wolves,Manchester City,A,0.062922853782767199,0.12014552840946589,0.81693161780776691,0.11178721230507378,0.18229440257085508,0.70591838512407123,0.10062796529786217,0.17221444074030456,0.72715759396183322
1219,2024-2025,2024-10-21,Nottingham,Crystal Palace,H,0.34883746927605952,0.3195858678499105,0.33157666287403009,0.43116668695393001,0.30166424128740904,0.26716907175866084,0.41224427980498402,0.30403156465440917,0.28372415554060676
1220,2024-2025,2024-10-25,Leicester City,Nottingham,A,0.38307160085470549,0.28312469635421994,0.33380370279107441,0.20737465984211215,0.25193721480754544,0.54068812535034261,0.1942732257933672,0.24601199927854983,0.55971477492808297
1221,2024-2025,2024-10-26,Aston Villa,Bournemouth,D,0.49611719785903918,0.24825259087216886,0.25563021126879171,0.41697134639210243,0.27044654515927574,0.31258210844862166,0.39767053678515668,0.27155855469259782,0.33077090852224544
1222,2024-2025,2024-10-26,Brentford,Ipswich Town,H,0.69462711555204215,0.19579290350844605,0.10957998093951185,0.62693765625100739,0.21348517483431276,0.15957716891468002,0.60731477767178976,0.22012145098491523,0.17256377134329492
1223,2024-2025,2024-10-26,Brighton,Wolves,D,0.59104015606726457,0.21927771138681218,0.18968213254592312,0.61757991956537084,0.21868274564534687,0.16373733478928224,0.59800052096607437,0.22517983283745488,0.17681964619647075
1224,2024-2025,2024-10-26,Everton,Fulham,D,0.30861066711813395,0.29517634729339531,0.39621298558847073,0.34494535848281072,0.28464706580413557,0.37040757571305388,0.32738395813158133,0.2834342840046804,0.38918175786373832
1225,2024-2025,2024-10-26,Manchester City,Southampton,H,0.93982541263571229,0.04728335324662819,0.012891234117659396,0.84876756837688327,0.10879660712884473,0.042435824494272009,0.83621496260421702,0.11638782284295916,0.047397214552823946
1226,2024-2025,2024-10-27,Arsenal,Liverpool,D,0.38927597905398198,0.31200991254893812,0.29871410839708007,0.43214008322051489,0.27381912847143336,0.29404078830805175,0.40891985128150071,0.27578340852990313,0.31529674018859605
1227,2024-2025,2024-10-27,Chelsea,Newcastle,H,0.51364023499668754,0.22901979199842165,0.25733997300489087,0.5343151588046392,0.22052026147296366,0.24516457972239705,0.50753405231244642,0.22531744101843787,0.26714850666911588
1228,2024-2025,2024-10-27,Crystal Palace,Tottenham,H,0.27017198562797939,0.2663752669937926,0.46345274737822811,0.32292862535018629,0.27846471772788584,0.3986066569219277,0.30187839839392533,0.27580283375580511,0.42231876785026956
1229,2024-2025,2024-10-27,West Ham,Manchester Utd,H,0.33014860801392398,0.2791269391608342,0.39072445282524193,0.32204309070536996,0.2503657903189514,0.42759111897567859,0.29926060567523788,0.24712597552581461,0.45361341879894768
1230,2024-2025,2024-11-02,Bournemouth,Manchester City,H,0.15480194757940233,0.23996979581823694,0.60522825660236079,0.16182796410909497,0.21580409944170956,0.62236793644919552,0.14887347608319226,0.20770367012933053,0.64342285378747732
1231,2024-2025,2024-11-02,Ipswich Town,Leicester City,D,0.27215036328236369,0.22096764294349339,0.50688199377414289,0.45802934476825907,0.27283910004407103,0.26913155518766996,0.43827773895843103,0.27548160862337273,0.2862406524181963
1232,2024-2025,2024-11-02,Liverpool,Brighton,H,0.65744812942680597,0.21416974893876384,0.12838212163443033,0.61122661305121662,0.21903453801952519,0.16973884892925842,0.59080816958572779,0.22552166346365873,0.18367016695061369
1233,2024-2025,2024-11-02,Newcastle,Arsenal,H,0.21672652414918264,0.25277791102652702,0.53049556482429017,0.24202090027485315,0.25662349988513311,0.50135559984001377,0.22603895180872829,0.25123046511819114,0.5227305830730804
1234,2024-2025,2024-11-02,Nottingham,West Ham,H,0.48410418588047854,0.26305814937576649,0.25283766474375502,0.53398816414519279,0.25248834150107213,0.21352349435373505,0.513826594613218,0.25732649449341055,0.22884691089337164
1235,2024-2025,2024-11-02,Southampton,Everton,H,0.2133807893142298,0.31173875432566012,0.47488045636010995,0.32910697027685631,0.28983469290558717,0.38105833681755635,0.31162239694778326,0.28803755499674549,0.40034004805547124
1236,2024-2025,2024-11-02,Wolves,Crystal Palace,D,0.29527832944709381,0.27616138543949603,0.42856028511341004,0.30277491212199159,0.26303090924683226,0.43419417863117604,0.28466262103198531,0.25983036265716924,0.45550701631084567
1237,2024-2025,2024-11-03,Manchester Utd,Chelsea,D,0.26057928235011879,0.24237630929624551,0.49704440835363567,0.46280137172111763,0.22789533756060687,0.30930329071827528,0.45120054494762901,0.22893406036299604,0.3198653946893748
1238,2024-2025,2024-11-03,Tottenham,Aston Villa,H,0.50260551718583835,0.22225299538832305,0.27514148742583866,0.56541423732313911,0.23418515498242751,0.20040060769443363,0.55505197542585094,0.23697568090243734,0.20797234367171163
1239,2024-2025,2024-11-04,Fulham,Brentford,H,0.45823112592130782,0.23462398916735941,0.30714488491133263,0.50546328499467952,0.23147122089406896,0.26306549411125174,0.49566746911937309,0.23304356680323648,0.27128896407739012
1240,2024-2025,2024-11-09,Brentford,Bournemouth,H,0.38101097132083173,0.24894871583621681,0.37004031284295147,0.39082991068505668,0.23099806924490252,0.37817202007004092,0.37781435122028006,0.23072362720855355,0.39146202157116633
1241,2024-2025,2024-11-09,Brighton,Manchester City,H,0.20180721855689107,0.23766612508569623,0.56052665635741283,0.24159054016695186,0.25160283475926115,0.50680662507378715,0.23215483641296128,0.24846225088476115,0.51938291270227743
1242,2024-2025,2024-11-09,Crystal Palace,Fulham,A,0.41042807036528961,0.29225448906679707,0.29731744056791326,0.45267784006076106,0.26147118822529491,0.28585097171394397,0.44079990383016676,0.26280301284187357,0.29639708332795978
1243,2024-2025,2024-11-09,Liverpool,Aston Villa,H,0.6915778445615608,0.18393037042093921,0.12449178501750001,0.65395417089137031,0.20477480671579854,0.14127102239283107,0.64268130891252495,0.20901872817790915,0.14829996290956565
1244,2024-2025,2024-11-09,West Ham,Everton,D,0.45141339508168432,0.27191117311941826,0.27667543179889736,0.40468090840860144,0.27672421789805141,0.31859487369334716,0.39344357379412942,0.27721782636414433,0.32933859984172614
1245,2024-2025,2024-11-09,Wolves,Southampton,H,0.59460601954144787,0.22919949179621049,0.17619448866234183,0.55269911150509254,0.23032587870601989,0.21697500978888759,0.54029610886536505,0.23324388121539918,0.22646000991923551
1246,2024-2025,2024-11-10,Chelsea,Arsenal,D,0.32592801408544941,0.25367428944090131,0.42039769647364938,0.33892353051586016,0.27064267984622281,0.39043378963791703,0.33062647813667317,0.26991363460412549,0.39945988725920123
1247,2024-2025,2024-11-10,Manchester Utd,Leicester City,H,0.52166392848545196,0.24975463639495749,0.22858143511959053,0.71371838326005732,0.17927989272844039,0.10700172401150235,0.70575461263039896,0.18282121349125813,0.11142417387834275
1248,2024-2025,2024-11-10,Nottingham,Newcastle,A,0.37483143217726544,0.30002991849354782,0.32513864932918679,0.48561434934069769,0.2634584213042454,0.25092722935505701,0.47673874344113809,0.26500967055230551,0.25825158600655629
1249,2024-2025,2024-11-10,Tottenham,Ipswich Town,A,0.82435872672837784,0.11553092239382214,0.060110350877799923,0.81343489959054149,0.12986746628954146,0.056697634119917024,0.80712718585080212,0.13343810698753736,0.059434707161660542
1250,2024-2025,2024-11-23,Arsenal,Nottingham,H,0.63171261241974186,0.23709154493669873,0.13119584264355957,0.5377844181276501,0.27533963166964587,0.18687595020270389,0.53076237435738927,0.27745515425549555,0.19178247138711516
1251,2024-2025,2024-11-23,Aston Villa,Crystal Palace,D,0.47971115409863357,0.26846251884027517,0.25182632706109143,0.3831458192897248,0.28941631838420728,0.32743786232606809,0.37605015206854386,0.28955541120688982,0.33439443672456626
1252,2024-2025,2024-11-23,Bournemouth,Brighton,A,0.38575604025944366,0.27615098588045478,0.33809297386010145,0.38716460922349,0.25791041477315502,0.35492497600335504,0.37932298706794559,0.2578845742400479,0.36279243869200656
1253,2024-2025,2024-11-23,Everton,Brentford,D,0.31203902827194063,0.27806480871139122,0.40989616301666798,0.45571950483555163,0.25632657356463817,0.2879539215998102,0.44771865868342686,0.25723162860503707,0.29504971271153596
1254,2024-2025,2024-11-23,Fulham,Wolves,A,0.57923567730350767,0.22336990128328529,0.19739442141320684,0.60176128640538595,0.21538046220677162,0.18285825138784254,0.59371576067668286,0.2177579723586987,0.18852626696461838
1255,2024-2025,2024-11-23,Leicester City,Chelsea,A,0.15118264428504416,0.17592505434347391,0.67289230137148193,0.23756509414202875,0.24444636754874832,0.51798853830922276,0.23124142672928202,0.24231905823670158,0.52643951503401643
1256,2024-2025,2024-11-23,Manchester City,Tottenham,A,0.61692817588066695,0.20757610226836531,0.17549572185096768,0.58203860426065324,0.23335324454020412,0.18460815119914262,0.57430842312627184,0.23565794255499328,0.19003363431873491
1257,2024-2025,2024-11-24,Ipswich Town,Manchester Utd,D,0.23044926451339842,0.27747807885788611,0.49207265662871563,0.19013553067355238,0.24381929099917965,0.56604517832726797,0.17859272507933438,0.23786245278703591,0.58354482213362979
1258,2024-2025,2024-11-24,Southampton,Liverpool,A,0.043744426568171381,0.15618220998964416,0.8000733634421846,0.10934310534233013,0.19467182794274343,0.69598506671492644,0.10129102141450685,0.1869416056400473,0.7117673729454459
1259,2024-2025,2024-11-25,Newcastle,West Ham,A,0.65647922360866529,0.20298627254165041,0.14053450384968411,0.54045398848968473,0.23623829896292498,0.22330771254739054,0.52348975694310385,0.24002318046538862,0.23648706259150773
1260,2024-2025,2024-11-29,Brighton,Southampton,D,0.71035083970559598,0.1935293320446379,0.096119828249766004,0.67122821080906292,0.20440865026933716,0.12436313892159995,0.65549765582934993,0.21094077955378504,0.13356156461686503
1261,2024-2025,2024-11-30,Brentford,Leicester City,H,0.58488877168687892,0.20651713217592263,0.20859409613719843,0.5530240681118177,0.23988934326371822,0.20708658862446377,0.53403978325889812,0.2446693896373017,0.2212908271038003
1262,2024-2025,2024-11-30,Crystal Palace,Newcastle,D,0.29954729938461944,0.30171016610177703,0.39874253451360336,0.48042442562565885,0.25683010920862404,0.26274546516571712,0.46141312957485708,0.2597124240618463,0.27887444636329667
1263,2024-2025,2024-11-30,Nottingham,Ipswich Town,H,0.53863180487424434,0.26445686960088477,0.19691132552487092,0.60117260019317365,0.24586977248821501,0.15295762731861134,0.58410685218914582,0.25211059879986841,0.16378254901098568
1264,2024-2025,2024-11-30,West Ham,Arsenal,A,0.12442286743823841,0.2129489708003959,0.66262816176136574,0.20943305895963488,0.27327674110625505,0.51729019993410996,0.1968013086443639,0.26758458904515664,0.53561410231047935
1265,2024-2025,2024-11-30,Wolves,Bournemouth,A,0.37379084730195639,0.25154156185144483,0.37466759084659884,0.37954036269127589,0.25807987276699701,0.36237976454172727,0.36093056184870764,0.25766626229734696,0.3814031758539454
1266,2024-2025,2024-12-01,Chelsea,Aston Villa,H,0.58363603485654791,0.21114857855912122,0.20521538658433086,0.52038813757510061,0.25273387601084546,0.22687798641405377,0.4990237211923792,0.25733456476637262,0.2436417140412481
1267,2024-2025,2024-12-01,Liverpool,Manchester City,H,0.49078307558771711,0.26344773604441546,0.24576918836786737,0.40254486037854287,0.25256017846065398,0.34489496116080309,0.38070165839831976,0.25281926093921286,0.36647908066246759
1268,2024-2025,2024-12-01,Manchester Utd,Everton,H,0.46076045444459629,0.34634518416019322,0.1928943613952103,0.48258989998631369,0.27034344384783998,0.24706665616584644,0.46194721776552661,0.27398543655338142,0.26406734568109208
1269,2024-2025,2024-12-01,Tottenham,Fulham,D,0.62781950605400805,0.2068625297828649,0.16531796416312705,0.55463876659415723,0.23558771027460559,0.20977352313123729,0.53270724378106493,0.24096453611402635,0.22632822010490883
1270,2024-2025,2024-12-03,Ipswich Town,Crystal Palace,A,0.26082687532402105,0.31187246809229568,0.42730065658368316,0.215749069986852,0.26714347572180192,0.5171074542913463,0.20740738351938895,0.26366946984774675,0.52892314663286444
1271,2024-2025,2024-12-03,Leicester City,West Ham,H,0.33240319924980954,0.23767578910079937,0.42992101164939134,0.28691098603550336,0.27730815492113414,0.43578085904336272,0.2770790952925401,0.27534105334777004,0.44757985135968997
1272,2024-2025,2024-12-04,Arsenal,Manchester Utd,H,0.61609781285783316,0.24114250436547857,0.1427596827766883,0.57368208640715634,0.25174236941764455,0.17457554417519913,0.56669711825663793,0.25401493660799762,0.17928794513536456
1273,2024-2025,2024-12-04,Aston Villa,Brentford,H,0.43241766044773439,0.23053465991092123,0.33704767964134419,0.48888165788328336,0.25347905552564992,0.25763928659106683,0.48124744209034814,0.25476481515482613,0.26398774275482578
1274,2024-2025,2024-12-04,Everton,Wolves,H,0.29409726678370129,0.28902655229023078,0.41687618092606776,0.46239702346974904,0.27690361754938425,0.26069935898086688,0.45525231795901411,0.27803022642653463,0.26671745561445132
1275,2024-2025,2024-12-04,Manchester City,Nottingham,H,0.57351491914254316,0.25428974059682913,0.17219534026062749,0.62618890149295692,0.22891389247843996,0.14489720602860323,0.61931216124809751,0.23154650584885411,0.14914133290304815
1276,2024-2025,2024-12-04,Newcastle,Liverpool,D,0.20609647077310703,0.27557134315874521,0.51833218606814802,0.21152833533608437,0.23569418177077148,0.55277748289314432,0.20585279113899102,0.23336134722728893,0.56078586163372002
1277,2024-2025,2024-12-04,Southampton,Chelsea,A,0.098833281396633582,0.19376752468963948,0.70739919391372696,0.17148189652690884,0.2281281619781764,0.60038994149491498,0.16659444899843748,0.22533777272682207,0.60806777827474046
1278,2024-2025,2024-12-05,Bournemouth,Tottenham,H,0.30730691190216713,0.25339217003968806,0.43930091805814486,0.32626963895704186,0.25624108839880227,0.41748927264415603,0.3236003163543576,0.25594139316573594,0.42045829047990646
1279,2024-2025,2024-12-05,Fulham,Brighton,H,0.35622585593610073,0.28812862849244697,0.35564551557145241,0.45193996359051453,0.26463009704936019,0.28342993936012512,0.44913415733302559,0.26497493188571825,0.28589091078125622
1280,2024-2025,2024-12-07,Aston Villa,Southampton,H,0.72032520764853547,0.17719555636940187,0.10247923598206245,0.67172438201973406,0.20412491443010744,0.1241507035501585,0.67187072298638317,0.20406298447071333,0.12406629254290337
1281,2024-2025,2024-12-07,Brentford,Newcastle,H,0.36153319541133327,0.24129215736796633,0.39717464722070028,0.35165883052061048,0.24808992284050685,0.40025124663888251,0.35182235759643982,0.24810065381408469,0.40007698858947566
1282,2024-2025,2024-12-07,Crystal Palace,Manchester City,D,0.23545441184641025,0.28395613518642582,0.48058945296716404,0.27403245687016525,0.26617331554409718,0.45979422758573757,0.27416898899333519,0.26620419222043462,0.45962681878622996
1283,2024-2025,2024-12-07,Manchester Utd,Nottingham,A,0.48451498315620123,0.3001411416212118,0.21534387522258697,0.4447012642159836,0.27357118198183361,0.28172755380218267,0.44485869252570026,0.27355157888330162,0.28158972859099818
1284,2024-2025,2024-12-08,Fulham,Arsenal,D,0.17184167675016146,0.23960610473220548,0.58855221851763295,0.28284492178323062,0.28265073945193808,0.4345043387648313,0.27992192084378387,0.28205051721861013,0.43802756193760589
1285,2024-2025,2024-12-08,Ipswich Town,Bournemouth,A,0.21479529575229561,0.2761465677361562,0.5090581365115483,0.24614122187669196,0.25116274483446654,0.50269603328884171,0.24321413294000097,0.25026099573091376,0.50652487132908519
1286,2024-2025,2024-12-08,Leicester City,Brighton,D,0.3018530117566845,0.24344497674528395,0.45470201149803163,0.2247554121457406,0.25206853792758727,0.52317604992667199,0.22202094659943825,0.25104104589956833,0.52693800750099329
1287,2024-2025,2024-12-08,Tottenham,Chelsea,A,0.38186720874432195,0.24322675664396562,0.3749060346117124,0.4514472224478549,0.23197833722367017,0.31657444032847498,0.44744054089507912,0.23230013142225961,0.32025932768266124
1288,2024-2025,2024-12-09,West Ham,Wolves,H,0.48779400062028822,0.21362286039414913,0.29858313898556277,0.53241321842332678,0.22500790618703284,0.24257887538964037,0.52997432637409381,0.22549216648011658,0.24453350714578967
1289,2024-2025,2024-12-14,Arsenal,Everton,D,0.74076323919003029,0.19143198726491228,0.06780477354505747,0.62833983329421461,0.2441143222944821,0.12754584441130323,0.62795402883390516,0.24428299381012933,0.12776297735596565
1290,2024-2025,2024-12-14,Liverpool,Fulham,D,0.67243212695773957,0.20378730908545695,0.12378056395680362,0.62612439284153043,0.20645735328495091,0.16741825387351864,0.62566315373810544,0.20660860092892355,0.16772824533297115
1291,2024-2025,2024-12-14,Newcastle,Leicester City,H,0.64639059034776303,0.18975406013766893,0.16385534951456807,0.6208731056975455,0.21713403424357045,0.16199286005888403,0.62042848800283446,0.21728709010365277,0.16228442189351264
1292,2024-2025,2024-12-14,Nottingham,Aston Villa,H,0.40106365441484637,0.27611477602554257,0.322821569559611,0.38987219400904338,0.29043809418040045,0.31968971181055594,0.38945854688022952,0.29045592558084982,0.32008552753892067
1293,2024-2025,2024-12-14,Wolves,Ipswich Town,A,0.53326102193149338,0.23922281765145767,0.22751616041704895,0.52822097647901201,0.24847180577530176,0.22330721774568627,0.52776383355660794,0.24857895086583628,0.22365721557755588
1294,2024-2025,2024-12-15,Brighton,Crystal Palace,A,0.43011517115225206,0.29241094942084711,0.27747387942690099,0.42906668666143261,0.27822350707961863,0.29270980625894855,0.42497767668507858,0.27862293716105019,0.29639938615387118
1295,2024-2025,2024-12-15,Chelsea,Brentford,H,0.70177875380947941,0.15566817454180629,0.14255307164871409,0.70197247013780562,0.1620899173917561,0.13593761247043804,0.69759518025892919,0.16366510242171195,0.13873971731935886
1296,2024-2025,2024-12-15,Manchester City,Manchester Utd,A,0.57719965283185293,0.23831260487995007,0.18448774228819706,0.63939838653534309,0.2059805960571866,0.15462101740747036,0.63518187369303347,0.2074582582292285,0.15735986807773783
1297,2024-2025,2024-12-15,Southampton,Tottenham,A,0.11277559309797776,0.1953607988934439,0.69186360800857838,0.15714171573463778,0.21304342358243361,0.62981486068292869,0.15441465152435183,0.21133392675514309,0.63425142172050508
1298,2024-2025,2024-12-16,Bournemouth,West Ham,D,0.56138000763861529,0.23084019238427908,0.20777979997710561,0.5260185547984112,0.22165860743413857,0.25232283776745035,0.51184996207746059,0.22414901388178857,0.26400102404075104
1299,2024-2025,2024-12-21,Aston Villa,Manchester City,H,0.2752923209601687,0.24610409237385092,0.47860358666598052,0.24727686563619361,0.26832152732927672,0.48440160703452978,0.23564991603220709,0.26463769776497814,0.49971238620281472
1300,2024-2025,2024-12-21,Brentford,Nottingham,A,0.45404688913647362,0.25025171855682043,0.29570139230670611,0.35847847584936265,0.25899642213352275,0.38252510201711443,0.34383423914232614,0.25813068348500628,0.39803507737266758
1301,2024-2025,2024-12-21,Crystal Palace,Arsenal,A,0.18687724021212437,0.2841683268533251,0.52895443293455047,0.26881647902926059,0.30039720120528918,0.43078631976545023,0.25754971598930226,0.29761087821392002,0.44483940579677761
1302,2024-2025,2024-12-21,Ipswich Town,Newcastle,A,0.19712367360382102,0.25338228958271136,0.54949403681346753,0.27655065160478559,0.26303391073847032,0.46041543765674403,0.26385435658120776,0.26005000070951734,0.4760956427092749
1303,2024-2025,2024-12-21,West Ham,Brighton,D,0.36617870702406424,0.25539571514471054,0.37842557783122521,0.34580955008543174,0.25414348456988789,0.40004696534468043,0.33115542056620106,0.25287985670844076,0.41596472272535834
1304,2024-2025,2024-12-22,Everton,Chelsea,D,0.16680582594501053,0.26255404394418819,0.57064013011080117,0.26865082024006626,0.26597280203217599,0.46537637772775781,0.25051291409353155,0.2612855957185185,0.48820149018794995
1305,2024-2025,2024-12-22,Fulham,Southampton,D,0.74321666928051755,0.18061277714129648,0.076170553578185904,0.71991199355611935,0.18482499120733292,0.095263015236547663,0.70110170965403995,0.19385346823821786,0.10504482210774203
1306,2024-2025,2024-12-22,Leicester City,Wolves,A,0.4256836738102025,0.22112662720212195,0.35318969898767544,0.29125042276445751,0.25896933464303407,0.44978024259250832,0.27181044574522095,0.25502882753187828,0.4731607267229006
1307,2024-2025,2024-12-22,Manchester Utd,Bournemouth,A,0.42904552449779348,0.28952955325652768,0.28142492224567878,0.4625380456003001,0.24868627116318193,0.28877568323651787,0.43927135458505739,0.25119694136957721,0.30953170404536523
1308,2024-2025,2024-12-22,Tottenham,Liverpool,A,0.33298305190536559,0.24824549043917188,0.41877145765546248,0.33189173473769545,0.24279188262506679,0.42531638263723781,0.31003058372758818,0.24013309819118236,0.44983631808122942
1309,2024-2025,2024-12-26,Bournemouth,Crystal Palace,D,0.46596812539728871,0.28386614856722164,0.25016572603548959,0.4120377815104348,0.26097576662487021,0.32698645186469494,0.37925384929058314,0.26196004844579457,0.3587861022636224
1310,2024-2025,2024-12-26,Chelsea,Fulham,A,0.57920313790792732,0.23768402790364934,0.18311283418842333,0.51226470459886708,0.24689935935583079,0.24083593604530204,0.47841152686946409,0.25313294563602051,0.2684555274945154
1311,2024-2025,2024-12-26,Liverpool,Leicester City,H,0.87804007971111853,0.084171177997560187,0.037788742291321502,0.86541735520498109,0.095057908022462556,0.039524736772556461,0.8447915487213955,0.10724658240353688,0.047961868875067544
1312,2024-2025,2024-12-26,Manchester City,Everton,D,0.54980045205926487,0.29287348427231708,0.15732606366841809,0.65329089412218666,0.22412787924937805,0.12258122662843524,0.62420082439591706,0.23649664757446956,0.1393025280296136
1313,2024-2025,2024-12-26,Newcastle,Aston Villa,H,0.50917134906124262,0.24203666506539542,0.24879198587336196,0.42672208418779828,0.27562903724728477,0.29764887856491679,0.39522208963780203,0.27797233091933221,0.32680557944286592
1314,2024-2025,2024-12-26,Nottingham,Tottenham,H,0.31664412673860692,0.25205131716039941,0.43130455610099366,0.39056248298080554,0.26684431813574849,0.34259319888344608,0.35872963913208039,0.26676123834660576,0.37450912252131363
1315,2024-2025,2024-12-26,Southampton,West Ham,A,0.17363672967357985,0.27077183150447942,0.55559143882194084,0.2419932487861764,0.25639775435849566,0.501608996855328,0.21659079547499913,0.24769073422357749,0.5357184703014235
1316,2024-2025,2024-12-26,Wolves,Manchester Utd,H,0.28438951089877135,0.24822819578058999,0.46738229332063874,0.29006208458082328,0.25865950258883857,0.45127841283033809,0.26158632813839205,0.25258390514328455,0.48582976671832329
1317,2024-2025,2024-12-27,Arsenal,Ipswich Town,H,0.85448369733651097,0.1126964755838003,0.032819827079688689,0.76876647520578811,0.16755600817481053,0.063677516619401409,0.74597444124021683,0.1805891913333359,0.073436367426447283
1318,2024-2025,2024-12-27,Brighton,Brentford,D,0.40099831921393786,0.24449527255062403,0.35450640823543822,0.59485793405260934,0.22076916826554019,0.18437289768185056,0.56310783249605645,0.22976103805713288,0.2071311294468107
1319,2024-2025,2024-12-29,Crystal Palace,Southampton,H,0.65969659082985266,0.24740921233930113,0.092894196830846168,0.6964548055738442,0.20490617221729718,0.098639022208858729,0.66862868847523504,0.2182010780071455,0.11317023351761944
1320,2024-2025,2024-12-29,Everton,Nottingham,A,0.26177342320259911,0.37646236099304631,0.36176421580435469,0.34616716213102583,0.32713688503504068,0.32669595283393343,0.32005050784438199,0.32621354695017929,0.3537359452054385
1321,2024-2025,2024-12-29,Fulham,Bournemouth,D,0.36355355066219414,0.30872560271401378,0.32772084662379208,0.46161330035786269,0.26273720779731075,0.27564949184482646,0.42855841552220053,0.2665925409341694,0.30484904354362996
1322,2024-2025,2024-12-29,Leicester City,Manchester City,A,0.12478942219194121,0.18069233329241718,0.6945182445156417,0.1059415140779922,0.1969573210240593,0.69710116489794838,0.091261213392784424,0.18200237399130909,0.72673641261590649
1323,2024-2025,2024-12-29,Tottenham,Wolves,D,0.67344091492890945,0.16552004455089239,0.16103904052019818,0.62451028056075564,0.20937674223011082,0.16611297720913326,0.59083965470208755,0.21990154526236438,0.18925880003554804
1324,2024-2025,2024-12-29,West Ham,Liverpool,A,0.12682773968361441,0.18441327199170901,0.68875898832467652,0.17227335438354421,0.20983412312358438,0.61789252249287141,0.15015250317214091,0.19715898632431075,0.65268851050354848
1325,2024-2025,2024-12-30,Aston Villa,Brighton,D,0.40753398024226928,0.27824872007627088,0.31421729968145989,0.34976857245553289,0.29454957685721744,0.35568185068724978,0.31875671558727614,0.29270918233340992,0.38853410207931383
1326,2024-2025,2024-12-30,Ipswich Town,Chelsea,H,0.096247460487350889,0.1917788534252573,0.71197368608739175,0.1630562128088956,0.22036921672571205,0.61657457046539244,0.14094755017066626,0.20637597088049819,0.65267647894883585
1327,2024-2025,2024-12-30,Manchester Utd,Newcastle,A,0.24330712394033682,0.26654762151596728,0.49014525454369584,0.4354545518925349,0.27069410223759027,0.29385134586987494,0.40045470179412274,0.27355972250190858,0.32598557570396852
1328,2024-2025,2025-01-01,Brentford,Arsenal,A,0.13135570155292231,0.20738185960831021,0.66126243883876745,0.16613703872780802,0.24256225270654386,0.59130070856564809,0.1458835912901551,0.22956360086089564,0.62455280784894918
1329,2024-2025,2025-01-04,Aston Villa,Leicester City,H,0.62661751727068116,0.20934931784197394,0.16403316488734493,0.60089789262818127,0.24474761380464652,0.15435449356717218,0.56808691154179525,0.25641156063649406,0.17550152782171061
1330,2024-2025,2025-01-04,Bournemouth,Everton,H,0.47377340113131211,0.33485001675306197,0.19137658211562572,0.53068266754133986,0.25979207310048419,0.2095252593581759,0.49624213114952259,0.26813456183924633,0.2356233070112311
1331,2024-2025,2025-01-04,Brighton,Arsenal,D,0.12270352075288786,0.2268177785653458,0.6504787006817665,0.26478170534896589,0.3091833443480474,0.42603495030298694,0.23929839602562492,0.30246104180052302,0.45824056217385201
1332,2024-2025,2025-01-04,Crystal Palace,Chelsea,D,0.2512810180982305,0.26449649127663061,0.48422249062513911,0.4119738628684525,0.25244330071367738,0.33558283641787007,0.37568576375889728,0.25317873207428576,0.3711355041668169
1333,2024-2025,2025-01-04,Manchester City,West Ham,H,0.66794585840978127,0.20049433004433986,0.13155981154587879,0.73137170348508107,0.16968856658996703,0.0989397299249518,0.69967923898587314,0.18393346313453396,0.11638729787959291
1334,2024-2025,2025-01-04,Southampton,Brentford,A,0.12022615533173582,0.22531503168067371,0.65445881298759034,0.27740623650328694,0.26391940698441868,0.45867435651229443,0.24796561995510255,0.25675144315968118,0.49528293688521607
1335,2024-2025,2025-01-04,Tottenham,Newcastle,A,0.34138923805052945,0.23506142472494732,0.42354933722452348,0.43206705071726115,0.26385860160630925,0.30407434767642938,0.39676042897847658,0.26627251132638263,0.33696705969514062
1336,2024-2025,2025-01-05,Fulham,Ipswich Town,D,0.54904033266873331,0.28066368139889325,0.17029598593237352,0.61221010827048117,0.2384810864793703,0.14930880525014845,0.57496436278032981,0.25193194900116245,0.173103688218508
1337,2024-2025,2025-01-05,Liverpool,Manchester Utd,D,0.70781704265583056,0.18910276017878946,0.10308019716537989,0.65921316520500417,0.20674966532853944,0.13403716946645647,0.62109126515294277,0.22128625193823676,0.1576224829088205
1338,2024-2025,2025-01-06,Wolves,Nottingham,A,0.25653178981222657,0.26680543549811359,0.47666277468965995,0.3041525683946793,0.29032086385059702,0.40552656775472368,0.27067964552479462,0.28459056172826802,0.44472979274693725
1339,2024-2025,2025-01-14,Brentford,Manchester City,D,0.26753027567428572,0.23587384606938816,0.49659587825632606,0.21415158680803709,0.23142521871775992,0.55442319447420318,0.18010797545665372,0.21663044815397392,0.60326157638937239
1340,2024-2025,2025-01-14,Chelsea,Bournemouth,D,0.44656941698991759,0.2765206292032924,0.27690995380679012,0.48149030301730517,0.2286771688059375,0.28983252817675742,0.43067136345306301,0.23358459961989875,0.33574403692703819
1341,2024-2025,2025-01-14,Nottingham,Liverpool,D,0.23629624825471485,0.27114494415577045,0.49255880758951459,0.21884532560818967,0.25874963660806938,0.52240503778374103,0.18648423522989674,0.24479448613796065,0.5687212786321425
1342,2024-2025,2025-01-14,West Ham,Fulham,H,0.23017516991097337,0.25595771077960033,0.51386711930942641,0.30455981170671648,0.26573081274882143,0.42970937554446204,0.26477243242326154,0.25827801509423359,0.47694955248250509
1343,2024-2025,2025-01-15,Arsenal,Tottenham,H,0.63169696138462761,0.216091305324285,0.15221173329108739,0.55750064049579662,0.26611585121440229,0.17638350828980093,0.51757455818577036,0.2783333531403841,0.20409208867384554
1344,2024-2025,2025-01-15,Everton,Aston Villa,A,0.26603904967929731,0.34862754466370144,0.38533340565700125,0.31803529615246512,0.32705182026648288,0.35491288358105205,0.2850278587376992,0.32350286630112152,0.39146927496117939
1345,2024-2025,2025-01-15,Leicester City,Crystal Palace,A,0.20056338459282599,0.27081542389279356,0.52862119151438036,0.17079344170042512,0.26027725517427308,0.56892930312530154,0.14580628198887569,0.24425764696744268,0.60993607104368153
1346,2024-2025,2025-01-15,Newcastle,Wolves,H,0.6988534826537921,0.178928744168391,0.12221777317781692,0.56070622430616945,0.25060233449814956,0.18869144119568113,0.5186621842105239,0.26224098115635958,0.21909683463311658
1347,2024-2025,2025-01-16,Ipswich Town,Brighton,A,0.25942252105088143,0.30688568452321996,0.43369179442589861,0.22022313163221724,0.2810049335754588,0.4987719347923239,0.19262655288795988,0.26930044548819682,0.53807300162384308
1348,2024-2025,2025-01-16,Manchester Utd,Southampton,H,0.6955266427451442,0.22537404898053931,0.079099308274316424,0.7229502738321556,0.19013561632394707,0.086914109843897275,0.68912956164317496,0.20712026129998126,0.10375017705684388
1349,2024-2025,2025-01-18,Arsenal,Aston Villa,D,0.68148357724040987,0.20964576532628768,0.1088706574333025,0.58573781288150051,0.27377046685110418,0.14049172026739531,0.55065551280452485,0.28762432571455093,0.16172016148092416
1350,2024-2025,2025-01-18,Brentford,Liverpool,A,0.1822289164869888,0.19528534588127894,0.62248573763173221,0.15484340234041105,0.19300456673538893,0.65215203092419993,0.12902325230975051,0.17662175701506302,0.69435499067518636
1351,2024-2025,2025-01-18,Leicester City,Fulham,A,0.16870025033780089,0.23388702002848208,0.59741272963371705,0.21829473801213203,0.27663548099253199,0.50506978099533584,0.19038655240850877,0.26460653356543196,0.54500691402605927
1352,2024-2025,2025-01-18,Newcastle,Bournemouth,A,0.49292843333953945,0.27731259775570632,0.22975896890475409,0.43904019316762671,0.25860646326924452,0.3023533435631286,0.39741353361245868,0.26150603241995041,0.3410804339675908
1353,2024-2025,2025-01-18,West Ham,Crystal Palace,A,0.26757609351541051,0.28058322760332877,0.45184067888126089,0.2534942405783463,0.26681338057531695,0.47969237884633709,0.22164812594235345,0.25683666377353187,0.52151521028411485
1354,2024-2025,2025-01-19,Everton,Tottenham,H,0.18569159430613491,0.29945259606835445,0.51485580962551081,0.26886827761021298,0.29824381272684397,0.4328879096629431,0.23406096912181593,0.28909211622958525,0.47684691464859885
1355,2024-2025,2025-01-19,Ipswich Town,Manchester City,A,0.12943373789490925,0.23027204322951936,0.64029421887557159,0.15132006533750633,0.23704985049775049,0.61163008416474307,0.12573664211480293,0.21831707967132272,0.6559462782138743
1356,2024-2025,2025-01-19,Manchester Utd,Brighton,A,0.34657454407654098,0.30233320601947516,0.35109224990398402,0.38299203571177731,0.28780936897118914,0.32919859531703355,0.34044866213168323,0.2877495626411844,0.37180177522713242
1357,2024-2025,2025-01-19,Nottingham,Southampton,H,0.76535556967131224,0.18403127112919254,0.050613159199495231,0.67989696734619876,0.21226242750228885,0.10784060515151238,0.63877102433330457,0.23089631156535129,0.13033266410134375
1358,2024-2025,2025-01-20,Chelsea,Wolves,H,0.66642854225822235,0.18560816165607741,0.1479632960857003,0.61432009026875722,0.20710654589177252,0.17857336383947031,0.5603423315472027,0.2223439054574203,0.2173137629953773
1359,2024-2025,2025-01-25,Bournemouth,Nottingham,H,0.36759609932576537,0.31055718238951568,0.32184671828471906,0.49055544113062666,0.25510782686930267,0.25433673200007068,0.44039411213860868,0.26276822533237165,0.29683766252901961
1360,2024-2025,2025-01-25,Brighton,Everton,A,0.4209898369827727,0.34742354679194681,0.23158661622528035,0.54708571456141775,0.27760849509403157,0.1753057903445506,0.50274319829779524,0.29141914376241479,0.20583765793978992
1361,2024-2025,2025-01-25,Liverpool,Ipswich Town,H,0.83131263831910485,0.12415429060199226,0.044533071078902961,0.80898522571191978,0.13258158543774673,0.058433188850333322,0.7716638292555964,0.15306565499446445,0.075270515749939038
1362,2024-2025,2025-01-25,Manchester City,Chelsea,H,0.44161769998923189,0.24886604340874843,0.3095162566020197,0.51899879964409479,0.22965705919774979,0.25134414115815551,0.4651988761538246,0.23823251374874391,0.29656861009743141
1363,2024-2025,2025-01-25,Southampton,Newcastle,A,0.047896536814833135,0.13473670755976341,0.81736675562540351,0.17604639972722474,0.2368990180973716,0.58705458217540352,0.14548686837562605,0.21873895670247762,0.63577417492189658
1364,2024-2025,2025-01-25,Wolves,Arsenal,A,0.077995563387058944,0.15707373427464985,0.76493070233829119,0.1939237962169752,0.27563270828083886,0.53044349550218584,0.16371904821773911,0.25941328096960281,0.57686767081265833
1365,2024-2025,2025-01-26,Aston Villa,West Ham,D,0.54708375948402876,0.22921369107038744,0.22370254944558382,0.54342488225442431,0.24566502484301997,0.21091009290255575,0.50046342460704052,0.25585418755406908,0.24368238783889024
1366,2024-2025,2025-01-26,Crystal Palace,Brentford,A,0.38220339255471436,0.27724710922428764,0.34054949822099784,0.59355262142068355,0.21924803792837122,0.1871993406509454,0.54908086037406678,0.23150779900972884,0.21941134061620449
1367,2024-2025,2025-01-26,Fulham,Manchester Utd,A,0.4267852035843242,0.27768474283627514,0.29553005357940065,0.40608545070168317,0.2793460533950865,0.31456849590323022,0.36610066031811372,0.28086664255924931,0.35303269712263713
1368,2024-2025,2025-01-26,Tottenham,Leicester City,A,0.75530243087147253,0.1481235788521317,0.096573990276395932,0.65482077509155445,0.20631454200418933,0.13886468290425635,0.61359511533483146,0.22167103711385266,0.16473384755131559
1369,2024-2025,2025-02-01,Bournemouth,Liverpool,A,0.27449750910176524,0.24865586681205759,0.47684662408617723,0.28164194530524594,0.22073637441226845,0.49762168028248571,0.23795724350278832,0.21012142571383885,0.55192133078337258
1370,2024-2025,2025-02-01,Everton,Leicester City,H,0.45933112867049258,0.32749111968868105,0.2131777516408262,0.47182206726261566,0.29755786363157527,0.23062006910580896,0.43033963179539486,0.30562567636955801,0.26403469183504713
1371,2024-2025,2025-02-01,Ipswich Town,Southampton,A,0.4744332363907437,0.2913645270007002,0.23420223660855591,0.52470108146222072,0.25522275420535862,0.22007616433242058,0.47841228980597444,0.26533601265316986,0.25625169754085569
1372,2024-2025,2025-02-01,Newcastle,Fulham,A,0.51162734266979493,0.25032517617236777,0.23804748115783761,0.42512829899518428,0.26780566164861147,0.3070660393562043,0.37950512013063981,0.27037334531851281,0.35012153455084732
1373,2024-2025,2025-02-01,Nottingham,Brighton,H,0.3801429170895651,0.29202793779506825,0.32782914511536643,0.32834928799604801,0.29233295982355628,0.37931775218039576,0.28929150265379261,0.28790741169638273,0.42280108564982471
1374,2024-2025,2025-02-01,Wolves,Aston Villa,H,0.25962000983727679,0.23762188650387103,0.5027581036588521,0.391146608069251,0.27531904981921929,0.33353434211152988,0.34730198036586785,0.27539671240535862,0.37730130722877347
1375,2024-2025,2025-02-02,Arsenal,Manchester City,H,0.45639094834902216,0.272789630100434,0.27081942155054389,0.42667140081391858,0.28565212942741863,0.2876764697586629,0.39107941995990203,0.28878562994549334,0.32013495009460463
1376,2024-2025,2025-02-02,Brentford,Tottenham,A,0.40053482720446559,0.21855233729819876,0.38091283549733568,0.35195677762987609,0.23199803467423413,0.41604518769588961,0.31225895681163096,0.228086264961118,0.45965477822725115
1377,2024-2025,2025-02-02,Manchester Utd,Crystal Palace,A,0.33603784557619254,0.30983333709954675,0.35412881732426088,0.35499970066539233,0.28703104885624603,0.35796925047836159,0.32113303820771999,0.28520932154377759,0.39365764024850236
1378,2024-2025,2025-02-03,Chelsea,West Ham,H,0.66339311220516872,0.18820464680044266,0.14840224099438876,0.6921590372472245,0.17200112667122497,0.13583983608155042,0.65157802913736163,0.18642613913026909,0.16199583173236928
1379,2024-2025,2025-02-12,Everton,Liverpool,D,0.14490173745951429,0.26290847325682892,0.59218978928365684,0.16773924066745091,0.2379023032751201,0.59435845605742876,0.14540534296849084,0.22378667609266148,0.63080798093884782
1380,2024-2025,2025-02-14,Brighton,Chelsea,H,0.22732516753850082,0.23167610074376185,0.54099873171773727,0.40259493481856629,0.25172222620633239,0.34568283897510144,0.36501412722717974,0.25189835793080562,0.38308751484201481
1381,2024-2025,2025-02-15,Aston Villa,Ipswich Town,D,0.61075067452341736,0.2340889234666364,0.15516040200994627,0.53297940783447439,0.25965095030887159,0.20736964185665394,0.49904948875702754,0.26811019635806893,0.23284031488490373
1382,2024-2025,2025-02-15,Crystal Palace,Everton,A,0.36502041925233042,0.35178654803493081,0.28319303271273877,0.52685435710642003,0.27872346711280915,0.19442217578077103,0.49497927322565133,0.28757768665659506,0.21744304011775381
1383,2024-2025,2025-02-15,Fulham,Nottingham,H,0.30787149396138203,0.27612210958869077,0.41600639644992732,0.44297419932861026,0.27200931259187755,0.28501648807951235,0.40891620668653134,0.27545700752697772,0.31562678578649123
1384,2024-2025,2025-02-15,Leicester City,Arsenal,A,0.03957646244258297,0.11229559233070475,0.84812794522671242,0.12526135212551245,0.23025329196175037,0.64448535591273715,0.1087814437569025,0.21516415660349128,0.67605439963960623
1385,2024-2025,2025-02-15,Manchester City,Newcastle,H,0.44384218736580267,0.2337118044129024,0.3224460082212951,0.58959687363210134,0.21347157328148908,0.19693155308640953,0.55188363765257642,0.22322473922603611,0.2248916231213875
1386,2024-2025,2025-02-15,Southampton,Bournemouth,A,0.067437655946893382,0.15656221081968319,0.77600013323342354,0.15374702511378699,0.18321260859958688,0.66304036628662621,0.13093114946852327,0.16917360433613571,0.69989524619534105
1387,2024-2025,2025-02-15,West Ham,Brentford,A,0.26347666949227566,0.23672892778251892,0.49979440272520526,0.37590249543536342,0.23885746912935907,0.38524003543527741,0.33930984628999838,0.23698763140118953,0.42370252230881206
1388,2024-2025,2025-02-16,Liverpool,Wolves,H,0.79972455736376169,0.12624682566016737,0.07402861697607073,0.72565153300028062,0.16526277758435307,0.10908568941536621,0.68972720239204577,0.18026679603367426,0.13000600157428011
1389,2024-2025,2025-02-16,Tottenham,Manchester Utd,H,0.51457238596057486,0.23812697642565725,0.24730063761376808,0.45267153494213286,0.26248745790906747,0.28484100714879967,0.41468308600672721,0.26640815746895463,0.31890875652431816
1390,2024-2025,2025-02-19,Aston Villa,Liverpool,D,0.14705969177610975,0.19458219401365281,0.65835811421023749,0.21853748385419419,0.23837319326800094,0.54308932287780498,0.19255912808263972,0.2276313387467567,0.57980953317060357
1391,2024-2025,2025-02-21,Leicester City,Brentford,A,0.15827088116884433,0.20957886810963017,0.63215025072152542,0.28000585785449167,0.24629464642403204,0.47369949572147624,0.24932043241696997,0.23894683790387136,0.51173272967915873
1392,2024-2025,2025-02-22,Arsenal,West Ham,A,0.79374024540465116,0.14435589200540974,0.061903862589939233,0.69721911711690887,0.19497923770622291,0.10780164517686827,0.66297152086733746,0.21036177694296296,0.12666670218969958
1393,2024-2025,2025-02-22,Aston Villa,Chelsea,H,0.30335813217465502,0.24396127737185289,0.45268059045349207,0.3592632666804717,0.25459201495234246,0.38614471836718567,0.3217560254711116,0.25188889751235333,0.42635507701653513
1394,2024-2025,2025-02-22,Bournemouth,Wolves,A,0.6407915906357059,0.20300357284833512,0.15620483651595896,0.53634894335535988,0.21911943366960601,0.24453162297503428,0.49301072387921513,0.22679100904114863,0.28019826707963624
1395,2024-2025,2025-02-22,Everton,Manchester Utd,D,0.4069742047669983,0.32907642015459881,0.26394937507840288,0.35329390939631222,0.29353599463332042,0.35317009597036741,0.32010662497064174,0.29181797397197401,0.38807540105738408
1396,2024-2025,2025-02-22,Fulham,Crystal Palace,A,0.3916233583629869,0.28969791623654784,0.3186787254004651,0.39640695325197184,0.27259161013050037,0.33100143661752784,0.35977324926366128,0.27310037312819957,0.36712637760813888
1397,2024-2025,2025-02-22,Ipswich Town,Tottenham,A,0.13636491159647826,0.1941736384972152,0.66946144990630674,0.2562251703283806,0.24465414171560759,0.499120687956012,0.2244633727356842,0.23503059635526666,0.54050603090904914
1398,2024-2025,2025-02-22,Southampton,Brighton,A,0.14299160708851072,0.210701358997088,0.64630703391440147,0.16297270804064493,0.22133529285798398,0.61569199910137107,0.13955855487991006,0.20634823781538095,0.65409320730470899
1399,2024-2025,2025-02-23,Manchester City,Liverpool,A,0.34180052039762249,0.21619806234208705,0.4420014172602903,0.4039775013896314,0.2337406122580391,0.36228188635232933,0.35932984544284924,0.23329540371505197,0.40737475084209895
1400,2024-2025,2025-02-23,Newcastle,Nottingham,H,0.38815116682037787,0.23793055134714433,0.37391828183247794,0.476079053337155,0.23474234733441446,0.28917859932843054,0.43094952448876295,0.23953796102274033,0.32951251448849678
1401,2024-2025,2025-02-25,Brighton,Bournemouth,H,0.28061064288420912,0.24634352724804581,0.47304582986774524,0.49266572749362464,0.22731797109751503,0.28001630140886014,0.44542532357218451,0.23306147558508966,0.32151320084272583
1402,2024-2025,2025-02-25,Chelsea,Southampton,H,0.8064930476208686,0.12473223188620187,0.068774720492929625,0.80424089374190733,0.11805329847342103,0.07770580778467151,0.76683982156199737,0.13518225834122799,0.097977920096774654
1403,2024-2025,2025-02-25,Crystal Palace,Aston Villa,H,0.41861477121183982,0.27001627372190856,0.31136895506625162,0.5198902895934151,0.24569517332005397,0.23441453708653087,0.4767276644562185,0.25428142247328506,0.26899091307049666
1404,2024-2025,2025-02-25,Wolves,Fulham,A,0.30424245215456847,0.2487219751309947,0.44703557271443672,0.39041909687465026,0.25736339942258818,0.35221750370276139,0.34884412059739783,0.25685995045036558,0.39429592895223647
1405,2024-2025,2025-02-26,Brentford,Everton,D,0.40344798580669489,0.27538607092026335,0.32116594327304188,0.42880210305309635,0.24538153261599685,0.32581636433090694,0.38930034772117039,0.24712315425297843,0.36357649802585112
1406,2024-2025,2025-02-26,Liverpool,Newcastle,H,0.61702738196030027,0.1883428485946626,0.1946297694450371,0.64864868066033843,0.18701865294282743,0.16433266639683414,0.60798927348207721,0.1996533875782944,0.19235733893962839
1407,2024-2025,2025-02-26,Manchester Utd,Ipswich Town,H,0.58233369903195342,0.23820394267507514,0.17946235829297147,0.56654203965738137,0.22679826431492364,0.20665969602769507,0.52710768216888582,0.2365922622230936,0.2363000556080207
1408,2024-2025,2025-02-26,Nottingham,Arsenal,D,0.20416606741254251,0.23260927918372007,0.56322465340373762,0.2441485591612246,0.25816084918863086,0.49769059165014456,0.21558829288066264,0.24842319714717576,0.53598850997216152
1409,2024-2025,2025-02-26,Tottenham,Manchester City,A,0.30792238434968489,0.20853506101807273,0.48354255463224244,0.30290674920228788,0.22387985208795877,0.47321339870975343,0.26592452572497954,0.21681846566535762,0.51725700860966262
1410,2024-2025,2025-02-27,West Ham,Leicester City,H,0.58005434359561481,0.22944450799715993,0.19050114840722532,0.52505263278071979,0.24275553074391124,0.23219183647536912,0.48618786632795641,0.25065668717128142,0.26315544650076211
1411,2024-2025,2025-03-08,Brentford,Aston Villa,A,0.48005207050950149,0.23161180999898204,0.28833611949151644,0.42099432973185608,0.23927916377100433,0.3397265064971397,0.38296402311427113,0.24024815644688924,0.37678782043883952
1412,2024-2025,2025-03-08,Brighton,Fulham,H,0.39359877794764914,0.25669075385950368,0.34971046819284735,0.47493408534128534,0.25706469608742832,0.26800121857128628,0.43919860391084314,0.26205307093415925,0.29874832515499783
1413,2024-2025,2025-03-08,Crystal Palace,Ipswich Town,H,0.69342552996816909,0.19096480764834792,0.11560966238348298,0.66543978188839681,0.19874743294800246,0.13581278516360076,0.63120529931965108,0.21184674342525006,0.15694795725509877
1414,2024-2025,2025-03-08,Liverpool,Southampton,H,0.93306905897720172,0.051170969987812717,0.015759971034985523,0.87838468510626866,0.083851588847680056,0.037763726046051209,0.85626156484496274,0.096759995890370085,0.046978439264667098
1415,2024-2025,2025-03-08,Nottingham,Manchester City,H,0.29729931440297924,0.23340961907967755,0.46929106651734315,0.26424503891541667,0.23004261257104375,0.50571234851353974,0.23302716529494924,0.22140918191436335,0.54556365279068741
1416,2024-2025,2025-03-08,Wolves,Everton,D,0.28881077355059476,0.28193778743303177,0.42925143901637364,0.42543231697239736,0.26692040692802887,0.30764727609957376,0.39083354881543159,0.26916029082061432,0.34000616036395431
1417,2024-2025,2025-03-09,Chelsea,Leicester City,H,0.80309345241321195,0.12396813491006163,0.072938412676726308,0.70976342793578073,0.16636946145518816,0.12386711060903106,0.68061004332253816,0.17772437132543661,0.14166558535202531
1418,2024-2025,2025-03-09,Manchester Utd,Arsenal,D,0.1382621973362658,0.21499920460569727,0.64673859805803724,0.26467017715295915,0.26797848059968066,0.46735134224736014,0.24164054130054738,0.26164339344501997,0.49671606525443274
1419,2024-2025,2025-03-09,Tottenham,Bournemouth,D,0.37485334337939735,0.23374000976973588,0.39140664685086657,0.4396743197388745,0.21190497471919664,0.348420705541929,0.40429711080361735,0.21303595828073035,0.38266693091565218
1420,2024-2025,2025-03-10,West Ham,Newcastle,A,0.23570329565999262,0.21065984943086216,0.55363685490914527,0.31358920265843515,0.24384264619877241,0.44256815114279224,0.28759388464866997,0.23974485110632021,0.47266126424500943
1421,2024-2025,2025-03-15,Bournemouth,Brentford,A,0.47429004965837313,0.23366029444795874,0.2920496558936681,0.5743907273399762,0.18974243424796777,0.23586683841205611,0.539782206688734,0.19644747793020223,0.2637703153810636
1422,2024-2025,2025-03-15,Everton,West Ham,D,0.47508275826000618,0.27835297561849737,0.24656426612149643,0.50380764431831249,0.25370490640644955,0.24248744927523783,0.47583278521488281,0.25909500084656806,0.26507221393854902
1423,2024-2025,2025-03-15,Ipswich Town,Nottingham,A,0.12256051303535452,0.17738195753226083,0.70005752943238453,0.32788016223966382,0.24235300116474115,0.429766836595595,0.30079842084910258,0.23884521948319529,0.46035635966770211
1424,2024-2025,2025-03-15,Manchester City,Brighton,D,0.56342612343313336,0.20838655455925784,0.22818732200760877,0.48270202352010866,0.23768550787834922,0.27961246860154204,0.45260051324623524,0.24159716044860596,0.30580232630515874
1425,2024-2025,2025-03-15,Southampton,Wolves,A,0.1584523004224829,0.19682551872673551,0.64472218085078137,0.21097974283804455,0.20907881724247759,0.57994143991947777,0.18876008370979866,0.19992183834659227,0.61131807794360926
1426,2024-2025,2025-03-16,Arsenal,Chelsea,H,0.58180519955393351,0.22756392391496258,0.19063087653110417,0.50952025440742965,0.23420438675581259,0.25627535883675789,0.4753706544012371,0.23990287511751271,0.28472647048125049
1427,2024-2025,2025-03-16,Fulham,Tottenham,H,0.33459298394873654,0.22999158579112908,0.43541543026013446,0.42603067115799814,0.23724708903789865,0.3367222398041031,0.39174412918942275,0.23847319982274748,0.36978267098782991
1428,2024-2025,2025-03-16,Leicester City,Manchester Utd,A,0.15073605832556281,0.21551011475435419,0.63375382692008309,0.24331689473967982,0.24103085352219794,0.51565225173812246,0.21799037955485201,0.23258020498562332,0.54942941545952495
1429,2024-2025,2025-04-01,Arsenal,Fulham,H,0.59881919451487364,0.2393303312048263,0.16185047428030019,0.52988785933409244,0.25616049372164917,0.21395164694425828,0.4997470010461007,0.26357398771769369,0.23667901123620549
1430,2024-2025,2025-04-01,Nottingham,Manchester Utd,H,0.50708219691941403,0.2309159964883607,0.26200180659222533,0.42362994306531732,0.23974379176837946,0.33662626516630306,0.39041402119386071,0.24091307999196435,0.36867289881417498
1431,2024-2025,2025-04-01,Wolves,West Ham,H,0.41103531303927288,0.24628007539963559,0.34268461156109148,0.50192627009554092,0.23563955420605018,0.2624341756984091,0.46853370225655505,0.24089297569789347,0.29057332204555153
1432,2024-2025,2025-04-02,Bournemouth,Ipswich Town,A,0.72690295251687487,0.15863285721781825,0.11446419026530709,0.63355542934538822,0.17973228084004333,0.18671228981456858,0.60349851844143254,0.18791044572995003,0.20859103582861732
1433,2024-2025,2025-04-02,Brighton,Aston Villa,A,0.46533710893569652,0.22425808589248111,0.31040480517182245,0.52186949918392511,0.24008148566069523,0.23804901515537974,0.49510688551883331,0.24552999947303344,0.2593631150081333
1434,2024-2025,2025-04-02,Liverpool,Everton,H,0.62783968798176126,0.21377920932283195,0.15838110269540692,0.62055380195708632,0.20546015282574842,0.17398604521716521,0.59371919220419678,0.2138409469380585,0.19243986085774489
1435,2024-2025,2025-04-02,Manchester City,Leicester City,H,0.86530925441485873,0.091331134953680809,0.043359610631460391,0.75193413362155148,0.15018039986464252,0.09788546651380603,0.72841108585701164,0.1607136805901728,0.11087523355281571
1436,2024-2025,2025-04-02,Newcastle,Brentford,H,0.45592497961791234,0.2165540939297714,0.32752092645231634,0.47995222702894613,0.21925861894169155,0.30078915402936257,0.44994192624197987,0.22234280841788531,0.32771526534013473
1437,2024-2025,2025-04-02,Southampton,Crystal Palace,D,0.091173306595847034,0.16190277640522829,0.74692391699892491,0.1550410671232462,0.18360687722166871,0.66135205565508515,0.13809087682577217,0.17332578705977067,0.68858333611445732
1438,2024-2025,2025-04-03,Chelsea,Tottenham,H,0.43100445118655523,0.21512639357312993,0.35386915524031481,0.50059496173176388,0.20178157493719834,0.29762346333103773,0.46316481085843153,0.20574042893221481,0.33109476020935386
1439,2024-2025,2025-04-05,Aston Villa,Nottingham,H,0.31143810691676205,0.226835734331119,0.46172615875211881,0.44554576528818651,0.23656304068354631,0.31789119402826732,0.41380440136834218,0.23870826555918911,0.34748733307246876
1440,2024-2025,2025-04-05,Crystal Palace,Brighton,H,0.44158557304357765,0.24242903020941786,0.3159853967470046,0.39326675195054261,0.25252251740727499,0.35421073064218228,0.36393421595455644,0.25240771798716116,0.38365806605828234
1441,2024-2025,2025-04-05,Everton,Arsenal,D,0.17124275912033685,0.27009300935821595,0.55866423152144751,0.26104328095315493,0.274244895125629,0.46471182392121602,0.23876781409395323,0.267791000890932,0.49344118501511464
1442,2024-2025,2025-04-05,Ipswich Town,Wolves,A,0.27376297569490787,0.21879650442903967,0.50744051987605276,0.3390170260604653,0.23808945328752271,0.42289352065201213,0.30986549905295557,0.23482378554285649,0.45531071540418788
1443,2024-2025,2025-04-05,West Ham,Bournemouth,D,0.24195992358291898,0.23258182487967854,0.52545825153740278,0.26903705676770823,0.21142613336709232,0.51953680986519923,0.2411110689286004,0.20426187943383073,0.55462705163756876
1444,2024-2025,2025-04-06,Brentford,Chelsea,D,0.34739628529823191,0.23128673791280724,0.42131697678896107,0.32312485789131079,0.20815888755932835,0.46871625454936078,0.2951600077424883,0.20414270057128051,0.50069729168623112
1445,2024-2025,2025-04-06,Fulham,Liverpool,H,0.18438362510299405,0.20203440946847934,0.61358196542852672,0.26514684896627522,0.23336006156895503,0.50149308946476967,0.24287663354732186,0.22740128110153854,0.52972208535113974
1446,2024-2025,2025-04-06,Manchester Utd,Manchester City,D,0.23808162681397391,0.22210220047352794,0.53981617271249804,0.30122688215414367,0.2258408768157395,0.47293224103011677,0.2762929396290853,0.22124735757652303,0.50245970279439167
1447,2024-2025,2025-04-06,Tottenham,Southampton,H,0.78803236192130688,0.12931225554816847,0.08265538253052461,0.71654136919393119,0.15675038573727126,0.12670824506879749,0.69031004184592393,0.16662466863782913,0.14306528951624697
1448,2024-2025,2025-04-07,Leicester City,Newcastle,A,0.074699737488038737,0.13721536516589297,0.78808489734606801,0.2320741997054947,0.25055214592024599,0.51737365437425931,0.21586362764085576,0.24470212850969153,0.53943424384945282
1449,2024-2025,2025-04-12,Arsenal,Brentford,D,0.6046430771142135,0.2302306416903642,0.16512628119542233,0.60894137583670782,0.21899147078674414,0.1720671533765481,0.58513909136462572,0.22667157287160028,0.18818933576377384
1450,2024-2025,2025-04-12,Brighton,Leicester City,D,0.75382386091258879,0.15875653524949068,0.087419603837920482,0.68031275913381228,0.20122326433207127,0.1184639765341166,0.65892402280008022,0.21058566174247276,0.13049031545744713
1451,2024-2025,2025-04-12,Manchester City,Crystal Palace,H,0.47788161471043455,0.25616278051995361,0.26595560476961194,0.52276332485716293,0.23538882647991027,0.24184784866292663,0.49757915567938299,0.24034868252369887,0.26207216179691806
1452,2024-2025,2025-04-12,Nottingham,Everton,A,0.445052316950934,0.28034632231812073,0.27460136073094521,0.40049764998712617,0.2663073261942443,0.33319502381862931,0.37751913768856254,0.26698484719352467,0.35549601511791273
1453,2024-2025,2025-04-12,Southampton,Aston Villa,A,0.10724684071788994,0.16533561284413764,0.72741754643797263,0.19449935768764104,0.21353633632237146,0.59196430598998739,0.17708997011297309,0.2053784295286559,0.61753160035837107
1454,2024-2025,2025-04-13,Chelsea,Ipswich Town,D,0.69968324706655494,0.17750570086299927,0.12281105207044571,0.67121822776399198,0.17877971483574792,0.15000205740026015,0.64582114930158196,0.18750467565517795,0.16667417504324014
1455,2024-2025,2025-04-13,Liverpool,West Ham,H,0.74594654632000756,0.1541521119870263,0.099901341692966217,0.69657737253658092,0.17967607789872678,0.12374654956469225,0.67343711407962281,0.18907382287226251,0.13748906304811476
1456,2024-2025,2025-04-13,Newcastle,Manchester Utd,H,0.50000688673306237,0.24089203395047948,0.25910107931645815,0.41634135867609584,0.24934553268749432,0.33431310863640967,0.3914447633160138,0.25032655042145219,0.35822868626253401
1457,2024-2025,2025-04-13,Wolves,Tottenham,H,0.28449017159078654,0.22264771591913654,0.49286211249007689,0.38923143839478475,0.24064753754426357,0.37012102406095154,0.36393078186618566,0.24028336902207123,0.39578584911174297
1458,2024-2025,2025-04-14,Bournemouth,Fulham,H,0.39241007180732723,0.24720124832745199,0.36038867986522066,0.46710982917003951,0.22857689193585604,0.30431327889410464,0.44444979682424518,0.230810189106158,0.32474001406959674
1459,2024-2025,2025-04-16,Newcastle,Crystal Palace,H,0.51023610742501069,0.22067852152877193,0.26908537104621744,0.39044757224442156,0.24863063577427849,0.36092179198129992,0.37295136720592276,0.24861555675459732,0.37843307603947979
1460,2024-2025,2025-04-19,Aston Villa,Newcastle,H,0.29505548045570118,0.21785750690048211,0.4870870126438166,0.4288980452753367,0.24166774004149774,0.32943421468316547,0.41551083211279699,0.24246192412661641,0.34202724376058657
1461,2024-2025,2025-04-19,Brentford,Brighton,H,0.48782614021960652,0.2289557009100498,0.28321815887034357,0.30635860202711451,0.23920346085607413,0.45443793711681141,0.29441986473003323,0.23729775306000175,0.46828238220996499
1462,2024-2025,2025-04-19,Crystal Palace,Bournemouth,D,0.32387246537915487,0.24472116258686674,0.43140637203397847,0.40842366237040029,0.22749151962153444,0.36408481800806547,0.39436791034781121,0.22768136347427151,0.37795072617791725
1463,2024-2025,2025-04-19,Everton,Manchester City,A,0.26730251636654873,0.27313442084337131,0.45956306279008019,0.24091867627113206,0.24145882728952972,0.51762249643933811,0.23083419699372387,0.23820796849255557,0.53095783451372058
1464,2024-2025,2025-04-19,West Ham,Southampton,D,0.65538867982373028,0.20548413781684446,0.13912718235942537,0.58608012406963539,0.21639614426463347,0.19752373166573114,0.57286155450259646,0.2200701560515457,0.20706828944585787
1465,2024-2025,2025-04-20,Fulham,Chelsea,A,0.36011886464670034,0.26621068722360208,0.37367044812969746,0.37366623825398582,0.24141974574832259,0.38491401599769148,0.36298964055811295,0.24109364161991612,0.39591671782197091
1466,2024-2025,2025-04-20,Ipswich Town,Arsenal,A,0.080017888132849879,0.159204819210431,0.76077729265671912,0.16347400822630923,0.23206488256177257,0.60446110921191809,0.15727079624233492,0.22820278429287741,0.61452641946478759
1467,2024-2025,2025-04-20,Leicester City,Liverpool,A,0.036835909676160142,0.092641977033865022,0.87052211328997464,0.12785069375289171,0.19154420575009359,0.6806051004970145,0.12225012351218748,0.18721270870515472,0.69053716778265761
1468,2024-2025,2025-04-20,Manchester Utd,Wolves,A,0.40197313589970574,0.25679328043953442,0.34123358366075973,0.42946901250572855,0.25351563361114932,0.3170153538831223,0.41893899710267618,0.2543033132372185,0.32675768966010538
1469,2024-2025,2025-04-21,Tottenham,Nottingham,A,0.34969967576330507,0.2283472204092028,0.42195310382749218,0.47825974427235923,0.22637425190218669,0.29536600382545436,0.46815584046654918,0.22761341126016232,0.30423074827328855
1470,2024-2025,2025-04-22,Manchester City,Aston Villa,H,0.52444151028529706,0.22196995620238447,0.25358853351231819,0.54437340736458217,0.22214926530841247,0.23347732732700527,0.53218538680051541,0.22481535152875576,0.24299926167072897
1471,2024-2025,2025-04-23,Arsenal,Crystal Palace,D,0.66572176903526736,0.21081721319742083,0.12346101776731179,0.54074943764163586,0.2591144920940931,0.20013607026427102,0.53027820834495076,0.26211830498968225,0.20760348666536718
1472,2024-2025,2025-04-26,Brighton,West Ham,H,0.47793599453159974,0.23596408804597951,0.28609991742242086,0.56112128133676187,0.23364065024054831,0.20523806842268988,0.5491278336118115,0.23688753280007732,0.21398463358811121
1473,2024-2025,2025-04-26,Chelsea,Everton,H,0.4299228649316717,0.29838743594615719,0.27168969912217089,0.55773139913075875,0.22500277297835763,0.21726582789088358,0.54522574156944648,0.22808562345504149,0.22668863497551228
1474,2024-2025,2025-04-26,Newcastle,Ipswich Town,H,0.79456089954530518,0.12011283329930499,0.085326267155389893,0.58520718688341367,0.21247975255551466,0.20231306056107176,0.57252718254047896,0.21589113540904889,0.21158168205047223
1475,2024-2025,2025-04-26,Southampton,Fulham,A,0.10853062991504989,0.18097240071801385,0.7104969693669364,0.17917878606473123,0.20827023872884196,0.61255097520642665,0.17090877472484861,0.20405832719764316,0.62503289807750839
1476,2024-2025,2025-04-26,Wolves,Leicester City,H,0.68586450417740619,0.19496033949854175,0.11917515632405205,0.58842143687011483,0.2336434363240181,0.17793512680586712,0.57695536497575928,0.23736350674422102,0.18568112828001976
1477,2024-2025,2025-04-27,Bournemouth,Manchester Utd,D,0.48739464778524405,0.26544784965951912,0.24715750255523658,0.4841660881027614,0.22708736903548621,0.28874654286175244,0.47350960057781039,0.228477152811805,0.29801324661038447
1478,2024-2025,2025-04-27,Liverpool,Tottenham,H,0.66836640711657413,0.17248071141245699,0.15915288147096876,0.61016572707158345,0.19700526705043295,0.1928290058779836,0.59968440648769683,0.1999333838175559,0.20038220969474752
1479,2024-2025,2025-05-01,Nottingham,Brentford,A,0.43293384395758161,0.24694416792382523,0.3201219881185931,0.39008496814778265,0.23731947244321411,0.37259555940900302,0.38462302569110174,0.23731060059773537,0.37806637371116286
1480,2024-2025,2025-05-02,Manchester City,Wolves,H,0.63506271266365499,0.19314431013665609,0.17179297719968875,0.59331611500909931,0.21722158290827262,0.1894623020826281,0.58496853171378704,0.21968664184346393,0.1953448264427492
1481,2024-2025,2025-05-03,Arsenal,Bournemouth,A,0.58016761096969338,0.24146699172159536,0.17836539730871104,0.53744974135051993,0.23809980534443481,0.22445045330504515,0.5300269425715638,0.23986367790421087,0.23010937952422528
1482,2024-2025,2025-05-03,Aston Villa,Fulham,H,0.46453163266954545,0.24109613871690924,0.29437222861354528,0.44666691905439321,0.24542833562272715,0.30790474532287959,0.43905296127069088,0.24616277225303285,0.31478426647627628
1483,2024-2025,2025-05-03,Everton,Ipswich Town,D,0.58518928505714718,0.24938351664635805,0.16542719829649496,0.53644716551481919,0.24185998058624414,0.22169285389893678,0.52912805665803408,0.24363950948662172,0.22723243385534411
1484,2024-2025,2025-05-03,Leicester City,Southampton,H,0.35501697676891175,0.29782312746034517,0.34715989577074308,0.43807121843272867,0.25486365276431822,0.30706512880295328,0.43071648542498642,0.2555537161417582,0.31372979843325538
1485,2024-2025,2025-05-04,Brentford,Manchester Utd,H,0.52794102846733737,0.24338570715287855,0.22867326437978391,0.37075875811303027,0.23815220814541566,0.39108903374155424,0.3648608051410952,0.23795201039792957,0.39718718446097523
1486,2024-2025,2025-05-04,Brighton,Newcastle,D,0.24676852564618681,0.18651217807263359,0.56671929628117967,0.47200585949114182,0.23447503462298319,0.29351910588587504,0.4658462944178704,0.23523943707633993,0.29891426850578978
1487,2024-2025,2025-05-04,Chelsea,Liverpool,H,0.25461680843334789,0.22947954288431544,0.51590364868233651,0.33907873277691736,0.2227841705186997,0.438137096704383,0.333047139091808,0.22220908198031544,0.44474377892787648
1488,2024-2025,2025-05-04,West Ham,Tottenham,D,0.31663697779302624,0.22210081785863747,0.46126220434833637,0.2947908155219498,0.22786499121052395,0.47734419326752597,0.28931798239351847,0.22688764035814288,0.48379437724833846
1489,2024-2025,2025-05-05,Crystal Palace,Nottingham,D,0.33203825802872872,0.25832475578275021,0.40963698618852123,0.45988716282492875,0.24304464285455801,0.29706819432051312,0.45593640853711959,0.24350577781745703,0.30055781364542339
1490,2024-2025,2025-05-10,Bournemouth,Aston Villa,A,0.38346400646929646,0.26487531855466395,0.35166067497603948,0.41399452204859921,0.23804681259662513,0.34795866535477582,0.41039085918297519,0.23818473988577413,0.35142440093125077
1491,2024-2025,2025-05-10,Fulham,Everton,A,0.39092771941841731,0.31274494732227009,0.29632733325931276,0.46480791712356995,0.26487232454902948,0.27031975832740041,0.46153308141017763,0.26538396077560317,0.27308295781421921
1492,2024-2025,2025-05-10,Ipswich Town,Brentford,A,0.1437878804601003,0.17366835325835189,0.68254376628154778,0.27880204494916971,0.23357349642678521,0.48762445862404502,0.27572284010078585,0.23292548194874108,0.49135167795047296
1493,2024-2025,2025-05-10,Southampton,Manchester City,D,0.042110019010354896,0.10434959546985842,0.85354038551978673,0.087215567654490886,0.14528222670889326,0.76750220563661586,0.085732746085533315,0.14381994794695308,0.77044730596751376
1494,2024-2025,2025-05-10,Wolves,Brighton,A,0.42440719655122677,0.23380109865810864,0.3417917047906644,0.35873715902534853,0.26555876613897189,0.37570407483567941,0.35558172823137513,0.26545051518448093,0.37896775658414394
1495,2024-2025,2025-05-11,Liverpool,Arsenal,D,0.38895520837922187,0.25314403375339289,0.35790075786738523,0.39966273746247094,0.27344350735798933,0.32689375517953989,0.39221680416796134,0.2738015960844713,0.33398159974756725
1496,2024-2025,2025-05-11,Manchester Utd,West Ham,A,0.44850250175592443,0.26164018788929105,0.2898573103547844,0.53925222345548685,0.23679990143691743,0.22394787510759581,0.5311405039148982,0.23873300680790643,0.23012648927719545
1497,2024-2025,2025-05-11,Newcastle,Chelsea,H,0.42724322457439895,0.23610179432390707,0.33665498110169401,0.31101382895938884,0.23099964382183799,0.4579865272187732,0.30322737453148108,0.22986671907001424,0.46690590639850477
1498,2024-2025,2025-05-11,Nottingham,Leicester City,D,0.74800783076883715,0.16996557451538724,0.082026594715775558,0.58575266810849558,0.22765082360744487,0.18659650828405949,0.57788500320218761,0.23005488781024172,0.19206010898757056
1499,2024-2025,2025-05-11,Tottenham,Crystal Palace,A,0.40734721470805724,0.23004690391230745,0.36260588137963545,0.43176799137846661,0.24072801220039464,0.32750399642113887,0.42333968553213064,0.24129444828503049,0.33536586618283881
1500,2024-2025,2025-05-16,Aston Villa,Tottenham,H,0.56409691567360354,0.2096428463363906,0.2262602379900058,0.48033414039585848,0.2327392410848278,0.28692661851931384,0.47327462238996365,0.23369841029337626,0.29302696731666023
1501,2024-2025,2025-05-16,Chelsea,Manchester Utd,H,0.56457379424178267,0.23666595165285845,0.19876025410535872,0.5242484697445402,0.22215485324082901,0.2535966770146309,0.51708586494341124,0.2235056311342844,0.2594085039223043
1502,2024-2025,2025-05-18,Arsenal,Newcastle,H,0.48208961368531111,0.23715343307557041,0.28075695323911842,0.52641678425940508,0.25268268340470318,0.2209005323358918,0.52065643890332847,0.25410961891576844,0.22523394218090284
1503,2024-2025,2025-05-18,Brentford,Fulham,A,0.50766812875996492,0.23258046665441723,0.25975140458561802,0.38948900644115558,0.24042366924821901,0.37008732431062541,0.3833057749989543,0.24042639516030376,0.3762678298407417
1504,2024-2025,2025-05-18,Everton,Southampton,H,0.69306659029708262,0.21123492702816929,0.095698482674748023,0.61819576411768051,0.21465389493296982,0.16715034094934991,0.61237729481858572,0.2166364734830952,0.17098623169831903
1505,2024-2025,2025-05-18,Leicester City,Ipswich Town,H,0.31900035822420064,0.26339157793118523,0.41760806384461407,0.36712616532140296,0.26352537158586614,0.36934846309273084,0.36152030170246202,0.26341151515045219,0.37506818314708601
1506,2024-2025,2025-05-18,West Ham,Nottingham,A,0.28420908204194217,0.2535031761669706,0.46228774179108717,0.34816358071454179,0.2541229895297511,0.39771342975570695,0.34249493454963814,0.25376687832645645,0.40373818712390547
1507,2024-2025,2025-05-19,Brighton,Liverpool,H,0.20602507018275723,0.18429117839602391,0.60968375142121878,0.30311418625077607,0.23445424991184782,0.46243156383737599,0.30025144870418446,0.23400567871992883,0.46574287257588687
1508,2024-2025,2025-05-20,Crystal Palace,Wolves,H,0.45850484265775421,0.24864717552473875,0.29284798181750704,0.42785914976219308,0.26248656862784292,0.30965428160996389,0.42356674240744163,0.26286555055110161,0.31356770704145692
1509,2024-2025,2025-05-20,Manchester City,Bournemouth,H,0.51439913984987484,0.24939358648163509,0.23620727366848998,0.55816370595671783,0.21829199575956251,0.22354429828371969,0.55344343777743077,0.21941369238717331,0.227142869835396
1510,2024-2025,2025-05-25,Bournemouth,Leicester City,H,0.68573135147352615,0.19670733495996426,0.11756131356650942,0.63939095386355926,0.20262329134032947,0.15798575479611143,0.63570929351040151,0.20392423628350292,0.16036647020609579
1511,2024-2025,2025-05-25,Fulham,Manchester City,A,0.2368631140711997,0.23037922714971554,0.53275765877908499,0.25462645186357707,0.23862863662987266,0.50674491150655032,0.25148262540552391,0.23776859204656151,0.51074878254791456
1512,2024-2025,2025-05-25,Ipswich Town,West Ham,A,0.24969843754930082,0.24298142984182444,0.50732013260887476,0.35147036020616279,0.25857405843177683,0.38995558136206049,0.34793361730325373,0.25838154291593862,0.3936848397808077
1513,2024-2025,2025-05-25,Liverpool,Crystal Palace,D,0.60217629927718996,0.19402185397430083,0.20380184674850926,0.50605523691807219,0.21834784825647452,0.27559691482545312,0.50180144118210712,0.21900517657359572,0.27919338224429718
1514,2024-2025,2025-05-25,Manchester Utd,Aston Villa,H,0.22781906632808091,0.24849770184764444,0.52368323182427456,0.36785496021750042,0.25554307197896559,0.376601967803534,0.36422189340814071,0.25544910468268045,0.38032900190917884
1515,2024-2025,2025-05-25,Newcastle,Everton,A,0.5152916409185474,0.25415007438680942,0.23055828469464326,0.50402008315744462,0.2433259919231838,0.25265392491937161,0.50018471413771937,0.24405652036948547,0.25575876549279536
1516,2024-2025,2025-05-25,Nottingham,Chelsea,A,0.34761359766629835,0.26135338251523993,0.3910330198184615,0.25782938786539605,0.22030751676120164,0.52186309537340236,0.25444689025643363,0.21943050512102227,0.52612260462254412
1517,2024-2025,2025-05-25,Southampton,Arsenal,A,0.041043311879674853,0.11871491215072565,0.84024177596959959,0.09998590802301964,0.17943813484546214,0.72057595713151823,0.098333487385626125,0.1777866740909726,0.72387983852340154
1518,2024-2025,2025-05-25,Tottenham,Brighton,A,0.35123466456356017,0.21261782848425739,0.43614750695218257,0.30942684083973299,0.22978236058038315,0.46079079857988392,0.30574916059295509,0.22924139572833174,0.46500944367871327
1519,2024-2025,2025-05-25,Wolves,Brentford,D,0.29223177602027089,0.22267448697476006,0.48509373700496905,0.41831440662082719,0.24307868876346109,0.33860690461571191,0.41439838092014608,0.24327363773271996,0.3423279813471341
1520,2025-2026,2025-08-15,Liverpool,Bournemouth,H,0.55641632971504074,0.21554728438814347,0.22803638589681582,0.49927183088121557,0.21744842170812742,0.2832797474106572,0.4893489129659328,0.21884791659675856,0.29180317043730863
1521,2025-2026,2025-08-16,Aston Villa,Newcastle,D,0.35435998823049814,0.24393955210247217,0.40170045966702977,0.40205243306622707,0.24285891034987842,0.35508865658389444,0.39248888873100352,0.24304144406124326,0.3644696672077532
1522,2025-2026,2025-08-16,Brighton,Fulham,D,0.47967913655396882,0.21954868440286504,0.30077217904316611,0.50485542602799505,0.23112367791143487,0.26402089606057011,0.49494273435654346,0.23279864179268778,0.27225862385076871
1523,2025-2026,2025-08-16,Sunderland,West Ham,H,0.48481983019522173,0.26250118580942117,0.25267898399535726,0.70786553148350173,0.2282950852978422,0.063839383218656079,0.70146028128048676,0.23242492056097799,0.066114798158535229
1524,2025-2026,2025-08-16,Tottenham,Burnley,H,0.51576502212525643,0.21407869849380956,0.27015627938093401,0.56173404727743181,0.19866106218064633,0.23960489054192172,0.55087763128941702,0.20086673947210174,0.24825562923848135
1525,2025-2026,2025-08-16,Wolves,Manchester City,A,0.17941355477894586,0.2086214260833385,0.61196501913771573,0.2301508955374536,0.2410071379745771,0.52884196648796922,0.22306665015405008,0.23851003604178506,0.53842331380416475
1526,2025-2026,2025-08-17,Chelsea,Crystal Palace,D,0.46016269655792424,0.26844076317636267,0.27139654026571303,0.46710523245719038,0.24548479133460185,0.28740997620820791,0.45886502273918578,0.24654181826179036,0.294593158999024
1527,2025-2026,2025-08-17,Manchester Utd,Arsenal,A,0.16587020221052162,0.24510018511990356,0.58902961266957476,0.29023146737528882,0.28059784401758275,0.42917068860712831,0.28384473723369613,0.27945028450752729,0.43670497825877674
1528,2025-2026,2025-08-17,Nottingham,Brentford,H,0.37890194105943192,0.2504798507109664,0.37061820822960179,0.39372612538150248,0.2415318898443041,0.36474198477419312,0.38546859724176447,0.24157067070830146,0.37296073204993424
1529,2025-2026,2025-08-18,Leeds United,Everton,H,0.19373473262886517,0.24837762956290346,0.55788763780823125,0.34048773739153143,0.26796944142057255,0.39154282118789596,0.33264726449226889,0.26739041237942995,0.39996232312830116
1530,2025-2026,2025-08-22,West Ham,Chelsea,A,0.22637997614897887,0.27517380210541315,0.49844622174560788,0.22718286455063877,0.24140621022909628,0.53141092522026534,0.22113197859339223,0.23923962219266537,0.53962839921394246
1531,2025-2026,2025-08-23,Arsenal,Leeds United,H,0.14723845575913291,0.43219117663823309,0.42057036760263383,0.29030950305439868,0.41663521016174315,0.29305528678385839,0.28229622971616797,0.41620537135694857,0.30149839892688357
1532,2025-2026,2025-08-23,Bournemouth,Wolves,H,0.52758615271101861,0.2347881755211402,0.23762567176784122,0.45700856511100962,0.25313286073681895,0.28985857415217142,0.44304036721974366,0.25478123237002698,0.30217840041022925
1533,2025-2026,2025-08-23,Brentford,Aston Villa,H,0.33032949213701246,0.26284363958798351,0.40682686827500397,0.36895032893810914,0.24898966888143331,0.38206000218045755,0.35525240360302862,0.24849308248607183,0.39625451391089944
1534,2025-2026,2025-08-23,Burnley,Sunderland,H,0.017357197743927077,0.061669663586669012,0.920973138669404,0.33644085827428999,0.23953163432382424,0.42402750740188588,0.3228276194893861,0.23816227127867398,0.43901010923194
1535,2025-2026,2025-08-23,Manchester City,Tottenham,A,0.73931224057274258,0.15656650632517952,0.1041212531020777,0.65445335788512049,0.19956638292323972,0.1459802591916399,0.64112793914793942,0.2044990164782316,0.15437304437382907
1536,2025-2026,2025-08-24,Crystal Palace,Nottingham,D,0.39778018266416781,0.25441580781788109,0.34780400951795104,0.53836595989050517,0.22796896734381425,0.2336650727656806,0.53339008546572075,0.22906628700101545,0.23754362753326386
1537,2025-2026,2025-08-24,Everton,Brighton,H,0.36193215686499891,0.27298079181470719,0.36508705132029362,0.2807282132268446,0.24426966972595637,0.47500211704719891,0.27657948398382987,0.24338825051184085,0.48003226550432948
1538,2025-2026,2025-08-24,Fulham,Manchester Utd,D,0.45688299783738739,0.26037915839536024,0.28273784376725225,0.35484481182621708,0.2449646126695679,0.40019057550421516,0.3501606326364689,0.24468666489738045,0.40515270246615059
1539,2025-2026,2025-08-25,Newcastle,Liverpool,A,0.39140829354426188,0.22190948135307753,0.38668222510266048,0.33676722113242896,0.22935621231018088,0.43387656655739032,0.33372864226424392,0.22906127050452957,0.43721008723122656
1540,2025-2026,2025-08-30,Chelsea,Fulham,H,0.57244269149817317,0.23762869952925481,0.18992860897257208,0.52698710372416191,0.23067994131551611,0.24233295496032192,0.52229593756701254,0.23164331014064116,0.24606075229234636
1541,2025-2026,2025-08-30,Leeds United,Newcastle,D,0.071297672556664735,0.12708475473373021,0.80161757270960521,0.26715754644199419,0.33102811084990802,0.40181434270809768,0.2641738135185196,0.33035717522033708,0.40546901126114326
1542,2025-2026,2025-08-30,Manchester Utd,Burnley,H,0.46562958332982529,0.27873792163247674,0.25563249503769786,0.61751082165145044,0.21391477208334278,0.16857440626520676,0.61315392819382075,0.21537517509777351,0.17147089670840573
1543,2025-2026,2025-08-30,Sunderland,Brentford,H,0.32968711569609099,0.2613848755689836,0.40892800873492524,0.31151069746413546,0.29750556819274598,0.39098373434311873,0.30797409194040209,0.29708517570112841,0.39494073235846971
1544,2025-2026,2025-08-30,Tottenham,Bournemouth,A,0.39799029027815314,0.24164186181559352,0.36036784790625337,0.3673212996250817,0.23274934328471059,0.39992935709020788,0.36264529400895529,0.23254450759806394,0.40481019839298071
1545,2025-2026,2025-08-30,Wolves,Everton,A,0.2584793243112346,0.30061428086406716,0.44090639482469812,0.42615779874156767,0.27133235308306741,0.30250984817536475,0.42194568512852171,0.27172406442978836,0.30633025044168993
1546,2025-2026,2025-08-31,Aston Villa,Crystal Palace,A,0.40785433553298339,0.29083250845904085,0.30131315600797587,0.34944624596421026,0.26404936272290169,0.38650439131288794,0.34905951241273797,0.26402872732256027,0.38691176026470181
1547,2025-2026,2025-08-31,Brighton,Manchester City,H,0.23980747896321561,0.219647633220766,0.54054488781601839,0.36232401911673318,0.2548202169515002,0.38285576393176662,0.36191981599440048,0.25480602699065635,0.38327415701494322
1548,2025-2026,2025-08-31,Liverpool,Arsenal,H,0.33342019283383068,0.23061567374139413,0.43596413342477525,0.42220748055880231,0.24309855989501594,0.33469395954618153,0.42177058387615424,0.24312362257388978,0.33510579354995612
1549,2025-2026,2025-08-31,Nottingham,West Ham,A,0.65557660540625251,0.19004521432868701,0.15437818026506034,0.48024308866392823,0.2429868026430767,0.27677010869299518,0.47980916226063547,0.24305234297836259,0.27713849476100172
1550,2025-2026,2025-09-13,Arsenal,Nottingham,H,0.65416337268927005,0.20753769444593806,0.13829893286479175,0.61235082572099253,0.21996180312958569,0.16768737114942181,0.60513874360995779,0.22242091461224381,0.17244034177779832
1551,2025-2026,2025-09-13,Bournemouth,Brighton,H,0.43671145053894755,0.24025693515792187,0.32303161430313043,0.36737639655279725,0.23998312805920824,0.3926404753879944,0.35974310216341976,0.23967067096646064,0.40058622687011958
1552,2025-2026,2025-09-13,Brentford,Chelsea,D,0.25976660663810991,0.23896962973307581,0.5012637636288142,0.28756088840199889,0.21967467796130455,0.49276443363669659,0.28029651455295956,0.21825118216787792,0.50145230327916246
1553,2025-2026,2025-09-13,Crystal Palace,Sunderland,D,0.39829083500291274,0.28892706964452419,0.31278209535256313,0.56381366741964334,0.26477248036419249,0.17141385221616426,0.55722846322497999,0.26707179200451708,0.17569974477050279
1554,2025-2026,2025-09-13,Everton,Aston Villa,D,0.41517989103209058,0.29944174407101892,0.2853783648968905,0.34145356702768709,0.25950516103769522,0.39904127193461747,0.33452761880529841,0.25896813955407627,0.40650424164062515
1555,2025-2026,2025-09-13,Fulham,Leeds United,H,0.62994389982739951,0.25803293673510408,0.11202316343749648,0.44597873523384812,0.34570068983316476,0.20832057493298717,0.44026374927437595,0.34719209240815035,0.21254415831747353
1556,2025-2026,2025-09-13,Newcastle,Wolves,H,0.65619740355351019,0.18489991222800201,0.15890268421848777,0.49333650772686677,0.24641679156183144,0.26024670071130196,0.4857323662720377,0.24774642654657725,0.26652120718138511
1557,2025-2026,2025-09-13,West Ham,Tottenham,A,0.3485280541413659,0.22567379077267113,0.42579815508596308,0.41789946960506841,0.22825094977746441,0.35384958061746707,0.4096360018066334,0.22851538803840599,0.3618486101549605
1558,2025-2026,2025-09-14,Burnley,Liverpool,A,0.12355713198668826,0.12743137354439849,0.74901149446891335,0.15554997735867579,0.18597015531125369,0.65847986733007058,0.14993314898073626,0.18265891705394055,0.66740793396532316
1559,2025-2026,2025-09-14,Manchester City,Manchester Utd,H,0.61985528875892648,0.21242927022466623,0.16771544101640726,0.48634228323252088,0.23656566353341882,0.27709205323406022,0.47733992934232378,0.23788051694067544,0.28477955371700076
1560,2025-2026,2025-09-20,Brighton,Tottenham,D,0.42793676599131902,0.21561647244317561,0.35644676156550542,0.59135306657647868,0.20257885442428022,0.20606807899924123,0.58600049007220623,0.20397400320093687,0.21002550672685683
1561,2025-2026,2025-09-20,Burnley,Nottingham,D,0.33900398999626691,0.24742252840137091,0.41357348160236224,0.30195183231178341,0.28061637624887825,0.41743179143933828,0.29794707582228647,0.27999330578319853,0.42205961839451489
1562,2025-2026,2025-09-20,Fulham,Brentford,H,0.35893142717558907,0.23561067638533628,0.40545789643907465,0.47454082344896459,0.22649624108633415,0.29896293546470132,0.46909728890225183,0.22712978171835374,0.30377292937939432
1563,2025-2026,2025-09-20,Liverpool,Everton,H,0.58119086161268319,0.22650009059766896,0.19230904778964783,0.63153698873954878,0.2016765371530326,0.16678647410741879,0.6266211491101259,0.20331686287449174,0.17006198801538264
1564,2025-2026,2025-09-20,Manchester Utd,Chelsea,H,0.20421332499830261,0.23272120415867353,0.56306547084302372,0.36485830972743388,0.23428533742708113,0.40085635284548504,0.35976212001241087,0.23403965552082459,0.4061982244667644
1565,2025-2026,2025-09-20,West Ham,Crystal Palace,A,0.21092806745807643,0.22258453760369035,0.56648739493823308,0.2581073093204217,0.22877316563444419,0.51311952504513414,0.25383073922556249,0.22763185109117356,0.51853740968326401
1566,2025-2026,2025-09-20,Wolves,Leeds United,A,0.60520373552320372,0.28402677650426283,0.11076948797253333,0.3831598337997893,0.34967074888760763,0.26716941731260324,0.37948777263764288,0.3500816176472627,0.27043060971509447
1567,2025-2026,2025-09-21,Arsenal,Manchester City,D,0.50805709345622707,0.26297554683107138,0.22896735971270155,0.41969285693566849,0.26665538756287366,0.31365175550145791,0.41399712365647479,0.26707732154524438,0.31892555479828089
1568,2025-2026,2025-09-21,Bournemouth,Newcastle,D,0.35545979544112388,0.27411052422135146,0.37042968033752482,0.4558237803521149,0.24114621473102404,0.30303000491686105,0.4495684363501119,0.2418011168915499,0.30863044675833801
1569,2025-2026,2025-09-21,Sunderland,Aston Villa,D,0.43102790911827205,0.34783885332280334,0.22113323755892447,0.18672656564195925,0.29053780910058941,0.52273562525745132,0.18333557824071989,0.28862173321298357,0.52804268854629666
1570,2025-2026,2025-09-27,Brentford,Manchester Utd,H,0.47243823600698026,0.23526017135481114,0.29230159263820882,0.33022495647188499,0.25038055006470872,0.41939449346340629,0.32289802647978361,0.2496096237416586,0.42749234977855777
1571,2025-2026,2025-09-27,Chelsea,Brighton,A,0.55577735919212901,0.2217314728308811,0.22249116797698967,0.43845103978127808,0.24948089085160485,0.31206806936711706,0.43050263904788866,0.25015167847436826,0.31934568247774314
1572,2025-2026,2025-09-27,Crystal Palace,Liverpool,H,0.29621794612532598,0.2473541499363292,0.4564279039383447,0.35882263760506328,0.26280490707615928,0.37837245531877778,0.35153609922405971,0.26249466351790868,0.38596923725803156
1573,2025-2026,2025-09-27,Leeds United,Bournemouth,D,0.25439139447797277,0.30989047384851526,0.43571813167351209,0.26133844764345937,0.30492594599149492,0.43373560636504577,0.25586221081774174,0.30352163019491663,0.44061615898734169
1574,2025-2026,2025-09-27,Manchester City,Burnley,H,0.70641317856948327,0.19021752292986785,0.10336929850064878,0.74111676741949128,0.16720242301009999,0.091680809570408806,0.73470609840892942,0.1703309483985912,0.094962953192479341
1575,2025-2026,2025-09-27,Nottingham,Sunderland,A,0.28089510748644547,0.32210515923830091,0.39699973327525367,0.4670876953566418,0.29538434011463183,0.23752796452872627,0.46032362098433766,0.29677322407180634,0.24290315494385609
1576,2025-2026,2025-09-27,Tottenham,Wolves,D,0.63076251079201573,0.19429270071475327,0.17494478849323111,0.40611103275598875,0.25200037506219874,0.34188859218181245,0.39829374854081118,0.2522582327682269,0.34944801869096209
1577,2025-2026,2025-09-28,Aston Villa,Fulham,H,0.40030853444007508,0.30160058635098119,0.29809087920894373,0.41911378148893769,0.27721718226600106,0.30366903624506136,0.40951173907985788,0.27798701014076171,0.31250125077938068
1578,2025-2026,2025-09-28,Newcastle,Arsenal,A,0.23489788831255054,0.30687621965869777,0.45822589202875164,0.3094046019364326,0.30248080230694718,0.38811459575662038,0.30132165798671307,0.30144585490805625,0.39723248710523079
1579,2025-2026,2025-09-29,Everton,West Ham,D,0.58310727714455723,0.24905269875300767,0.16784002410243487,0.44997376911137998,0.27008992337783638,0.27993630751078358,0.44396599711932133,0.27087650083481457,0.28515750204586393
1580,2025-2026,2025-10-03,Bournemouth,Fulham,H,0.4706725075158375,0.27872892991857906,0.25059856256558338,0.47908707243384591,0.25580275872338715,0.265110168842767,0.47120430117959788,0.25706146057551249,0.27173423824488951
1581,2025-2026,2025-10-04,Arsenal,West Ham,H,0.8147463971547082,0.13083006381626644,0.054423539029025046,0.65130213110382806,0.21414757838143081,0.13455029051474118,0.64627636955354284,0.2161899729683496,0.13753365747810778
1582,2025-2026,2025-10-04,Chelsea,Liverpool,H,0.31238699591349878,0.24238260257815258,0.44523040150834875,0.39552108461102969,0.25370370224219946,0.3507752131467709,0.38992613060161724,0.25379303425514949,0.35628083514323328
1583,2025-2026,2025-10-04,Leeds United,Tottenham,A,0.33779760144082083,0.26324235437329457,0.39896004418588438,0.46726794957992374,0.26569955457371885,0.2670324958463573,0.46186380069081612,0.2665378062217057,0.27159839308747818
1584,2025-2026,2025-10-04,Manchester Utd,Sunderland,H,0.20157568745536009,0.34520935583025619,0.45321495671438372,0.60415833549650544,0.24854195840667057,0.14729970609682402,0.59930263709921616,0.25044840454569717,0.15024895835508681
1585,2025-2026,2025-10-05,Aston Villa,Burnley,H,0.64201304804155168,0.21512405520848321,0.14286289674996538,0.61336516163210464,0.23354147090042449,0.15309336746747079,0.60786641643669537,0.23558288424160426,0.15655069932170035
1586,2025-2026,2025-10-05,Brentford,Manchester City,A,0.21476817454288014,0.21301568319872335,0.57221614225839645,0.27211764060774185,0.2396984526750644,0.48818390671719381,0.26677087435610697,0.23843683513070421,0.4947922905131889
1587,2025-2026,2025-10-05,Everton,Crystal Palace,H,0.3086599253790599,0.33657240504227059,0.35476766957866945,0.29448133696363088,0.28530811089471325,0.42021055214165581,0.28959524110000412,0.28446101172454069,0.42594374717545502
1588,2025-2026,2025-10-05,Newcastle,Nottingham,H,0.56007375188575192,0.25609458246300931,0.18383166565123882,0.51100741241985126,0.24771130523164686,0.24128128234850188,0.50491441252893121,0.24893806293324164,0.24614752453782726
1589,2025-2026,2025-10-05,Wolves,Brighton,D,0.24604810557031315,0.22208654208022371,0.53186535234946319,0.3068386639875566,0.27389826203846718,0.41926307397397644,0.30167419434261794,0.2731333926449076,0.42519241301247429
1590,2025-2026,2025-10-18,Brighton,Newcastle,H,0.34124315411847056,0.26389820581812584,0.39485864006340338,0.48868098563347301,0.25803231916090519,0.25328669520562191,0.48709110990794763,0.2583217677747931,0.25458712231725944
1591,2025-2026,2025-10-18,Burnley,Leeds United,H,0.33817341607992801,0.25650515193729662,0.40532143198277537,0.20892555009081321,0.27298830955599379,0.518086140353193,0.20785242503574633,0.27251555563565261,0.51963201932860115
1592,2025-2026,2025-10-18,Crystal Palace,Bournemouth,D,0.4230592749032871,0.28583913260619681,0.2911015924905162,0.47627782995038087,0.24694263333926927,0.27677953671034999,0.47461033246691114,0.24718259665093642,0.27820707088215224
1593,2025-2026,2025-10-18,Fulham,Arsenal,A,0.13564545270050027,0.23147738526270434,0.63287716203679523,0.24950283915883706,0.2879696705890592,0.46252749025210366,0.24833131493196384,0.28762218338125173,0.46404650168678441
1594,2025-2026,2025-10-18,Manchester City,Everton,H,0.56582330319237206,0.27045661665417486,0.16372008015345313,0.58811023648696292,0.23944970393808188,0.17244005957495534,0.58660303855503149,0.23995259579381148,0.17344436565115717
1595,2025-2026,2025-10-18,Nottingham,Chelsea,A,0.2489737457783088,0.26644726759199744,0.48457898662969395,0.24546853596234375,0.23861192369252007,0.51591954034513621,0.24412960507060341,0.23820843193576863,0.51766196299362799
1596,2025-2026,2025-10-18,Sunderland,Wolves,H,0.46873892615984508,0.32319820436088792,0.20806286947926675,0.2725345710674803,0.30831397511504127,0.41915145381747843,0.27136130193144692,0.30805509085081639,0.42058360721773658
1597,2025-2026,2025-10-19,Liverpool,Manchester Utd,A,0.6826996268652965,0.17999992121397304,0.13730045192073073,0.50605816849425722,0.23838033359275937,0.25556149791298327,0.51022291377618345,0.23761227712663266,0.25216480909718381
1598,2025-2026,2025-10-19,Tottenham,Aston Villa,A,0.40254171067715872,0.27473483256841585,0.3227234567544251,0.36881699964002312,0.27208307545091093,0.35909992490906606,0.37251798012136855,0.27212154462575833,0.35536047525287301
1599,2025-2026,2025-10-20,West Ham,Brentford,A,0.27360932895704065,0.23018308890990469,0.49620758213305438,0.36582572665096047,0.2517545173270811,0.38241975602195855,0.36448236965301523,0.25170664283432598,0.38381098751265869
1600,2025-2026,2025-10-24,Leeds United,West Ham,H,0.39317281135328036,0.28287354321897074,0.32395364542774885,0.50701154366299084,0.26858801485090833,0.22440044148610075,0.50581392911304812,0.26887132081461018,0.22531475007234153
1601,2025-2026,2025-10-25,Brentford,Liverpool,H,0.31666500771608475,0.22547212263429237,0.45786286964962297,0.31351310480401878,0.24418095455465882,0.44230594064132228,0.31281745120991339,0.24408564269932992,0.44309690609075675
1602,2025-2026,2025-10-25,Chelsea,Sunderland,A,0.41310056946725127,0.34106041396470466,0.24583901656804413,0.67152735441912037,0.22097498318030204,0.10749766240057766,0.6709314034772772,0.22126378388778048,0.10780481263494253
1603,2025-2026,2025-10-25,Manchester Utd,Brighton,H,0.37910598583370819,0.24650099166263764,0.37439302250365392,0.36508432246788164,0.2596402207859666,0.37527545674615193,0.36437797441283337,0.2596191286596487,0.37600289692751809
1604,2025-2026,2025-10-25,Newcastle,Fulham,H,0.53896676041665537,0.26131933858792505,0.19971390099541966,0.47460981769743871,0.26287554529360613,0.26251463700895539,0.47389489145985858,0.26299491949893683,0.26311018904120453
1605,2025-2026,2025-10-26,Arsenal,Crystal Palace,H,0.62314037883955531,0.240935160850829,0.13592446030961572,0.50785529185756684,0.27184570316037826,0.22029900498205499,0.50564447404218138,0.27238104992407042,0.22197447603374815
1606,2025-2026,2025-10-26,Aston Villa,Manchester City,H,0.23013606342633827,0.27924486349687155,0.49061907307679009,0.25299244199471344,0.28176003006178407,0.46524752794350249,0.25120909492325849,0.28124955706630211,0.46754134801043951
1607,2025-2026,2025-10-26,Bournemouth,Nottingham,H,0.59595875620924843,0.23070698249897009,0.17333426129178139,0.5770066776955628,0.21714556762806125,0.20584775467637595,0.57448866103027851,0.2178054904226143,0.20770584854710727
1608,2025-2026,2025-10-26,Everton,Tottenham,A,0.41469787891414672,0.2935940790332302,0.2917080420526233,0.42508359802939,0.26853252880666206,0.30638387316394777,0.42277233390927266,0.26872744461056569,0.30850022148016182
1609,2025-2026,2025-10-26,Wolves,Burnley,A,0.38927538694956293,0.26211458753959532,0.3486100255108418,0.59991854351142715,0.23687205220126822,0.16320940428730463,0.59771002496045966,0.23765072311238397,0.16463925192715631
1610,2025-2026,2025-11-01,Brighton,Leeds United,H,0.62860105147840584,0.19760159061517701,0.17379735790641712,0.50460957555552621,0.25711982431140296,0.238270600133071,0.50258273074841042,0.2575470478963891,0.23987022135520042
1611,2025-2026,2025-11-01,Burnley,Arsenal,A,0.11183098144940222,0.19352207294320956,0.69464694560738827,0.12600272663736739,0.21314211001885358,0.66085516334377892,0.12495379083518324,0.21224937107114109,0.66279683809367562
1612,2025-2026,2025-11-01,Crystal Palace,Brentford,H,0.4630641500840737,0.23665591593537713,0.30027993398054903,0.51507843406387865,0.22676232805510879,0.25815923788101247,0.51280972560131177,0.22716641249674346,0.26002386190194465
1613,2025-2026,2025-11-01,Fulham,Wolves,H,0.54862448052702062,0.23280529363077182,0.21857022584220764,0.44421748307769704,0.25576665047385799,0.30001586644844513,0.44212380417921554,0.25598259823471214,0.3018935975860722
1614,2025-2026,2025-11-01,Liverpool,Aston Villa,H,0.45971787270893433,0.24778235212726687,0.29249977516379877,0.5170792629212787,0.24440443496592182,0.23851630211279937,0.51497408450560334,0.24484825481361305,0.24017766068078389
1615,2025-2026,2025-11-01,Nottingham,Manchester Utd,D,0.26781868241638845,0.25371124271898426,0.47847007486462739,0.29485092754096548,0.23096107580776312,0.47418799665127132,0.29285597348535308,0.23060146097730916,0.47654256553733787
1616,2025-2026,2025-11-01,Tottenham,Chelsea,A,0.36522942498073985,0.24488934728425563,0.38988122773500444,0.2739439116258916,0.246863858197024,0.47919223017708451,0.27213948281483052,0.24645066436764593,0.48140985281752341
1617,2025-2026,2025-11-02,Manchester City,Bournemouth,H,0.59763209480412405,0.22528777891195095,0.17708012628392497,0.56515062614995393,0.22456272106267949,0.21028665278736636,0.57980361703150307,0.2206172038707935,0.19957917909770354
1618,2025-2026,2025-11-02,West Ham,Newcastle,H,0.18747217547202849,0.2296204640969923,0.58290736043097924,0.27230167581250014,0.23964246155533225,0.4880558626321676,0.28501169030720797,0.24239108159229086,0.47259722810050114
1619,2025-2026,2025-11-03,Sunderland,Everton,D,0.50514542176782962,0.32632237501095196,0.16853220322121859,0.32013329135426821,0.29579275229865287,0.38407395634707897,0.3333890474691088,0.29696327756085472,0.36964767497003642
1620,2025-2026,2025-11-08,Chelsea,Wolves,H,0.76407932474177442,0.15240962470834729,0.083511050549878466,0.64981342950419629,0.20087299894247759,0.14931357155332595,0.66481327797204548,0.19522754057124364,0.13995918145671105
1621,2025-2026,2025-11-08,Everton,Fulham,H,0.39842144417192188,0.29179601536815686,0.30978254045992137,0.35639886328365622,0.27191039557359303,0.37169074114275075,0.37089346852482613,0.27228384475056305,0.35682268672461076
1622,2025-2026,2025-11-08,Sunderland,Arsenal,D,0.20018477179703931,0.36855521023013754,0.4312600179728231,0.13622483830422577,0.27695747715928098,0.58681768453649341,0.14353960620774725,0.2833613875379985,0.57309900625425436
1623,2025-2026,2025-11-08,Tottenham,Manchester Utd,D,0.46020098867857645,0.23488901447240201,0.30490999684902181,0.2797357995288568,0.23683999771013631,0.483424202761007,0.29421286112058498,0.23969824759457292,0.4660888912848421
1624,2025-2026,2025-11-08,West Ham,Burnley,H,0.42383659150119507,0.22965246907450276,0.34651093942430222,0.5739550894598715,0.21669727980635045,0.20934763073377824,0.59049778948711862,0.21226125522906417,0.19724095528381722
1625,2025-2026,2025-11-09,Aston Villa,Bournemouth,H,0.43735864959812665,0.27603327842396741,0.28660807197790616,0.39834895102929396,0.25908180350267218,0.34256924546803375,0.41945849937282331,0.25814362804658175,0.32239787258059488
1626,2025-2026,2025-11-09,Brentford,Newcastle,H,0.4352488200311172,0.24950451381332367,0.31524666615555907,0.46636128968742141,0.23601952250016361,0.29761918781241498,0.48938946864813221,0.23302221426032832,0.27758831709153969
1627,2025-2026,2025-11-09,Crystal Palace,Brighton,D,0.52713264118622583,0.22250988909942776,0.2503574697143463,0.4241098697589854,0.251670731822011,0.32421939841900377,0.44592599308543401,0.24990916708812924,0.30416483982643683
1628,2025-2026,2025-11-09,Manchester City,Liverpool,H,0.57223119519623789,0.21614109193210504,0.21162771287165702,0.50669291801500205,0.23592300071304645,0.25738408127195128,0.52914358726236654,0.23157838935261102,0.23927802338502238
1629,2025-2026,2025-11-09,Nottingham,Leeds United,H,0.51242750281829752,0.26680748225238587,0.22076501492931666,0.38847574894861653,0.26759893520415851,0.34392531584722491,0.40888684348042614,0.26689142126895415,0.32422173525061959
1630,2025-2026,2025-11-22,Bournemouth,West Ham,D,0.62067220402929113,0.1987267357251036,0.18060106024560546,0.58132913276315834,0.2056230047379983,0.21304786249884336,0.61279674562330033,0.19734380283780056,0.18985945153889908
1631,2025-2026,2025-11-22,Brighton,Brentford,H,0.47120799416416786,0.22306331101723254,0.3057286948185996,0.48156394852704054,0.24485636757873225,0.27357968389422715,0.51155130028688423,0.23981560592855605,0.24863309378455986
1632,2025-2026,2025-11-22,Burnley,Chelsea,A,0.20306718364358986,0.21922211537115541,0.57771070098525468,0.12827575361249091,0.1760565101990933,0.69566773618841582,0.14603765697886706,0.18824689771480918,0.66571544530632365
1633,2025-2026,2025-11-22,Fulham,Sunderland,H,0.28719537473881496,0.29693357435690571,0.41587105090427945,0.54238633508658218,0.2578594885581737,0.19975417635524415,0.56915824951707694,0.24989264343423143,0.18094910704869166
1634,2025-2026,2025-11-22,Liverpool,Nottingham,A,0.71614340574076218,0.16493137767382465,0.11892521658541311,0.61235735327343854,0.20393468136272849,0.18370796536383285,0.64209641334330103,0.1946220189883153,0.16328156766838373
1635,2025-2026,2025-11-22,Newcastle,Manchester City,H,0.20480520373966327,0.25761261762402532,0.53758217863631119,0.23677262323191214,0.24500448464439287,0.51822289212369499,0.26028261728980151,0.25213058894797663,0.48758679376222192
1636,2025-2026,2025-11-22,Wolves,Crystal Palace,A,0.17429618036943165,0.24556320210123694,0.58014061752933144,0.26344447794945869,0.26338531312206276,0.4731702089284785,0.28726582461863648,0.26889284519451417,0.4438413301868494
1637,2025-2026,2025-11-23,Arsenal,Tottenham,H,0.69386510272566204,0.19725353447248128,0.10888136280185678,0.66942842119650525,0.21508438746273181,0.11548719134076285,0.68491944318038045,0.20785195423270816,0.10722860258691123
1638,2025-2026,2025-11-23,Leeds United,Aston Villa,A,0.14981710739058246,0.23471116962168262,0.61547172298773489,0.32479435885081265,0.28772813293015481,0.38747750821903248,0.34063430308653442,0.28905116371255979,0.37031453320090568
1639,2025-2026,2025-11-24,Manchester Utd,Everton,A,0.47802690579037471,0.26338420313151251,0.25858889107811278,0.58150767321383601,0.22283438526487009,0.1956579415212939,0.59858511216493904,0.21783717547785209,0.18357771235720893
1640,2025-2026,2025-11-29,Brentford,Burnley,H,0.69997755239560899,0.16110539487781736,0.13891705272657381,0.70180616477312885,0.16800161758941551,0.13019221763745567,0.71414698071591032,0.1631640985854943,0.12268892069859565
1641,2025-2026,2025-11-29,Everton,Newcastle,A,0.3920587269261348,0.29753992068872548,0.31040135238513955,0.35627405688461605,0.25762416921570003,0.38610177389968375,0.36862889140892541,0.25816188631261472,0.37320922227846015
1642,2025-2026,2025-11-29,Manchester City,Leeds United,H,0.86336044551196567,0.097468080609572419,0.039171473878461913,0.63983088188666737,0.21250883838113499,0.14766027973219781,0.65165301869607439,0.20797370064738172,0.14037328065654386
1643,2025-2026,2025-11-29,Sunderland,Bournemouth,H,0.51698120086915123,0.25704108236827738,0.22597771676257125,0.24857285793952083,0.23966152648801309,0.51176561557246603,0.25935860843173675,0.24276316433306333,0.49787822723519992
1644,2025-2026,2025-11-29,Tottenham,Fulham,A,0.49473987456501778,0.23273525651008964,0.27252486892489269,0.37787235028302368,0.24988132456756298,0.3722463251494133,0.39080252163886808,0.24999775264738558,0.35919972571374648
1645,2025-2026,2025-11-30,Aston Villa,Wolves,H,0.74923115571296006,0.167773899215129,0.082994945071911103,0.52600426646398901,0.24940378906015609,0.22459194447585487,0.5370172917638425,0.24674477377355097,0.21623793446260664
1646,2025-2026,2025-11-30,Chelsea,Arsenal,D,0.28535398947040824,0.29842286402035323,0.41622314650923853,0.34385623646670754,0.28740566510714333,0.36873809842614941,0.3535967633731481,0.28788717316748297,0.35851606345936887
1647,2025-2026,2025-11-30,Crystal Palace,Manchester Utd,A,0.53507541523595803,0.24603638848533763,0.21888819627870451,0.44265611080594758,0.24972091972914193,0.30762296946491041,0.45424159737345615,0.24856626833279399,0.29719213429374997
1648,2025-2026,2025-11-30,Nottingham,Brighton,A,0.35844092041508901,0.24291391320488806,0.39864516638002295,0.30445820696554293,0.2337922402321426,0.46174955280231433,0.3154516267623485,0.23546318843518016,0.44908518480247139
1649,2025-2026,2025-11-30,West Ham,Liverpool,A,0.28029164036784882,0.20917901964802019,0.51052933998413086,0.26903901553076692,0.2180526285546622,0.51290835591457073,0.27985081284420638,0.22049651253401459,0.49965267462177898
1650,2025-2026,2025-12-02,Bournemouth,Everton,A,0.45165266975248908,0.25641199125809516,0.29193533898941582,0.58474226730735845,0.21248250830869383,0.20277522438394766,0.59545735749550954,0.20953803199339671,0.19500461051109361
1651,2025-2026,2025-12-02,Fulham,Manchester City,A,0.22462088129287963,0.24688560226386935,0.52849351644325093,0.26325365197700323,0.24730571661060605,0.48944063141239053,0.27190670217512369,0.24943758083677239,0.478655716988104
1652,2025-2026,2025-12-02,Newcastle,Tottenham,D,0.56364567392718445,0.21143414986605891,0.22492017620675664,0.53192280945860759,0.23197145847046013,0.23610573207093238,0.5425514589068251,0.22961576923976587,0.22783277185340903
1653,2025-2026,2025-12-03,Arsenal,Brentford,H,0.67316656445703726,0.19552497450460465,0.13130846103835822,0.59832294531120389,0.2307172726286775,0.17095978206011858,0.60133324697134449,0.22969532072919371,0.16897143229946154
1654,2025-2026,2025-12-03,Brighton,Aston Villa,A,0.38949447503248352,0.27011808162589784,0.34038744334161869,0.53038162051338511,0.23426837848519333,0.23535000100142148,0.53368678972540629,0.23354343910571437,0.2327697711688792
1655,2025-2026,2025-12-03,Burnley,Crystal Palace,A,0.2092959535863311,0.22539828863976466,0.56530575777390435,0.21107545177715184,0.22579899843199086,0.56312554979085749,0.21353005818570797,0.22678946039939085,0.55968048141490123
1656,2025-2026,2025-12-03,Leeds United,Chelsea,H,0.1314257255911368,0.19140267184310833,0.67717160256575482,0.21942225777345464,0.22610400294331134,0.55447373928323407,0.22195193236455998,0.22705233524085347,0.55099573239458666
1657,2025-2026,2025-12-03,Liverpool,Sunderland,D,0.43323169545724372,0.24789518861461182,0.31887311592814432,0.64729661181111708,0.19934498935798362,0.1533583988308993,0.65039986329882304,0.19822371126657173,0.15137642543460511
1658,2025-2026,2025-12-03,Wolves,Nottingham,A,0.25685656244117361,0.25986475457341612,0.48327868298541021,0.38971270395053104,0.24130589781874875,0.36898139823072035,0.39304541612469474,0.24130352274756692,0.36565106112773821
1659,2025-2026,2025-12-04,Manchester Utd,West Ham,D,0.62401980340794649,0.19175813526574326,0.18422206132631028,0.69845062585688977,0.16726506552382689,0.13428430861928334,0.70157412880829662,0.16607971643959654,0.13234615475210657
1660,2025-2026,2025-12-06,Aston Villa,Arsenal,H,0.22720637016654299,0.28968442015604251,0.48310920967741439,0.22058316248954432,0.25785257474702905,0.52156426276342671,0.22257052668414923,0.25863126245330231,0.51879821086254851
1661,2025-2026,2025-12-06,Bournemouth,Chelsea,D,0.28961341446245553,0.23937949228288219,0.47100709325466211,0.30586451274155263,0.22720694535160432,0.46692854190684324,0.30861248605128,0.22763163726427346,0.4637558766844464
1662,2025-2026,2025-12-06,Everton,Nottingham,H,0.43730214671760237,0.29767172843783501,0.26502612484456245,0.3745854019066942,0.25973720528980915,0.36567739280349648,0.37725646671820312,0.25976924193044615,0.36297429135135068
1663,2025-2026,2025-12-06,Leeds United,Liverpool,D,0.2500146843819942,0.20973949571426773,0.5402458199037381,0.36282661914713249,0.24838871479302041,0.38878466605984691,0.36557785104782253,0.24850152429032535,0.38592062466185217
1664,2025-2026,2025-12-06,Manchester City,Sunderland,H,0.54486169071023693,0.23505618229397371,0.22008212699578955,0.68631422091568961,0.18465029690084703,0.12903548218346333,0.68888243415785566,0.1836081068289214,0.12750945901322283
1665,2025-2026,2025-12-06,Newcastle,Burnley,H,0.70781427840349553,0.16745144801156142,0.12473427358494289,0.63882365713787714,0.19324287625208439,0.16793346661003858,0.64166843895951131,0.19231267316232653,0.16601888787816219
1666,2025-2026,2025-12-06,Tottenham,Brentford,H,0.39744675717670969,0.22523982072541737,0.37731342209787294,0.31326483564556823,0.24955124444915938,0.43718391990527233,0.31583343919412582,0.24990199597279847,0.43426456483307579
1667,2025-2026,2025-12-07,Brighton,West Ham,D,0.6702058998191317,0.1752358557731088,0.15455824440775945,0.66160521971438435,0.18670228051691085,0.151692499768705,0.67237403132483764,0.18284643534634895,0.14477953332881335
1668,2025-2026,2025-12-07,Fulham,Crystal Palace,A,0.34412808260115696,0.27314828731563212,0.38272363008321114,0.38818112630341994,0.26896249532666061,0.34285637836991972,0.39847183484017534,0.26870051299052988,0.33282765216929455
1669,2025-2026,2025-12-08,Wolves,Manchester Utd,A,0.18887082877564584,0.24130087718971213,0.56982829403464175,0.24478770808899331,0.25100704764737747,0.50420524426362945,0.25320833601746651,0.25351937198620816,0.49327229199632533
1670,2025-2026,2025-12-13,Arsenal,Wolves,H,0.87284753246013069,0.098695656088247971,0.028456811451621222,0.75660790489339524,0.16672650783698706,0.076665587269617474,0.76395734848759123,0.16272517598761083,0.073317475524798059
1671,2025-2026,2025-12-13,Burnley,Fulham,A,0.28962074705830121,0.23514267946598838,0.47523657347571052,0.2674462059303897,0.24703718170375269,0.48551661236585758,0.27587470903749484,0.24900981908415218,0.47511547187835318
1672,2025-2026,2025-12-13,Chelsea,Everton,H,0.47846992348254075,0.29801483555570996,0.22351524096174938,0.63258568454306929,0.21817232719184176,0.14924198826508897,0.64160209748111363,0.21472003211320312,0.14367787040568333
1673,2025-2026,2025-12-13,Liverpool,Brighton,H,0.49256117414557404,0.21165286754640686,0.29578595830801918,0.43891710000453493,0.23478892804964763,0.32629397194581766,0.44959687407430921,0.2339491659687403,0.31645395995695041
1674,2025-2026,2025-12-14,Brentford,Leeds United,D,0.59369513062698542,0.19740424725138742,0.20890062212162727,0.46878236266236989,0.24752502391099473,0.28369261342663554,0.47917525365790287,0.24606558705327991,0.27475915928881728
1675,2025-2026,2025-12-14,Crystal Palace,Manchester City,A,0.31026075656029806,0.26791576237427145,0.42182348106543033,0.32219929198739378,0.26444285663089129,0.4133578513817151,0.33130966581527987,0.26541143972579528,0.40327889445892484
1676,2025-2026,2025-12-14,Nottingham,Tottenham,H,0.32440298154362501,0.25404689785643686,0.42155012059993807,0.43827845324265552,0.25108135527695108,0.31064019148039346,0.44860410169539361,0.25010437145828152,0.30129152684632493
1677,2025-2026,2025-12-14,Sunderland,Newcastle,H,0.39207997461043387,0.27619369009280775,0.33172633529675821,0.28864390889408797,0.25412583233782393,0.45723025876808798,0.29753135127522717,0.25575950411386478,0.44670914461090783
1678,2025-2026,2025-12-14,West Ham,Aston Villa,A,0.216826615549809,0.24344764061586535,0.53972574383432581,0.30688345227306757,0.23832842275563579,0.45478812497129667,0.31659023231835431,0.23973909446555713,0.44367067321608861
1679,2025-2026,2025-12-15,Manchester Utd,Bournemouth,D,0.51349075564838198,0.22832438247471321,0.25818486187690476,0.54684386711414912,0.21038473378602654,0.24277139909982423,0.55801558989387712,0.20806150491740016,0.2339229051887228
1680,2025-2026,2025-12-20,Bournemouth,Burnley,D,0.64011771618390079,0.18627188827696553,0.17361039553913374,0.62865492404232004,0.18486486595185836,0.18648021000582157,0.63917950968724369,0.18181001703704031,0.17901047327571606
1681,2025-2026,2025-12-20,Brighton,Sunderland,D,0.39836838461201335,0.27622575653256487,0.32540585885542189,0.58183874603199814,0.23370130340755887,0.18445995056044298,0.59100159872332692,0.23081347361623128,0.17818492766044158
1682,2025-2026,2025-12-20,Everton,Arsenal,A,0.19622778382887685,0.30098422817422038,0.50278798799690261,0.16386487137711489,0.25190330979182529,0.58423181883105968,0.16938801272714624,0.25543212219423472,0.57517986507861918
1683,2025-2026,2025-12-20,Leeds United,Crystal Palace,H,0.29968527990100385,0.26051845957697439,0.4397962605220217,0.36001303988241667,0.2665513201730616,0.37343563994452184,0.36895337842604559,0.2668040953221118,0.36424252625184267
1684,2025-2026,2025-12-20,Manchester City,West Ham,H,0.82128143510857143,0.11427289061240882,0.064445674279019941,0.71357853600469068,0.1713725756806542,0.11504888831465522,0.72216647628377351,0.1676681289248351,0.11016539479139124
1685,2025-2026,2025-12-20,Newcastle,Chelsea,D,0.33979092050812731,0.27906697909398942,0.38114210039788338,0.32551907401501978,0.25061032741000622,0.42387059857497406,0.33457240972591468,0.2515533029632861,0.41387428731079939
1686,2025-2026,2025-12-20,Tottenham,Liverpool,A,0.34020209349487956,0.22843623936197352,0.431361667143147,0.28913654998947802,0.24896648559082887,0.46189696441969308,0.29768330707880863,0.25052517400907992,0.45179151891211161
1687,2025-2026,2025-12-20,Wolves,Brentford,A,0.19371384454153495,0.23657489628122191,0.56971125917724308,0.31687554832371495,0.26711481906293039,0.41600963261335461,0.32534248770349733,0.26809667953908795,0.40656083275741484
1688,2025-2026,2025-12-21,Aston Villa,Manchester Utd,H,0.57128467078332346,0.21523997135639655,0.21347535786027996,0.3657753257444965,0.23674773835238591,0.39747693590311756,0.37663407655875142,0.23713670353659103,0.38622921990465742
1689,2025-2026,2025-12-22,Fulham,Nottingham,H,0.48883575512069749,0.24497395664634675,0.26619028823295587,0.45239657515886306,0.2480065366474038,0.29959688819373337,0.46549085060360601,0.2464782876272307,0.28803086176916359
1690,2025-2026,2025-12-26,Manchester Utd,Newcastle,H,0.41812714201421247,0.229732540775968,0.35214031720981959,0.50215839613444158,0.22652541227956238,0.2713161915859959,0.51788024941999233,0.22389243113150367,0.25822731944850424
1691,2025-2026,2025-12-27,Arsenal,Brighton,H,0.66985943246954927,0.20608217340029267,0.12405839413015805,0.61065277479801294,0.22552020853156785,0.16382701667041905,0.62474058565147761,0.22048314558361667,0.1547762687649058
1692,2025-2026,2025-12-27,Brentford,Bournemouth,H,0.50418228914475693,0.22886491108223694,0.26695279977300612,0.42067527221866097,0.23590244066734845,0.34342228711399053,0.43698325942826577,0.23499744835991387,0.32801929221182019
1693,2025-2026,2025-12-27,Burnley,Everton,D,0.28207450613767571,0.28211906513967372,0.43580642872265068,0.38018739959941755,0.27860939826530989,0.3412032021352725,0.39398934294340704,0.27826359541137119,0.32774706164522172
1694,2025-2026,2025-12-27,Chelsea,Aston Villa,A,0.43657049211544091,0.27032517973776321,0.29310432814679577,0.56112691996199782,0.2206221707879584,0.21825090925004395,0.57698035817061932,0.21660830554676938,0.20641133628261132
1695,2025-2026,2025-12-27,Liverpool,Wolves,H,0.811467483570252,0.12556352590583097,0.062968990523917134,0.62285675006679497,0.21262039128450752,0.16452285864869756,0.63739331476322469,0.20753076202912726,0.1550759232076481
1696,2025-2026,2025-12-27,Nottingham,Manchester City,A,0.15349490359540524,0.20787649821096971,0.63862859819362516,0.24470319475473612,0.23426512789362294,0.52103167735164102,0.25745542505488545,0.23791966730104067,0.50462490764407397
1697,2025-2026,2025-12-27,West Ham,Fulham,A,0.33655803242319599,0.23785224725041385,0.42558972032639009,0.34270686880992601,0.253113696401425,0.40417943478864893,0.35723087682796301,0.25405306204845884,0.3887160611235782
1698,2025-2026,2025-12-28,Crystal Palace,Tottenham,A,0.4790507755660891,0.25048106884855276,0.27046815558535808,0.50856094509771932,0.24984327332056197,0.24159578158171885,0.5330600876530206,0.24436725052837471,0.22257266181860483
1699,2025-2026,2025-12-28,Sunderland,Leeds United,D,0.51099629947461123,0.25536725536677302,0.2336364451586157,0.31302297881734525,0.2693960976174945,0.41758092356516047,0.33476419316879341,0.27171777260399205,0.39351803422721437
1700,2025-2026,2025-12-30,Arsenal,Aston Villa,H,0.54165535727570546,0.25898967896890451,0.1993549637553898,0.58450605257118382,0.23279850452774825,0.18269544290106784,0.60877573334274138,0.22479038596366657,0.16643388069359222
1701,2025-2026,2025-12-30,Burnley,Newcastle,A,0.23636427593824433,0.23772845421505201,0.52590726984670355,0.23230069745243864,0.23929153705972439,0.52840776548783697,0.25278217883907195,0.24565978479401926,0.50155803636690877
1702,2025-2026,2025-12-30,Chelsea,Bournemouth,D,0.62961347780328025,0.20031968336289199,0.17006683883382781,0.5104101491230546,0.21753397068553815,0.27205588019140731,0.53920811263520818,0.21244075355210579,0.24835113381268611
1703,2025-2026,2025-12-30,Manchester Utd,Wolves,D,0.74720684380524116,0.15676830597060221,0.096024850224156674,0.64288187225430249,0.20022384126804735,0.1568942864776503,0.66752762478394545,0.19118812404740773,0.1412842511686471
1704,2025-2026,2025-12-30,Nottingham,Everton,A,0.34682703210675331,0.32320288736973224,0.32997008052351456,0.41445762405557796,0.27683299355623348,0.3087093823881884,0.43822411474666312,0.27448743239007117,0.28728845286326565
1705,2025-2026,2025-12-30,West Ham,Brighton,D,0.27823977072811917,0.23895681138023306,0.48280341789164771,0.27527550216045144,0.23588709534774197,0.48883740249180674,0.29855263009121941,0.24043878030469654,0.46100858960408386
1706,2025-2026,2026-01-01,Brentford,Tottenham,D,0.50950842766501236,0.23194782426003768,0.2585437480749499,0.4566953565102001,0.2538932011935105,0.28941144229628946,0.4807011594852279,0.25046153057896964,0.26883730993580257
1707,2025-2026,2026-01-01,Crystal Palace,Fulham,D,0.41179667879254839,0.27168267023248371,0.31652065097496784,0.42938599068818284,0.26601690323419236,0.30459710607762458,0.45247302944591317,0.26342879540960723,0.2840981751444796
1708,2025-2026,2026-01-01,Liverpool,Leeds United,D,0.58908242021899593,0.19303645355917712,0.2178811262218269,0.43680795106166009,0.24659091430713737,0.31660113463120249,0.46155070138711229,0.24407751097687422,0.29437178763601346
1709,2025-2026,2026-01-01,Sunderland,Manchester City,D,0.22311340080264999,0.28102696450705295,0.49585963469029698,0.17508178444185832,0.23036936693170593,0.59454884862643553,0.19077573005381965,0.23855192778860074,0.57067234215757978
1710,2025-2026,2026-01-03,Aston Villa,Nottingham,H,0.62639415355349848,0.22557562061139144,0.14803022583511008,0.47063978258655359,0.25591725169987983,0.27344296571356635,0.49721245958422072,0.25140499329309857,0.2513825471226806
1711,2025-2026,2026-01-03,Bournemouth,Arsenal,A,0.1365052038339232,0.20960566086913029,0.65388913529694637,0.22901405064206251,0.25976883447616034,0.51121711488177712,0.24905016335066943,0.26615081274052971,0.4847990239088007
1712,2025-2026,2026-01-03,Brighton,Burnley,H,0.65909086816396034,0.19874760578485121,0.14216152605118854,0.61045036440217171,0.22153536362399492,0.16801427197383345,0.63577031193689082,0.21260661548456616,0.15162307257854316
1713,2025-2026,2026-01-03,Wolves,West Ham,H,0.28846574937354685,0.29161179951036842,0.41992245111608473,0.39361700678837186,0.2890672756699656,0.3173157175416626,0.41754955510729541,0.28723057528547397,0.29521986960723051
1714,2025-2026,2026-01-04,Everton,Brentford,A,0.37099535748680346,0.32685782879945124,0.30214681371374535,0.35085097013333244,0.29305900752014841,0.3560900223465191,0.37761638761419575,0.29310292779167052,0.32928068459413379
1715,2025-2026,2026-01-04,Fulham,Liverpool,D,0.35950073752866185,0.25971838955747023,0.38078087291386792,0.34387859943384158,0.2781141183157182,0.37800728225044034,0.37167015683225652,0.27889620043789842,0.34943364272984512
1716,2025-2026,2026-01-04,Leeds United,Manchester Utd,D,0.42392619019059308,0.24035404042311501,0.33571976938629178,0.33615566033656885,0.25797849564339354,0.4058658440200375,0.36546164696458461,0.25963227642922315,0.37490607660619235
1717,2025-2026,2026-01-04,Manchester City,Chelsea,D,0.60250832946798161,0.23120231793617571,0.16628935259584257,0.48744031423626111,0.2575828880182825,0.2549767977454564,0.5178500578070192,0.25141480783309605,0.23073513435988469
1718,2025-2026,2026-01-04,Newcastle,Crystal Palace,H,0.49017722891316073,0.27668915115921716,0.2331336199276221,0.46324637344433639,0.26592040957969248,0.27083321697597112,0.49318519761463325,0.26071345412437363,0.24610134826099309
1719,2025-2026,2026-01-04,Tottenham,Sunderland,D,0.32625010250043712,0.34835788253103345,0.32539201496852949,0.41038664568820643,0.3010090268118365,0.28860432749995729,0.43733426726806907,0.29760718848723522,0.26505854424469549
1720,2025-2026,2026-01-06,West Ham,Nottingham,A,0.35275259850127044,0.29186127283719904,0.35538612866153063,0.27227553099330315,0.27233001421064507,0.45539445479605184,0.29397728300360415,0.27656511879633899,0.42945759820005697
1721,2025-2026,2026-01-07,Bournemouth,Tottenham,H,0.40798993199461342,0.25332172207782921,0.33868834592755731,0.50738153932750396,0.25037540704767131,0.24224305362482457,0.53319573499465878,0.24466100379165118,0.22214326121368982
1722,2025-2026,2026-01-07,Brentford,Sunderland,H,0.39302118765815536,0.33353296784372688,0.27344584449811787,0.47556119501367761,0.27107595791355871,0.25336284707276363,0.50015468094749782,0.26616209269521746,0.23368322635728478
1723,2025-2026,2026-01-07,Burnley,Manchester Utd,D,0.22406730996898663,0.25167465873748118,0.52425803129353232,0.18592845664704005,0.23395350106700433,0.58011804228595554,0.20392933921824022,0.24229130776087687,0.55377935302088288
1724,2025-2026,2026-01-07,Crystal Palace,Aston Villa,D,0.2716685713255903,0.29078680340857049,0.4375446252658392,0.35217755855720811,0.27263881953168884,0.37518362191110299,0.37608444554753828,0.27311225261861805,0.35080330183384345
1725,2025-2026,2026-01-07,Everton,Wolves,D,0.5690279154378699,0.28160670104271318,0.14936538351941708,0.40537962650819148,0.30474228051778174,0.28987809297402689,0.42778288291021999,0.30210173207449431,0.27011538501528598
1726,2025-2026,2026-01-07,Fulham,Chelsea,H,0.30643036732486384,0.2820239321448485,0.41154570053028761,0.30358659950039046,0.28973989026148822,0.40667351023812126,0.32498089458605012,0.29212002564498513,0.38289907976896465
1727,2025-2026,2026-01-07,Manchester City,Brighton,D,0.6807965329938086,0.19545474813788868,0.12374871886830278,0.55537859878042928,0.24186803128281717,0.20275336993675372,0.58056455799627527,0.23455027499856759,0.18488516700515711
1728,2025-2026,2026-01-07,Newcastle,Leeds United,H,0.53843283157921618,0.24507625640533312,0.21649091201545081,0.44592856243351298,0.27424439895568703,0.27982703861080005,0.47054508428552111,0.27050851546945576,0.25894640024502313
1729,2025-2026,2026-01-08,Arsenal,Liverpool,D,0.63326321577375555,0.2298471869650083,0.13688959726123623,0.54507251411008162,0.27922650113690489,0.17570098475301341,0.5746259729528469,0.26873846217636987,0.15663556487078334
1730,2025-2026,2026-01-17,Chelsea,Brentford,H,0.43576478023956261,0.28408645621083639,0.28014876354960111,0.51167519992043542,0.25655620890649916,0.23176859117306534,0.54372465715953677,0.24878497888037296,0.20749036396009038
1731,2025-2026,2026-01-17,Leeds United,Fulham,H,0.41309384187543358,0.25352640529898901,0.33337975282557736,0.41773223524604425,0.29361330089158549,0.28865446386237026,0.44745706390879508,0.2897164812731623,0.2628264548180424
1732,2025-2026,2026-01-17,Liverpool,Burnley,D,0.70625564253378281,0.19457853498053276,0.099165822485684577,0.62358470032358271,0.23738808815159962,0.13902721152481778,0.65208572210821969,0.22535412818921441,0.12256014970256578
1733,2025-2026,2026-01-17,Manchester Utd,Manchester City,H,0.20163435795958476,0.24561231324215527,0.55275332879826,0.35024954958533028,0.2771458266500279,0.37260462376464182,0.38038007748767749,0.27757685665102411,0.34204306586129835
1734,2025-2026,2026-01-17,Nottingham,Arsenal,D,0.12146962900879468,0.25509993976686374,0.62343043122434161,0.17198346764071704,0.2873213618791105,0.54069517048017235,0.19088156393414635,0.29781396181359399,0.51130447425225978
1735,2025-2026,2026-01-17,Sunderland,Crystal Palace,H,0.36600423318796521,0.39369055953930665,0.24030520727272825,0.30644778253398774,0.31166864519526227,0.38188357227074998,0.33247353630895699,0.31380220185163032,0.35372426183941269
1736,2025-2026,2026-01-17,Tottenham,West Ham,A,0.5947131410240224,0.24008054308883689,0.16520631588714088,0.50120360549896426,0.28464067435838991,0.21415572014264586,0.53067732922170774,0.27654084230822662,0.19278182847006578
1737,2025-2026,2026-01-18,Aston Villa,Everton,A,0.54306473619707796,0.28503576384561846,0.17189949995730364,0.49427618023868597,0.27826547910881338,0.2274583406525007,0.52176029214937092,0.27151806834433995,0.206721639506289
1738,2025-2026,2026-01-18,Wolves,Newcastle,D,0.17688606576215149,0.25331300604464319,0.56980092819320549,0.26368915300685891,0.28573702038893456,0.45057382660420658,0.2870354786691357,0.2906899992203576,0.42227452211050676
1739,2025-2026,2026-01-19,Brighton,Bournemouth,D,0.55152200789068551,0.22464597927776334,0.22383201283155102,0.40373912876623108,0.25811113432024224,0.33814973691352668,0.43147873187265334,0.25650186494050697,0.31201940318683968
1740,2025-2026,2026-01-24,Bournemouth,Liverpool,H,0.33691167362547364,0.25678683858130286,0.40630148779322334,0.36239327205841693,0.27412212601088243,0.36348460193070053,0.38703360612056159,0.27416555279441601,0.33880084108502234
1741,2025-2026,2026-01-24,Burnley,Tottenham,D,0.3030390588415936,0.28957610414424029,0.40738483701416628,0.234826420410857,0.29540506955187384,0.46976851003726933,0.25354001217032368,0.30104160806087371,0.44541837976880272
1742,2025-2026,2026-01-24,Fulham,Brighton,H,0.39506895162124617,0.28608120515059832,0.31884984322815563,0.34990275541935306,0.30024985444956559,0.34984739013108168,0.37258980395742547,0.30031094622302662,0.3270992498195478
1743,2025-2026,2026-01-24,Manchester City,Wolves,H,0.80130182999258037,0.15081687603898716,0.047881293968432548,0.59387467113511516,0.25834099725147802,0.14778433161340665,0.61647790865722396,0.24920046731674789,0.13432162402602812
1744,2025-2026,2026-01-24,West Ham,Sunderland,H,0.25620911497754889,0.33446372526654911,0.40932715975590195,0.31274369778947758,0.30184491068056751,0.38541139152995502,0.33438432367571941,0.30364942691970492,0.36196624940457567
1745,2025-2026,2026-01-25,Arsenal,Manchester Utd,A,0.65558094803649014,0.23070046727169888,0.11371858469181097,0.50122341140284821,0.29756341878090253,0.20121316981624909,0.5303748314725989,0.2888648400751242,0.18076032845227721
1746,2025-2026,2026-01-25,Brentford,Nottingham,A,0.58253906929645127,0.25277376782459482,0.16468716287895385,0.42810418025070418,0.28430233121283721,0.28759348853645866,0.45969347681120737,0.28001831066701882,0.26028821252177392
1747,2025-2026,2026-01-25,Crystal Palace,Chelsea,A,0.25610276470875526,0.33153619481447866,0.41236104047676608,0.29157550734458065,0.29383595030566301,0.41458854234975623,0.31915454197525606,0.29749169754226307,0.38335376048248077
1748,2025-2026,2026-01-25,Newcastle,Aston Villa,A,0.401785666747282,0.28450569014130606,0.31370864311141189,0.4617087663840177,0.26477705339152269,0.27351418022445945,0.49499874260863974,0.25920011538291565,0.24580114200844472
1749,2025-2026,2026-01-26,Everton,Leeds United,D,0.41920530585452348,0.31037265109059925,0.27042204305487721,0.28237086559567698,0.30899707233890827,0.4086320620654148,0.30129437703649919,0.31190701759619727,0.38679860536730371
1750,2025-2026,2026-01-31,Brighton,Everton,D,0.41462784427257615,0.33103544524712653,0.25433671048029699,0.49707134742273978,0.28595384313646321,0.21697480944079689,0.5198171345552427,0.27996303187211591,0.20021983357264128
1751,2025-2026,2026-01-31,Chelsea,West Ham,H,0.69627131452960045,0.19912594107705703,0.10460274439334251,0.61771576807318263,0.23108349550730053,0.1512007364195167,0.64066807283511862,0.22220389579509658,0.1371280313697848
1752,2025-2026,2026-01-31,Leeds United,Arsenal,A,0.19311007087996521,0.26960614320066134,0.53728378591937354,0.19928758331522661,0.31632559952481054,0.48438681715996301,0.21444776576042107,0.32293091443781974,0.4626213198017593
1753,2025-2026,2026-01-31,Liverpool,Newcastle,H,0.43663152133950706,0.27933906985456608,0.28402940880592703,0.42539045662650832,0.28327624103063614,0.29133330234285537,0.44901125337472153,0.28032697344564622,0.27066177317963253
1754,2025-2026,2026-01-31,Wolves,Bournemouth,A,0.23643822271507287,0.27240507731803792,0.49115669996688899,0.29814473552891518,0.29329544660734769,0.40855981786373718,0.31888574811612375,0.29582979218550615,0.38528445969837027
1755,2025-2026,2026-02-01,Aston Villa,Brentford,A,0.50943973416654453,0.27209369667876759,0.21846656915468771,0.44768887225221177,0.27143092434977112,0.28088020339801739,0.46901432228097895,0.26830061008039041,0.26268506763863048
1756,2025-2026,2026-02-01,Manchester Utd,Fulham,H,0.48435901332838349,0.26124951034368893,0.25439147632792752,0.56299181054332215,0.25847864797168235,0.17852954148499542,0.58314440284888192,0.25169818175899361,0.16515741539212442
1757,2025-2026,2026-02-01,Nottingham,Crystal Palace,D,0.39965566204562647,0.33950163292462787,0.26084270502974582,0.41001676447733532,0.30655749108494401,0.28342574443772062,0.42929472896501369,0.30412564991666075,0.26657962111832556
1758,2025-2026,2026-02-01,Tottenham,Manchester City,D,0.17610571538562159,0.25742279760217107,0.56647148701220729,0.24828369739290498,0.29465362197040873,0.45706268063668631,0.26453430085633722,0.29883786317013455,0.43662783597352828
1759,2025-2026,2026-02-02,Sunderland,Burnley,H,0.4927021944053887,0.3131015033767201,0.1941963022178913,0.53376852044010203,0.27060532070581211,0.19562615885408574,0.55147148535719681,0.26524176483783107,0.18328674980497206
1760,2025-2026,2026-02-06,Leeds United,Nottingham,H,0.41097266139413091,0.29358535737903224,0.29544198122683674,0.41894178097365037,0.30332916691044015,0.27772905211590937,0.43742938528551412,0.30078263321827281,0.26178798149621296
1761,2025-2026,2026-02-07,Arsenal,Sunderland,H,0.61282554456047234,0.27686396793589441,0.11031048750363324,0.67294442784895914,0.24051643731486949,0.086539134836171247,0.69059054747525606,0.23059342523767565,0.078816027287068491
1762,2025-2026,2026-02-07,Bournemouth,Aston Villa,D,0.31278564532189213,0.26937264183168613,0.41784171284642174,0.38617276685995017,0.25549009267033135,0.35833714046971832,0.4102118439053124,0.25490191691450237,0.33488623918018529
1763,2025-2026,2026-02-07,Burnley,West Ham,A,0.35194167322397435,0.27547547477702594,0.37258285199899976,0.27944605996274335,0.28272324729044135,0.43783069274681552,0.29901663240161946,0.28614311491250449,0.41484025268587621
1764,2025-2026,2026-02-07,Fulham,Everton,A,0.39833562630486197,0.32795399717205198,0.27371037652308611,0.42504087703887983,0.31366387653487982,0.2612952464262403,0.44556995964681967,0.31022177982629506,0.2442082605268851
1765,2025-2026,2026-02-07,Manchester Utd,Tottenham,H,0.55081566371389801,0.23433850235110584,0.21484583393499604,0.53344375698858371,0.2548738208674492,0.21168242214396732,0.55655732125289514,0.24857880961510107,0.19486386913200376
1766,2025-2026,2026-02-07,Newcastle,Brentford,A,0.37839229383786011,0.28201405498662524,0.33959365117551488,0.44020050239366876,0.27633127354050396,0.28346822406582706,0.4631043582246438,0.27309514572229049,0.26380049605306588
1767,2025-2026,2026-02-07,Wolves,Chelsea,A,0.12487902174702868,0.2635559985253591,0.61156497972761237,0.29218102001511997,0.29702819762940041,0.4107907823554795,0.31149416560688131,0.29965001875512143,0.38885581563799715
1768,2025-2026,2026-02-08,Brighton,Crystal Palace,A,0.4823764210110742,0.30419523216240257,0.21342834682652315,0.43615408784200471,0.29009389791719598,0.27375201424079915,0.4509566182501753,0.28791336823049857,0.26113001351932619
1769,2025-2026,2026-02-08,Liverpool,Manchester City,A,0.29459130570408265,0.28365248942761673,0.42175620486830062,0.35363244318198289,0.30171917007755444,0.34464838674046261,0.36751296974694414,0.30172171378532142,0.33076531646773449
1770,2025-2026,2026-02-10,Chelsea,Leeds United,D,0.6150560233044281,0.22018532305153907,0.16475865364403294,0.46326613389607735,0.26728756433214379,0.26944630177177886,0.47844066726236312,0.26480241155870926,0.25675692117892751
1771,2025-2026,2026-02-10,Everton,Bournemouth,A,0.42286328269368123,0.29840684360418607,0.27872987370213259,0.30898595054822214,0.28659881904160833,0.40441523041016947,0.32214745790613014,0.28803695727179757,0.3898155848220724
1772,2025-2026,2026-02-10,Tottenham,Newcastle,A,0.37686379463502395,0.27185505917654001,0.35128114618843603,0.35840009594837247,0.28368602350035871,0.35791388055126883,0.37247652566869288,0.28378673943203331,0.3437367348992737
1773,2025-2026,2026-02-10,West Ham,Manchester Utd,D,0.25670127800690867,0.24295058761139673,0.50034813438169456,0.15966272630741868,0.22143261579137979,0.61890465790120142,0.16951538146885034,0.22717698762693037,0.60330763090421935
1774,2025-2026,2026-02-11,Aston Villa,Brighton,H,0.50034584518925473,0.2918016218507784,0.20785253295996653,0.43573969004945962,0.26960863589843986,0.29465167405210063,0.44743682892443887,0.26824295871124243,0.28432021236431876
1775,2025-2026,2026-02-11,Crystal Palace,Burnley,A,0.55470027132713384,0.28633675012069637,0.15896297855217001,0.62470124601746035,0.23751341537609602,0.13778533860644376,0.63523871037756918,0.23314456230868041,0.13161672731375029
1776,2025-2026,2026-02-11,Manchester City,Fulham,H,0.65588279910553859,0.21494516490697815,0.12917203598748322,0.54644019408889044,0.2665797224482222,0.18698008346288744,0.5574062133591724,0.26311806957641204,0.17947571706441545
1777,2025-2026,2026-02-11,Nottingham,Wolves,D,0.53636311294806971,0.30241392698027286,0.16122296007165746,0.42829654452579374,0.31512969252473844,0.25657376294946771,0.43852623400819135,0.31339661561910837,0.24807715037270031
1778,2025-2026,2026-02-11,Sunderland,Liverpool,A,0.29744281594938193,0.32006575103464224,0.38249143301597588,0.26702348544504406,0.30034346933073369,0.43263304522422236,0.27608760855744852,0.30225614219681457,0.42165624924573675
1779,2025-2026,2026-02-12,Brentford,Arsenal,D,0.20150500572618293,0.27642685308220993,0.52206814119160727,0.17219082231922389,0.28985361332865717,0.53795556435211878,0.17887505520384694,0.29375547118212542,0.52736947361402742
1780,2025-2026,2026-02-18,Wolves,Arsenal,D,0.060123656275751426,0.2061756149547396,0.73370072876950898,0.13198213909186138,0.27988381357804004,0.58813404733009877,0.13724447009219545,0.28438444739309909,0.57837108251470559
1781,2025-2026,2026-02-21,Aston Villa,Leeds United,D,0.56080567130311154,0.25310384868660979,0.18609048001027861,0.42773464973966974,0.27473308556160547,0.29753226469872479,0.43927899496714584,0.27347188013258206,0.2872491249002721
1782,2025-2026,2026-02-21,Brentford,Brighton,A,0.48457178160694897,0.28073576856411725,0.23469244982893384,0.39347502421968411,0.29436436103020824,0.31216061475010776,0.40429247915184069,0.2936046435136403,0.30210287733451929
1783,2025-2026,2026-02-21,Chelsea,Burnley,D,0.74578583261806164,0.17047459739136339,0.083739569990575038,0.70331826667414254,0.19311531911819194,0.10356641420766523,0.7134243605210886,0.1883011368897724,0.098274502589139084
1784,2025-2026,2026-02-21,Manchester City,Newcastle,H,0.6606362879695814,0.21007903565163993,0.1292846763787788,0.51033256320872122,0.26249118915656905,0.22717624763470989,0.5219400131892461,0.25973227765778373,0.21832770915297017
1785,2025-2026,2026-02-21,West Ham,Bournemouth,D,0.32185042219318044,0.24585335305736297,0.43229622474945661,0.27161265379626359,0.25193853967930063,0.47644880652443578,0.28201073483283678,0.25415091803013456,0.46383834713702859
1786,2025-2026,2026-02-22,Crystal Palace,Wolves,H,0.50062427089786921,0.32118084465259827,0.17819488444953249,0.43331177492281142,0.31571404049722507,0.25097418457996346,0.44607689572513093,0.31337453978294982,0.24054856449191916
1787,2025-2026,2026-02-22,Nottingham,Liverpool,A,0.24166268719732995,0.30700512644918554,0.45133218635348449,0.32688057033239903,0.30842990493713818,0.36468952473046284,0.3391834512728486,0.3090438661111703,0.35177268261598105
1788,2025-2026,2026-02-22,Sunderland,Fulham,A,0.36339627716149348,0.33490362120805617,0.30170010163045063,0.32933278389127385,0.32897225432778499,0.34169496178094133,0.34103884106647753,0.32925132142674518,0.32970983750677751
1789,2025-2026,2026-02-22,Tottenham,Arsenal,A,0.13849617559456315,0.24712891935994527,0.61437490504549153,0.15577492352593589,0.29981280864836629,0.54441226782569807,0.16343714946866228,0.30497583142587464,0.53158701910546324
1790,2025-2026,2026-02-23,Everton,Manchester Utd,A,0.32053078923155509,0.31696100972679853,0.36250820104164649,0.22067869155439365,0.28488908091410525,0.49443222753150101,0.22913992048529336,0.28790278660171931,0.48295729291298722
1791,2025-2026,2026-02-27,Wolves,Aston Villa,H,0.13367595136864777,0.2898191408280395,0.57650490780331276,0.31508063788621549,0.29175148255615596,0.39316787955762839,0.32385961041157957,0.29255713712232551,0.38358325246609509
1792,2025-2026,2026-02-28,Bournemouth,Sunderland,D,0.47659825207451745,0.2905818708817976,0.23281987704368515,0.49682628249916638,0.27110851193607688,0.23206520556475685,0.51057201409743447,0.26790562899314918,0.22152235690941652
1793,2025-2026,2026-02-28,Burnley,Brentford,A,0.20729823079662479,0.25708604655989753,0.53561572264347779,0.21166462426942434,0.27406184083773644,0.51427353489283911,0.22165612647701619,0.27792025013468347,0.50042362338830038
1794,2025-2026,2026-02-28,Leeds United,Manchester City,A,0.18702971456739814,0.23596365513158168,0.5770066303010204,0.28347065375006064,0.28237364403208115,0.43415570221785843,0.29531866045363481,0.28436699523688153,0.42031434430948372
1795,2025-2026,2026-02-28,Liverpool,West Ham,H,0.61550049051378819,0.23347192647201337,0.15102758301419836,0.59587957261187641,0.24736635758227604,0.15675406980584777,0.60893982539512426,0.24241579118955275,0.14864438341532313
1796,2025-2026,2026-02-28,Newcastle,Everton,A,0.41461327342200743,0.31598466419528781,0.2694020623827047,0.46211433774870586,0.2896905092463064,0.24819515300498768,0.47533714385262943,0.28704662586422058,0.23761623028315004
1797,2025-2026,2026-03-01,Arsenal,Chelsea,H,0.57004362311571177,0.25801617152435996,0.17194020535992827,0.56441814803925516,0.27408364339116059,0.16149820856958455,0.57643669337123327,0.26955656730201033,0.15400673932675638
1798,2025-2026,2026-03-01,Brighton,Nottingham,H,0.48180043683220691,0.31523011534407558,0.20296944782371751,0.41340513508602827,0.29695407063479778,0.28964079427917394,0.42588719690003451,0.29547886244431537,0.27863394065564995
1799,2025-2026,2026-03-01,Fulham,Tottenham,H,0.50348789866952959,0.25080177501953321,0.24571032631093709,0.402439137875993,0.29625614337474443,0.30130471874926279,0.41491330864382625,0.29505811442613128,0.29002857693004258
1800,2025-2026,2026-03-01,Manchester Utd,Crystal Palace,H,0.54026855568601262,0.27272282829932382,0.18700861601466368,0.56793129207429405,0.25009593074040609,0.18197277718529986,0.58099043497911962,0.24582350690854746,0.17318605811233284
1801,2025-2026,2026-03-03,Bournemouth,Brentford,D,0.37939273766571135,0.25659537988988773,0.3640118824444008,0.42862622463610783,0.26157001758735565,0.30980375777653663,0.44051646504525088,0.26042237728059298,0.29906115767415609
1802,2025-2026,2026-03-03,Everton,Burnley,H,0.55858267201802847,0.26893228906564981,0.17248503891632186,0.54890609204143781,0.27384384585756405,0.17725006210099822,0.55947438698049801,0.2702564137912567,0.17026919922824524
1803,2025-2026,2026-03-03,Leeds United,Sunderland,A,0.44038130936156844,0.30935657660264948,0.25026211403578202,0.4434801032755803,0.305189511990341,0.25133038473407876,0.45390551702193022,0.30324519313444187,0.24284928984362797
1804,2025-2026,2026-03-03,Wolves,Liverpool,H,0.15744491873307545,0.26329367017991107,0.57926141108701368,0.25214698571730332,0.29499100202399159,0.45286201225870509,0.2609294551956699,0.29722281427888464,0.44184773052544551
1805,2025-2026,2026-03-04,Aston Villa,Chelsea,A,0.36846955095688816,0.309571329882881,0.32195911916023112,0.38715479121846919,0.27704305958859982,0.335802149192931,0.40006127964869048,0.27649876315387106,0.3234399571974384
1806,2025-2026,2026-03-04,Brighton,Arsenal,A,0.19408962985066505,0.278915993903538,0.52699437624579681,0.21518011524906364,0.30268757336263086,0.48213231138830559,0.22408446369074567,0.30606044646936115,0.46985508983989294
1807,2025-2026,2026-03-04,Fulham,West Ham,A,0.55828831516591559,0.23451305367672337,0.20719863115736095,0.50646925565081347,0.27986356013071068,0.21366718421847614,0.51899868944462368,0.27652761341647097,0.20447369713890531
1808,2025-2026,2026-03-04,Manchester City,Nottingham,D,0.69529970758705983,0.21929818396005865,0.08540210845288175,0.5297303791394552,0.26597293215718404,0.2042966887033609,0.5425483530809293,0.2623316971384736,0.19511994978059691
1809,2025-2026,2026-03-04,Newcastle,Manchester Utd,H,0.34110991931650236,0.25590279944889899,0.40298728123459882,0.30652551353128732,0.25603953041425964,0.43743495605445287,0.31906341425633872,0.25765664395076399,0.42327994179289724
1810,2025-2026,2026-03-05,Tottenham,Crystal Palace,A,0.38282726455150129,0.29683573558383802,0.32033699986466085,0.41577447887100277,0.28526541260561666,0.29896010852338051,0.42260823359018851,0.28457287430969647,0.29281889210011514
1811,2025-2026,2026-03-14,Arsenal,Everton,H,0.61469715522256896,0.26116219393745133,0.12414065083997951,0.59900402087514448,0.26950032994103024,0.13149564918382539,0.60289267869170482,0.26777228171144979,0.12933503959684539
1812,2025-2026,2026-03-14,Burnley,Bournemouth,D,0.2416447481681262,0.24413058762248646,0.51422466420938739,0.1934305342072257,0.23545758474280132,0.57111188104997301,0.19677880801903955,0.23697457657215087,0.56624661540880961
1813,2025-2026,2026-03-14,Chelsea,Newcastle,A,0.56063325754894155,0.22810713649421685,0.21125960595684162,0.42298729177450084,0.25795964231913893,0.31905306590636034,0.42777785608690322,0.25758200620924721,0.31464013770384969
1814,2025-2026,2026-03-14,Sunderland,Brighton,A,0.29747943605283905,0.34362192250023282,0.35889864144692801,0.26632057386403801,0.30084641159132036,0.43283301454464157,0.26985771908312112,0.30161744914402228,0.42852483177285655
1815,2025-2026,2026-03-14,West Ham,Manchester City,D,0.13703160447450854,0.21611492697397749,0.64685346855151415,0.17806657479395716,0.23594535922786769,0.58598806597817521,0.18119140044034374,0.23756911093899971,0.58123948862065655
1816,2025-2026,2026-03-15,Crystal Palace,Leeds United,D,0.39565200848727161,0.28761757303668456,0.31673041847604372,0.33329655394996416,0.2917861822193506,0.37491726383068513,0.33914929913684666,0.29210659630519148,0.3687441045579618
1817,2025-2026,2026-03-15,Liverpool,Tottenham,D,0.63677924729214463,0.201400708445541,0.16182004426231444,0.52315897191919092,0.26049168999678335,0.21634933808402554,0.52971416490795586,0.25878969915715888,0.21149613593488531
1818,2025-2026,2026-03-15,Manchester Utd,Aston Villa,H,0.44419632950415994,0.27187047663498787,0.2839331938608522,0.55245153189381568,0.23220758810078035,0.21534088000540397,0.55948116648169177,0.23039663513901354,0.21012219837929455
1819,2025-2026,2026-03-15,Nottingham,Fulham,D,0.3470603436161383,0.29392700046621112,0.35901265591765069,0.38102498168522775,0.2977245277298643,0.3212504905849079,0.38703468108505218,0.29742191967114584,0.31554339924380187
1820,2025-2026,2026-03-16,Brentford,Wolves,D,0.59502042941842948,0.25351869596277848,0.15146087461879201,0.46908896039122505,0.29062587549843572,0.24028516411033934,0.4778422123419564,0.28876458314525483,0.23339320451278869
1821,2025-2026,2026-03-20,Bournemouth,Manchester Utd,D,0.3145686950085505,0.26794761124942018,0.41748369374202932,0.27233695523608287,0.252255591643886,0.47540745312003091,0.28087734551134386,0.25403603195952246,0.46508662252913374
1822,2025-2026,2026-03-21,Brighton,Liverpool,H,0.36433326851385173,0.29088310145348001,0.34478363003266826,0.37194050499648013,0.28527046367661829,0.34278903132690158,0.38083141217207178,0.28508288633849715,0.33408570148943117
1823,2025-2026,2026-03-21,Everton,Chelsea,H,0.2847051265631671,0.31388672984098115,0.40140814359585164,0.30934744765483968,0.293100625199333,0.39755192714582738,0.31745262350603376,0.29394529920573975,0.38860207728822643
1824,2025-2026,2026-03-21,Fulham,Burnley,H,0.5776952605630068,0.24274213808852904,0.17956260134846416,0.56799778746548113,0.2719339233526043,0.16006828918191482,0.57645966835993234,0.26873556083199335,0.1548047708080745
1825,2025-2026,2026-03-21,Leeds United,Brentford,D,0.33489408706190721,0.2744485831863539,0.39065732975173878,0.3965125501854187,0.30514937990336405,0.29833806991121703,0.40502800680390305,0.30435697649397409,0.29061501670212281
1826,2025-2026,2026-03-22,Aston Villa,West Ham,H,0.5211984242329728,0.26612142702756897,0.21268014873945823,0.54177731911832849,0.25590253293720322,0.20232014794446829,0.55470699371799659,0.25218961643876997,0.1931033898432333
1827,2025-2026,2026-03-22,Newcastle,Sunderland,A,0.47667041304869767,0.30378520982088986,0.2195443771304123,0.51573167707382606,0.27601927030280049,0.20824905262337348,0.52815902026080408,0.2725722839556734,0.19926869578352266
1828,2025-2026,2026-03-22,Tottenham,Nottingham,A,0.38084572230354341,0.30898785030624132,0.31016642739021522,0.36669566185757202,0.30055697246941715,0.33274736567301083,0.37847637269814077,0.30022546420155355,0.32129816310030573
1829,2025-2026,2026-04-10,West Ham,Wolves,H,0.42349565188447597,0.30417060504113064,0.27233374307439351,0.31344128810675514,0.30668827093368906,0.37987044095955597,0.32251109348841672,0.30745159646147774,0.37003731005010543
1830,2025-2026,2026-04-11,Arsenal,Bournemouth,A,0.69892703169147929,0.20416751968795321,0.096905448620567408,0.58400133418497768,0.26009470262314993,0.15590396319187247,0.59722152801211714,0.25500502758144378,0.1477734444064388
1831,2025-2026,2026-04-11,Brentford,Everton,D,0.37754785399986013,0.31875981406484738,0.3036923319352926,0.38905793356817375,0.30755794891990207,0.30338411751192429,0.40208297297924378,0.30647752562195435,0.29143950139880193
1832,2025-2026,2026-04-11,Burnley,Brighton,A,0.18749326653669002,0.26567108420592689,0.54683564925738304,0.17509000085724397,0.25488033893051093,0.57002966021224521,0.18451079832245926,0.25993484740413958,0.55555435427340083
1833,2025-2026,2026-04-11,Liverpool,Fulham,H,0.50135226656016751,0.25568673155062577,0.24296100188920675,0.45443727990346117,0.29302213184073977,0.25254058825579906,0.46807643586875591,0.29042909635512637,0.2414944677761178
1834,2025-2026,2026-04-12,Chelsea,Manchester City,A,0.27677757024836525,0.27886402043165076,0.44435840931998416,0.28360620319312341,0.27301653928587372,0.44337725752100288,0.29601431393071076,0.27515378819226155,0.42883189787702758
1835,2025-2026,2026-04-12,Crystal Palace,Newcastle,H,0.34535236628943,0.30112644263808164,0.35352119107248842,0.29367158043392488,0.28258667953751143,0.42374174002856357,0.30600276528426829,0.28436052539056589,0.40963670932516594
1836,2025-2026,2026-04-12,Nottingham,Aston Villa,D,0.31846485977092825,0.32888386705553585,0.3526512731735359,0.3845617763148434,0.29255144238234737,0.3228867813028094,0.39787822010906793,0.29180109214955757,0.31032068774137445
1837,2025-2026,2026-04-12,Sunderland,Tottenham,H,0.45985522687229963,0.30729012310098047,0.23285465002671982,0.36628836331468245,0.30848640107820408,0.32522523560711353,0.37887953652311845,0.30800999578742105,0.31311046768946049
1838,2025-2026,2026-04-13,Manchester Utd,Leeds United,A,0.54019670741329728,0.25524078579014792,0.20456250679655474,0.50369770232990352,0.27753469112227658,0.21876760654781988,0.51988052718120203,0.27331265286210948,0.20680681995668854
1839,2025-2026,2026-04-18,Brentford,Fulham,D,0.46314796190248325,0.2709282854856111,0.26592375261190532,0.35894348915369773,0.31768151836292824,0.32337499248337398,0.37108391899661725,0.3172633072781485,0.31165277372523431
1840,2025-2026,2026-04-18,Chelsea,Manchester Utd,A,0.4024416410832829,0.26050370597852845,0.33705465293818876,0.27158148199062282,0.25392502804705491,0.47449348996232216,0.28423058442888677,0.2565139962559459,0.45925541931516733
1841,2025-2026,2026-04-18,Leeds United,Wolves,H,0.54721988883934325,0.28228359109957019,0.17049652006108656,0.47711241667724225,0.29600206328396633,0.22688552003879156,0.4901736191604889,0.29284610899646724,0.21698027184304405
1842,2025-2026,2026-04-18,Newcastle,Bournemouth,A,0.39005896512102989,0.26866438146523575,0.34127665341373453,0.39608965401147644,0.26904276360024526,0.33486758238827846,0.41032920856042099,0.26828806336315958,0.32138272807641949
1843,2025-2026,2026-04-18,Tottenham,Brighton,D,0.21242137717293136,0.28019863935800765,0.50737998346906099,0.32931873836192543,0.28493948625968463,0.38574177537838983,0.34218356397911587,0.28572083252506653,0.37209560349581766
1844,2025-2026,2026-04-19,Aston Villa,Sunderland,H,0.41677055058868717,0.34101283266358989,0.24221661674772282,0.48250303382640009,0.28584743866994211,0.23164952750365786,0.4913189798273449,0.28382527294696852,0.22485574722568633
1845,2025-2026,2026-04-19,Everton,Liverpool,A,0.35036004621674,0.30356866304233748,0.34607129074092241,0.33481335388293504,0.29019384800884757,0.37499279810821734,0.34317345298922197,0.29061880902135406,0.36620773798942402
1846,2025-2026,2026-04-19,Manchester City,Arsenal,H,0.38021506117742332,0.30679672631308746,0.31298821250948955,0.31784402422061636,0.32482616854619739,0.35732980723318619,0.32530252428612122,0.32526599285511604,0.34943148285876274
1847,2025-2026,2026-04-19,Nottingham,Burnley,H,0.5609851347746363,0.27183580260199847,0.16717906262336549,0.5829476938750473,0.25523116944185836,0.16182113668309445,0.59161298459168121,0.25203975685258451,0.15634725855573428
1848,2025-2026,2026-04-20,Crystal Palace,West Ham,D,0.42340634496417029,0.29923208902833082,0.27736156600749889,0.45392249642130594,0.29047876661083671,0.25559873696785734,0.46664951950911515,0.28812177253368088,0.24522870795720411
1849,2025-2026,2026-04-21,Brighton,Chelsea,H,0.42354923978120063,0.29790626427305111,0.27854449594574832,0.4059502941748096,0.27841088839600781,0.31563881742918287,0.42067977488988861,0.27722192263267331,0.30209830247743824
1850,2025-2026,2026-04-22,Bournemouth,Leeds United,D,0.41509921004839134,0.29207194626095073,0.29282884369065798,0.39784097676601521,0.29088393498021742,0.31127508825376748,0.41200554530374328,0.28976010610858149,0.29823434858767522
1851,2025-2026,2026-04-22,Burnley,Manchester City,A,0.061874350045737103,0.14717209439632756,0.79095355555793534,0.12141100766498765,0.2148603078184691,0.66372868451654321,0.12929000532281551,0.22136186711797737,0.64934812755920712
1852,2025-2026,2026-04-24,Sunderland,Nottingham,A,0.35103850621672761,0.3345034531321503,0.31445804065112204,0.32222144341706088,0.30999301348084735,0.36778554310209172,0.33508670758409015,0.31073102841578792,0.35418226400012193
1853,2025-2026,2026-04-25,Arsenal,Newcastle,H,0.6844085307985881,0.20015758213456081,0.11543388706685115,0.55319199318177237,0.2722784987178038,0.17452950810042397,0.56154797444388649,0.26938937976326321,0.16906264579285038
1854,2025-2026,2026-04-25,Fulham,Aston Villa,H,0.34846239506568394,0.29195558828068241,0.35958201665363371,0.35049041564663952,0.29714044543163171,0.35236913892172861,0.35863625298467416,0.29722967638618103,0.34413407062914475
1855,2025-2026,2026-04-25,Liverpool,Crystal Palace,H,0.51591294425080347,0.28554046882633366,0.19854658692286289,0.53077329967261988,0.26823735571064683,0.20098934461673348,0.53951708592858716,0.26569845221323901,0.19478446185817391
1856,2025-2026,2026-04-25,West Ham,Everton,H,0.30686282486191896,0.30915510093889326,0.38398207419918773,0.29616159640487338,0.29204295173733769,0.4117954518577891,0.30383005490506682,0.29309483474618159,0.4030751103487516
1857,2025-2026,2026-04-25,Wolves,Tottenham,A,0.3074759394532306,0.29634740833693984,0.39617665220982951,0.29797144221009714,0.29149719018019798,0.41053136760970471,0.30567558559273283,0.29252246362106377,0.40180195078620312
1858,2025-2026,2026-04-27,Manchester Utd,Brentford,H,0.47445765596072248,0.25866095605225897,0.26688138798701871,0.54453149616205887,0.24920698058691773,0.20626152325102343,0.55781961074631126,0.24547272007323562,0.19670766918045299
1859,2025-2026,2026-05-01,Leeds United,Burnley,H,0.66087499599284993,0.21082535906070579,0.12829964494644422,0.59505409463098924,0.24296964484818717,0.16197626052082387,0.6079394861565528,0.23822528133843407,0.15383523250501327
1860,2025-2026,2026-05-02,Arsenal,Fulham,H,0.62531602379127227,0.24461478210822546,0.13006919410050233,0.53573522416209163,0.29707593812733302,0.16718883771057519,0.54767967977470045,0.29266549126874997,0.15965482895654962
1861,2025-2026,2026-05-02,Brentford,West Ham,H,0.48181009796546775,0.26558142567743992,0.25260847635709233,0.48903430176965673,0.27773183316706151,0.23323386506328184,0.50247292294706258,0.27462837728888079,0.22289869976405677
1862,2025-2026,2026-05-02,Newcastle,Brighton,H,0.29683503387024845,0.28105906645949152,0.42210589967025985,0.36978074806702771,0.26895802741612179,0.3612612245168505,0.38354232948259698,0.26891000033318563,0.34754767018421723
1863,2025-2026,2026-05-02,Wolves,Sunderland,D,0.27290805144631475,0.32001357497822669,0.40707837357545867,0.35406607612021951,0.30263573345293043,0.34329819042684995,0.36637375221076973,0.30258384917901204,0.33104239861021817
1864,2025-2026,2026-05-03,Aston Villa,Tottenham,A,0.56856420475384284,0.24178470262606236,0.18965109262009475,0.40975903820243698,0.27118367979796826,0.31905728199959471,0.42682723855547555,0.26985785696666081,0.30331490447786358
1865,2025-2026,2026-05-03,Bournemouth,Crystal Palace,H,0.47963282142180264,0.28840152352496085,0.23196565505323655,0.48827824885974291,0.27317497507620198,0.23854677606405517,0.50495244533716499,0.26949112961587318,0.22555642504696172
1866,2025-2026,2026-05-03,Manchester Utd,Liverpool,H,0.4129328982951832,0.25489547551986269,0.33217162618495411,0.51229317350164605,0.24460985303710919,0.24309697346124493,0.5303596606675578,0.240734136515379,0.22890620281706306
1867,2025-2026,2026-05-04,Chelsea,Nottingham,A,0.36502596163301992,0.28675965790131835,0.34821438046566178,0.38623665378221367,0.28216001991897577,0.33160332629881045,0.40527264687173498,0.28122923308301156,0.3134981200452534
1868,2025-2026,2026-05-04,Everton,Manchester City,D,0.19818478180151383,0.29039458614313363,0.51142063205535249,0.2264505103307381,0.26583122009917715,0.50771826957008503,0.24168868981663916,0.27093956451940293,0.48737174566395802
1869,2025-2026,2026-05-09,Brighton,Wolves,H,0.66501375859869538,0.22955798796380938,0.10542825343749529,0.53301855448263491,0.26017832486135406,0.20680312065601103,0.54795687293660855,0.25599843750901446,0.19604468955437712
1870,2025-2026,2026-05-09,Fulham,Bournemouth,A,0.33566173827170093,0.28944307016271464,0.37489519156558437,0.31959060192469058,0.29291540215299439,0.38749399592231509,0.33288330051979664,0.29400134501944614,0.37311535446075716
1871,2025-2026,2026-05-09,Liverpool,Chelsea,D,0.56359450328024618,0.22782159139603292,0.20858390532372084,0.46777756182776919,0.25481294475918675,0.27740949341304377,0.48380725279855347,0.25233227114764895,0.26386047605379759
1872,2025-2026,2026-05-09,Manchester City,Brentford,H,0.60391354595699387,0.234529261361208,0.16155719268179822,0.57190140604400219,0.24357227174081397,0.18452632221518392,0.58692798023463078,0.23876205180518076,0.17430996796018866
1873,2025-2026,2026-05-09,Sunderland,Manchester Utd,D,0.2355905475847789,0.26487232166764108,0.49953713074757988,0.20956301412193232,0.24342464336698097,0.54701234251108666,0.22128649062074918,0.24800263518119209,0.53071087419805874
1874,2025-2026,2026-05-10,Burnley,Aston Villa,D,0.20870393551063585,0.25383746723131256,0.53745859725805156,0.24025454583796813,0.26013736569671836,0.49960808846531363,0.25355272964468967,0.26407375263039773,0.48237351772491249
1875,2025-2026,2026-05-10,Crystal Palace,Everton,D,0.29963342895576583,0.31937277801904151,0.3809937930251926,0.33745052183098084,0.30315591135632575,0.35939356681269335,0.35166640030965324,0.30364444454128492,0.34468915514906212
1876,2025-2026,2026-05-10,Nottingham,Newcastle,D,0.5041371355407126,0.25914706758357015,0.23671579687571714,0.37627657997981329,0.27949002301256359,0.34423339700762307,0.39201778578548757,0.27912926959384682,0.32885294462066578
1877,2025-2026,2026-05-10,West Ham,Arsenal,A,0.13211781710944634,0.23295222822200048,0.63492995466855329,0.14043226746060083,0.25644673994668271,0.60312099259271656,0.14917627353348412,0.26310013059054632,0.58772359587596945
1878,2025-2026,2026-05-11,Tottenham,Leeds United,D,0.30561191900372703,0.27427846685104235,0.42010961414523074,0.39554402586863802,0.29189787895674318,0.31255809517461891,0.4096908553758461,0.29086501031349993,0.29944413431065414
1879,2025-2026,2026-05-13,Manchester City,Crystal Palace,H,0.72934660096492443,0.18993908861703573,0.080714310418039989,0.63392014859768331,0.22580303524407611,0.1402768161582405,0.64840690436680204,0.21991667669512591,0.13167641893807217
1880,2025-2026,2026-05-15,Aston Villa,Liverpool,H,0.33596582366722932,0.26398385698781046,0.40005031934496027,0.35001006918912264,0.2663278370411804,0.38366209376969684,0.36811694334455897,0.26698029904739989,0.36490275760804131
1881,2025-2026,2026-05-17,Brentford,Crystal Palace,D,0.5349726332514273,0.27550655150470238,0.18952081524387027,0.41448333328471926,0.29571723365755026,0.28979943305773054,0.43216203422107319,0.29365732953189422,0.27418063624703254
1882,2025-2026,2026-05-17,Everton,Sunderland,A,0.52086821323111043,0.28602336292550468,0.19310842384338497,0.46138585507232438,0.28283525063098408,0.25577889429669165,0.47966149028122618,0.27943036587160486,0.24090814384716885
1883,2025-2026,2026-05-17,Leeds United,Brighton,H,0.35558929373873172,0.29850083909960023,0.34590986716166794,0.3629446815106519,0.28828994036187378,0.34876537812747432,0.38060291000725194,0.28815810369378525,0.33123898629896281
1884,2025-2026,2026-05-17,Manchester Utd,Nottingham,H,0.43641974725474364,0.28091668758032062,0.28266356516493568,0.52291601587698944,0.25555763635202683,0.22152634777098379,0.54206526545371225,0.25073026139560417,0.20720447315068338
1885,2025-2026,2026-05-17,Newcastle,West Ham,H,0.52709118874657446,0.25625686655043278,0.21665194470299287,0.55860151747112341,0.24507913110651139,0.19631935142236498,0.57760430798792961,0.23942328958621156,0.18297240242585885
1886,2025-2026,2026-05-17,Wolves,Fulham,D,0.22137932169766433,0.32295689385919563,0.45566378444313999,0.33787723315644452,0.32184426294853846,0.34027850389501696,0.35357821337967199,0.32205295216774887,0.32436883445257914
1887,2025-2026,2026-05-18,Arsenal,Burnley,H,0.85312454319387288,0.11275798995950213,0.034117466846625109,0.75118154348596355,0.17949035921179426,0.069328097302242236,0.76864524566893255,0.1693077375735996,0.062047016757467821
1888,2025-2026,2026-05-19,Bournemouth,Manchester City,D,0.22971695559679778,0.26522998571837453,0.50505305868482764,0.29563391799287553,0.27127429087946442,0.43309179112766,0.31673679765749774,0.27426432079487467,0.40899888154762742
1889,2025-2026,2026-05-19,Chelsea,Tottenham,H,0.51353731477955145,0.25737805511707168,0.22908463010337718,0.39149102190976304,0.2860543077266739,0.32245467036356312,0.41388277558291714,0.28459803599329908,0.30151918842378378
1890,2025-2026,2026-05-24,Brighton,Manchester Utd,A,0.40971158452510265,0.28254772049026067,0.30774069498463669,0.38674148849480561,0.26838022628483765,0.34487828522035674,0.41231412620544,0.26736876719795505,0.32031710659660478
1891,2025-2026,2026-05-24,Burnley,Wolves,D,0.43902634525546219,0.30612090896373018,0.2548527457808078,0.30540003624810319,0.30038745019995755,0.39421251355193915,0.32688128461493982,0.30255505975384389,0.3705636556312164
1892,2025-2026,2026-05-24,Crystal Palace,Arsenal,A,0.13115934855791686,0.27003639375431232,0.5988042576877709,0.18858601198900651,0.30477989074059569,0.50663409727039788,0.20412063378832743,0.31243192510785589,0.48344744110381671
1893,2025-2026,2026-05-24,Fulham,Newcastle,H,0.34498585149913641,0.29506892552808811,0.35994522297277565,0.34537008242581102,0.28469250417678854,0.36993741339740055,0.36898991680435489,0.28526808870669285,0.34574199448895238
1894,2025-2026,2026-05-24,Liverpool,Brentford,D,0.49696347693117227,0.24423662364463283,0.25879989942419512,0.47106459233034187,0.26545139887611874,0.26348400879353917,0.49691538253663203,0.26074430960328576,0.24234030786008212
1895,2025-2026,2026-05-24,Manchester City,Aston Villa,A,0.69251445099392206,0.19451442364398866,0.11297112536208934,0.61887564081225521,0.21793652638706532,0.1631878328006795,0.64418207317750009,0.20887699131047208,0.1469409355120278
1896,2025-2026,2026-05-24,Nottingham,Bournemouth,D,0.41686359815531598,0.28372862756176681,0.29940777428291721,0.34494971648827832,0.28328374151630764,0.37176654199541415,0.3686551763216423,0.28390879401756797,0.3474360296607899
1897,2025-2026,2026-05-24,Sunderland,Chelsea,H,0.3592557016389325,0.30168896439747322,0.33905533396359422,0.3271759417054837,0.29520758569447464,0.37761647260004161,0.34963885882910223,0.2964319590941028,0.35392918207679513
1898,2025-2026,2026-05-24,Tottenham,Everton,H,0.34487066541142214,0.27892896198307038,0.37620037260550759,0.40737781684976831,0.28871586435174712,0.30390631879848473,0.43160965852971145,0.28629587704723336,0.28209446442305525
1899,2025-2026,2026-05-24,West Ham,Leeds United,H,0.2889198528409555,0.29308769235359122,0.41799245480545333,0.32328156121207041,0.28469948699301589,0.39201895179491369,0.3463027283414653,0.28632542701971381,0.36737184463882089
