match_id,season,date,home_team,away_team,home,away,home_elo_before,away_elo_before,home_elo_after,away_elo_after,home_transition,away_transition,lambda_home,lambda_away,attack_home,attack_away,defence_home,defence_away,rho,window_matches,has_state,home_has_history,away_has_history,rel_elo_diff,rel_attack_diff,rel_defence_diff,expected_total_goals
0,2021-2022,2021-08-13,Brentford,Arsenal,Brentford,Arsenal,1500,1500,1508.2900264265638,1491.7099735734362,first_season_in_dataset,first_season_in_dataset,,,,,,,,0,False,False,False,0,,,
1,2021-2022,2021-08-14,Burnley,Brighton,Burnley,Brighton,1500,1500,1488.2900264265638,1511.7099735734362,first_season_in_dataset,first_season_in_dataset,,,,,,,,0,False,False,False,0,,,
2,2021-2022,2021-08-14,Chelsea,Crystal Palace,Chelsea,Crystal Palace,1500,1500,1508.2900264265638,1491.7099735734362,first_season_in_dataset,first_season_in_dataset,,,,,,,,0,False,False,False,0,,,
3,2021-2022,2021-08-14,Everton,Southampton,Everton,Southampton,1500,1500,1508.2900264265638,1491.7099735734362,first_season_in_dataset,first_season_in_dataset,,,,,,,,0,False,False,False,0,,,
4,2021-2022,2021-08-14,Leicester City,Wolves,Leicester City,Wolves,1500,1500,1508.2900264265638,1491.7099735734362,first_season_in_dataset,first_season_in_dataset,,,,,,,,0,False,False,False,0,,,
5,2021-2022,2021-08-14,Manchester Utd,Leeds United,Manchester Utd,Leeds United,1500,1500,1508.2900264265638,1491.7099735734362,first_season_in_dataset,first_season_in_dataset,,,,,,,,0,False,False,False,0,,,
6,2021-2022,2021-08-14,Norwich City,Liverpool,Norwich City,Liverpool,1500,1500,1488.2900264265638,1511.7099735734362,first_season_in_dataset,first_season_in_dataset,,,,,,,,0,False,False,False,0,,,
7,2021-2022,2021-08-14,Watford,Aston Villa,Watford,Aston Villa,1500,1500,1508.2900264265638,1491.7099735734362,first_season_in_dataset,first_season_in_dataset,,,,,,,,0,False,False,False,0,,,
8,2021-2022,2021-08-15,Newcastle,West Ham,Newcastle,West Ham,1500,1500,1488.2900264265638,1511.7099735734362,first_season_in_dataset,first_season_in_dataset,,,,,,,,0,False,False,False,0,,,
9,2021-2022,2021-08-15,Tottenham,Manchester City,Tottenham,Manchester City,1500,1500,1508.2900264265638,1491.7099735734362,first_season_in_dataset,first_season_in_dataset,,,,,,,,0,False,False,False,0,,,
10,2021-2022,2021-08-21,Aston Villa,Newcastle,Aston Villa,Newcastle,1491.7099735734362,1488.2900264265638,1499.904607872375,1480.095392127625,first_season_in_dataset,first_season_in_dataset,,,,,,,,0,False,False,False,0,,,
11,2021-2022,2021-08-21,Brighton,Watford,Brighton,Watford,1511.7099735734362,1508.2900264265638,1519.904607872375,1500.095392127625,first_season_in_dataset,first_season_in_dataset,,,,,,,,0,False,False,False,0,,,
12,2021-2022,2021-08-21,Crystal Palace,Brentford,Crystal Palace,Brentford,1491.7099735734362,1508.2900264265638,1490.4667127899224,1509.5332872100776,first_season_in_dataset,first_season_in_dataset,,,,,,,,0,False,False,False,0,,,
13,2021-2022,2021-08-21,Leeds United,Everton,Leeds United,Everton,1491.7099735734362,1508.2900264265638,1490.4667127899224,1509.5332872100776,first_season_in_dataset,first_season_in_dataset,,,,,,,,0,False,False,False,0,,,
14,2021-2022,2021-08-21,Liverpool,Burnley,Liverpool,Burnley,1511.7099735734362,1488.2900264265638,1519.3540535333104,1480.6459464666896,first_season_in_dataset,first_season_in_dataset,,,,,,,,0,False,False,False,0,,,
15,2021-2022,2021-08-21,Manchester City,Norwich City,Manchester City,Norwich City,1491.7099735734362,1488.2900264265638,1499.904607872375,1480.095392127625,first_season_in_dataset,first_season_in_dataset,,,,,,,,0,False,False,False,0,,,
16,2021-2022,2021-08-22,Arsenal,Chelsea,Arsenal,Chelsea,1491.7099735734362,1508.2900264265638,1480.4667127899224,1519.5332872100776,first_season_in_dataset,first_season_in_dataset,,,,,,,,0,False,False,False,0,,,
17,2021-2022,2021-08-22,Southampton,Manchester Utd,Southampton,Manchester Utd,1491.7099735734362,1508.2900264265638,1490.4667127899224,1509.5332872100776,first_season_in_dataset,first_season_in_dataset,,,,,,,,0,False,False,False,0,,,
18,2021-2022,2021-08-22,Wolves,Tottenham,Wolves,Tottenham,1491.7099735734362,1508.2900264265638,1480.4667127899224,1519.5332872100776,first_season_in_dataset,first_season_in_dataset,,,,,,,,0,False,False,False,0,,,
19,2021-2022,2021-08-23,West Ham,Leicester City,West Ham,Leicester City,1511.7099735734362,1508.2900264265638,1519.904607872375,1500.095392127625,first_season_in_dataset,first_season_in_dataset,,,,,,,,0,False,False,False,0,,,
20,2021-2022,2021-08-28,Aston Villa,Brentford,Aston Villa,Brentford,1499.904607872375,1509.5332872100776,1498.4648779819736,1510.973017100479,first_season_in_dataset,first_season_in_dataset,,,,,,,,0,False,False,False,0,,,
21,2021-2022,2021-08-28,Brighton,Everton,Brighton,Everton,1519.904607872375,1509.5332872100776,1507.9064090116804,1521.5314860707722,first_season_in_dataset,first_season_in_dataset,,,,,,,,0,False,False,False,0,,,
22,2021-2022,2021-08-28,Liverpool,Chelsea,Liverpool,Chelsea,1519.3540535333104,1519.5332872100776,1517.649088318502,1521.238252424886,first_season_in_dataset,first_season_in_dataset,,,,,,,,0,False,False,False,0,,,
23,2021-2022,2021-08-28,Manchester City,Arsenal,Manchester City,Arsenal,1499.904607872375,1480.4667127899224,1507.6572274129392,1472.7140932493583,first_season_in_dataset,first_season_in_dataset,,,,,,,,0,False,False,False,0,,,
24,2021-2022,2021-08-28,Newcastle,Southampton,Newcastle,Southampton,1480.095392127625,1490.4667127899224,1478.6766005200536,1491.8855043974938,first_season_in_dataset,first_season_in_dataset,,,,,,,,0,False,False,False,0,,,
25,2021-2022,2021-08-28,Norwich City,Leicester City,Norwich City,Leicester City,1480.095392127625,1500.095392127625,1468.9491594523793,1511.2416248028708,first_season_in_dataset,first_season_in_dataset,,,,,,,,0,False,False,False,0,,,
26,2021-2022,2021-08-28,West Ham,Crystal Palace,West Ham,Crystal Palace,1519.904607872375,1490.4667127899224,1517.3857722719883,1492.9855483903091,first_season_in_dataset,first_season_in_dataset,,,,,,,,0,False,False,False,0,,,
27,2021-2022,2021-08-29,Burnley,Leeds United,Burnley,Leeds United,1480.6459464666896,1490.4667127899224,1479.2116311143116,1491.9010281423004,first_season_in_dataset,first_season_in_dataset,,,,,,,,0,False,False,False,0,,,
28,2021-2022,2021-08-29,Tottenham,Watford,Tottenham,Watford,1519.5332872100776,1500.095392127625,1527.2859067506417,1492.3427725870608,first_season_in_dataset,first_season_in_dataset,,,,,,,,0,False,False,False,0,,,
29,2021-2022,2021-08-29,Wolves,Manchester Utd,Wolves,Manchester Utd,1480.4667127899224,1509.5332872100776,1469.5787223522498,1520.4212776477502,first_season_in_dataset,first_season_in_dataset,,,,,,,,0,False,False,False,0,,,
30,2021-2022,2021-09-11,Arsenal,Norwich City,Arsenal,Norwich City,1472.7140932493583,1468.9491594523793,1480.8991233963084,1460.7641293054292,first_season_in_dataset,first_season_in_dataset,,,,,,,,0,False,False,False,0,,,
31,2021-2022,2021-09-11,Brentford,Brighton,Brentford,Brighton,1510.973017100479,1507.9064090116804,1499.1774916456666,1519.7019344664927,first_season_in_dataset,first_season_in_dataset,,,,,,,,0,False,False,False,0,,,
32,2021-2022,2021-09-11,Chelsea,Aston Villa,Chelsea,Aston Villa,1521.238252424886,1498.4648779819736,1528.8999170185289,1490.8032133883307,first_season_in_dataset,first_season_in_dataset,,,,,,,,0,False,False,False,0,,,
33,2021-2022,2021-09-11,Crystal Palace,Tottenham,Crystal Palace,Tottenham,1492.9855483903091,1527.2859067506417,1502.24719937554,1518.0242557654108,first_season_in_dataset,first_season_in_dataset,,,,,,,,0,False,False,False,0,,,
34,2021-2022,2021-09-11,Leicester City,Manchester City,Leicester City,Manchester City,1511.2416248028708,1507.6572274129392,1499.4316805081653,1519.4671717076446,first_season_in_dataset,first_season_in_dataset,,,,,,,,0,False,False,False,0,,,
35,2021-2022,2021-09-11,Manchester Utd,Newcastle,Manchester Utd,Newcastle,1520.4212776477502,1478.6766005200536,1527.5737677777888,1471.524110390015,first_season_in_dataset,first_season_in_dataset,,,,,,,,0,False,False,False,0,,,
36,2021-2022,2021-09-11,Southampton,West Ham,Southampton,West Ham,1491.8855043974938,1517.3857722719883,1490.8957731111625,1518.3755035583197,first_season_in_dataset,first_season_in_dataset,,,,,,,,0,False,False,False,0,,,
37,2021-2022,2021-09-11,Watford,Wolves,Watford,Wolves,1492.3427725870608,1469.5787223522498,1480.0046908804848,1481.9168040588258,first_season_in_dataset,first_season_in_dataset,,,,,,,,0,False,False,False,0,,,
38,2021-2022,2021-09-12,Leeds United,Liverpool,Leeds United,Liverpool,1491.9010281423004,1517.649088318502,1480.918359525921,1528.6317569348814,first_season_in_dataset,first_season_in_dataset,,,,,,,,0,False,False,False,0,,,
39,2021-2022,2021-09-13,Everton,Burnley,Everton,Burnley,1521.5314860707722,1479.2116311143116,1528.6687707608912,1472.0743464241925,first_season_in_dataset,first_season_in_dataset,,,,,,,,0,False,False,False,0,,,
40,2021-2022,2021-09-17,Newcastle,Leeds United,Newcastle,Leeds United,1471.524110390015,1480.918359525921,1470.0777735613528,1482.3646963545832,first_season_in_dataset,first_season_in_dataset,,,,,,,,0,False,False,False,0,,,
41,2021-2022,2021-09-18,Aston Villa,Everton,Aston Villa,Everton,1490.8032133883307,1528.6687707608912,1500.1669934302906,1519.3049907189313,first_season_in_dataset,first_season_in_dataset,,,,,,,,0,False,False,False,0,,,
42,2021-2022,2021-09-18,Burnley,Arsenal,Burnley,Arsenal,1472.0743464241925,1480.8991233963084,1460.611965562942,1492.3615042575589,first_season_in_dataset,first_season_in_dataset,,,,,,,,0,False,False,False,0,,,
43,2021-2022,2021-09-18,Liverpool,Crystal Palace,Liverpool,Crystal Palace,1528.6317569348814,1502.24719937554,1536.195408212903,1494.6835480975185,first_season_in_dataset,first_season_in_dataset,,,,,,,,0,False,False,False,0,,,
44,2021-2022,2021-09-18,Manchester City,Southampton,Manchester City,Southampton,1519.4671717076446,1490.8957731111625,1516.9717082024931,1493.391236616314,first_season_in_dataset,first_season_in_dataset,,,,,,,,0,False,False,False,0,,,
45,2021-2022,2021-09-18,Norwich City,Watford,Norwich City,Watford,1460.7641293054292,1480.0046908804848,1449.5963308592168,1491.1724893266971,first_season_in_dataset,first_season_in_dataset,,,,,,,,0,False,False,False,0,,,
46,2021-2022,2021-09-18,Wolves,Brentford,Wolves,Brentford,1481.9168040588258,1499.1774916456666,1470.6928353859091,1510.4014603185833,first_season_in_dataset,first_season_in_dataset,,,,,,,,0,False,False,False,0,,,
47,2021-2022,2021-09-19,Brighton,Leicester City,Brighton,Leicester City,1519.7019344664927,1499.4316805081653,1527.431819088564,1491.701795886094,first_season_in_dataset,first_season_in_dataset,,,,,,,,0,False,False,False,0,,,
48,2021-2022,2021-09-19,Tottenham,Chelsea,Tottenham,Chelsea,1518.0242557654108,1528.8999170185289,1506.6196909625141,1540.3044818214255,first_season_in_dataset,first_season_in_dataset,,,,,,,,0,False,False,False,0,,,
49,2021-2022,2021-09-19,West Ham,Manchester Utd,West Ham,Manchester Utd,1518.3755035583197,1527.5737677777888,1506.9236442828835,1539.025627053225,first_season_in_dataset,first_season_in_dataset,,,,,,,,0,False,False,False,0,,,
50,2021-2022,2021-09-25,Brentford,Liverpool,Brentford,Liverpool,1510.4014603185833,1536.195408212903,1509.4200997201644,1537.1767688113218,first_season_in_dataset,first_season_in_dataset,,,,,,,,0,False,False,False,0,,,
51,2021-2022,2021-09-25,Chelsea,Manchester City,Chelsea,Manchester City,1540.3044818214255,1516.9717082024931,1527.9509317155528,1529.3252583083658,first_season_in_dataset,first_season_in_dataset,,,,,,,,0,False,False,False,0,,,
52,2021-2022,2021-09-25,Everton,Norwich City,Everton,Norwich City,1519.3049907189313,1449.5963308592168,1525.7359674437062,1443.1653541344419,first_season_in_dataset,first_season_in_dataset,,,,,,,,0,False,False,False,0,,,
53,2021-2022,2021-09-25,Leeds United,West Ham,Leeds United,West Ham,1482.3646963545832,1506.9236442828835,1471.3481443578921,1517.9401962795746,first_season_in_dataset,first_season_in_dataset,,,,,,,,0,False,False,False,0,,,
54,2021-2022,2021-09-25,Leicester City,Burnley,Leicester City,Burnley,1491.701795886094,1460.611965562942,1489.1384839727114,1463.1752774763247,first_season_in_dataset,first_season_in_dataset,,,,,,,,0,False,False,False,0,,,
55,2021-2022,2021-09-25,Manchester Utd,Aston Villa,Manchester Utd,Aston Villa,1539.025627053225,1500.1669934302906,1526.2546280745837,1512.9379924089319,first_season_in_dataset,first_season_in_dataset,,,,,,,,0,False,False,False,0,,,
56,2021-2022,2021-09-25,Watford,Newcastle,Watford,Newcastle,1491.1724893266971,1470.0777735613528,1488.8798790938258,1472.3703837942242,first_season_in_dataset,first_season_in_dataset,,,,,,,,0,False,False,False,0,,,
57,2021-2022,2021-09-26,Arsenal,Tottenham,Arsenal,Tottenham,1492.3615042575589,1506.6196909625141,1501.0525033625847,1497.9286918574883,first_season_in_dataset,first_season_in_dataset,,,,,,,,0,False,False,False,0,,,
58,2021-2022,2021-09-26,Southampton,Wolves,Southampton,Wolves,1493.391236616314,1470.6928353859091,1481.0549412253179,1483.0291307769053,first_season_in_dataset,first_season_in_dataset,,,,,,,,0,False,False,False,0,,,
59,2021-2022,2021-09-27,Crystal Palace,Brighton,Crystal Palace,Brighton,1494.6835480975185,1527.431819088564,1493.9007848994634,1528.2145822866191,first_season_in_dataset,first_season_in_dataset,,,,,,,,0,False,False,False,0,,,
60,2021-2022,2021-10-02,Brighton,Arsenal,Brighton,Arsenal,1528.2145822866191,1501.0525033625847,1525.7571945704956,1503.5098910787083,first_season_in_dataset,first_season_in_dataset,,,,,,,,0,False,False,False,0,,,
61,2021-2022,2021-10-02,Burnley,Norwich City,Burnley,Norwich City,1463.1752774763247,1443.1653541344419,1460.9122700817832,1445.4283615289835,first_season_in_dataset,first_season_in_dataset,,,,,,,,0,False,False,False,0,,,
62,2021-2022,2021-10-02,Chelsea,Southampton,Chelsea,Southampton,1527.9509317155528,1481.0549412253179,1534.967759751104,1474.0381131897666,first_season_in_dataset,first_season_in_dataset,,,,,,,,0,False,False,False,0,,,
63,2021-2022,2021-10-02,Leeds United,Watford,Leeds United,Watford,1471.3481443578921,1488.8798790938258,1480.1318609091306,1480.0961625425873,first_season_in_dataset,first_season_in_dataset,,,,,,,,0,False,False,False,0,,,
64,2021-2022,2021-10-02,Manchester Utd,Everton,Manchester Utd,Everton,1526.2546280745837,1525.7359674437062,1524.5301664608508,1527.4604290574391,first_season_in_dataset,first_season_in_dataset,,,,,,,,0,False,False,False,0,,,
65,2021-2022,2021-10-02,Wolves,Newcastle,Wolves,Newcastle,1483.0291307769053,1472.3703837942242,1491.0229907522737,1464.3765238188557,first_season_in_dataset,first_season_in_dataset,,,,,,,,0,False,False,False,0,,,
66,2021-2022,2021-10-03,Crystal Palace,Leicester City,Crystal Palace,Leicester City,1493.9007848994634,1489.1384839727114,1492.0580686717303,1490.9812002004444,first_season_in_dataset,first_season_in_dataset,,,,,,,,0,False,False,False,0,,,
67,2021-2022,2021-10-03,Liverpool,Manchester City,Liverpool,Manchester City,1537.1767688113218,1529.3252583083658,1535.2482999321696,1531.2537271875181,first_season_in_dataset,first_season_in_dataset,,,,,,,,0,False,False,False,0,,,
68,2021-2022,2021-10-03,Tottenham,Aston Villa,Tottenham,Aston Villa,1497.9286918574883,1512.9379924089319,1506.6409453040585,1504.2257389623617,first_season_in_dataset,first_season_in_dataset,,,,,,,,0,False,False,False,0,,,
69,2021-2022,2021-10-03,West Ham,Brentford,West Ham,Brentford,1517.9401962795746,1509.4200997201644,1505.9932065054165,1521.3670894943225,first_season_in_dataset,first_season_in_dataset,,,,,,,,0,False,False,False,0,,,
70,2021-2022,2021-10-16,Aston Villa,Wolves,Aston Villa,Wolves,1504.2257389623617,1491.0229907522737,1492.1494279282745,1503.0993017863609,first_season_in_dataset,first_season_in_dataset,,,,,,,,0,False,False,False,0,,,
71,2021-2022,2021-10-16,Brentford,Chelsea,Brentford,Chelsea,1521.3670894943225,1534.967759751104,1510.0394926576655,1546.295356587761,first_season_in_dataset,first_season_in_dataset,,,,,,,,0,False,False,False,0,,,
72,2021-2022,2021-10-16,Leicester City,Manchester Utd,Leicester City,Manchester Utd,1490.9812002004444,1524.5301664608508,1500.2213457506371,1515.2900209106581,first_season_in_dataset,first_season_in_dataset,,,,,,,,0,False,False,False,0,,,
73,2021-2022,2021-10-16,Manchester City,Burnley,Manchester City,Burnley,1531.2537271875181,1460.9122700817832,1537.6688208912747,1454.4971763780266,first_season_in_dataset,first_season_in_dataset,,,,,,,,0,False,False,False,0,,,
74,2021-2022,2021-10-16,Norwich City,Brighton,Norwich City,Brighton,1445.4283615289835,1525.7571945704956,1446.012805572921,1525.172750526558,first_season_in_dataset,first_season_in_dataset,,,,,,,,0,False,False,False,0,,,
75,2021-2022,2021-10-16,Southampton,Leeds United,Southampton,Leeds United,1474.0381131897666,1480.1318609091306,1482.4988979129334,1471.6710761859638,first_season_in_dataset,first_season_in_dataset,,,,,,,,0,False,False,False,0,,,
76,2021-2022,2021-10-16,Watford,Liverpool,Watford,Liverpool,1480.0961625425873,1535.2482999321696,1469.9566388950184,1545.3878235797386,first_season_in_dataset,first_season_in_dataset,,,,,,,,0,False,False,False,0,,,
77,2021-2022,2021-10-17,Everton,West Ham,Everton,West Ham,1527.4604290574391,1505.9932065054165,1515.157663251857,1518.2959723109986,first_season_in_dataset,first_season_in_dataset,,,,,,,,0,False,False,False,0,,,
78,2021-2022,2021-10-17,Newcastle,Tottenham,Newcastle,Tottenham,1464.3765238188557,1506.6409453040585,1453.8664957695439,1517.1509733533703,first_season_in_dataset,first_season_in_dataset,,,,,,,,0,False,False,False,0,,,
79,2021-2022,2021-10-18,Arsenal,Crystal Palace,Arsenal,Crystal Palace,1503.5098910787083,1492.0580686717303,1501.4818532508571,1494.0861064995815,first_season_in_dataset,first_season_in_dataset,,,,,,,,0,False,False,False,0,,,
80,2021-2022,2021-10-22,Arsenal,Aston Villa,Arsenal,Aston Villa,1501.4818532508571,1492.1494279282745,1509.5123793600449,1484.1189018190867,first_season_in_dataset,first_season_in_dataset,,,,,,,,0,False,False,False,0,,,
81,2021-2022,2021-10-23,Brighton,Manchester City,Brighton,Manchester City,1525.172750526558,1537.6688208912747,1513.8139343864568,1549.0276370313759,first_season_in_dataset,first_season_in_dataset,,,,,,,,0,False,False,False,0,,,
82,2021-2022,2021-10-23,Chelsea,Norwich City,Chelsea,Norwich City,1546.295356587761,1446.012805572921,1551.9836786466187,1440.3244835140633,first_season_in_dataset,first_season_in_dataset,,,,,,,,0,False,False,False,0,,,
83,2021-2022,2021-10-23,Crystal Palace,Newcastle,Crystal Palace,Newcastle,1494.0861064995815,1453.8664957695439,1491.278982649812,1456.6736196193135,first_season_in_dataset,first_season_in_dataset,,,,,,,,0,False,False,False,0,,,
84,2021-2022,2021-10-23,Everton,Watford,Everton,Watford,1515.157663251857,1469.9566388950184,1502.2189992204899,1482.8953029263855,first_season_in_dataset,first_season_in_dataset,,,,,,,,0,False,False,False,0,,,
85,2021-2022,2021-10-23,Leeds United,Wolves,Leeds United,Wolves,1471.6710761859638,1503.0993017863609,1470.8505632318715,1503.9198147404531,first_season_in_dataset,first_season_in_dataset,,,,,,,,0,False,False,False,0,,,
86,2021-2022,2021-10-23,Southampton,Burnley,Southampton,Burnley,1482.4988979129334,1454.4971763780266,1480.0188162384743,1456.9772580524857,first_season_in_dataset,first_season_in_dataset,,,,,,,,0,False,False,False,0,,,
87,2021-2022,2021-10-24,Brentford,Leicester City,Brentford,Leicester City,1510.0394926576655,1500.2213457506371,1498.0565845510152,1512.2042538572873,first_season_in_dataset,first_season_in_dataset,,,,,,,,0,False,False,False,0,,,
88,2021-2022,2021-10-24,Manchester Utd,Liverpool,Manchester Utd,Liverpool,1515.2900209106581,1545.3878235797386,1504.4314852409045,1556.2463592494921,first_season_in_dataset,first_season_in_dataset,,,,,,,,0,False,False,False,0,,,
89,2021-2022,2021-10-24,West Ham,Tottenham,West Ham,Tottenham,1518.2959723109986,1517.1509733533703,1526.5540247809881,1508.8929208833808,first_season_in_dataset,first_season_in_dataset,,,,,,,,0,False,False,False,0,,,
90,2021-2022,2021-10-30,Burnley,Brentford,Burnley,Brentford,1456.9772580524857,1498.0565845510152,1466.4332150063215,1488.6006275971795,first_season_in_dataset,first_season_in_dataset,,,,,,,,0,False,False,False,0,,,
91,2021-2022,2021-10-30,Leicester City,Arsenal,Leicester City,Arsenal,1512.2042538572873,1509.5123793600449,1500.4191683985757,1521.2974648187565,first_season_in_dataset,first_season_in_dataset,,,,,,,,0,False,False,False,0,,,
92,2021-2022,2021-10-30,Liverpool,Brighton,Liverpool,Brighton,1556.2463592494921,1513.8139343864568,1553.3806697175562,1516.6796239183927,first_season_in_dataset,first_season_in_dataset,,,,,,,,0,False,False,False,0,,,
93,2021-2022,2021-10-30,Manchester City,Crystal Palace,Manchester City,Crystal Palace,1549.0276370313759,1491.278982649812,1535.7626166484304,1504.5440030327575,first_season_in_dataset,first_season_in_dataset,,,,,,,,0,False,False,False,0,,,
94,2021-2022,2021-10-30,Newcastle,Chelsea,Newcastle,Chelsea,1456.6736196193135,1551.9836786466187,1447.6864401515472,1560.970858114385,first_season_in_dataset,first_season_in_dataset,,,,,,,,0,False,False,False,0,,,
95,2021-2022,2021-10-30,Tottenham,Manchester Utd,Tottenham,Manchester Utd,1508.8929208833808,1504.4314852409045,1497.0585715420468,1516.2658345822385,first_season_in_dataset,first_season_in_dataset,,,,,,,,0,False,False,False,0,,,
96,2021-2022,2021-10-30,Watford,Southampton,Watford,Southampton,1482.8953029263855,1480.0188162384743,1471.1050737084536,1491.8090454564062,first_season_in_dataset,first_season_in_dataset,,,,,,,,0,False,False,False,0,,,
97,2021-2022,2021-10-31,Aston Villa,West Ham,Aston Villa,West Ham,1484.1189018190867,1526.5540247809881,1473.61377429503,1537.0591523050448,first_season_in_dataset,first_season_in_dataset,,,,,,,,0,False,False,False,0,,,
98,2021-2022,2021-10-31,Norwich City,Leeds United,Norwich City,Leeds United,1440.3244835140633,1470.8505632318715,1429.4781850786887,1481.6968616672461,first_season_in_dataset,first_season_in_dataset,,,,,,,,0,False,False,False,0,,,
99,2021-2022,2021-11-01,Wolves,Everton,Wolves,Everton,1503.9198147404531,1502.2189992204899,1512.1623592894441,1493.9764546714989,first_season_in_dataset,first_season_in_dataset,,,,,,,,0,False,False,False,0,,,
100,2021-2022,2021-11-05,Southampton,Aston Villa,Southampton,Aston Villa,1491.8090454564062,1473.61377429503,1499.5956513418653,1465.827168409571,first_season_in_dataset,first_season_in_dataset,,,,,,,,0,False,False,False,0,,,
101,2021-2022,2021-11-06,Brentford,Norwich City,Brentford,Norwich City,1488.6006275971795,1429.4781850786887,1475.3003273348854,1442.7784853409828,first_season_in_dataset,first_season_in_dataset,,,,,,,,0,False,False,False,0,,,
102,2021-2022,2021-11-06,Brighton,Newcastle,Brighton,Newcastle,1516.6796239183927,1447.6864401515472,1513.1285837635046,1451.2374803064354,first_season_in_dataset,first_season_in_dataset,,,,,,,,0,False,False,False,0,,,
103,2021-2022,2021-11-06,Chelsea,Burnley,Chelsea,Burnley,1560.970858114385,1466.4332150063215,1556.7947462433885,1470.6093268773179,first_season_in_dataset,first_season_in_dataset,,,,,,,,0,False,False,False,0,,,
104,2021-2022,2021-11-06,Crystal Palace,Wolves,Crystal Palace,Wolves,1504.5440030327575,1512.1623592894441,1513.0476585587962,1503.6587037634054,first_season_in_dataset,first_season_in_dataset,,,,,,,,0,False,False,False,0,,,
105,2021-2022,2021-11-06,Manchester Utd,Manchester City,Manchester Utd,Manchester City,1516.2658345822385,1535.7626166484304,1505.1053108081526,1546.9231404225163,first_season_in_dataset,first_season_in_dataset,,,,,,,,0,False,False,False,0,,,
106,2021-2022,2021-11-07,Arsenal,Watford,Arsenal,Watford,1521.2974648187565,1471.1050737084536,1528.2281048435621,1464.174433683648,first_season_in_dataset,first_season_in_dataset,,,,,,,,0,False,False,False,0,,,
107,2021-2022,2021-11-07,Everton,Tottenham,Everton,Tottenham,1493.9764546714989,1497.0585715420468,1492.3527262153984,1498.6822999981473,first_season_in_dataset,first_season_in_dataset,,,,,,,,0,False,False,False,0,,,
108,2021-2022,2021-11-07,Leeds United,Leicester City,Leeds United,Leicester City,1481.6968616672461,1500.4191683985757,1480.5143526462409,1501.6016774195809,first_season_in_dataset,first_season_in_dataset,,,,,,,,0,False,False,False,0,,,
109,2021-2022,2021-11-07,West Ham,Liverpool,West Ham,Liverpool,1537.0591523050448,1553.3806697175562,1545.8085659716326,1544.6312560509684,first_season_in_dataset,first_season_in_dataset,,,,,,,,0,False,False,False,0,,,
110,2021-2022,2021-11-20,Aston Villa,Brighton,Aston Villa,Brighton,1465.827168409571,1513.1285837635046,1475.4618364266039,1503.4939157464717,first_season_in_dataset,first_season_in_dataset,,,,,,,,0,False,False,False,0,,,
111,2021-2022,2021-11-20,Burnley,Crystal Palace,Burnley,Crystal Palace,1470.6093268773179,1513.0476585587962,1470.1042914720319,1513.5526939640822,first_season_in_dataset,first_season_in_dataset,,,,,,,,0,False,False,False,0,,,
112,2021-2022,2021-11-20,Leicester City,Chelsea,Leicester City,Chelsea,1501.6016774195809,1556.7947462433885,1491.463331645982,1566.9330920169875,first_season_in_dataset,first_season_in_dataset,,,,,,,,0,False,False,False,0,,,
113,2021-2022,2021-11-20,Liverpool,Arsenal,Liverpool,Arsenal,1544.6312560509684,1528.2281048435621,1552.4669718989937,1520.3923889955367,first_season_in_dataset,first_season_in_dataset,,,,,,,,0,False,False,False,0,,,
114,2021-2022,2021-11-20,Newcastle,Brentford,Newcastle,Brentford,1451.2374803064354,1475.3003273348854,1450.2067989938819,1476.3310086474389,first_season_in_dataset,first_season_in_dataset,,,,,,,,0,False,False,False,0,,,
115,2021-2022,2021-11-20,Norwich City,Southampton,Norwich City,Southampton,1442.7784853409828,1499.5956513418653,1452.6868785770989,1489.6872581057492,first_season_in_dataset,first_season_in_dataset,,,,,,,,0,False,False,False,0,,,
116,2021-2022,2021-11-20,Watford,Manchester Utd,Watford,Manchester Utd,1464.174433683648,1505.1053108081526,1473.6261306668289,1495.6536138249717,first_season_in_dataset,first_season_in_dataset,,,,,,,,0,False,False,False,0,,,
117,2021-2022,2021-11-20,Wolves,West Ham,Wolves,West Ham,1503.6587037634054,1545.8085659716326,1513.1453870656467,1536.3218826693912,first_season_in_dataset,first_season_in_dataset,,,,,,,,0,False,False,False,0,,,
118,2021-2022,2021-11-21,Manchester City,Everton,Manchester City,Everton,1546.9231404225163,1492.3527262153984,1553.7400878889268,1485.5357787489879,first_season_in_dataset,first_season_in_dataset,,,,,,,,0,False,False,False,0,,,
119,2021-2022,2021-11-21,Tottenham,Leeds United,Tottenham,Leeds United,1498.6822999981473,1480.5143526462409,1506.4696538103701,1472.7269988340181,first_season_in_dataset,first_season_in_dataset,,,,,,,,0,False,False,False,0,,,
120,2021-2022,2021-11-27,Arsenal,Newcastle,Arsenal,Newcastle,1520.3923889955367,1450.2067989938819,1526.811392995372,1443.7877949940466,first_season_in_dataset,first_season_in_dataset,,,,,,,,0,False,False,False,0,,,
121,2021-2022,2021-11-27,Brighton,Leeds United,Brighton,Leeds United,1503.4939157464717,1472.7269988340181,1500.9392894135024,1475.2816251669874,first_season_in_dataset,first_season_in_dataset,,,,,,,,0,False,False,False,0,,,
122,2021-2022,2021-11-27,Crystal Palace,Aston Villa,Crystal Palace,Aston Villa,1513.5526939640822,1475.4618364266039,1500.8021090155542,1488.212421375132,first_season_in_dataset,first_season_in_dataset,,,,,,,,0,False,False,False,0,,,
123,2021-2022,2021-11-27,Liverpool,Southampton,Liverpool,Southampton,1552.4669718989937,1489.6872581057492,1559.0732004988527,1483.0810295058902,first_season_in_dataset,first_season_in_dataset,,,,,,,,0,False,False,False,0,,,
124,2021-2022,2021-11-27,Norwich City,Wolves,Norwich City,Wolves,1452.6868785770989,1513.1453870656467,1452.7000755045719,1513.1321901381737,first_season_in_dataset,first_season_in_dataset,,,,,,,,0,False,False,False,0,,,
125,2021-2022,2021-11-28,Brentford,Everton,Brentford,Everton,1476.3310086474389,1485.5357787489879,1484.8793326797143,1476.9874547167126,first_season_in_dataset,first_season_in_dataset,,,,,,,,0,False,False,False,0,,,
126,2021-2022,2021-11-28,Chelsea,Manchester Utd,Chelsea,Manchester Utd,1566.9330920169875,1495.6536138249717,1563.3246798272583,1499.262026014701,first_season_in_dataset,first_season_in_dataset,,,,,,,,0,False,False,False,0,,,
127,2021-2022,2021-11-28,Leicester City,Watford,Leicester City,Watford,1491.463331645982,1473.6261306668289,1499.2597409456037,1465.8297213672072,first_season_in_dataset,first_season_in_dataset,,,,,,,,0,False,False,False,0,,,
128,2021-2022,2021-11-28,Manchester City,West Ham,Manchester City,West Ham,1553.7400878889268,1536.3218826693912,1561.5479743055832,1528.5139962527348,first_season_in_dataset,first_season_in_dataset,,,,,,,,0,False,False,False,0,,,
129,2021-2022,2021-11-30,Leeds United,Crystal Palace,Leeds United,Crystal Palace,1475.2816251669874,1500.8021090155542,1484.2924700467413,1491.7912641358002,first_season_in_dataset,first_season_in_dataset,,,,,,,,0,False,False,False,0,,,
130,2021-2022,2021-11-30,Newcastle,Norwich City,Newcastle,Norwich City,1443.7877949940466,1452.7000755045719,1442.3278789170745,1454.1599915815441,first_season_in_dataset,first_season_in_dataset,,,,,,,,0,False,False,False,0,,,
131,2021-2022,2021-12-01,Aston Villa,Manchester City,Aston Villa,Manchester City,1488.212421375132,1561.5479743055832,1478.5960610631801,1571.1643346175351,first_season_in_dataset,first_season_in_dataset,,,,,,,,0,False,False,False,0,,,
132,2021-2022,2021-12-01,Everton,Liverpool,Everton,Liverpool,1476.9874547167126,1559.0732004988527,1467.622278727808,1568.4383764877573,first_season_in_dataset,first_season_in_dataset,,,,,,,,0,False,False,False,0,,,
133,2021-2022,2021-12-01,Southampton,Leicester City,Southampton,Leicester City,1483.0810295058902,1499.2597409456037,1481.8263973778562,1500.5143730736377,first_season_in_dataset,first_season_in_dataset,,,,,,,,0,False,False,False,0,,,
134,2021-2022,2021-12-01,Watford,Chelsea,Watford,Chelsea,1465.8297213672072,1563.3246798272583,1456.904742830101,1572.2496583643644,first_season_in_dataset,first_season_in_dataset,,,,,,,,0,False,False,False,0,,,
135,2021-2022,2021-12-01,West Ham,Brighton,West Ham,Brighton,1528.5139962527348,1500.9392894135024,1526.0454525974089,1503.4078330688283,first_season_in_dataset,first_season_in_dataset,,,,,,,,0,False,False,False,0,,,
136,2021-2022,2021-12-01,Wolves,Burnley,Wolves,Burnley,1513.1321901381737,1470.1042914720319,1510.2507767249722,1472.9857048852334,first_season_in_dataset,first_season_in_dataset,,,,,,,,0,False,False,False,0,,,
137,2021-2022,2021-12-02,Manchester Utd,Arsenal,Manchester Utd,Arsenal,1499.262026014701,1526.811392995372,1508.3307282451822,1517.7426907648908,first_season_in_dataset,first_season_in_dataset,,,,,,,,0,False,False,False,0,,,
138,2021-2022,2021-12-02,Tottenham,Brentford,Tottenham,Brentford,1506.4696538103701,1484.8793326797143,1514.1635330957674,1477.1854533943169,first_season_in_dataset,first_season_in_dataset,,,,,,,,0,False,False,False,0,,,
139,2021-2022,2021-12-04,Newcastle,Burnley,Newcastle,Burnley,1442.3278789170745,1472.9857048852334,1451.4853454054132,1463.8282383968947,first_season_in_dataset,first_season_in_dataset,,,,,,,,0,False,False,False,0,,,
140,2021-2022,2021-12-04,Southampton,Brighton,Southampton,Brighton,1481.8263973778562,1503.4078330688283,1480.7251071886242,1504.5091232580603,first_season_in_dataset,first_season_in_dataset,,,,,,,,0,False,False,False,0,,,
141,2021-2022,2021-12-04,Watford,Manchester City,Watford,Manchester City,1456.904742830101,1571.1643346175351,1448.4538855337296,1579.6151919139065,first_season_in_dataset,first_season_in_dataset,,,,,,,,0,False,False,False,0,,,
142,2021-2022,2021-12-04,West Ham,Chelsea,West Ham,Chelsea,1526.0454525974089,1572.2496583643644,1535.6485862763197,1562.6465246854536,first_season_in_dataset,first_season_in_dataset,,,,,,,,0,False,False,False,0,,,
143,2021-2022,2021-12-04,Wolves,Liverpool,Wolves,Liverpool,1510.2507767249722,1568.4383764877573,1500.1986121260288,1578.4905410867007,first_season_in_dataset,first_season_in_dataset,,,,,,,,0,False,False,False,0,,,
144,2021-2022,2021-12-05,Aston Villa,Leicester City,Aston Villa,Leicester City,1478.5960610631801,1500.5143730736377,1487.5043503758136,1491.6060837610041,first_season_in_dataset,first_season_in_dataset,,,,,,,,0,False,False,False,0,,,
145,2021-2022,2021-12-05,Leeds United,Brentford,Leeds United,Brentford,1484.2924700467413,1477.1854533943169,1482.3846410055185,1479.0932824355398,first_season_in_dataset,first_season_in_dataset,,,,,,,,0,False,False,False,0,,,
146,2021-2022,2021-12-05,Manchester Utd,Crystal Palace,Manchester Utd,Crystal Palace,1508.3307282451822,1491.7912641358002,1516.1627047872441,1483.9592875937383,first_season_in_dataset,first_season_in_dataset,,,,,,,,0,False,False,False,0,,,
147,2021-2022,2021-12-05,Tottenham,Norwich City,Tottenham,Norwich City,1514.1635330957674,1454.1599915815441,1520.8406539257803,1447.4828707515312,first_season_in_dataset,first_season_in_dataset,,,,,,,,0,False,False,False,0,,,
148,2021-2022,2021-12-06,Everton,Arsenal,Everton,Arsenal,1467.622278727808,1517.7426907648908,1477.3379979463966,1508.0269715463021,first_season_in_dataset,first_season_in_dataset,,,,,,,,0,False,False,False,0,,,
149,2021-2022,2021-12-10,Brentford,Watford,Brentford,Watford,1479.0932824355398,1448.4538855337296,1486.5420872156808,1441.0050807535886,first_season_in_dataset,first_season_in_dataset,,,,,,,,0,False,False,False,0,,,
150,2021-2022,2021-12-11,Arsenal,Southampton,Arsenal,Southampton,1508.0269715463021,1480.7251071886242,1515.5658038160291,1473.1862749188972,first_season_in_dataset,first_season_in_dataset,,,,,,,,0,False,False,False,0,,,
151,2021-2022,2021-12-11,Chelsea,Leeds United,Chelsea,Leeds United,1562.6465246854536,1482.3846410055185,1568.8153685157451,1476.215797175227,first_season_in_dataset,first_season_in_dataset,,,,,,,,0,False,False,False,0,,,
152,2021-2022,2021-12-11,Liverpool,Aston Villa,Liverpool,Aston Villa,1578.4905410867007,1487.5043503758136,1584.3991801590441,1481.5957113034701,first_season_in_dataset,first_season_in_dataset,,,,,,,,0,False,False,False,0,,,
153,2021-2022,2021-12-11,Manchester City,Wolves,Manchester City,Wolves,1579.6151919139065,1500.1986121260288,1585.8048138031277,1494.0089902368077,first_season_in_dataset,first_season_in_dataset,,,,,,,,0,False,False,False,0,,,
154,2021-2022,2021-12-11,Norwich City,Manchester Utd,Norwich City,Manchester Utd,1447.4828707515312,1516.1627047872441,1437.7326444957819,1525.9129310429935,first_season_in_dataset,first_season_in_dataset,,,,,,,,0,False,False,False,0,,,
155,2021-2022,2021-12-12,Burnley,West Ham,Burnley,West Ham,1463.8282383968947,1535.6485862763197,1464.1683241536055,1535.308500519609,first_season_in_dataset,first_season_in_dataset,,,,,,,,0,False,False,False,0,,,
156,2021-2022,2021-12-12,Crystal Palace,Everton,Crystal Palace,Everton,1483.9592875937383,1477.3379979463966,1492.0649336265385,1469.2323519135964,first_season_in_dataset,first_season_in_dataset,,,,,,,,0,False,False,False,0,,,
157,2021-2022,2021-12-12,Leicester City,Newcastle,Leicester City,Newcastle,1491.6060837610041,1451.4853454054132,1498.8015816507539,1444.2898475156635,first_season_in_dataset,first_season_in_dataset,,,,,,,,0,False,False,False,0,,,
158,2021-2022,2021-12-14,Manchester City,Leeds United,Manchester City,Leeds United,1585.8048138031277,1476.215797175227,1591.2776119416958,1470.7429990366588,first_season_in_dataset,first_season_in_dataset,,,,,,,,0,False,False,False,0,,,
159,2021-2022,2021-12-14,Norwich City,Aston Villa,Norwich City,Aston Villa,1437.7326444957819,1481.5957113034701,1427.2685199139212,1492.0598358853308,first_season_in_dataset,first_season_in_dataset,,,,,,,,0,False,False,False,0,,,
160,2021-2022,2021-12-15,Arsenal,West Ham,Arsenal,West Ham,1515.5658038160291,1535.308500519609,1524.4122632791286,1526.4620410565094,first_season_in_dataset,first_season_in_dataset,,,,,,,,0,False,False,False,0,,,
161,2021-2022,2021-12-15,Brighton,Wolves,Brighton,Wolves,1504.5091232580603,1494.0089902368077,1492.5073651772082,1506.0107483176598,first_season_in_dataset,first_season_in_dataset,,,,,,,,0,False,False,False,0,,,
162,2021-2022,2021-12-15,Crystal Palace,Southampton,Crystal Palace,Southampton,1492.0649336265385,1473.1862749188972,1489.8328418315712,1475.4183667138645,first_season_in_dataset,first_season_in_dataset,,,,,,,,0,False,False,False,0,,,
163,2021-2022,2021-12-16,Chelsea,Everton,Chelsea,Everton,1568.8153685157451,1469.2323519135964,1564.52009594781,1473.5276244815316,first_season_in_dataset,first_season_in_dataset,,,,,,,,0,False,False,False,0,,,
164,2021-2022,2021-12-16,Liverpool,Newcastle,Liverpool,Newcastle,1584.3991801590441,1444.2898475156635,1589.2019444068731,1439.4870832678346,first_season_in_dataset,first_season_in_dataset,,,,,,,,0,False,False,False,0,,,
165,2021-2022,2021-12-18,Leeds United,Arsenal,Leeds United,Arsenal,1470.7429990366588,1524.4122632791286,1460.5608059776309,1534.5944563381565,first_season_in_dataset,first_season_in_dataset,,,,,,,,0,False,False,False,0,,,
166,2021-2022,2021-12-19,Newcastle,Manchester City,Newcastle,Manchester City,1439.4870832678346,1591.2776119416958,1432.0692280058197,1598.6954672037107,first_season_in_dataset,first_season_in_dataset,,,,,,,,0,False,False,False,0,,,
167,2021-2022,2021-12-19,Tottenham,Liverpool,Tottenham,Liverpool,1520.8406539257803,1589.2019444068731,1521.0812647621563,1588.9613335704971,first_season_in_dataset,first_season_in_dataset,,,,,,,,0,False,False,False,0,,,
168,2021-2022,2021-12-19,Wolves,Chelsea,Wolves,Chelsea,1506.0107483176598,1564.52009594781,1505.9678441568474,1564.5630001086224,first_season_in_dataset,first_season_in_dataset,,,,,,,,0,False,False,False,0,,,
169,2021-2022,2021-12-26,Aston Villa,Chelsea,Aston Villa,Chelsea,1492.0598358853308,1564.5630001086224,1482.4195506086387,1574.2032853853145,first_season_in_dataset,first_season_in_dataset,,,,,,,,0,False,False,False,0,,,
170,2021-2022,2021-12-26,Brighton,Brentford,Brighton,Brentford,1492.5073651772082,1486.5420872156808,1500.6312216576625,1478.4182307352264,first_season_in_dataset,first_season_in_dataset,,,,,,,,0,False,False,False,0,,,
171,2021-2022,2021-12-26,Manchester City,Leicester City,Manchester City,Leicester City,1598.6954672037107,1498.8015816507539,1604.3929006754547,1493.1041481790098,first_season_in_dataset,first_season_in_dataset,,,,,,,,0,False,False,False,0,,,
172,2021-2022,2021-12-26,Norwich City,Arsenal,Norwich City,Arsenal,1427.2685199139212,1534.5944563381565,1418.6223072391178,1543.2406690129599,first_season_in_dataset,first_season_in_dataset,,,,,,,,0,False,False,False,0,,,
173,2021-2022,2021-12-26,Tottenham,Crystal Palace,Tottenham,Crystal Palace,1521.0812647621563,1489.8328418315712,1528.5136886100722,1482.4004179836552,first_season_in_dataset,first_season_in_dataset,,,,,,,,0,False,False,False,0,,,
174,2021-2022,2021-12-26,West Ham,Southampton,West Ham,Southampton,1526.4620410565094,1475.4183667138645,1513.3705042197328,1488.5099035506412,first_season_in_dataset,first_season_in_dataset,,,,,,,,0,False,False,False,0,,,
175,2021-2022,2021-12-27,Newcastle,Manchester Utd,Newcastle,Manchester Utd,1432.0692280058197,1525.9129310429935,1433.0402587469753,1524.9419003018379,first_season_in_dataset,first_season_in_dataset,,,,,,,,0,False,False,False,0,,,
176,2021-2022,2021-12-28,Crystal Palace,Norwich City,Crystal Palace,Norwich City,1482.4004179836552,1418.6223072391178,1488.9812449937001,1412.0414802290729,first_season_in_dataset,first_season_in_dataset,,,,,,,,0,False,False,False,0,,,
177,2021-2022,2021-12-28,Leicester City,Liverpool,Leicester City,Liverpool,1493.1041481790098,1588.9613335704971,1504.1325522361487,1577.9329295133582,first_season_in_dataset,first_season_in_dataset,,,,,,,,0,False,False,False,0,,,
178,2021-2022,2021-12-28,Southampton,Tottenham,Southampton,Tottenham,1488.5099035506412,1528.5136886100722,1487.9350008554254,1529.088591305288,first_season_in_dataset,first_season_in_dataset,,,,,,,,0,False,False,False,0,,,
179,2021-2022,2021-12-28,Watford,West Ham,Watford,West Ham,1441.0050807535886,1513.3705042197328,1431.3608360528119,1523.0147489205094,first_season_in_dataset,first_season_in_dataset,,,,,,,,0,False,False,False,0,,,
180,2021-2022,2021-12-29,Brentford,Manchester City,Brentford,Manchester City,1478.4182307352264,1604.3929006754547,1470.2946350611919,1612.5164963494892,first_season_in_dataset,first_season_in_dataset,,,,,,,,0,False,False,False,0,,,
181,2021-2022,2021-12-29,Chelsea,Brighton,Chelsea,Brighton,1574.2032853853145,1500.6312216576625,1570.5376162295622,1504.2968908134148,first_season_in_dataset,first_season_in_dataset,,,,,,,,0,False,False,False,0,,,
182,2021-2022,2021-12-30,Manchester Utd,Burnley,Manchester Utd,Burnley,1524.9419003018379,1464.1683241536055,1531.5993194704536,1457.5109049849898,first_season_in_dataset,first_season_in_dataset,,,,,,,,0,False,False,False,0,,,
183,2021-2022,2022-01-01,Arsenal,Manchester City,Arsenal,Manchester City,1543.2406690129599,1612.5164963494892,1533.507585370128,1622.2495799923211,first_season_in_dataset,first_season_in_dataset,,,,,,,,0,False,False,False,0,,,
184,2021-2022,2022-01-01,Crystal Palace,West Ham,Crystal Palace,West Ham,1488.9812449937001,1523.0147489205094,1478.2352575975826,1533.7607363166269,first_season_in_dataset,first_season_in_dataset,,,,,,,,0,False,False,False,0,,,
185,2021-2022,2022-01-01,Watford,Tottenham,Watford,Tottenham,1431.3608360528119,1529.088591305288,1422.4424800330473,1538.0069473250526,first_season_in_dataset,first_season_in_dataset,,,,,,,,0,False,False,False,0,,,
186,2021-2022,2022-01-02,Brentford,Aston Villa,Brentford,Aston Villa,1470.2946350611919,1482.4195506086387,1478.9253349958096,1473.788850674021,first_season_in_dataset,first_season_in_dataset,,,,,,,,0,False,False,False,0,,,
187,2021-2022,2022-01-02,Chelsea,Liverpool,Chelsea,Liverpool,1570.5376162295622,1577.9329295133582,1569.0349964063971,1579.4355493365233,first_season_in_dataset,first_season_in_dataset,,,,,,,,0,False,False,False,0,,,
188,2021-2022,2022-01-02,Everton,Brighton,Everton,Brighton,1473.5276244815316,1504.2968908134148,1462.688275798404,1515.1362394965424,first_season_in_dataset,first_season_in_dataset,,,,,,,,0,False,False,False,0,,,
189,2021-2022,2022-01-02,Leeds United,Burnley,Leeds United,Burnley,1460.5608059776309,1457.5109049849898,1468.7657458929305,1449.3059650696903,first_season_in_dataset,first_season_in_dataset,,,,,,,,0,False,False,False,0,,,
190,2021-2022,2022-01-03,Manchester Utd,Wolves,Manchester Utd,Wolves,1531.5993194704536,1505.9678441568474,1519.1833703284799,1518.383793298821,first_season_in_dataset,first_season_in_dataset,,,,,,,,0,False,False,False,0,,,
191,2021-2022,2022-01-11,Southampton,Brentford,Southampton,Brentford,1487.9350008554254,1478.9253349958096,1495.9744580262511,1470.8858778249839,first_season_in_dataset,first_season_in_dataset,,,,,,,,0,False,False,False,0,,,
192,2021-2022,2022-01-12,West Ham,Norwich City,West Ham,Norwich City,1533.7607363166269,1412.0414802290729,1538.9603839620095,1406.8418325836903,first_season_in_dataset,first_season_in_dataset,,,,,,,,0,False,False,False,0,,,
193,2021-2022,2022-01-14,Brighton,Crystal Palace,Brighton,Crystal Palace,1515.1362394965424,1478.2352575975826,1512.4173405867521,1480.954156507373,first_season_in_dataset,first_season_in_dataset,,,,,,,,0,False,False,False,0,,,
194,2021-2022,2022-01-15,Aston Villa,Manchester Utd,Aston Villa,Manchester Utd,1473.788850674021,1519.1833703284799,1473.3687186126788,1519.6035023898221,first_season_in_dataset,first_season_in_dataset,,,,,,,,0,False,False,False,0,,,
195,2021-2022,2022-01-15,Manchester City,Chelsea,Manchester City,Chelsea,1622.2495799923211,1569.0349964063971,1629.1016410021575,1562.1829353965607,first_season_in_dataset,first_season_in_dataset,,,,,,,,0,False,False,False,0,,,
196,2021-2022,2022-01-15,Newcastle,Watford,Newcastle,Watford,1433.0402587469753,1422.4424800330473,1431.0358029654956,1424.446935814527,first_season_in_dataset,first_season_in_dataset,,,,,,,,0,False,False,False,0,,,
197,2021-2022,2022-01-15,Norwich City,Everton,Norwich City,Everton,1406.8418325836903,1462.688275798404,1416.722289304452,1452.8078190776423,first_season_in_dataset,first_season_in_dataset,,,,,,,,0,False,False,False,0,,,
198,2021-2022,2022-01-15,Wolves,Southampton,Wolves,Southampton,1518.383793298821,1495.9744580262511,1526.0553652944654,1488.3028860306067,first_season_in_dataset,first_season_in_dataset,,,,,,,,0,False,False,False,0,,,
199,2021-2022,2022-01-16,Liverpool,Brentford,Liverpool,Brentford,1579.4355493365233,1470.8858778249839,1584.9321632188785,1465.3892639426288,first_season_in_dataset,first_season_in_dataset,,,,,,,,0,False,False,False,0,,,
200,2021-2022,2022-01-16,West Ham,Leeds United,West Ham,Leeds United,1538.9603839620095,1468.7657458929305,1525.3791609352436,1482.3469689196963,first_season_in_dataset,first_season_in_dataset,,,,,,,,0,False,False,False,0,,,
201,2021-2022,2022-01-18,Brighton,Chelsea,Brighton,Chelsea,1512.4173405867521,1562.1829353965607,1512.1228558976579,1562.4774200856548,first_season_in_dataset,first_season_in_dataset,,,,,,,,0,False,False,False,0,,,
202,2021-2022,2022-01-19,Brentford,Manchester Utd,Brentford,Manchester Utd,1465.3892639426288,1519.6035023898221,1455.2227517306349,1529.770014601816,first_season_in_dataset,first_season_in_dataset,,,,,,,,0,False,False,False,0,,,
203,2021-2022,2022-01-19,Leicester City,Tottenham,Leicester City,Tottenham,1504.1325522361487,1538.0069473250526,1493.382010960346,1548.7574886008554,first_season_in_dataset,first_season_in_dataset,,,,,,,,0,False,False,False,0,,,
204,2021-2022,2022-01-21,Watford,Norwich City,Watford,Norwich City,1424.446935814527,1416.722289304452,1412.5219828252912,1428.6472422936879,first_season_in_dataset,first_season_in_dataset,,,,,,,,0,False,False,False,0,,,
205,2021-2022,2022-01-22,Brentford,Wolves,Brentford,Wolves,1455.2227517306349,1526.0553652944654,1445.5344384200619,1535.7436786050384,first_season_in_dataset,first_season_in_dataset,,,,,,,,0,False,False,False,0,,,
206,2021-2022,2022-01-22,Everton,Aston Villa,Everton,Aston Villa,1452.8078190776423,1473.3687186126788,1441.6775212159441,1484.499016474377,first_season_in_dataset,first_season_in_dataset,,,,,,,,0,False,False,False,0,,,
207,2021-2022,2022-01-22,Leeds United,Newcastle,Leeds United,Newcastle,1482.3469689196963,1431.0358029654956,1469.2484705560501,1444.1343013291419,first_season_in_dataset,first_season_in_dataset,,,,,,,,0,False,False,False,0,,,
208,2021-2022,2022-01-22,Manchester Utd,West Ham,Manchester Utd,West Ham,1529.770014601816,1525.3791609352436,1537.9376284890873,1517.2115470479723,first_season_in_dataset,first_season_in_dataset,,,,,,,,0,False,False,False,0,,,
209,2021-2022,2022-01-22,Southampton,Manchester City,Southampton,Manchester City,1488.3028860306067,1629.1016410021575,1490.5874239868315,1626.8171030459328,first_season_in_dataset,first_season_in_dataset,,,,,,,,0,False,False,False,0,,,
210,2021-2022,2022-01-23,Arsenal,Burnley,Arsenal,Burnley,1533.507585370128,1449.3059650696903,1529.5801008802812,1453.2334495595371,first_season_in_dataset,first_season_in_dataset,,,,,,,,0,False,False,False,0,,,
211,2021-2022,2022-01-23,Chelsea,Tottenham,Chelsea,Tottenham,1562.4774200856548,1548.7574886008554,1570.3868694658613,1540.8480392206488,first_season_in_dataset,first_season_in_dataset,,,,,,,,0,False,False,False,0,,,
212,2021-2022,2022-01-23,Crystal Palace,Liverpool,Crystal Palace,Liverpool,1480.954156507373,1584.9321632188785,1472.2132280916678,1593.6730916345837,first_season_in_dataset,first_season_in_dataset,,,,,,,,0,False,False,False,0,,,
213,2021-2022,2022-01-23,Leicester City,Brighton,Leicester City,Brighton,1493.382010960346,1512.1228558976579,1492.2000280540283,1513.3048388039756,first_season_in_dataset,first_season_in_dataset,,,,,,,,0,False,False,False,0,,,
214,2021-2022,2022-02-05,Burnley,Watford,Burnley,Watford,1453.2334495595371,1412.5219828252912,1450.4132896894839,1415.3421426953444,first_season_in_dataset,first_season_in_dataset,,,,,,,,0,False,False,False,0,,,
215,2021-2022,2022-02-08,Burnley,Manchester Utd,Burnley,Manchester Utd,1450.4132896894839,1537.9376284890873,1451.2038506715562,1537.147067507015,first_season_in_dataset,first_season_in_dataset,,,,,,,,0,False,False,False,0,,,
216,2021-2022,2022-02-08,Newcastle,Everton,Newcastle,Everton,1444.1343013291419,1441.6775212159441,1452.3557676026282,1433.4560549424577,first_season_in_dataset,first_season_in_dataset,,,,,,,,0,False,False,False,0,,,
217,2021-2022,2022-02-08,West Ham,Watford,West Ham,Watford,1517.2115470479723,1415.3421426953444,1522.8627600599305,1409.6909296833862,first_season_in_dataset,first_season_in_dataset,,,,,,,,0,False,False,False,0,,,
218,2021-2022,2022-02-09,Aston Villa,Leeds United,Aston Villa,Leeds United,1484.499016474377,1469.2484705560501,1482.3663756307437,1471.3811113996833,first_season_in_dataset,first_season_in_dataset,,,,,,,,0,False,False,False,0,,,
219,2021-2022,2022-02-09,Manchester City,Brentford,Manchester City,Brentford,1626.8171030459328,1445.5344384200619,1630.808660759363,1441.5428807066316,first_season_in_dataset,first_season_in_dataset,,,,,,,,0,False,False,False,0,,,
220,2021-2022,2022-02-09,Norwich City,Crystal Palace,Norwich City,Crystal Palace,1428.6472422936879,1472.2132280916678,1428.1745857928545,1472.6858845925012,first_season_in_dataset,first_season_in_dataset,,,,,,,,0,False,False,False,0,,,
221,2021-2022,2022-02-09,Tottenham,Southampton,Tottenham,Southampton,1540.8480392206488,1490.5874239868315,1527.7769006992639,1503.6585625082164,first_season_in_dataset,first_season_in_dataset,,,,,,,,0,False,False,False,0,,,
222,2021-2022,2022-02-10,Liverpool,Leicester City,Liverpool,Leicester City,1593.6730916345837,1492.2000280540283,1599.3335594379319,1486.5395602506801,first_season_in_dataset,first_season_in_dataset,,,,,,,,0,False,False,False,0,,,
223,2021-2022,2022-02-10,Wolves,Arsenal,Wolves,Arsenal,1535.7436786050384,1529.5801008802812,1523.8620290497354,1541.4617504355842,first_season_in_dataset,first_season_in_dataset,,,,,,,,0,False,False,False,0,,,
224,2021-2022,2022-02-12,Brentford,Crystal Palace,Brentford,Crystal Palace,1441.5428807066316,1472.6858845925012,1440.7142142314208,1473.5145510677121,first_season_in_dataset,first_season_in_dataset,,,,,,,,0,False,False,False,0,,,
225,2021-2022,2022-02-12,Everton,Leeds United,Everton,Leeds United,1433.4560549424577,1471.3811113996833,1442.8215405924293,1462.0156257497117,first_season_in_dataset,first_season_in_dataset,,,,,,,,0,False,False,False,0,,,
226,2021-2022,2022-02-12,Manchester Utd,Southampton,Manchester Utd,Southampton,1537.147067507015,1503.6585625082164,1534.519367438319,1506.2862625769123,first_season_in_dataset,first_season_in_dataset,,,,,,,,0,False,False,False,0,,,
227,2021-2022,2022-02-12,Norwich City,Manchester City,Norwich City,Manchester City,1428.1745857928545,1630.808660759363,1422.0638446729365,1636.9194018792809,first_season_in_dataset,first_season_in_dataset,,,,,,,,0,False,False,False,0,,,
228,2021-2022,2022-02-12,Watford,Brighton,Watford,Brighton,1409.6909296833862,1513.3048388039756,1400.9396864679818,1522.05608201938,first_season_in_dataset,first_season_in_dataset,,,,,,,,0,False,False,False,0,,,
229,2021-2022,2022-02-13,Burnley,Liverpool,Burnley,Liverpool,1451.2038506715562,1599.3335594379319,1443.6873892172487,1606.8500208922394,first_season_in_dataset,first_season_in_dataset,,,,,,,,0,False,False,False,0,,,
230,2021-2022,2022-02-13,Leicester City,West Ham,Leicester City,West Ham,1486.5395602506801,1522.8627600599305,1485.8591401380768,1523.5431801725338,first_season_in_dataset,first_season_in_dataset,,,,,,,,0,False,False,False,0,,,
231,2021-2022,2022-02-13,Newcastle,Aston Villa,Newcastle,Aston Villa,1452.3557676026282,1482.3663756307437,1461.4947408214111,1473.2274024119608,first_season_in_dataset,first_season_in_dataset,,,,,,,,0,False,False,False,0,,,
232,2021-2022,2022-02-13,Tottenham,Wolves,Tottenham,Wolves,1527.7769006992639,1523.8620290497354,1515.9577577745092,1535.6811719744901,first_season_in_dataset,first_season_in_dataset,,,,,,,,0,False,False,False,0,,,
233,2021-2022,2022-02-15,Manchester Utd,Brighton,Manchester Utd,Brighton,1534.519367438319,1522.05608201938,1542.463431283441,1514.1120181742581,first_season_in_dataset,first_season_in_dataset,,,,,,,,0,False,False,False,0,,,
234,2021-2022,2022-02-19,Arsenal,Brentford,Arsenal,Brentford,1541.4617504355842,1440.7142142314208,1547.1391834753745,1435.0367811916306,first_season_in_dataset,first_season_in_dataset,,,,,,,,0,False,False,False,0,,,
235,2021-2022,2022-02-19,Aston Villa,Watford,Aston Villa,Watford,1473.2274024119608,1400.9396864679818,1459.5937757939867,1414.573313085956,first_season_in_dataset,first_season_in_dataset,,,,,,,,0,False,False,False,0,,,
236,2021-2022,2022-02-19,Brighton,Burnley,Brighton,Burnley,1514.1120181742581,1443.6873892172487,1500.5250258293081,1457.2743815621986,first_season_in_dataset,first_season_in_dataset,,,,,,,,0,False,False,False,0,,,
237,2021-2022,2022-02-19,Crystal Palace,Chelsea,Crystal Palace,Chelsea,1473.5145510677121,1570.3868694658613,1464.5718552227629,1579.3295653108105,first_season_in_dataset,first_season_in_dataset,,,,,,,,0,False,False,False,0,,,
238,2021-2022,2022-02-19,Liverpool,Norwich City,Liverpool,Norwich City,1606.8500208922394,1422.0638446729365,1610.7775339750235,1418.1363315901524,first_season_in_dataset,first_season_in_dataset,,,,,,,,0,False,False,False,0,,,
239,2021-2022,2022-02-19,Manchester City,Tottenham,Manchester City,Tottenham,1636.9194018792809,1515.9577577745092,1622.135848107908,1530.7413115458821,first_season_in_dataset,first_season_in_dataset,,,,,,,,0,False,False,False,0,,,
240,2021-2022,2022-02-19,Southampton,Everton,Southampton,Everton,1506.2862625769123,1442.8215405924293,1512.8750575844383,1436.2327455849033,first_season_in_dataset,first_season_in_dataset,,,,,,,,0,False,False,False,0,,,
241,2021-2022,2022-02-19,West Ham,Newcastle,West Ham,Newcastle,1523.5431801725338,1461.4947408214111,1520.1680456120325,1464.8698753819124,first_season_in_dataset,first_season_in_dataset,,,,,,,,0,False,False,False,0,,,
242,2021-2022,2022-02-20,Leeds United,Manchester Utd,Leeds United,Manchester Utd,1462.0156257497117,1542.463431283441,1452.6034823322489,1551.8755747009038,first_season_in_dataset,first_season_in_dataset,,,,,,,,0,False,False,False,0,,,
243,2021-2022,2022-02-20,Wolves,Leicester City,Wolves,Leicester City,1535.6811719744901,1485.8591401380768,1542.6214706963037,1478.9188414162631,first_season_in_dataset,first_season_in_dataset,,,,,,,,0,False,False,False,0,,,
244,2021-2022,2022-02-23,Burnley,Tottenham,Burnley,Tottenham,1457.2743815621986,1530.7413115458821,1467.6617969655003,1520.3538961425804,first_season_in_dataset,first_season_in_dataset,,,,,,,,0,False,False,False,0,,,
245,2021-2022,2022-02-23,Liverpool,Leeds United,Liverpool,Leeds United,1610.7775339750235,1452.6034823322489,1615.2111065506404,1448.169909756632,first_season_in_dataset,first_season_in_dataset,,,,,,,,0,False,False,False,0,,,
246,2021-2022,2022-02-23,Watford,Crystal Palace,Watford,Crystal Palace,1414.573313085956,1464.5718552227629,1404.2855274767073,1474.8596408320116,first_season_in_dataset,first_season_in_dataset,,,,,,,,0,False,False,False,0,,,
247,2021-2022,2022-02-24,Arsenal,Wolves,Arsenal,Wolves,1547.1391834753745,1542.6214706963037,1555.3032688975372,1534.457385274141,first_season_in_dataset,first_season_in_dataset,,,,,,,,0,False,False,False,0,,,
248,2021-2022,2022-02-25,Southampton,Norwich City,Southampton,Norwich City,1512.8750575844383,1418.1363315901524,1518.694168595498,1412.3172205790927,first_season_in_dataset,first_season_in_dataset,,,,,,,,0,False,False,False,0,,,
249,2021-2022,2022-02-26,Brentford,Newcastle,Brentford,Newcastle,1435.0367811916306,1464.8698753819124,1424.1706832533514,1475.7359733201915,first_season_in_dataset,first_season_in_dataset,,,,,,,,0,False,False,False,0,,,
250,2021-2022,2022-02-26,Brighton,Aston Villa,Brighton,Aston Villa,1500.5250258293081,1459.5937757939867,1487.6990442423923,1472.4197573809024,first_season_in_dataset,first_season_in_dataset,,,,,,,,0,False,False,False,0,,,
251,2021-2022,2022-02-26,Crystal Palace,Burnley,Crystal Palace,Burnley,1474.8596408320116,1467.6617969655003,1472.9492928517009,1469.572144945811,first_season_in_dataset,first_season_in_dataset,,,,,,,,0,False,False,False,0,,,
252,2021-2022,2022-02-26,Everton,Manchester City,Everton,Manchester City,1436.2327455849033,1622.135848107908,1429.7058170541452,1628.6627766386662,first_season_in_dataset,first_season_in_dataset,,,,,,,,0,False,False,False,0,,,
253,2021-2022,2022-02-26,Leeds United,Tottenham,Leeds United,Tottenham,1448.169909756632,1520.3538961425804,1438.5204493897652,1530.0033565094473,first_season_in_dataset,first_season_in_dataset,,,,,,,,0,False,False,False,0,,,
254,2021-2022,2022-02-26,Manchester Utd,Watford,Manchester Utd,Watford,1551.8755747009038,1404.2855274767073,1546.5229481120696,1409.6381540655416,first_season_in_dataset,first_season_in_dataset,,,,,,,,0,False,False,False,0,,,
255,2021-2022,2022-02-27,West Ham,Wolves,West Ham,Wolves,1520.1680456120325,1534.457385274141,1528.8599260175642,1525.7655048686092,first_season_in_dataset,first_season_in_dataset,,,,,,,,0,False,False,False,0,,,
256,2021-2022,2022-03-01,Burnley,Leicester City,Burnley,Leicester City,1469.572144945811,1478.9188414162631,1458.1244680991451,1490.366518262929,first_season_in_dataset,first_season_in_dataset,,,,,,,,0,False,False,False,0,,,
257,2021-2022,2022-03-05,Aston Villa,Southampton,Aston Villa,Southampton,1472.4197573809024,1518.694168595498,1482.0249085685582,1509.0890174078422,first_season_in_dataset,first_season_in_dataset,,,,,,,,0,False,False,False,0,,,
258,2021-2022,2022-03-05,Burnley,Chelsea,Burnley,Chelsea,1458.1244680991451,1579.3295653108105,1449.8680928576812,1587.5859405522745,first_season_in_dataset,first_season_in_dataset,,,,,,,,0,False,False,False,0,,,
259,2021-2022,2022-03-05,Leicester City,Leeds United,Leicester City,Leeds United,1490.366518262929,1438.5204493897652,1497.2541089006806,1431.6328587520136,first_season_in_dataset,first_season_in_dataset,,,,,,,,0,False,False,False,0,,,
260,2021-2022,2022-03-05,Liverpool,West Ham,Liverpool,West Ham,1615.2111065506404,1528.8599260175642,1621.2314236725185,1522.8396088956861,first_season_in_dataset,first_season_in_dataset,,,,,,,,0,False,False,False,0,,,
261,2021-2022,2022-03-05,Newcastle,Brighton,Newcastle,Brighton,1475.7359733201915,1487.6990442423923,1484.3621026255314,1479.0729149370525,first_season_in_dataset,first_season_in_dataset,,,,,,,,0,False,False,False,0,,,
262,2021-2022,2022-03-05,Norwich City,Brentford,Norwich City,Brentford,1412.3172205790927,1424.1706832533514,1400.9402547868183,1435.5476490456258,first_season_in_dataset,first_season_in_dataset,,,,,,,,0,False,False,False,0,,,
263,2021-2022,2022-03-05,Wolves,Crystal Palace,Wolves,Crystal Palace,1525.7655048686092,1472.9492928517009,1512.6278994281627,1486.0868982921475,first_season_in_dataset,first_season_in_dataset,,,,,,,,0,False,False,False,0,,,
264,2021-2022,2022-03-06,Manchester City,Manchester Utd,Manchester City,Manchester Utd,1628.6627766386662,1546.5229481120696,1634.7855981850037,1540.4001265657321,first_season_in_dataset,first_season_in_dataset,,,,,,,,0,False,False,False,0,,,
265,2021-2022,2022-03-06,Watford,Arsenal,Watford,Arsenal,1409.6381540655416,1555.3032688975372,1402.0550148960069,1562.8864080670719,first_season_in_dataset,first_season_in_dataset,,,,,,,,0,False,False,False,0,,,
266,2021-2022,2022-03-07,Tottenham,Everton,Tottenham,Everton,1530.0033565094473,1429.7058170541452,1535.6913273729183,1424.0178461906742,first_season_in_dataset,first_season_in_dataset,,,,,,,,0,False,False,False,0,,,
267,2021-2022,2022-03-10,Leeds United,Aston Villa,Leeds United,Aston Villa,1431.6328587520136,1482.0249085685582,1421.356390187962,1492.3013771326098,first_season_in_dataset,first_season_in_dataset,,,,,,,,0,False,False,False,0,,,
268,2021-2022,2022-03-10,Norwich City,Chelsea,Norwich City,Chelsea,1400.9402547868183,1587.5859405522745,1394.4321074585537,1594.0940878805391,first_season_in_dataset,first_season_in_dataset,,,,,,,,0,False,False,False,0,,,
269,2021-2022,2022-03-10,Southampton,Newcastle,Southampton,Newcastle,1509.0890174078422,1484.3621026255314,1496.6975993517663,1496.7535206816074,first_season_in_dataset,first_season_in_dataset,,,,,,,,0,False,False,False,0,,,
270,2021-2022,2022-03-10,Wolves,Watford,Wolves,Watford,1512.6278994281627,1402.0550148960069,1518.0782123891393,1396.6047019350303,first_season_in_dataset,first_season_in_dataset,,,,,,,,0,False,False,False,0,,,
271,2021-2022,2022-03-12,Brentford,Burnley,Brentford,Burnley,1435.5476490456258,1449.8680928576812,1444.2404093915593,1441.1753325117477,first_season_in_dataset,first_season_in_dataset,,,,,,,,0,False,False,False,0,,,
272,2021-2022,2022-03-12,Brighton,Liverpool,Brighton,Liverpool,1479.0729149370525,1621.2314236725185,1471.3945138301667,1628.9098247794043,first_season_in_dataset,first_season_in_dataset,,,,,,,,0,False,False,False,0,,,
273,2021-2022,2022-03-12,Manchester Utd,Tottenham,Manchester Utd,Tottenham,1540.4001265657321,1535.6913273729183,1548.5588979948714,1527.532555943779,first_season_in_dataset,first_season_in_dataset,,,,,,,,0,False,False,False,0,,,
274,2021-2022,2022-03-13,Arsenal,Leicester City,Arsenal,Leicester City,1562.8864080670719,1497.2541089006806,1569.4201926278181,1490.7203243399345,first_season_in_dataset,first_season_in_dataset,,,,,,,,0,False,False,False,0,,,
275,2021-2022,2022-03-13,Chelsea,Newcastle,Chelsea,Newcastle,1594.0940878805391,1496.7535206816074,1599.8515960325722,1490.9960125295743,first_season_in_dataset,first_season_in_dataset,,,,,,,,0,False,False,False,0,,,
276,2021-2022,2022-03-13,Everton,Wolves,Everton,Wolves,1424.0178461906742,1518.0782123891393,1414.9950538241401,1527.1010047556733,first_season_in_dataset,first_season_in_dataset,,,,,,,,0,False,False,False,0,,,
277,2021-2022,2022-03-13,Leeds United,Norwich City,Leeds United,Norwich City,1421.356390187962,1394.4321074585537,1428.905434565364,1386.8830630811517,first_season_in_dataset,first_season_in_dataset,,,,,,,,0,False,False,False,0,,,
278,2021-2022,2022-03-13,Southampton,Watford,Southampton,Watford,1496.6975993517663,1396.6047019350303,1482.3903663281228,1410.9119349586738,first_season_in_dataset,first_season_in_dataset,,,,,,,,0,False,False,False,0,,,
279,2021-2022,2022-03-13,West Ham,Aston Villa,West Ham,Aston Villa,1522.8396088956861,1492.3013771326098,1530.2911361295769,1484.849849898719,first_season_in_dataset,first_season_in_dataset,,,,,,,,0,False,False,False,0,,,
280,2021-2022,2022-03-14,Crystal Palace,Manchester City,Crystal Palace,Manchester City,1486.0868982921475,1634.7855981850037,1488.5857973375828,1632.2866991395683,first_season_in_dataset,first_season_in_dataset,,,,,,,,0,False,False,False,0,,,
281,2021-2022,2022-03-16,Arsenal,Liverpool,Arsenal,Liverpool,1569.4201926278181,1628.9098247794043,1559.4055030708878,1638.9245143363346,first_season_in_dataset,first_season_in_dataset,,,,,,,,0,False,False,False,0,,,
282,2021-2022,2022-03-16,Brighton,Tottenham,Brighton,Tottenham,1471.3945138301667,1527.532555943779,1461.2833623247313,1537.6437074492144,first_season_in_dataset,first_season_in_dataset,,,,,,,,0,False,False,False,0,,,
283,2021-2022,2022-03-17,Everton,Newcastle,Everton,Newcastle,1414.9950538241401,1490.9960125295743,1425.4552731054114,1480.535793248303,first_season_in_dataset,first_season_in_dataset,,,,,,,,0,False,False,False,0,,,
284,2021-2022,2022-03-18,Wolves,Leeds United,Wolves,Leeds United,1527.1010047556733,1428.905434565364,1512.838354333122,1443.1680849879153,first_season_in_dataset,first_season_in_dataset,,,,,,,,0,False,False,False,0,,,
285,2021-2022,2022-03-19,Aston Villa,Arsenal,Aston Villa,Arsenal,1484.849849898719,1559.4055030708878,1475.2685503415285,1568.9868026280783,first_season_in_dataset,first_season_in_dataset,,,,,,,,0,False,False,False,0,,,
286,2021-2022,2022-03-20,Leicester City,Brentford,Leicester City,Brentford,1490.7203243399345,1444.2404093915593,1497.7480661381442,1437.2126675933496,first_season_in_dataset,first_season_in_dataset,,,,,,,,0,False,False,False,0,,,
287,2021-2022,2022-03-20,Tottenham,West Ham,Tottenham,West Ham,1537.6437074492144,1530.2911361295769,1545.7290689443221,1522.2057746344692,first_season_in_dataset,first_season_in_dataset,,,,,,,,0,False,False,False,0,,,
288,2021-2022,2022-04-02,Brighton,Norwich City,Brighton,Norwich City,1461.2833623247313,1386.8830630811517,1457.5970759047987,1390.5693495010844,first_season_in_dataset,first_season_in_dataset,,,,,,,,0,False,False,False,0,,,
289,2021-2022,2022-04-02,Burnley,Manchester City,Burnley,Manchester City,1441.1753325117477,1632.2866991395683,1434.7795353488841,1638.6824963024319,first_season_in_dataset,first_season_in_dataset,,,,,,,,0,False,False,False,0,,,
290,2021-2022,2022-04-02,Chelsea,Brentford,Chelsea,Brentford,1599.8515960325722,1437.2126675933496,1584.1971126798489,1452.8671509460728,first_season_in_dataset,first_season_in_dataset,,,,,,,,0,False,False,False,0,,,
291,2021-2022,2022-04-02,Leeds United,Southampton,Leeds United,Southampton,1443.1680849879153,1482.3903663281228,1442.5707660880132,1482.9876852280249,first_season_in_dataset,first_season_in_dataset,,,,,,,,0,False,False,False,0,,,
292,2021-2022,2022-04-02,Liverpool,Watford,Liverpool,Watford,1638.9245143363346,1410.9119349586738,1642.1253057544914,1407.711143540517,first_season_in_dataset,first_season_in_dataset,,,,,,,,0,False,False,False,0,,,
293,2021-2022,2022-04-02,Manchester Utd,Leicester City,Manchester Utd,Leicester City,1548.5588979948714,1497.7480661381442,1545.4734236326908,1500.8335405003247,first_season_in_dataset,first_season_in_dataset,,,,,,,,0,False,False,False,0,,,
294,2021-2022,2022-04-02,Wolves,Aston Villa,Wolves,Aston Villa,1512.838354333122,1475.2685503415285,1520.1016375813012,1468.0052670933492,first_season_in_dataset,first_season_in_dataset,,,,,,,,0,False,False,False,0,,,
295,2021-2022,2022-04-03,Tottenham,Newcastle,Tottenham,Newcastle,1545.7290689443221,1480.535793248303,1552.2739762976323,1473.9908858949927,first_season_in_dataset,first_season_in_dataset,,,,,,,,0,False,False,False,0,,,
296,2021-2022,2022-04-03,West Ham,Everton,West Ham,Everton,1522.2057746344692,1425.4552731054114,1527.977219462525,1419.6838282773556,first_season_in_dataset,first_season_in_dataset,,,,,,,,0,False,False,False,0,,,
297,2021-2022,2022-04-04,Crystal Palace,Arsenal,Crystal Palace,Arsenal,1488.5857973375828,1568.9868026280783,1499.172311545185,1558.400288420476,first_season_in_dataset,first_season_in_dataset,,,,,,,,0,False,False,False,0,,,
298,2021-2022,2022-04-06,Burnley,Everton,Burnley,Everton,1434.7795353488841,1419.6838282773556,1442.6511488354874,1411.8122147907523,first_season_in_dataset,first_season_in_dataset,,,,,,,,0,False,False,False,0,,,
299,2021-2022,2022-04-08,Newcastle,Wolves,Newcastle,Wolves,1473.9908858949927,1520.1016375813012,1483.5913340145257,1510.5011894617683,first_season_in_dataset,first_season_in_dataset,,,,,,,,0,False,False,False,0,,,
300,2021-2022,2022-04-09,Arsenal,Brighton,Arsenal,Brighton,1558.400288420476,1457.5970759047987,1544.0764184766522,1471.9209458486225,first_season_in_dataset,first_season_in_dataset,,,,,,,,0,False,False,False,0,,,
301,2021-2022,2022-04-09,Aston Villa,Tottenham,Aston Villa,Tottenham,1468.0052670933492,1552.2739762976323,1458.7026428607435,1561.576600530238,first_season_in_dataset,first_season_in_dataset,,,,,,,,0,False,False,False,0,,,
302,2021-2022,2022-04-09,Everton,Manchester Utd,Everton,Manchester Utd,1411.8122147907523,1545.4734236326908,1423.9011490472985,1533.3844893761445,first_season_in_dataset,first_season_in_dataset,,,,,,,,0,False,False,False,0,,,
303,2021-2022,2022-04-09,Southampton,Chelsea,Southampton,Chelsea,1482.9876852280249,1584.1971126798489,1474.1682568309009,1593.016541076973,first_season_in_dataset,first_season_in_dataset,,,,,,,,0,False,False,False,0,,,
304,2021-2022,2022-04-09,Watford,Leeds United,Watford,Leeds United,1407.711143540517,1442.5707660880132,1396.9888055782747,1453.2931040502556,first_season_in_dataset,first_season_in_dataset,,,,,,,,0,False,False,False,0,,,
305,2021-2022,2022-04-10,Brentford,West Ham,Brentford,West Ham,1452.8671509460728,1527.977219462525,1463.3017796926238,1517.542590715974,first_season_in_dataset,first_season_in_dataset,,,,,,,,0,False,False,False,0,,,
306,2021-2022,2022-04-10,Leicester City,Crystal Palace,Leicester City,Crystal Palace,1500.8335405003247,1499.172311545185,1509.0771892724922,1490.9286627730175,first_season_in_dataset,first_season_in_dataset,,,,,,,,0,False,False,False,0,,,
307,2021-2022,2022-04-10,Manchester City,Liverpool,Manchester City,Liverpool,1638.6824963024319,1642.1253057544914,1637.068877404467,1643.7389246524563,first_season_in_dataset,first_season_in_dataset,,,,,,,,0,False,False,False,0,,,
308,2021-2022,2022-04-10,Norwich City,Burnley,Norwich City,Burnley,1390.5693495010844,1442.6511488354874,1400.3414848157156,1432.8790135208562,first_season_in_dataset,first_season_in_dataset,,,,,,,,0,False,False,False,0,,,
309,2021-2022,2022-04-16,Manchester Utd,Norwich City,Manchester Utd,Norwich City,1533.3844893761445,1400.3414848157156,1538.3372669909934,1395.3887072008667,first_season_in_dataset,first_season_in_dataset,,,,,,,,0,False,False,False,0,,,
310,2021-2022,2022-04-16,Southampton,Arsenal,Southampton,Arsenal,1474.1682568309009,1544.0764184766522,1484.4533593624503,1533.7913159451027,first_season_in_dataset,first_season_in_dataset,,,,,,,,0,False,False,False,0,,,
311,2021-2022,2022-04-16,Tottenham,Brighton,Tottenham,Brighton,1561.576600530238,1471.9209458486225,1547.5171749475539,1485.9803714313066,first_season_in_dataset,first_season_in_dataset,,,,,,,,0,False,False,False,0,,,
312,2021-2022,2022-04-16,Watford,Brentford,Watford,Brentford,1396.9888055782747,1463.3017796926238,1387.1704875853379,1473.1200976855605,first_season_in_dataset,first_season_in_dataset,,,,,,,,0,False,False,False,0,,,
313,2021-2022,2022-04-17,Newcastle,Leicester City,Newcastle,Leicester City,1483.5913340145257,1509.0771892724922,1492.6011919649584,1500.0673313220595,first_season_in_dataset,first_season_in_dataset,,,,,,,,0,False,False,False,0,,,
314,2021-2022,2022-04-17,West Ham,Burnley,West Ham,Burnley,1517.542590715974,1432.8790135208562,1513.6038668686749,1436.8177373681553,first_season_in_dataset,first_season_in_dataset,,,,,,,,0,False,False,False,0,,,
315,2021-2022,2022-04-19,Liverpool,Manchester Utd,Liverpool,Manchester Utd,1643.7389246524563,1538.3372669909934,1649.3080640392334,1532.7681276042163,first_season_in_dataset,first_season_in_dataset,,,,,,,,0,False,False,False,0,,,
316,2021-2022,2022-04-20,Chelsea,Arsenal,Chelsea,Arsenal,1593.016541076973,1533.7913159451027,1579.7136049705161,1547.0942520515596,first_season_in_dataset,first_season_in_dataset,,,,,,,,0,False,False,False,0,,,
317,2021-2022,2022-04-20,Everton,Leicester City,Everton,Leicester City,1423.9011490472985,1500.0673313220595,1424.366113668684,1499.6023667006741,first_season_in_dataset,first_season_in_dataset,,,,,,,,0,False,False,False,0,,,
318,2021-2022,2022-04-20,Manchester City,Brighton,Manchester City,Brighton,1637.068877404467,1485.9803714313066,1641.6447939999989,1481.4044548357747,first_season_in_dataset,first_season_in_dataset,,,,,,,,0,False,False,False,0,,,
319,2021-2022,2022-04-20,Newcastle,Crystal Palace,Newcastle,Crystal Palace,1492.6011919649584,1490.9286627730175,1500.8445255250858,1482.6853292128901,first_season_in_dataset,first_season_in_dataset,,,,,,,,0,False,False,False,0,,,
320,2021-2022,2022-04-21,Burnley,Southampton,Burnley,Southampton,1436.8177373681553,1484.4533593624503,1446.4620121216221,1474.8090846089835,first_season_in_dataset,first_season_in_dataset,,,,,,,,0,False,False,False,0,,,
321,2021-2022,2022-04-23,Arsenal,Manchester Utd,Arsenal,Manchester Utd,1547.0942520515596,1532.7681276042163,1554.9870224282108,1524.875357227565,first_season_in_dataset,first_season_in_dataset,,,,,,,,0,False,False,False,0,,,
322,2021-2022,2022-04-23,Brentford,Tottenham,Brentford,Tottenham,1473.1200976855605,1547.5171749475539,1473.5342418614987,1547.1030307716157,first_season_in_dataset,first_season_in_dataset,,,,,,,,0,False,False,False,0,,,
323,2021-2022,2022-04-23,Leicester City,Aston Villa,Leicester City,Aston Villa,1499.6023667006741,1458.7026428607435,1496.7772200657389,1461.5277894956787,first_season_in_dataset,first_season_in_dataset,,,,,,,,0,False,False,False,0,,,
324,2021-2022,2022-04-23,Manchester City,Watford,Manchester City,Watford,1641.6447939999989,1387.1704875853379,1644.4569290121647,1384.3583525731722,first_season_in_dataset,first_season_in_dataset,,,,,,,,0,False,False,False,0,,,
325,2021-2022,2022-04-23,Norwich City,Newcastle,Norwich City,Newcastle,1395.3887072008667,1500.8445255250858,1386.6896166758909,1509.5436160500617,first_season_in_dataset,first_season_in_dataset,,,,,,,,0,False,False,False,0,,,
326,2021-2022,2022-04-24,Brighton,Southampton,Brighton,Southampton,1481.4044548357747,1474.8090846089835,1479.5108201280966,1476.7027193166616,first_season_in_dataset,first_season_in_dataset,,,,,,,,0,False,False,False,0,,,
327,2021-2022,2022-04-24,Burnley,Wolves,Burnley,Wolves,1446.4620121216221,1510.5011894617683,1456.5782637534201,1500.3849378299703,first_season_in_dataset,first_season_in_dataset,,,,,,,,0,False,False,False,0,,,
328,2021-2022,2022-04-24,Chelsea,West Ham,Chelsea,West Ham,1579.7136049705161,1513.6038668686749,1586.2353045267714,1507.0821673124196,first_season_in_dataset,first_season_in_dataset,,,,,,,,0,False,False,False,0,,,
329,2021-2022,2022-04-24,Liverpool,Everton,Liverpool,Everton,1649.3080640392334,1424.366113668684,1652.55666399661,1421.1175137113073,first_season_in_dataset,first_season_in_dataset,,,,,,,,0,False,False,False,0,,,
330,2021-2022,2022-04-25,Crystal Palace,Leeds United,Crystal Palace,Leeds United,1482.6853292128901,1453.2931040502556,1480.1677247412235,1455.8107085219222,first_season_in_dataset,first_season_in_dataset,,,,,,,,0,False,False,False,0,,,
331,2021-2022,2022-04-28,Manchester Utd,Chelsea,Manchester Utd,Chelsea,1524.875357227565,1586.2353045267714,1524.9144994573921,1586.1961622969443,first_season_in_dataset,first_season_in_dataset,,,,,,,,0,False,False,False,0,,,
332,2021-2022,2022-04-30,Aston Villa,Norwich City,Aston Villa,Norwich City,1461.5277894956787,1386.6896166758909,1467.8306177108532,1380.3867884607164,first_season_in_dataset,first_season_in_dataset,,,,,,,,0,False,False,False,0,,,
333,2021-2022,2022-04-30,Leeds United,Manchester City,Leeds United,Manchester City,1455.8107085219222,1644.4569290121647,1449.3530184523447,1650.9146190817421,first_season_in_dataset,first_season_in_dataset,,,,,,,,0,False,False,False,0,,,
334,2021-2022,2022-04-30,Newcastle,Liverpool,Newcastle,Liverpool,1509.5436160500617,1652.55666399661,1501.8884715723273,1660.2118084743445,first_season_in_dataset,first_season_in_dataset,,,,,,,,0,False,False,False,0,,,
335,2021-2022,2022-04-30,Southampton,Crystal Palace,Southampton,Crystal Palace,1476.7027193166616,1480.1677247412235,1465.0897226423565,1491.7807214155287,first_season_in_dataset,first_season_in_dataset,,,,,,,,0,False,False,False,0,,,
336,2021-2022,2022-04-30,Watford,Burnley,Watford,Burnley,1384.3583525731722,1456.5782637534201,1374.7099249306989,1466.2266913958933,first_season_in_dataset,first_season_in_dataset,,,,,,,,0,False,False,False,0,,,
337,2021-2022,2022-04-30,Wolves,Brighton,Wolves,Brighton,1500.3849378299703,1479.5108201280966,1488.0983440704208,1491.7974138876461,first_season_in_dataset,first_season_in_dataset,,,,,,,,0,False,False,False,0,,,
338,2021-2022,2022-05-01,Everton,Chelsea,Everton,Chelsea,1421.1175137113073,1586.1961622969443,1434.0529593250963,1573.2607166831554,first_season_in_dataset,first_season_in_dataset,,,,,,,,0,False,False,False,0,,,
339,2021-2022,2022-05-01,Tottenham,Leicester City,Tottenham,Leicester City,1547.1030307716157,1496.7772200657389,1554.0301928588951,1489.8500579784595,first_season_in_dataset,first_season_in_dataset,,,,,,,,0,False,False,False,0,,,
340,2021-2022,2022-05-01,West Ham,Arsenal,West Ham,Arsenal,1507.0821673124196,1554.9870224282108,1496.7341816240225,1565.3350081166079,first_season_in_dataset,first_season_in_dataset,,,,,,,,0,False,False,False,0,,,
341,2021-2022,2022-05-02,Manchester Utd,Brentford,Manchester Utd,Brentford,1524.9144994573921,1473.5342418614987,1531.8142035082535,1466.6345378106373,first_season_in_dataset,first_season_in_dataset,,,,,,,,0,False,False,False,0,,,
342,2021-2022,2022-05-07,Brentford,Southampton,Brentford,Southampton,1466.6345378106373,1465.0897226423565,1474.8814340718393,1456.8428263811545,first_season_in_dataset,first_season_in_dataset,,,,,,,,0,False,False,False,0,,,
343,2021-2022,2022-05-07,Brighton,Manchester Utd,Brighton,Manchester Utd,1491.7974138876461,1531.8142035082535,1501.2228842574768,1522.3887331384228,first_season_in_dataset,first_season_in_dataset,,,,,,,,0,False,False,False,0,,,
344,2021-2022,2022-05-07,Burnley,Aston Villa,Burnley,Aston Villa,1466.2266913958933,1467.8306177108532,1454.5615677582987,1479.4957413484478,first_season_in_dataset,first_season_in_dataset,,,,,,,,0,False,False,False,0,,,
345,2021-2022,2022-05-07,Chelsea,Wolves,Chelsea,Wolves,1573.2607166831554,1488.0983440704208,1569.3098704128147,1492.0491903407615,first_season_in_dataset,first_season_in_dataset,,,,,,,,0,False,False,False,0,,,
346,2021-2022,2022-05-07,Crystal Palace,Watford,Crystal Palace,Watford,1491.7807214155287,1374.7099249306989,1497.0839912894508,1369.4066550567768,first_season_in_dataset,first_season_in_dataset,,,,,,,,0,False,False,False,0,,,
347,2021-2022,2022-05-07,Liverpool,Tottenham,Liverpool,Tottenham,1660.2118084743445,1554.0301928588951,1655.7629241294612,1558.4790772037784,first_season_in_dataset,first_season_in_dataset,,,,,,,,0,False,False,False,0,,,
348,2021-2022,2022-05-08,Arsenal,Leeds United,Arsenal,Leeds United,1565.3350081166079,1449.3530184523447,1570.6627392749867,1444.0252872939659,first_season_in_dataset,first_season_in_dataset,,,,,,,,0,False,False,False,0,,,
349,2021-2022,2022-05-08,Leicester City,Everton,Leicester City,Everton,1489.8500579784595,1434.0529593250963,1476.6353116030089,1447.2677057005469,first_season_in_dataset,first_season_in_dataset,,,,,,,,0,False,False,False,0,,,
350,2021-2022,2022-05-08,Manchester City,Newcastle,Manchester City,Newcastle,1650.9146190817421,1501.8884715723273,1655.5325660033393,1497.2705246507301,first_season_in_dataset,first_season_in_dataset,,,,,,,,0,False,False,False,0,,,
351,2021-2022,2022-05-08,Norwich City,West Ham,Norwich City,West Ham,1380.3867884607164,1496.7341816240225,1371.9945255593698,1505.1264445253692,first_season_in_dataset,first_season_in_dataset,,,,,,,,0,False,False,False,0,,,
352,2021-2022,2022-05-10,Aston Villa,Liverpool,Aston Villa,Liverpool,1479.4957413484478,1655.7629241294612,1472.7226142689142,1662.5360512089949,first_season_in_dataset,first_season_in_dataset,,,,,,,,0,False,False,False,0,,,
353,2021-2022,2022-05-11,Leeds United,Chelsea,Leeds United,Chelsea,1444.0252872939659,1569.3098704128147,1435.8825215353663,1577.4526361714143,first_season_in_dataset,first_season_in_dataset,,,,,,,,0,False,False,False,0,,,
354,2021-2022,2022-05-11,Leicester City,Norwich City,Leicester City,Norwich City,1476.6353116030089,1371.9945255593698,1482.2220682484035,1366.4077689139751,first_season_in_dataset,first_season_in_dataset,,,,,,,,0,False,False,False,0,,,
355,2021-2022,2022-05-11,Watford,Everton,Watford,Everton,1369.4066550567768,1447.2677057005469,1369.9202850235322,1446.7540757337915,first_season_in_dataset,first_season_in_dataset,,,,,,,,0,False,False,False,0,,,
356,2021-2022,2022-05-11,Wolves,Manchester City,Wolves,Manchester City,1492.0491903407615,1655.5325660033393,1484.9426204526185,1662.6391358914823,first_season_in_dataset,first_season_in_dataset,,,,,,,,0,False,False,False,0,,,
357,2021-2022,2022-05-12,Tottenham,Arsenal,Tottenham,Arsenal,1558.4790772037784,1570.6627392749867,1567.1114363343208,1562.0303801444443,first_season_in_dataset,first_season_in_dataset,,,,,,,,0,False,False,False,0,,,
358,2021-2022,2022-05-15,Aston Villa,Crystal Palace,Aston Villa,Crystal Palace,1472.7226142689142,1497.0839912894508,1471.7004348138289,1498.106170744536,first_season_in_dataset,first_season_in_dataset,,,,,,,,0,False,False,False,0,,,
359,2021-2022,2022-05-15,Everton,Brentford,Everton,Brentford,1446.7540757337915,1474.8814340718393,1435.8392721470502,1485.7962376585806,first_season_in_dataset,first_season_in_dataset,,,,,,,,0,False,False,False,0,,,
360,2021-2022,2022-05-15,Leeds United,Brighton,Leeds United,Brighton,1435.8825215353663,1501.2228842574768,1436.0362174263564,1501.0691883664867,first_season_in_dataset,first_season_in_dataset,,,,,,,,0,False,False,False,0,,,
361,2021-2022,2022-05-15,Tottenham,Burnley,Tottenham,Burnley,1567.1114363343208,1454.5615677582987,1572.5167426747821,1449.1562614178374,first_season_in_dataset,first_season_in_dataset,,,,,,,,0,False,False,False,0,,,
362,2021-2022,2022-05-15,Watford,Leicester City,Watford,Leicester City,1369.9202850235322,1482.2220682484035,1361.4143823158197,1490.727970956116,first_season_in_dataset,first_season_in_dataset,,,,,,,,0,False,False,False,0,,,
363,2021-2022,2022-05-15,West Ham,Manchester City,West Ham,Manchester City,1505.1264445253692,1662.6391358914823,1507.8616404921465,1659.9039399247049,first_season_in_dataset,first_season_in_dataset,,,,,,,,0,False,False,False,0,,,
364,2021-2022,2022-05-15,Wolves,Norwich City,Wolves,Norwich City,1484.9426204526185,1366.4077689139751,1480.2131120354773,1371.1372773311164,first_season_in_dataset,first_season_in_dataset,,,,,,,,0,False,False,False,0,,,
365,2021-2022,2022-05-16,Newcastle,Arsenal,Newcastle,Arsenal,1497.2705246507301,1562.0303801444443,1507.4075157340696,1551.8933890611047,first_season_in_dataset,first_season_in_dataset,,,,,,,,0,False,False,False,0,,,
366,2021-2022,2022-05-17,Southampton,Liverpool,Southampton,Liverpool,1456.8428263811545,1662.5360512089949,1450.8065590657145,1668.5723185244349,first_season_in_dataset,first_season_in_dataset,,,,,,,,0,False,False,False,0,,,
367,2021-2022,2022-05-19,Aston Villa,Burnley,Aston Villa,Burnley,1471.7004348138289,1449.1562614178374,1469.368336597018,1451.4883596346483,first_season_in_dataset,first_season_in_dataset,,,,,,,,0,False,False,False,0,,,
368,2021-2022,2022-05-19,Chelsea,Leicester City,Chelsea,Leicester City,1577.4526361714143,1490.727970956116,1573.4639099448766,1494.7166971826537,first_season_in_dataset,first_season_in_dataset,,,,,,,,0,False,False,False,0,,,
369,2021-2022,2022-05-19,Everton,Crystal Palace,Everton,Crystal Palace,1435.8392721470502,1498.106170744536,1445.9045178076651,1488.0409250839211,first_season_in_dataset,first_season_in_dataset,,,,,,,,0,False,False,False,0,,,
370,2021-2022,2022-05-22,Arsenal,Everton,Arsenal,Everton,1551.8933890611047,1445.9045178076651,1557.4489554245206,1440.3489514442492,first_season_in_dataset,first_season_in_dataset,,,,,,,,0,False,False,False,0,,,
371,2021-2022,2022-05-22,Brentford,Leeds United,Brentford,Leeds United,1485.7962376585806,1436.0362174263564,1472.7381542137603,1449.0943008711768,first_season_in_dataset,first_season_in_dataset,,,,,,,,0,False,False,False,0,,,
372,2021-2022,2022-05-22,Brighton,West Ham,Brighton,West Ham,1501.0691883664867,1507.8616404921465,1509.5496130212864,1499.3812158373469,first_season_in_dataset,first_season_in_dataset,,,,,,,,0,False,False,False,0,,,
373,2021-2022,2022-05-22,Burnley,Newcastle,Burnley,Newcastle,1451.4883596346483,1507.4075157340696,1441.3709089065896,1517.5249664621283,first_season_in_dataset,first_season_in_dataset,,,,,,,,0,False,False,False,0,,,
374,2021-2022,2022-05-22,Chelsea,Watford,Chelsea,Watford,1573.4639099448766,1361.4143823158197,1576.9195345435353,1357.958757717161,first_season_in_dataset,first_season_in_dataset,,,,,,,,0,False,False,False,0,,,
375,2021-2022,2022-05-22,Crystal Palace,Manchester Utd,Crystal Palace,Manchester Utd,1488.0409250839211,1522.3887331384228,1497.3039343495157,1513.1257238728285,first_season_in_dataset,first_season_in_dataset,,,,,,,,0,False,False,False,0,,,
376,2021-2022,2022-05-22,Leicester City,Southampton,Leicester City,Southampton,1494.7166971826537,1450.8065590657145,1501.8120162070313,1443.7112400413369,first_season_in_dataset,first_season_in_dataset,,,,,,,,0,False,False,False,0,,,
377,2021-2022,2022-05-22,Liverpool,Wolves,Liverpool,Wolves,1668.5723185244349,1480.2131120354773,1672.4353190600732,1476.3501114998389,first_season_in_dataset,first_season_in_dataset,,,,,,,,0,False,False,False,0,,,
378,2021-2022,2022-05-22,Manchester City,Aston Villa,Manchester City,Aston Villa,1659.9039399247049,1469.368336597018,1663.7280413816825,1465.5442351400404,first_season_in_dataset,first_season_in_dataset,,,,,,,,0,False,False,False,0,,,
379,2021-2022,2022-05-22,Norwich City,Tottenham,Norwich City,Tottenham,1371.1372773311164,1572.5167426747821,1364.9958448782847,1578.6581751276137,first_season_in_dataset,first_season_in_dataset,,,,,,,,0,False,False,False,0,,,
380,2022-2023,2022-08-05,Crystal Palace,Arsenal,Crystal Palace,Arsenal,1497.9779507621367,1543.0867165683903,1487.5496088468633,1553.5150584836638,continuing,continuing,1.2092119427744785,1.2308870079512304,0.90146248758678438,1.2564637491297443,0.97964386859849395,1.1753343837792352,-0.014992741164636749,380,True,True,True,-45.108765806253587,-0.35500126154295997,-0.19569051518074121,2.4400989507257087
381,2022-2023,2022-08-06,Bournemouth,Aston Villa,Bournemouth,Aston Villa,1500,1474.1581763550303,1507.5783507595029,1466.5798255955274,new_to_dataset,continuing,1.3732743246234289,1.0374444145845902,1,1.0374444145845902,1,1.2032724496469236,-0.014992741164636749,380,True,False,True,25.841823644969736,-0.037444414584590247,-0.20327244964692359,2.4107187392080194
382,2022-2023,2022-08-06,Everton,Chelsea,Everton,Chelsea,1455.261713583187,1557.6896509076514,1446.4768534556288,1566.4745110352096,continuing,continuing,0.91146157443381903,2.0535469103675679,0.84942479760771816,1.3544012842015904,1.516202719475505,0.9401996857564614,-0.014992741164636749,380,True,True,True,-102.42793732446444,-0.50497648659387229,0.5760030337190436,2.9650084848013867
383,2022-2023,2022-08-06,Fulham,Liverpool,Fulham,Liverpool,1500,1629.3264892950549,1501.9693096647311,1627.3571796303238,new_to_dataset,continuing,0.65195031965058103,1.6995684272054559,1,1.6995684272054559,1,0.57124337367128974,-0.014992741164636749,380,True,False,True,-129.3264892950549,-0.69956842720545587,0.42875662632871026,2.351518746856037
384,2022-2023,2022-08-06,Leeds United,Wolves,Leeds United,Wolves,1461.8207256533826,1482.2625836248792,1470.6870454045722,1473.3962638736896,continuing,continuing,1.1542558327671797,1.4140296902479106,0.84938597198805754,0.79848357408178305,1.7708938995695376,1.1907035994039419,-0.014992741164636749,380,True,True,True,-20.441857971496574,0.050902397906274488,0.5801903001655957,2.5682855230150903
385,2022-2023,2022-08-06,Newcastle,Nottingham,Newcastle,Nottingham,1513.1437248465963,1500,1521.0690394611331,1492.0746853854632,continuing,new_to_dataset,1.0634702759034462,1.2134830512611752,0.93182000206981652,1,1.2134830512611752,1,-0.014992741164636749,380,True,True,False,13.143724846596342,-0.068179997930183478,0.21348305126117517,2.2769533271646214
386,2022-2023,2022-08-06,Tottenham,Southampton,Tottenham,Southampton,1558.9936313457104,1457.7834300310026,1564.6602421953035,1452.1168191814095,continuing,continuing,3.0415211585244406,0.69680430218251621,1.5500930847513028,0.85110940355718445,0.81870121428601894,1.7192527827995747,-0.014992741164636749,380,True,True,True,101.21020131470777,0.69898368119411836,-0.90055156851355578,3.7383254607069567
387,2022-2023,2022-08-07,Leicester City,Brentford,Leicester City,Brentford,1501.3590121552734,1479.5536156603202,1499.0470311270531,1481.8655966885406,continuing,continuing,1.828479770923666,1.2525122417980057,1.2364164907542816,0.98039934248561356,1.2775531230187307,1.2957823016592254,-0.014992741164636749,380,True,True,True,21.805396494953129,0.25601714826866806,-0.01822917864049467,3.0809920127216719
388,2022-2023,2022-08-07,Manchester Utd,Brighton,Manchester Utd,Brighton,1509.8442929046214,1507.1622097659647,1498.0594802850223,1518.9470223855637,continuing,continuing,1.1913385340643783,1.2821864900770152,1.0433676065776929,0.92129499945083482,1.3917219683611661,1.000471019598459,-0.014992741164636749,380,True,True,True,2.6820831386567079,0.12207260712685808,0.39125094876270716,2.4735250241413933
389,2022-2023,2022-08-07,West Ham,Manchester City,West Ham,Manchester City,1499.5359118780102,1622.7960310362619,1491.336826927487,1630.9951159867851,continuing,continuing,0.92702466970771169,2.516595452993978,1.1101074607634682,2.0674226045612607,1.2172622314575297,0.73169981112715465,-0.014992741164636749,380,True,True,True,-123.26011915825165,-0.95731514379779248,0.485562420330375,3.4436201227016898
390,2022-2023,2022-08-13,Arsenal,Leicester City,Arsenal,Leicester City,1553.5150584836638,1499.0470311270531,1560.3346545510994,1492.2274350596174,continuing,continuing,1.8319864546006561,1.4532028142551681,1.2564637491297443,1.2364164907542816,1.1753343837792352,1.2775531230187307,-0.014992741164636749,380,True,True,True,41.727704413116953,0.020047258375462729,-0.10221873923949554,3.2851892688558242
391,2022-2023,2022-08-13,Aston Villa,Everton,Aston Villa,Everton,1466.5798255955274,1446.4768534556288,1474.3142773493296,1438.7424017018266,continuing,continuing,1.7952107299710398,1.0220894570082812,1.0374444145845902,0.84942479760771816,1.2032724496469236,1.516202719475505,-0.014992741164636749,380,True,True,True,18.896462771843289,0.18801961697687208,-0.31293026982858141,2.8173001869793213
392,2022-2023,2022-08-13,Brentford,Manchester Utd,Brentford,Manchester Utd,1481.8655966885406,1498.0594802850223,1490.6113943786947,1489.3136825948682,continuing,continuing,1.5572158704021772,1.3519772787279201,0.98039934248561356,1.0433676065776929,1.2957823016592254,1.3917219683611661,-0.014992741164636749,380,True,True,True,-30.29067724430115,-0.06296826409207934,-0.095939666701940762,2.9091931491300973
393,2022-2023,2022-08-13,Brighton,Newcastle,Brighton,Newcastle,1518.9470223855637,1521.0690394611331,1517.296400737401,1522.7196611092959,continuing,continuing,1.2759267896579647,0.93225890755302743,0.92129499945083482,0.93182000206981652,1.000471019598459,1.2134830512611752,-0.014992741164636749,380,True,True,True,-5.9815150806316524,-0.010525002618981705,-0.21301203166271621,2.2081856972109923
394,2022-2023,2022-08-13,Manchester City,Bournemouth,Manchester City,Bournemouth,1630.9951159867851,1507.5783507595029,1636.1572522594597,1502.4162144868283,continuing,new_to_dataset,2.3595141580970829,0.73169981112715465,2.0674226045612607,1,0.73169981112715465,1,-0.014992741164636749,380,True,True,False,122.79603103626187,1.0674226045612607,-0.26830018887284535,3.0912139692242375
395,2022-2023,2022-08-13,Southampton,Leeds United,Southampton,Leeds United,1452.1168191814095,1470.6870454045722,1450.9299943631815,1471.8738702228002,continuing,continuing,1.7201695593514654,1.4603091960113896,0.85110940355718445,0.84938597198805754,1.7192527827995747,1.7708938995695376,-0.014992741164636749,380,True,True,True,-4.0372956223800429,0.0017234315691269098,-0.051641116769962858,3.1804787553628548
396,2022-2023,2022-08-13,Wolves,Fulham,Wolves,Fulham,1473.3962638736896,1501.9693096647311,1472.4941823365559,1502.8713912018648,continuing,new_to_dataset,0.9112956847319319,1.1907035994039419,0.79848357408178305,1,1.1907035994039419,1,-0.014992741164636749,380,True,True,False,-17.737416375120802,-0.20151642591821695,0.19070359940394188,2.1019992841358737
397,2022-2023,2022-08-14,Chelsea,Tottenham,Chelsea,Tottenham,1566.4745110352096,1564.6602421953035,1564.7138911751549,1566.4208620553582,continuing,continuing,1.2655115658599985,1.4573970311764388,1.3544012842015904,1.5500930847513028,0.9401996857564614,0.81870121428601894,-0.014992741164636749,380,True,True,True,-1.303980438058943,-0.19569180054971236,0.12149847147044246,2.7229085970364375
398,2022-2023,2022-08-14,Nottingham,West Ham,Nottingham,West Ham,1492.0746853854632,1491.336826927487,1500.3441030334716,1483.0674092794786,new_to_dataset,continuing,1.3892406240041106,1.1101074607634682,1,1.1101074607634682,1,1.2172622314575297,-0.014992741164636749,380,True,False,True,0.46408812198978922,-0.11010746076346822,-0.21726223145752965,2.4993480847675791
399,2022-2023,2022-08-15,Liverpool,Crystal Palace,Liverpool,Crystal Palace,1627.3571796303238,1487.5496088468633,1622.1662861068037,1492.7405023703834,continuing,continuing,1.9002039061836629,0.51495447264718786,1.6995684272054559,0.90146248758678438,0.57124337367128974,0.97964386859849395,-0.014992741164636749,380,True,True,True,131.34853853291816,0.79810593961867149,-0.40840049492720421,2.4151583788308506
400,2022-2023,2022-08-20,Bournemouth,Arsenal,Bournemouth,Arsenal,1502.4162144868283,1560.3346545510994,1492.3563030926814,1570.3945659452463,new_to_dataset,continuing,1.3413890865404057,1.2564637491297443,1,1.2564637491297443,1,1.1753343837792352,-0.014992741164636749,380,True,False,True,-43.086716568390329,-0.25646374912974435,-0.17533438377923516,2.59785283567015
401,2022-2023,2022-08-20,Crystal Palace,Aston Villa,Crystal Palace,Aston Villa,1492.7405023703834,1474.3142773493296,1500.5207874633454,1466.5339922563676,continuing,continuing,1.2379552888140977,1.0163260597595478,0.90146248758678438,1.0374444145845902,0.97964386859849395,1.2032724496469236,-0.014992741164636749,380,True,True,True,23.819774407106479,-0.13598192699780587,-0.22362858104842964,2.2542813485736453
402,2022-2023,2022-08-20,Everton,Nottingham,Everton,Nottingham,1438.7424017018266,1500.3441030334716,1438.7885020453621,1500.2980026899361,continuing,new_to_dataset,0.969434034324825,1.516202719475505,0.84942479760771816,1,1.516202719475505,1,-0.014992741164636749,380,True,True,False,-44.738286416813025,-0.15057520239228184,0.516202719475505,2.4856367538003301
403,2022-2023,2022-08-20,Fulham,Brentford,Fulham,Brentford,1502.8713912018648,1490.6113943786947,1510.82105951739,1482.6617260631695,new_to_dataset,continuing,1.4788542409428667,0.98039934248561356,1,0.98039934248561356,1,1.2957823016592254,-0.014992741164636749,380,True,False,True,20.446384339679753,0.019600657514386444,-0.29578230165922537,2.4592535834284801
404,2022-2023,2022-08-20,Leicester City,Southampton,Leicester City,Southampton,1492.2274350596174,1450.9299943631815,1479.3917582772729,1463.7656711455261,continuing,continuing,2.426039412969212,1.0873374765450903,1.2364164907542816,0.85110940355718445,1.2775531230187307,1.7192527827995747,-0.014992741164636749,380,True,True,True,43.575582124270795,0.38530708719709716,-0.44169965978084402,3.5133768895143023
405,2022-2023,2022-08-20,Tottenham,Wolves,Tottenham,Wolves,1566.4208620553582,1472.4941823365559,1572.259278981001,1466.6557654109131,continuing,continuing,2.1064675464541551,0.65371947168819611,1.5500930847513028,0.79848357408178305,0.81870121428601894,1.1907035994039419,-0.014992741164636749,380,True,True,True,76.731047720831157,0.75160951066951975,-0.37200238511792294,2.7601870181423513
406,2022-2023,2022-08-21,Leeds United,Chelsea,Leeds United,Chelsea,1471.8738702228002,1564.7138911751549,1482.8162771095137,1553.7714842884413,continuing,continuing,0.91141991322905569,2.3985009717617443,0.84938597198805754,1.3544012842015904,1.7708938995695376,0.9401996857564614,-0.014992741164636749,380,True,True,True,-95.868925254268788,-0.50501531221353291,0.83069421381307618,3.3099208849907997
407,2022-2023,2022-08-21,Newcastle,Manchester City,Newcastle,Manchester City,1522.7196611092959,1636.1572522594597,1524.2457040903125,1634.6312092784431,continuing,continuing,0.77814100001789466,2.5087822904293247,0.93182000206981652,2.0674226045612607,1.2134830512611752,0.73169981112715465,-0.014992741164636749,380,True,True,True,-109.65230618966552,-1.1356026024914443,0.48178324013402052,3.2869232904472194
408,2022-2023,2022-08-21,West Ham,Brighton,West Ham,Brighton,1483.0674092794786,1517.296400737401,1472.3270173892927,1528.0367926275869,continuing,continuing,1.267543468497937,1.1214576068621867,1.1101074607634682,0.92129499945083482,1.2172622314575297,1.000471019598459,-0.014992741164636749,380,True,True,True,-7.6262978879544789,0.18881246131263341,0.21679121185907069,2.3890010753601238
409,2022-2023,2022-08-22,Manchester Utd,Liverpool,Manchester Utd,Liverpool,1489.3136825948682,1622.1662861068037,1501.3803481076507,1610.0996205940212,continuing,continuing,0.68022384462138852,2.3653267168748684,1.0433676065776929,1.6995684272054559,1.3917219683611661,0.57124337367128974,-0.014992741164636749,380,True,True,True,-119.4821963904335,-0.65620082062776297,0.82047859468987638,3.045550561496257
410,2022-2023,2022-08-27,Arsenal,Fulham,Arsenal,Fulham,1570.3945659452463,1510.82105951739,1577.0827020504464,1504.1329234121899,continuing,new_to_dataset,1.4339806475302213,1.1753343837792352,1.2564637491297443,1,1.1753343837792352,1,-0.014992741164636749,380,True,True,False,43.086716568390329,0.25646374912974435,0.17533438377923516,2.6093150313094564
411,2022-2023,2022-08-27,Brentford,Everton,Brentford,Everton,1482.6617260631695,1438.7885020453621,1479.7580179480622,1441.6922101604694,continuing,continuing,1.6964990071217145,1.1006696193305507,0.98039934248561356,0.84942479760771816,1.2957823016592254,1.516202719475505,-0.014992741164636749,380,True,True,True,24.291902077133273,0.13097454487789539,-0.22042041781627963,2.7971686264522653
412,2022-2023,2022-08-27,Brighton,Leeds United,Brighton,Leeds United,1528.0367926275869,1482.8162771095137,1535.0976160505525,1475.7554536865482,continuing,continuing,1.8620210358556712,0.84978604942752001,0.92129499945083482,0.84938597198805754,1.000471019598459,1.7708938995695376,-0.014992741164636749,380,True,True,True,45.341484112582066,0.071909027462777275,-0.77042287997107861,2.7118070852831915
413,2022-2023,2022-08-27,Chelsea,Leicester City,Chelsea,Leicester City,1553.7714842884413,1479.3917582772729,1560.0857095600222,1473.077533005692,continuing,continuing,1.9747842374836635,1.1624783960712823,1.3544012842015904,1.2364164907542816,0.9401996857564614,1.2775531230187307,-0.014992741164636749,380,True,True,True,56.330638752378036,0.11798479344730883,-0.3373534372622693,3.1372626335549461
414,2022-2023,2022-08-27,Liverpool,Bournemouth,Liverpool,Bournemouth,1610.0996205940212,1492.3563030926814,1615.387817429174,1487.0681062575286,continuing,new_to_dataset,1.9396884593399724,0.57124337367128974,1.6995684272054559,1,0.57124337367128974,1,-0.014992741164636749,380,True,True,False,129.3264892950549,0.69956842720545587,-0.42875662632871026,2.510931833011262
415,2022-2023,2022-08-27,Manchester City,Crystal Palace,Manchester City,Crystal Palace,1634.6312092784431,1500.5207874633454,1639.5611261256779,1495.5908706161106,continuing,continuing,2.3114835778511451,0.65959993190546518,2.0674226045612607,0.90146248758678438,0.73169981112715465,0.97964386859849395,-0.014992741164636749,380,True,True,True,124.81808027412512,1.1659601169744764,-0.2479440574713393,2.9710835097566104
416,2022-2023,2022-08-27,Southampton,Manchester Utd,Southampton,Manchester Utd,1463.7656711455261,1501.3803481076507,1453.1222598289824,1512.0237594241944,continuing,continuing,1.3518583838577261,1.7938126610916303,0.85110940355718445,1.0433676065776929,1.7192527827995747,1.3917219683611661,-0.014992741164636749,380,True,True,True,-52.060862873618817,-0.19225820302050844,0.32753081443840859,3.1456710449493563
417,2022-2023,2022-08-28,Aston Villa,West Ham,Aston Villa,West Ham,1466.5339922563676,1472.3270173892927,1454.9863276800063,1483.874681965654,continuing,continuing,1.4412599258870755,1.3357617236841846,1.0374444145845902,1.1101074607634682,1.2032724496469236,1.2172622314575297,-0.014992741164636749,380,True,True,True,-25.377735522979947,-0.072663046178877977,-0.013989781810606061,2.7770216495712603
418,2022-2023,2022-08-28,Nottingham,Tottenham,Nottingham,Tottenham,1500.2980026899361,1572.259278981001,1490.6421399448973,1581.9151417260398,new_to_dataset,continuing,0.93436973267934265,1.5500930847513028,1,1.5500930847513028,1,0.81870121428601894,-0.014992741164636749,380,True,False,True,-58.993631345710355,-0.55009308475130281,0.18129878571398106,2.4844628174306456
419,2022-2023,2022-08-28,Wolves,Newcastle,Wolves,Newcastle,1466.6557654109131,1524.2457040903125,1466.5863993826192,1524.3150701186064,continuing,continuing,1.1058418681096467,1.1095214304611192,0.79848357408178305,0.93182000206981652,1.1907035994039419,1.2134830512611752,-0.014992741164636749,380,True,True,True,-30.881141221717144,-0.13333642798803347,-0.02277945185723329,2.2153632985707659
420,2022-2023,2022-08-30,Crystal Palace,Brentford,Crystal Palace,Brentford,1495.5908706161106,1479.7580179480622,1493.4422376453265,1481.9066509188463,continuing,continuing,1.3331316228186223,0.9604422046440263,0.90146248758678438,0.98039934248561356,0.97964386859849395,1.2957823016592254,-0.014992741164636749,380,True,True,True,18.424335101816496,-0.078936854898829178,-0.31613843306073142,2.2935738274626485
421,2022-2023,2022-08-30,Fulham,Brighton,Fulham,Brighton,1504.1329234121899,1535.0976160505525,1513.2991601862091,1525.9313792765333,new_to_dataset,continuing,1.1418205113459856,0.92129499945083482,1,0.92129499945083482,1,1.000471019598459,-0.014992741164636749,380,True,False,True,-7.1622097659646897,0.078705000549165183,-0.00047101959845896602,2.0631155107968207
422,2022-2023,2022-08-30,Leeds United,Everton,Leeds United,Everton,1475.7554536865482,1441.6922101604694,1473.1123602328682,1444.3353036141493,continuing,continuing,1.4697913347101181,1.5042411922265972,0.84938597198805754,0.84942479760771816,1.7708938995695376,1.516202719475505,-0.014992741164636749,380,True,True,True,6.5590120701956494,-3.8825619660620703e-05,0.25469118009403258,2.9740325269367154
423,2022-2023,2022-08-30,Southampton,Chelsea,Southampton,Chelsea,1453.1222598289824,1560.0857095600222,1464.4658037189226,1548.7421656700819,continuing,continuing,0.91326921366842295,2.3285581768909021,0.85110940355718445,1.3544012842015904,1.7192527827995747,0.9401996857564614,-0.014992741164636749,380,True,True,True,-99.906220876648831,-0.503291880644406,0.77905309704311332,3.2418273905593251
424,2022-2023,2022-08-31,Arsenal,Aston Villa,Arsenal,Aston Villa,1577.0827020504464,1454.9863276800063,1582.2740009188519,1449.7950288116008,continuing,continuing,1.7254694064999709,1.2193440917209888,1.2564637491297443,1.0374444145845902,1.1753343837792352,1.2032724496469236,-0.014992741164636749,380,True,True,True,68.928540213360066,0.2190193345451541,-0.027938065867688433,2.9448134982209595
425,2022-2023,2022-08-31,Bournemouth,Wolves,Bournemouth,Wolves,1487.0681062575286,1466.5863993826192,1484.7922192163073,1468.8622864238405,new_to_dataset,continuing,1.3589297102064792,0.79848357408178305,1,0.79848357408178305,1,1.1907035994039419,-0.014992741164636749,380,True,False,True,17.737416375120802,0.20151642591821695,-0.19070359940394188,2.1574132842882623
426,2022-2023,2022-08-31,Liverpool,Newcastle,Liverpool,Newcastle,1615.387817429174,1524.3150701186064,1621.294382438173,1518.4085051096074,continuing,continuing,2.3537790701359578,0.53229600163675017,1.6995684272054559,0.93182000206981652,0.57124337367128974,1.2134830512611752,-0.014992741164636749,380,True,True,True,116.18276444845856,0.76774842513563935,-0.64223967758988543,2.8860750717727077
427,2022-2023,2022-08-31,Manchester City,Nottingham,Manchester City,Nottingham,1639.5611261256779,1490.6421399448973,1644.1812643335547,1486.0220017370204,continuing,new_to_dataset,2.3595141580970829,0.73169981112715465,2.0674226045612607,1,0.73169981112715465,1,-0.014992741164636749,380,True,True,False,122.79603103626187,1.0674226045612607,-0.26830018887284535,3.0912139692242375
428,2022-2023,2022-08-31,West Ham,Tottenham,West Ham,Tottenham,1483.874681965654,1581.9151417260398,1484.9652201368162,1580.8246035548775,continuing,continuing,1.0372508113589056,1.8868697673112564,1.1101074607634682,1.5500930847513028,1.2172622314575297,0.81870121428601894,-0.014992741164636749,380,True,True,True,-59.457719467700144,-0.43998562398783458,0.39856101717151071,2.9241205786701618
429,2022-2023,2022-09-01,Leicester City,Manchester Utd,Leicester City,Manchester Utd,1473.077533005692,1512.0237594241944,1462.4722973325777,1522.6289950973087,continuing,continuing,1.9638603356751916,1.33295754423991,1.2364164907542816,1.0433676065776929,1.2775531230187307,1.3917219683611661,-0.014992741164636749,380,True,True,True,-8.4852807493480213,0.19304888417658872,-0.11416884534243543,3.2968178799151016
430,2022-2023,2022-09-03,Aston Villa,Manchester City,Aston Villa,Manchester City,1449.7950288116008,1644.1812643335547,1453.4809654451137,1640.4953277000418,continuing,continuing,0.86634546632896503,2.4876726618458513,1.0374444145845902,2.0674226045612607,1.2032724496469236,0.73169981112715465,-0.014992741164636749,380,True,True,True,-148.6378546812316,-1.0299781899766705,0.47157263851976894,3.3540181281748165
431,2022-2023,2022-09-03,Brentford,Leeds United,Brentford,Leeds United,1481.9066509188463,1473.1123602328682,1489.9520695366805,1465.066941615034,continuing,continuing,1.9814762918885256,1.1006193097797434,0.98039934248561356,0.84938597198805754,1.2957823016592254,1.7708938995695376,-0.014992741164636749,380,True,True,True,17.732890006937623,0.13101337049755601,-0.47511159791031221,3.0820956016682688
432,2022-2023,2022-09-03,Chelsea,West Ham,Chelsea,West Ham,1548.7421656700819,1484.9652201368162,1555.3230222968566,1478.3843635100416,continuing,continuing,1.8815892852161864,1.043722685765716,1.3544012842015904,1.1101074607634682,0.9401996857564614,1.2172622314575297,-0.014992741164636749,380,True,True,True,58.153739029641201,0.24429382343812223,-0.27706254570106825,2.9253119709819027
433,2022-2023,2022-09-03,Everton,Liverpool,Everton,Liverpool,1444.3353036141493,1621.294382438173,1447.5800057974359,1618.0496802548864,continuing,continuing,0.55378276831948192,2.5768902712636192,0.84942479760771816,1.6995684272054559,1.516202719475505,0.57124337367128974,-0.014992741164636749,380,True,True,True,-174.06477571186792,-0.8501436295977377,0.94495934580421526,3.1306730395831011
434,2022-2023,2022-09-03,Newcastle,Crystal Palace,Newcastle,Crystal Palace,1518.4085051096074,1493.4422376453265,1516.0105929812289,1495.840149773705,continuing,continuing,1.0418221352255597,1.0939094500343003,0.93182000206981652,0.90146248758678438,1.2134830512611752,0.97964386859849395,-0.014992741164636749,380,True,True,True,15.165774084459599,0.030357514483032144,0.23383918266268122,2.13573158525986
435,2022-2023,2022-09-03,Nottingham,Bournemouth,Nottingham,Bournemouth,1486.0220017370204,1484.7922192163073,1474.2776880875363,1496.5365328657915,new_to_dataset,new_to_dataset,1.1412829447116395,1,1,1,1,1,-0.014992741164636749,380,True,False,False,0,0,0,2.1412829447116395
436,2022-2023,2022-09-03,Tottenham,Fulham,Tottenham,Fulham,1580.8246035548775,1513.2991601862091,1587.310536567383,1506.8132271737036,continuing,new_to_dataset,1.7690948003421159,0.81870121428601894,1.5500930847513028,1,0.81870121428601894,1,-0.014992741164636749,380,True,True,False,58.993631345710355,0.55009308475130281,-0.18129878571398106,2.5877960146281347
437,2022-2023,2022-09-03,Wolves,Southampton,Wolves,Southampton,1468.8622864238405,1464.4658037189226,1477.0297437347665,1456.2983464079966,continuing,continuing,1.5667476419286177,1.0134190303020816,0.79848357408178305,0.85110940355718445,1.1907035994039419,1.7192527827995747,-0.014992741164636749,380,True,True,True,24.479153593876617,-0.052625829475401398,-0.52854918339563284,2.5801666722306993
438,2022-2023,2022-09-04,Brighton,Leicester City,Brighton,Leicester City,1525.9313792765333,1462.4722973325777,1532.5203177286344,1455.8833588804766,continuing,continuing,1.3432937964619014,1.2369988671532848,0.92129499945083482,1.2364164907542816,1.000471019598459,1.2775531230187307,-0.014992741164636749,380,True,True,True,5.8031976106913135,-0.3151214913034468,-0.27708210342027173,2.5802926636151859
439,2022-2023,2022-09-04,Manchester Utd,Arsenal,Manchester Utd,Arsenal,1522.6289950973087,1582.2740009188519,1532.6187775470717,1572.284218469089,continuing,continuing,1.3995619207131009,1.7486482021132983,1.0433676065776929,1.2564637491297443,1.3917219683611661,1.1753343837792352,-0.014992741164636749,380,True,True,True,-33.242423663768932,-0.21309614255205145,0.21638758458193097,3.1482101228263994
440,2022-2023,2022-09-16,Aston Villa,Southampton,Aston Villa,Southampton,1453.4809654451137,1456.2983464079966,1461.8498190895402,1447.9294927635701,continuing,continuing,2.0356255819683806,1.0241164969357854,1.0374444145845902,0.85110940355718445,1.2032724496469236,1.7192527827995747,-0.014992741164636749,380,True,True,True,16.374746324027683,0.18633501102740579,-0.51598033315265113,3.0597420789041658
441,2022-2023,2022-09-16,Nottingham,Fulham,Nottingham,Fulham,1474.2776880875363,1506.8132271737036,1463.4888397817008,1517.6020754795391,new_to_dataset,new_to_dataset,1.1412829447116395,1,1,1,1,1,-0.014992741164636749,380,True,False,False,0,0,0,2.1412829447116395
442,2022-2023,2022-09-17,Newcastle,Bournemouth,Newcastle,Bournemouth,1516.0105929812289,1496.5365328657915,1513.7622242051998,1498.7849016418206,continuing,new_to_dataset,1.0634702759034462,1.2134830512611752,0.93182000206981652,1,1.2134830512611752,1,-0.014992741164636749,380,True,True,False,13.143724846596342,-0.068179997930183478,0.21348305126117517,2.2769533271646214
443,2022-2023,2022-09-17,Tottenham,Leicester City,Tottenham,Leicester City,1587.310536567383,1455.8833588804766,1592.2980552518645,1450.8958401959951,continuing,continuing,2.2601125870932681,1.0122556823437887,1.5500930847513028,1.2364164907542816,0.81870121428601894,1.2775531230187307,-0.014992741164636749,380,True,True,True,57.634619190436979,0.31367659399702119,-0.45885190873271176,3.2723682694370568
444,2022-2023,2022-09-17,Wolves,Manchester City,Wolves,Manchester City,1477.0297437347665,1640.4953277000418,1469.9227046249985,1647.6023668098098,continuing,continuing,0.66679488039934565,2.4616875367401656,0.79848357408178305,2.0674226045612607,1.1907035994039419,0.73169981112715465,-0.014992741164636749,380,True,True,True,-140.53344741138267,-1.2689390304794776,0.45900378827678723,3.1284824171395114
445,2022-2023,2022-09-18,Brentford,Arsenal,Brentford,Arsenal,1489.9520695366805,1572.284218469089,1480.5939567002717,1581.6423313054977,continuing,continuing,1.3150969784615916,1.6281034887987196,0.98039934248561356,1.2564637491297443,1.2957823016592254,1.1753343837792352,-0.014992741164636749,380,True,True,True,-63.533100908070082,-0.27606440664413079,0.12044791787999021,2.9432004672603114
446,2022-2023,2022-09-18,Everton,West Ham,Everton,West Ham,1447.5800057974359,1478.3843635100416,1456.7416600183428,1469.2227092891346,continuing,continuing,1.1800554358731119,1.6831479509196179,0.84942479760771816,1.1101074607634682,1.516202719475505,1.2172622314575297,-0.014992741164636749,380,True,True,True,-44.274198294823236,-0.26068266315575006,0.29894048801797535,2.8632033867927298
447,2022-2023,2022-10-01,Arsenal,Tottenham,Arsenal,Tottenham,1581.6423313054977,1592.2980552518645,1590.2315616349686,1583.7088249223937,continuing,continuing,1.1740016973956438,1.8218777005666262,1.2564637491297443,1.5500930847513028,1.1753343837792352,0.81870121428601894,-0.014992741164636749,380,True,True,True,-15.906914777320026,-0.29362933562155846,0.35663316949321622,2.9958793979622698
448,2022-2023,2022-10-01,Bournemouth,Brentford,Bournemouth,Brentford,1498.7849016418206,1480.5939567002717,1496.5716259459136,1482.8072323961787,new_to_dataset,continuing,1.4788542409428667,0.98039934248561356,1,0.98039934248561356,1,1.2957823016592254,-0.014992741164636749,380,True,False,True,20.446384339679753,0.019600657514386444,-0.29578230165922537,2.4592535834284801
449,2022-2023,2022-10-01,Crystal Palace,Chelsea,Crystal Palace,Chelsea,1495.840149773705,1555.3230222968566,1485.8252656594541,1565.3379064111075,continuing,continuing,0.96729977808857392,1.3268309136900143,0.90146248758678438,1.3544012842015904,0.97964386859849395,0.9401996857564614,-0.014992741164636749,380,True,True,True,-59.711700145514669,-0.45293879661480607,0.039444182842032549,2.2941306917785882
450,2022-2023,2022-10-01,Fulham,Newcastle,Fulham,Newcastle,1517.6020754795391,1513.7622242051998,1505.7850204407544,1525.5792792439845,new_to_dataset,continuing,1.3849275101010194,0.93182000206981652,1,0.93182000206981652,1,1.2134830512611752,-0.014992741164636749,380,True,False,True,-13.143724846596342,0.068179997930183478,-0.21348305126117517,2.3167475121708359
451,2022-2023,2022-10-01,Liverpool,Brighton,Liverpool,Brighton,1618.0496802548864,1532.5203177286344,1614.0899236575822,1536.4800743259386,continuing,continuing,1.9406020906192263,0.52628366363278389,1.6995684272054559,0.92129499945083482,0.57124337367128974,1.000471019598459,-0.014992741164636749,380,True,True,True,122.16427952909021,0.77827342775462105,-0.42922764592716922,2.4668857542520102
452,2022-2023,2022-10-01,Southampton,Everton,Southampton,Everton,1447.9294927635701,1456.7416600183428,1436.4667567289791,1468.2043960529338,continuing,continuing,1.4727735887969613,1.4603759470660349,0.85110940355718445,0.84942479760771816,1.7192527827995747,1.516202719475505,-0.014992741164636749,380,True,True,True,2.5217164478156064,0.0016846059494662891,0.20305006332406972,2.933149535862996
453,2022-2023,2022-10-01,West Ham,Wolves,West Ham,Wolves,1469.2227092891346,1469.9227046249985,1477.5323008006333,1461.6131131134998,continuing,continuing,1.5085580099533502,0.97196389716897491,1.1101074607634682,0.79848357408178305,1.2172622314575297,1.1907035994039419,-0.014992741164636749,380,True,True,True,17.273328253131012,0.31162388668168517,0.026558632053587772,2.4805219071223252
454,2022-2023,2022-10-02,Leeds United,Aston Villa,Leeds United,Aston Villa,1465.066941615034,1461.8498190895402,1463.2672239976523,1463.6495367069219,continuing,continuing,1.1664399470265145,1.837203984930341,0.84938597198805754,1.0374444145845902,1.7708938995695376,1.2032724496469236,-0.014992741164636749,380,True,True,True,-12.33745070164764,-0.1880584425965327,0.56762144992261399,3.0036439319568555
455,2022-2023,2022-10-02,Manchester City,Manchester Utd,Manchester City,Manchester Utd,1647.6023668098098,1532.6187775470717,1652.9525912239128,1527.2685531329687,continuing,continuing,3.2837876884829122,0.76343188066908929,2.0674226045612607,1.0433676065776929,0.73169981112715465,1.3917219683611661,-0.014992741164636749,380,True,True,True,112.95173813164047,1.0240549979835678,-0.66002215723401148,4.0472195691520012
456,2022-2023,2022-10-03,Leicester City,Nottingham,Leicester City,Nottingham,1450.8958401959951,1463.4888397817008,1459.5397624956579,1454.844917482038,continuing,new_to_dataset,1.4111010534580781,1.2775531230187307,1.2364164907542816,1,1.2775531230187307,1,-0.014992741164636749,380,True,True,False,1.3590121552733763,0.23641649075428162,0.2775531230187307,2.6886541764768088
457,2022-2023,2022-10-08,Bournemouth,Leicester City,Bournemouth,Leicester City,1496.5716259459136,1459.5397624956579,1503.8492387972949,1452.2621496442766,new_to_dataset,continuing,1.4580495902643684,1.2364164907542816,1,1.2364164907542816,1,1.2775531230187307,-0.014992741164636749,380,True,False,True,-1.3590121552733763,-0.23641649075428162,-0.2775531230187307,2.6944660810186498
458,2022-2023,2022-10-08,Brighton,Tottenham,Brighton,Tottenham,1536.4800743259386,1583.7088249223937,1526.1126536905372,1594.0762455577951,continuing,continuing,0.86083016235569165,1.5508232089736564,0.92129499945083482,1.5500930847513028,1.000471019598459,0.81870121428601894,-0.014992741164636749,380,True,True,True,-51.831421579745665,-0.62879808530046799,0.18176980531244002,2.411653371329348
459,2022-2023,2022-10-08,Chelsea,Wolves,Chelsea,Wolves,1565.3379064111075,1461.6131131134998,1570.9459172098116,1456.0051023147957,continuing,continuing,1.8405361446433504,0.75073400543338864,1.3544012842015904,0.79848357408178305,0.9401996857564614,1.1907035994039419,-0.014992741164636749,380,True,True,True,75.427067282772214,0.5559177101198074,-0.25050391364748048,2.5912701500767392
460,2022-2023,2022-10-08,Manchester City,Southampton,Manchester City,Southampton,1652.9525912239128,1436.4667567289791,1656.3358244552464,1433.0835234976455,continuing,continuing,4.0566012823634052,0.62275658983133708,2.0674226045612607,0.85110940355718445,0.73169981112715465,1.7192527827995747,-0.014992741164636749,380,True,True,True,165.01260100525928,1.2163132010040762,-0.98755297167242007,4.6793578721947426
461,2022-2023,2022-10-08,Newcastle,Brentford,Newcastle,Brentford,1525.5792792439845,1482.8072323961787,1532.7046198700807,1475.6818917700825,continuing,continuing,1.3780259618563389,1.1896979855738923,0.93182000206981652,0.98039934248561356,1.2134830512611752,1.2957823016592254,-0.014992741164636749,380,True,True,True,33.590109186276095,-0.048579340415797034,-0.082299250398050194,2.5677239474302311
462,2022-2023,2022-10-09,Arsenal,Liverpool,Arsenal,Liverpool,1590.2315616349686,1614.0899236575822,1599.1950576471691,1605.1264276453817,continuing,continuing,0.81915194287450421,1.9975612100801683,1.2564637491297443,1.6995684272054559,1.1753343837792352,0.57124337367128974,-0.014992741164636749,380,True,True,True,-86.239772726664569,-0.44310467807571152,0.60409101010794541,2.8167131529546725
463,2022-2023,2022-10-09,Crystal Palace,Leeds United,Crystal Palace,Leeds United,1485.8252656594541,1463.2672239976523,1493.4927899944662,1455.5996996626402,continuing,continuing,1.821937724531143,0.8320957595316727,0.90146248758678438,0.84938597198805754,0.97964386859849395,1.7708938995695376,-0.014992741164636749,380,True,True,True,36.157225108754119,0.052076515598726836,-0.79125003097104363,2.6540334840628157
464,2022-2023,2022-10-09,Everton,Manchester Utd,Everton,Manchester Utd,1468.2043960529338,1527.2685531329687,1458.1774603936151,1537.2954887922874,continuing,continuing,1.3491826424468516,1.5819568025057467,0.84942479760771816,1.0433676065776929,1.516202719475505,1.3917219683611661,-0.014992741164636749,380,True,True,True,-54.582579321434423,-0.19394280896997473,0.12448075111433887,2.9311394449525983
465,2022-2023,2022-10-09,West Ham,Fulham,West Ham,Fulham,1477.5323008006333,1505.7850204407544,1486.6210753244729,1496.6962459169147,continuing,new_to_dataset,1.2669467117664919,1.2172622314575297,1.1101074607634682,1,1.2172622314575297,1,-0.014992741164636749,380,True,True,False,-0.46408812198978922,0.11010746076346822,0.21726223145752965,2.4842089432240213
466,2022-2023,2022-10-10,Nottingham,Aston Villa,Nottingham,Aston Villa,1454.844917482038,1463.6495367069219,1453.3819688466276,1465.1124853423323,new_to_dataset,continuing,1.3732743246234289,1.0374444145845902,1,1.0374444145845902,1,1.2032724496469236,-0.014992741164636749,380,True,False,True,25.841823644969736,-0.037444414584590247,-0.20327244964692359,2.4107187392080194
467,2022-2023,2022-10-14,Brentford,Brighton,Brentford,Brighton,1475.6818917700825,1526.1126536905372,1485.4065365817178,1516.3880088789019,continuing,continuing,1.1194400785601912,1.1937977548955374,0.98039934248561356,0.92129499945083482,1.2957823016592254,1.000471019598459,-0.014992741164636749,380,True,True,True,-27.608594105644443,0.059104343034778739,0.2953112820607664,2.3132378334557284
468,2022-2023,2022-10-15,Fulham,Bournemouth,Fulham,Bournemouth,1496.6962459169147,1503.8492387972949,1495.1868097431886,1505.3586749710209,new_to_dataset,new_to_dataset,1.1412829447116395,1,1,1,1,1,-0.014992741164636749,380,True,False,False,0,0,0,2.1412829447116395
469,2022-2023,2022-10-15,Leicester City,Crystal Palace,Leicester City,Crystal Palace,1452.2621496442766,1493.4927899944662,1451.7224489729317,1494.0324906658111,continuing,continuing,1.3823764949930819,1.1516662163007301,1.2364164907542816,0.90146248758678438,1.2775531230187307,0.97964386859849395,-0.014992741164636749,380,True,True,True,3.3810613931366333,0.33495400316749724,0.29790925442023675,2.5340427112938118
470,2022-2023,2022-10-15,Tottenham,Everton,Tottenham,Everton,1594.0762455577951,1458.1774603936151,1598.968020624555,1453.2856853268552,continuing,continuing,2.6823063472886917,0.69542511324609468,1.5500930847513028,0.84942479760771816,0.81870121428601894,1.516202719475505,-0.014992741164636749,380,True,True,True,103.73191776252338,0.70066828714358464,-0.69750150518948606,3.3777314605347861
471,2022-2023,2022-10-15,Wolves,Nottingham,Wolves,Nottingham,1456.0051023147957,1453.3819688466276,1464.2219324032515,1445.1651387581719,continuing,new_to_dataset,0.9112956847319319,1.1907035994039419,0.79848357408178305,1,1.1907035994039419,1,-0.014992741164636749,380,True,True,False,-17.737416375120802,-0.20151642591821695,0.19070359940394188,2.1019992841358737
472,2022-2023,2022-10-16,Aston Villa,Chelsea,Aston Villa,Chelsea,1465.1124853423323,1570.9459172098116,1456.4240779578124,1579.6343245943315,continuing,continuing,1.1132129909180444,1.629713751046187,1.0374444145845902,1.3544012842015904,1.2032724496469236,0.9401996857564614,-0.014992741164636749,380,True,True,True,-83.531474552621148,-0.3169568696170002,0.26307276389046219,2.7429267419642311
473,2022-2023,2022-10-16,Leeds United,Arsenal,Leeds United,Arsenal,1455.5996996626402,1599.1950576471691,1447.9603876423541,1606.8343696674551,continuing,continuing,1.1393570730852951,2.2250639883641341,0.84938597198805754,1.2564637491297443,1.7708938995695376,1.1753343837792352,-0.014992741164636749,380,True,True,True,-81.265990915007706,-0.4070777771416868,0.59555951579030242,3.3644210614494292
474,2022-2023,2022-10-16,Liverpool,Manchester City,Liverpool,Manchester City,1605.1264276453817,1656.3358244552464,1614.87346772308,1646.5887843775481,continuing,continuing,1.4192696793445794,1.1810014634338593,1.6995684272054559,2.0674226045612607,0.57124337367128974,0.73169981112715465,-0.014992741164636749,380,True,True,True,6.5304582587930327,-0.36785417735580483,-0.16045643745586491,2.6002711427784386
475,2022-2023,2022-10-16,Manchester Utd,Newcastle,Manchester Utd,Newcastle,1537.2954887922874,1532.7046198700807,1535.4575396611567,1534.5425690012114,continuing,continuing,1.4449885014977042,1.2968343674389109,1.0433676065776929,0.93182000206981652,1.3917219683611661,1.2134830512611752,-0.014992741164636749,380,True,True,True,-3.2994319419749445,0.11154760450787637,0.17823891709999096,2.7418228689366151
476,2022-2023,2022-10-16,Southampton,West Ham,Southampton,West Ham,1433.0835234976455,1486.6210753244729,1432.8975407353066,1486.8070580868118,continuing,continuing,1.1823957588935494,1.9085553411241625,0.85110940355718445,1.1101074607634682,1.7192527827995747,1.2172622314575297,-0.014992741164636749,380,True,True,True,-41.75248184700763,-0.25899805720628377,0.50199055134204507,3.0909511000177119
477,2022-2023,2022-10-18,Brighton,Nottingham,Brighton,Nottingham,1516.3880088789019,1445.1651387581719,1512.7810139370167,1448.7721337000571,continuing,new_to_dataset,1.051458269921357,1.000471019598459,0.92129499945083482,1,1.000471019598459,1,-0.014992741164636749,380,True,True,False,7.1622097659646897,-0.078705000549165183,0.00047101959845896602,2.051929289519816
478,2022-2023,2022-10-18,Crystal Palace,Wolves,Crystal Palace,Wolves,1494.0324906658111,1464.2219324032515,1501.5036121955209,1456.7508108735417,continuing,continuing,1.2250241570183207,0.78222953752583013,0.90146248758678438,0.79848357408178305,0.97964386859849395,1.1907035994039419,-0.014992741164636749,380,True,True,True,15.715367137257545,0.10297891350500132,-0.21105973080544793,2.0072536945441506
479,2022-2023,2022-10-19,Bournemouth,Southampton,Bournemouth,Southampton,1505.3586749710209,1432.8975407353066,1491.7207167833039,1446.5354989230236,new_to_dataset,continuing,1.9621538786571793,0.85110940355718445,1,0.85110940355718445,1,1.7192527827995747,-0.014992741164636749,380,True,False,True,42.216569968997419,0.14889059644281555,-0.71925278279957472,2.8132632822143639
480,2022-2023,2022-10-19,Brentford,Chelsea,Brentford,Chelsea,1485.4065365817178,1579.6343245943315,1486.3885167609724,1578.6523444150769,continuing,continuing,1.0520016966687373,1.7550092134129476,0.98039934248561356,1.3544012842015904,1.2957823016592254,0.9401996857564614,-0.014992741164636749,380,True,True,True,-78.136035247331165,-0.37400194171597689,0.35558261590276397,2.8070109100816847
481,2022-2023,2022-10-19,Liverpool,West Ham,Liverpool,West Ham,1614.87346772308,1486.8070580868118,1619.9337641351308,1481.746761674761,continuing,continuing,2.3611095023485924,0.63414153102419246,1.6995684272054559,1.1101074607634682,0.57124337367128974,1.2172622314575297,-0.014992741164636749,380,True,True,True,129.79057741704469,0.58946096644198764,-0.64601885778623991,2.9952510333727851
482,2022-2023,2022-10-19,Manchester Utd,Tottenham,Manchester Utd,Tottenham,1535.4575396611567,1598.968020624555,1545.5585759870969,1588.8669842986146,continuing,continuing,0.97489111164428444,2.1572985990531151,1.0433676065776929,1.5500930847513028,1.3917219683611661,0.81870121428601894,-0.014992741164636749,380,True,True,True,-49.149338441088958,-0.50672547817360991,0.57302075407514719,3.1321897106973995
483,2022-2023,2022-10-19,Newcastle,Everton,Newcastle,Everton,1534.5425690012114,1453.2856853268552,1540.6870047516163,1447.1412495764503,continuing,continuing,1.6124365244061707,1.03076259521792,0.93182000206981652,0.84942479760771816,1.2134830512611752,1.516202719475505,-0.014992741164636749,380,True,True,True,57.882011263409368,0.082395204462098359,-0.30271966821432983,2.6431991196240907
484,2022-2023,2022-10-20,Fulham,Aston Villa,Fulham,Aston Villa,1495.1868097431886,1456.4240779578124,1502.4183592901147,1449.1925284108863,new_to_dataset,continuing,1.3732743246234289,1.0374444145845902,1,1.0374444145845902,1,1.2032724496469236,-0.014992741164636749,380,True,False,True,25.841823644969736,-0.037444414584590247,-0.20327244964692359,2.4107187392080194
485,2022-2023,2022-10-20,Leicester City,Leeds United,Leicester City,Leeds United,1451.7224489729317,1447.9603876423541,1459.9075590727803,1439.7752775425056,continuing,continuing,2.4989102472450586,1.0851357011616429,1.2364164907542816,0.84938597198805754,1.2775531230187307,1.7708938995695376,-0.014992741164636749,380,True,True,True,39.538286501890752,0.38703051876622407,-0.49334077655080688,3.5840459484067013
486,2022-2023,2022-10-22,Chelsea,Manchester Utd,Chelsea,Manchester Utd,1578.6523444150769,1545.5585759870969,1576.0352244472413,1548.1756959549325,continuing,continuing,2.1512613108293217,0.98097389583281813,1.3544012842015904,1.0433676065776929,0.9401996857564614,1.3917219683611661,-0.014992741164636749,380,True,True,True,47.845358003030015,0.31103367762389755,-0.45152228260470473,3.1322352066621399
487,2022-2023,2022-10-22,Everton,Crystal Palace,Everton,Crystal Palace,1447.1412495764503,1501.5036121955209,1456.9789995687599,1491.6658622032112,continuing,continuing,0.94970010773701663,1.3667998751842361,0.84942479760771816,0.90146248758678438,1.516202719475505,0.97964386859849395,-0.014992741164636749,380,True,True,True,-42.716237178949768,-0.052037689979066215,0.53655885087701105,2.3164999829212527
488,2022-2023,2022-10-22,Manchester City,Brighton,Manchester City,Brighton,1646.5887843775481,1512.7810139370167,1651.5251758604611,1507.8446224541037,continuing,continuing,2.3606255355083885,0.6741113770905679,2.0674226045612607,0.92129499945083482,0.73169981112715465,1.000471019598459,-0.014992741164636749,380,True,True,True,115.63382127029718,1.1461276051104259,-0.26877120847130431,3.0347369125989565
489,2022-2023,2022-10-22,Nottingham,Liverpool,Nottingham,Liverpool,1448.7721337000571,1619.9337641351308,1461.8667407784887,1606.8391570566992,new_to_dataset,continuing,0.65195031965058103,1.6995684272054559,1,1.6995684272054559,1,0.57124337367128974,-0.014992741164636749,380,True,False,True,-129.3264892950549,-0.69956842720545587,0.42875662632871026,2.351518746856037
490,2022-2023,2022-10-23,Aston Villa,Brentford,Aston Villa,Brentford,1449.1925284108863,1486.3885167609724,1458.537117091417,1477.0439280804417,continuing,continuing,1.5342290722509109,1.1796875184648974,1.0374444145845902,0.98039934248561356,1.2032724496469236,1.2957823016592254,-0.014992741164636749,380,True,True,True,-5.3954393052899832,0.05704507209897669,-0.092509852012301774,2.713916590715808
491,2022-2023,2022-10-23,Leeds United,Fulham,Leeds United,Fulham,1439.7752775425056,1502.4183592901147,1429.8513500829024,1512.3422867497179,continuing,new_to_dataset,0.96938972330728845,1.7708938995695376,0.84938597198805754,1,1.7708938995695376,1,-0.014992741164636749,380,True,True,False,-38.179274346617376,-0.15061402801194246,0.77089389956953758,2.7402836228768259
492,2022-2023,2022-10-23,Southampton,Arsenal,Southampton,Arsenal,1446.5354989230236,1606.8343696674551,1449.3447241606691,1604.0251444298096,continuing,continuing,1.1416688653835212,2.1601787971780997,0.85110940355718445,1.2564637491297443,1.7192527827995747,1.1753343837792352,-0.014992741164636749,380,True,True,True,-85.303286537387748,-0.40535434557255989,0.54391839902033956,3.3018476625616211
493,2022-2023,2022-10-23,Tottenham,Newcastle,Tottenham,Newcastle,1588.8669842986146,1540.6870047516163,1575.8501822340306,1553.7038068162003,continuing,continuing,2.14676655628943,0.76288216719055946,1.5500930847513028,0.93182000206981652,0.81870121428601894,1.2134830512611752,-0.014992741164636749,380,True,True,True,45.849906499114013,0.61827308268148629,-0.39478183697515623,2.9096487234799895
494,2022-2023,2022-10-23,Wolves,Leicester City,Wolves,Leicester City,1456.7508108735417,1459.9075590727803,1445.1291739191331,1471.5291960271888,continuing,continuing,1.1642286480227724,1.4722055659035138,0.79848357408178305,1.2364164907542816,1.1907035994039419,1.2775531230187307,-0.014992741164636749,380,True,True,True,-19.096428530394178,-0.43793291667249856,-0.086849523614788815,2.636434213926286
495,2022-2023,2022-10-24,West Ham,Bournemouth,West Ham,Bournemouth,1481.746761674761,1491.7207167833039,1490.3167650156458,1483.1507134424191,continuing,new_to_dataset,1.2669467117664919,1.2172622314575297,1.1101074607634682,1,1.2172622314575297,1,-0.014992741164636749,380,True,True,False,-0.46408812198978922,0.11010746076346822,0.21726223145752965,2.4842089432240213
496,2022-2023,2022-10-29,Bournemouth,Tottenham,Bournemouth,Tottenham,1483.1507134424191,1575.8501822340306,1474.0891106886966,1584.9117849877532,new_to_dataset,continuing,0.93436973267934265,1.5500930847513028,1,1.5500930847513028,1,0.81870121428601894,-0.014992741164636749,380,True,False,True,-58.993631345710355,-0.55009308475130281,0.18129878571398106,2.4844628174306456
497,2022-2023,2022-10-29,Brentford,Wolves,Brentford,Wolves,1477.0439280804417,1445.1291739191331,1474.45844654896,1447.7146554506148,continuing,continuing,1.3322937943705977,1.0346608834607773,0.98039934248561356,0.79848357408178305,1.2957823016592254,1.1907035994039419,-0.014992741164636749,380,True,True,True,-2.7089679645589513,0.1819157684038305,0.10507870225528348,2.3669546778313748
498,2022-2023,2022-10-29,Brighton,Chelsea,Brighton,Chelsea,1507.8446224541037,1576.0352244472413,1518.0803232674366,1565.7995236339084,continuing,continuing,0.98858073496609244,1.3550392337506274,0.92129499945083482,1.3544012842015904,1.000471019598459,0.9401996857564614,-0.014992741164636749,380,True,True,True,-50.527441141686722,-0.43310628475075563,0.060271333841997565,2.3436199687167196
499,2022-2023,2022-10-29,Crystal Palace,Southampton,Crystal Palace,Southampton,1491.6658622032112,1449.3447241606691,1498.8031129896599,1442.2074733742204,continuing,continuing,1.7688081164823584,0.83378410870131692,0.90146248758678438,0.85110940355718445,0.97964386859849395,1.7192527827995747,-0.014992741164636749,380,True,True,True,40.194520731134162,0.050353084029599926,-0.73960891420108077,2.6025922251836753
500,2022-2023,2022-10-29,Fulham,Everton,Fulham,Everton,1512.3422867497179,1456.9789995687599,1509.1387405744824,1460.1825457439954,new_to_dataset,continuing,1.7304163044628003,0.84942479760771816,1,0.84942479760771816,1,1.516202719475505,-0.014992741164636749,380,True,False,True,44.738286416813025,0.15057520239228184,-0.516202719475505,2.5798411020705183
501,2022-2023,2022-10-29,Leicester City,Manchester City,Leicester City,Manchester City,1471.5291960271888,1651.5251758604611,1464.8518815841751,1658.2024903034749,continuing,continuing,1.0325023742966046,2.641242205056757,1.2364164907542816,2.0674226045612607,1.2775531230187307,0.73169981112715465,-0.014992741164636749,380,True,True,True,-121.43701888098849,-0.83100611380697909,0.54585331189157604,3.6737445793533618
502,2022-2023,2022-10-29,Liverpool,Leeds United,Liverpool,Leeds United,1606.8391570566992,1429.8513500829024,1590.9102906394789,1445.7802165001226,continuing,continuing,3.434982459710592,0.48520610818752558,1.6995684272054559,0.84938597198805754,0.57124337367128974,1.7708938995695376,-0.014992741164636749,380,True,True,True,167.50576364167227,0.85018245521739833,-1.1996505258982477,3.9201885678981174
503,2022-2023,2022-10-29,Newcastle,Aston Villa,Newcastle,Aston Villa,1553.7038068162003,1458.537117091417,1559.5127584065481,1452.7281655010693,continuing,continuing,1.2796444840130294,1.2589212137239723,0.93182000206981652,1.0374444145845902,1.2134830512611752,1.2032724496469236,-0.014992741164636749,380,True,True,True,38.985548491566078,-0.10562441251477372,0.01021060161425158,2.5385656977370017
504,2022-2023,2022-10-30,Arsenal,Nottingham,Arsenal,Nottingham,1604.0251444298096,1461.8667407784887,1608.7849941429488,1457.1068910653496,continuing,new_to_dataset,1.4339806475302213,1.1753343837792352,1.2564637491297443,1,1.1753343837792352,1,-0.014992741164636749,380,True,True,False,43.086716568390329,0.25646374912974435,0.17533438377923516,2.6093150313094564
505,2022-2023,2022-10-30,Manchester Utd,West Ham,Manchester Utd,West Ham,1548.1756959549325,1490.3167650156458,1554.907840212752,1483.5846207578263,continuing,continuing,1.4494886648276697,1.54496094038615,1.0433676065776929,1.1101074607634682,1.3917219683611661,1.2172622314575297,-0.014992741164636749,380,True,True,True,10.308381026611187,-0.066739854185775327,0.17445973690363648,2.9944496052138199
506,2022-2023,2022-11-05,Everton,Leicester City,Everton,Leicester City,1460.1825457439954,1464.8518815841751,1448.6033293791209,1476.4310979490497,continuing,continuing,1.2385034781123276,1.8746580456860025,0.84942479760771816,1.2364164907542816,1.516202719475505,1.2775531230187307,-0.014992741164636749,380,True,True,True,-46.097298572086402,-0.38699169314656345,0.2386495964567743,3.1131615237983299
507,2022-2023,2022-11-05,Leeds United,Bournemouth,Leeds United,Bournemouth,1445.7802165001226,1474.0891106886966,1454.8705944559615,1464.9987327328577,continuing,new_to_dataset,0.96938972330728845,1.7708938995695376,0.84938597198805754,1,1.7708938995695376,1,-0.014992741164636749,380,True,True,False,-38.179274346617376,-0.15061402801194246,0.77089389956953758,2.7402836228768259
508,2022-2023,2022-11-05,Manchester City,Fulham,Manchester City,Fulham,1658.2024903034749,1509.1387405744824,1662.8196684892357,1504.5215623887216,continuing,new_to_dataset,2.3595141580970829,0.73169981112715465,2.0674226045612607,1,0.73169981112715465,1,-0.014992741164636749,380,True,True,False,122.79603103626187,1.0674226045612607,-0.26830018887284535,3.0912139692242375
509,2022-2023,2022-11-05,Nottingham,Brentford,Nottingham,Brentford,1457.1068910653496,1474.45844654896,1455.8854986820377,1475.6798389322719,new_to_dataset,continuing,1.4788542409428667,0.98039934248561356,1,0.98039934248561356,1,1.2957823016592254,-0.014992741164636749,380,True,False,True,20.446384339679753,0.019600657514386444,-0.29578230165922537,2.4592535834284801
510,2022-2023,2022-11-05,Wolves,Brighton,Wolves,Brighton,1447.7146554506148,1518.0803232674366,1438.01291486326,1527.7820638547914,continuing,continuing,0.91172492285943163,1.0969892719589616,0.79848357408178305,0.92129499945083482,1.1907035994039419,1.000471019598459,-0.014992741164636749,380,True,True,True,-24.899626141085491,-0.12281142536905176,0.19023257980548292,2.0087141948183933
511,2022-2023,2022-11-06,Aston Villa,Manchester Utd,Aston Villa,Manchester Utd,1452.7281655010693,1554.907840212752,1463.9362646999996,1543.6997410138217,continuing,continuing,1.6478233277425174,1.2554554958489881,1.0374444145845902,1.0433676065776929,1.2032724496469236,1.3917219683611661,-0.014992741164636749,380,True,True,True,-35.686116549591134,-0.00592319199310265,-0.18844951871424254,2.9032788235915055
512,2022-2023,2022-11-06,Chelsea,Arsenal,Chelsea,Arsenal,1565.7995236339084,1608.7849941429488,1555.3101972195968,1619.2743205572604,continuing,continuing,1.816779101424324,1.181326822096171,1.3544012842015904,1.2564637491297443,0.9401996857564614,1.1753343837792352,-0.014992741164636749,380,True,True,True,14.602934339261083,0.097937535071846105,-0.23513469802277376,2.998105923520495
513,2022-2023,2022-11-06,Southampton,Newcastle,Southampton,Newcastle,1442.2074733742204,1559.5127584065481,1433.8420562060992,1567.8781755746693,continuing,continuing,1.178724827092015,1.6020341316268376,0.85110940355718445,0.93182000206981652,1.7192527827995747,1.2134830512611752,-0.014992741164636749,380,True,True,True,-55.360294815593761,-0.08071059851263207,0.50576973153839955,2.7807589587188524
514,2022-2023,2022-11-06,Tottenham,Liverpool,Tottenham,Liverpool,1584.9117849877532,1590.9102906394789,1573.3698934829695,1602.4521821442627,continuing,continuing,1.0105836820917671,1.3914387351152862,1.5500930847513028,1.6995684272054559,0.81870121428601894,0.57124337367128974,-0.014992741164636749,380,True,True,True,-70.332857949344543,-0.14947534245415306,0.2474578406147292,2.4020224172070535
515,2022-2023,2022-11-06,West Ham,Crystal Palace,West Ham,Crystal Palace,1483.5846207578263,1498.8031129896599,1472.302795837325,1510.0849379101612,continuing,continuing,1.2411565780230671,1.0973162392151448,1.1101074607634682,0.90146248758678438,1.2172622314575297,0.97964386859849395,-0.014992741164636749,380,True,True,True,1.5579611158734679,0.20864497317668385,0.2376183628590357,2.3384728172382117
516,2022-2023,2022-11-12,Bournemouth,Everton,Bournemouth,Everton,1464.9987327328577,1448.6033293791209,1472.8346611374086,1440.7674009745699,new_to_dataset,continuing,1.7304163044628003,0.84942479760771816,1,0.84942479760771816,1,1.516202719475505,-0.014992741164636749,380,True,False,True,44.738286416813025,0.15057520239228184,-0.516202719475505,2.5798411020705183
517,2022-2023,2022-11-12,Liverpool,Southampton,Liverpool,Southampton,1602.4521821442627,1433.8420562060992,1606.6819211175527,1429.6123172328091,continuing,continuing,3.3348147814844675,0.48619060705136524,1.6995684272054559,0.85110940355718445,0.57124337367128974,1.7192527827995747,-0.014992741164636749,380,True,True,True,171.54305926405232,0.84845902364827142,-1.1480094091282851,3.8210053885358328
518,2022-2023,2022-11-12,Manchester City,Brentford,Manchester City,Brentford,1662.8196684892357,1475.6798389322719,1646.7045943410956,1491.794913080412,continuing,continuing,3.0574166865765675,0.71735801372591002,2.0674226045612607,0.98039934248561356,0.73169981112715465,1.2957823016592254,-0.014992741164636749,380,True,True,True,143.24241537594162,1.0870232620756473,-0.56408249053207071,3.7747747003024776
519,2022-2023,2022-11-12,Newcastle,Chelsea,Newcastle,Chelsea,1567.8781755746693,1555.3101972195968,1575.8193536623166,1547.3690191319497,continuing,continuing,0.99987441921575748,1.643543002985,0.93182000206981652,1.3544012842015904,1.2134830512611752,0.9401996857564614,-0.014992741164636749,380,True,True,True,-44.54592606105507,-0.42258128213177393,0.27328336550471377,2.6434174222007574
520,2022-2023,2022-11-12,Nottingham,Crystal Palace,Nottingham,Crystal Palace,1455.8854986820377,1510.0849379101612,1465.7185606326827,1500.2518759595162,new_to_dataset,continuing,1.1180508391227917,0.90146248758678438,1,0.90146248758678438,1,0.97964386859849395,-0.014992741164636749,380,True,False,True,2.0220492378632571,0.098537512413215622,0.02035613140150605,2.0195133267095762
521,2022-2023,2022-11-12,Tottenham,Leeds United,Tottenham,Leeds United,1573.3698934829695,1454.8705944559615,1578.641179497195,1449.599308441736,continuing,continuing,3.132879189686042,0.69539332666413323,1.5500930847513028,0.84938597198805754,0.81870121428601894,1.7708938995695376,-0.014992741164636749,380,True,True,True,97.172905692327731,0.70070711276324527,-0.95219268528351864,3.8282725163501752
522,2022-2023,2022-11-12,West Ham,Leicester City,West Ham,Leicester City,1472.302795837325,1476.4310979490497,1460.7083993742631,1488.0254944121116,continuing,continuing,1.6185917283155931,1.505043096546445,1.1101074607634682,1.2364164907542816,1.2172622314575297,1.2775531230187307,-0.014992741164636749,380,True,True,True,-1.8231002772631655,-0.12630902999081339,-0.060290891561201043,3.1236348248620383
523,2022-2023,2022-11-12,Wolves,Arsenal,Wolves,Arsenal,1438.01291486326,1619.2743205572604,1431.3679619346203,1625.9192734859,continuing,continuing,1.0710771520550812,1.496075908609358,0.79848357408178305,1.2564637491297443,1.1907035994039419,1.1753343837792352,-0.014992741164636749,380,True,True,True,-60.824132943511131,-0.45798017504796129,0.015369215624706722,2.567153060664439
524,2022-2023,2022-11-13,Brighton,Aston Villa,Brighton,Aston Villa,1527.7820638547914,1463.9362646999996,1514.3611705128715,1477.3571580419195,continuing,continuing,1.2651907681497874,1.0379330712361714,0.92129499945083482,1.0374444145845902,1.000471019598459,1.2032724496469236,-0.014992741164636749,380,True,True,True,33.004033410934426,-0.11614941513375543,-0.20280143004846463,2.3031238393859588
525,2022-2023,2022-11-13,Fulham,Manchester Utd,Fulham,Manchester Utd,1504.5215623887216,1543.6997410138217,1493.9229786492497,1554.2983247532936,new_to_dataset,continuing,1.5883485462711109,1.0433676065776929,1,1.0433676065776929,1,1.3917219683611661,-0.014992741164636749,380,True,False,True,-9.8442929046213976,-0.043367606577692897,-0.39172196836116613,2.6317161528488038
526,2022-2023,2022-12-26,Arsenal,West Ham,Arsenal,West Ham,1625.9192734859,1460.7083993742631,1630.2146430513242,1456.4130298088389,continuing,continuing,1.7455304828795506,1.3047474683251623,1.2564637491297443,1.1101074607634682,1.1753343837792352,1.2172622314575297,-0.014992741164636749,380,True,True,True,43.550804690380119,0.14635628836627612,-0.041927847678294494,3.0502779512047127
527,2022-2023,2022-12-26,Aston Villa,Liverpool,Aston Villa,Liverpool,1477.3571580419195,1606.6819211175527,1469.3264199488731,1614.7126592105992,continuing,continuing,0.67636221770813354,2.045043864746078,1.0374444145845902,1.6995684272054559,1.2032724496469236,0.57124337367128974,-0.014992741164636749,380,True,True,True,-155.16831294002463,-0.66212401262086562,0.63202907597563385,2.7214060824542115
528,2022-2023,2022-12-26,Brentford,Tottenham,Brentford,Tottenham,1491.794913080412,1578.641179497195,1492.5660765777434,1577.8700159998637,continuing,continuing,0.91605547155728606,2.0085831851450919,0.98039934248561356,1.5500930847513028,1.2957823016592254,0.81870121428601894,-0.014992741164636749,380,True,True,True,-79.440015685390108,-0.56969374226568925,0.47708108737320643,2.9246386567023781
529,2022-2023,2022-12-26,Crystal Palace,Fulham,Crystal Palace,Fulham,1500.2518759595162,1493.9229786492497,1488.3656370072104,1505.8092176015557,continuing,new_to_dataset,1.0288237623801251,0.97964386859849395,0.90146248758678438,1,0.97964386859849395,1,-0.014992741164636749,380,True,True,False,-2.0220492378632571,-0.098537512413215622,-0.02035613140150605,2.0084676309786191
530,2022-2023,2022-12-26,Everton,Wolves,Everton,Wolves,1440.7674009745699,1431.3679619346203,1428.7960731595779,1443.3392897496124,continuing,continuing,1.1543085940552535,1.2106629664793203,0.84942479760771816,0.79848357408178305,1.516202719475505,1.1907035994039419,-0.014992741164636749,380,True,True,True,-27.000870041692224,0.050941223525935109,0.32549912007156312,2.364971560534574
531,2022-2023,2022-12-26,Leicester City,Newcastle,Leicester City,Newcastle,1488.0254944121116,1575.8193536623166,1478.8237638591929,1585.0210842152353,continuing,continuing,1.7123472119881673,1.1904495537356141,1.2364164907542816,0.93182000206981652,1.2775531230187307,1.2134830512611752,-0.014992741164636749,380,True,True,True,-11.784712691322966,0.30459648868446509,0.064070071757555525,2.9027967657237816
532,2022-2023,2022-12-26,Southampton,Brighton,Southampton,Brighton,1429.6123172328091,1514.3611705128715,1420.3234441140298,1523.6500436316508,continuing,continuing,0.97181417438104123,1.5839389915851805,0.85110940355718445,0.92129499945083482,1.7192527827995747,1.000471019598459,-0.014992741164636749,380,True,True,True,-49.378779734962109,-0.070185595893650365,0.71878176320111575,2.5557531659662218
533,2022-2023,2022-12-27,Chelsea,Bournemouth,Chelsea,Bournemouth,1547.3690191319497,1472.8346611374086,1553.679398988477,1466.5242812808813,continuing,new_to_dataset,1.5457550859548173,0.9401996857564614,1.3544012842015904,1,0.9401996857564614,1,-0.014992741164636749,380,True,True,False,57.689650907651412,0.35440128420159045,-0.059800314243538599,2.4859547717112784
534,2022-2023,2022-12-27,Manchester Utd,Nottingham,Manchester Utd,Nottingham,1554.2983247532936,1465.7185606326827,1560.2647952911398,1459.7520900948366,continuing,new_to_dataset,1.1907776544517248,1.3917219683611661,1.0433676065776929,1,1.3917219683611661,1,-0.014992741164636749,380,True,True,False,9.8442929046213976,0.043367606577692897,0.39172196836116613,2.5824996228128909
535,2022-2023,2022-12-28,Leeds United,Manchester City,Leeds United,Manchester City,1449.599308441736,1646.7045943410956,1443.3526771618256,1652.951225621006,continuing,continuing,0.7093022774525477,3.6611860782497012,0.84938597198805754,2.0674226045612607,1.7708938995695376,0.73169981112715465,-0.014992741164636749,380,True,True,True,-160.97530538287924,-1.2180366325732033,1.0391940884423829,4.3704883557022489
536,2022-2023,2022-12-30,Liverpool,Leicester City,Liverpool,Leicester City,1614.7126592105992,1478.8237638591929,1619.6046446552068,1473.9317784145853,continuing,continuing,2.4780550489131716,0.70629472744129285,1.6995684272054559,1.2364164907542816,0.57124337367128974,1.2775531230187307,-0.014992741164636749,380,True,True,True,127.96747713978152,0.46315193645117425,-0.70630974934744095,3.1843497763544644
537,2022-2023,2022-12-30,West Ham,Brentford,West Ham,Brentford,1456.4130298088389,1492.5660765777434,1445.727735134441,1503.2513712521413,continuing,continuing,1.6416871262523718,1.1934030913535327,1.1101074607634682,0.98039934248561356,1.2172622314575297,1.2957823016592254,-0.014992741164636749,380,True,True,True,19.982296217689964,0.12970811827785467,-0.078520070201695713,2.8350902176059045
538,2022-2023,2022-12-31,Bournemouth,Crystal Palace,Bournemouth,Crystal Palace,1466.5242812808813,1488.3656370072104,1455.4303820654081,1499.4595362226835,new_to_dataset,continuing,1.1180508391227917,0.90146248758678438,1,0.90146248758678438,1,0.97964386859849395,-0.014992741164636749,380,True,False,True,2.0220492378632571,0.098537512413215622,0.02035613140150605,2.0195133267095762
539,2022-2023,2022-12-31,Brighton,Arsenal,Brighton,Arsenal,1523.6500436316508,1630.2146430513242,1514.9823131765274,1638.8823735064475,continuing,continuing,1.235815057747599,1.2570555681803377,0.92129499945083482,1.2564637491297443,1.000471019598459,1.1753343837792352,-0.014992741164636749,380,True,True,True,-35.92450680242564,-0.33516874967890953,-0.17486336418077619,2.492870625927937
540,2022-2023,2022-12-31,Fulham,Southampton,Fulham,Southampton,1505.8092176015557,1420.3234441140298,1511.850518934056,1414.2821427815295,new_to_dataset,continuing,1.9621538786571793,0.85110940355718445,1,0.85110940355718445,1,1.7192527827995747,-0.014992741164636749,380,True,False,True,42.216569968997419,0.14889059644281555,-0.71925278279957472,2.8132632822143639
541,2022-2023,2022-12-31,Manchester City,Everton,Manchester City,Everton,1652.951225621006,1428.7960731595779,1646.2121679894415,1435.5351307911424,continuing,continuing,3.577501783147754,0.62152396397628895,2.0674226045612607,0.84942479760771816,0.73169981112715465,1.516202719475505,-0.014992741164636749,380,True,True,True,167.53431745307489,1.2179978069535426,-0.78450290834835035,4.1990257471240433
542,2022-2023,2022-12-31,Newcastle,Leeds United,Newcastle,Leeds United,1585.0210842152353,1443.3526771618256,1579.7911720914824,1448.5825892855785,continuing,continuing,1.8832930239709458,1.0307154809865071,0.93182000206981652,0.84938597198805754,1.2134830512611752,1.7708938995695376,-0.014992741164636749,380,True,True,True,51.322999193213718,0.08243403008175898,-0.55741084830836241,2.9140085049574527
543,2022-2023,2022-12-31,Wolves,Manchester Utd,Wolves,Manchester Utd,1443.3392897496124,1560.2647952911398,1434.9632318113854,1568.6408532293667,continuing,continuing,1.268270224114161,1.242341564653535,0.79848357408178305,1.0433676065776929,1.1907035994039419,1.3917219683611661,-0.014992741164636749,380,True,True,True,-27.581709279742199,-0.24488403249590984,-0.20101836895722425,2.510611788767696
544,2022-2023,2023-01-01,Nottingham,Chelsea,Nottingham,Chelsea,1459.7520900948366,1553.679398988477,1460.7255044605542,1552.7059846227594,new_to_dataset,continuing,1.0730338659770924,1.3544012842015904,1,1.3544012842015904,1,0.9401996857564614,-0.014992741164636749,380,True,False,True,-57.689650907651412,-0.35440128420159045,0.059800314243538599,2.4274351501786828
545,2022-2023,2023-01-01,Tottenham,Aston Villa,Tottenham,Aston Villa,1577.8700159998637,1469.3264199488731,1563.3667692854904,1483.8296666632464,continuing,continuing,2.128703034065293,0.84935700197465214,1.5500930847513028,1.0374444145845902,0.81870121428601894,1.2032724496469236,-0.014992741164636749,380,True,True,True,84.835454990680091,0.51264867016671256,-0.38457123536090465,2.9780600360399454
546,2022-2023,2023-01-02,Brentford,Liverpool,Brentford,Liverpool,1503.2513712521413,1619.6046446552068,1514.8592732225259,1607.9967426848223,continuing,continuing,0.63917166471871512,2.2022706884316352,0.98039934248561356,1.6995684272054559,1.2957823016592254,0.57124337367128974,-0.014992741164636749,380,True,True,True,-149.77287363473465,-0.71916908471984231,0.72453892798793562,2.8414423531503505
547,2022-2023,2023-01-03,Arsenal,Newcastle,Arsenal,Newcastle,1638.8823735064475,1579.7911720914824,1635.5828745194242,1583.0906710785057,continuing,continuing,1.7401112116144488,1.0952000879258934,1.2564637491297443,0.93182000206981652,1.1753343837792352,1.2134830512611752,-0.014992741164636749,380,True,True,True,29.942991721793987,0.32464374705992782,-0.038148667481940013,2.8353112995403422
548,2022-2023,2023-01-03,Everton,Brighton,Everton,Brighton,1435.5351307911424,1514.9823131765274,1426.094281870337,1524.4231620973328,continuing,continuing,0.96989065675440511,1.3968699836065397,0.84942479760771816,0.92129499945083482,1.516202719475505,1.000471019598459,-0.014992741164636749,380,True,True,True,-51.900496182777715,-0.071870201843116654,0.51573169987704603,2.3667606403609449
549,2022-2023,2023-01-03,Leicester City,Fulham,Leicester City,Fulham,1473.9317784145853,1511.850518934056,1463.2970830093552,1522.4852143392861,continuing,new_to_dataset,1.4111010534580781,1.2775531230187307,1.2364164907542816,1,1.2775531230187307,1,-0.014992741164636749,380,True,True,False,1.3590121552733763,0.23641649075428162,0.2775531230187307,2.6886541764768088
550,2022-2023,2023-01-03,Manchester Utd,Bournemouth,Manchester Utd,Bournemouth,1568.6408532293667,1455.4303820654081,1574.0311730254969,1450.040062269278,continuing,new_to_dataset,1.1907776544517248,1.3917219683611661,1.0433676065776929,1,1.3917219683611661,1,-0.014992741164636749,380,True,True,False,9.8442929046213976,0.043367606577692897,0.39172196836116613,2.5824996228128909
551,2022-2023,2023-01-04,Aston Villa,Wolves,Aston Villa,Wolves,1483.8296666632464,1434.9632318113854,1480.7949157221283,1437.9979827525035,continuing,continuing,1.4098140376667678,0.96079328618821791,1.0374444145845902,0.79848357408178305,1.2032724496469236,1.1907035994039419,-0.014992741164636749,380,True,True,True,-8.1044072698489344,0.23896084050280719,0.012568850242981711,2.3706073238549856
552,2022-2023,2023-01-04,Crystal Palace,Tottenham,Crystal Palace,Tottenham,1499.4595362226835,1563.3667692854904,1489.5719906895563,1573.2543148186176,continuing,continuing,0.84229926354691897,1.5185391862335393,0.90146248758678438,1.5500930847513028,0.97964386859849395,0.81870121428601894,-0.014992741164636749,380,True,True,True,-61.015680583573612,-0.64863059716451843,0.16094265431247501,2.3608384497804584
553,2022-2023,2023-01-04,Leeds United,West Ham,Leeds United,West Ham,1448.5825892855785,1445.727735134441,1446.792962753882,1447.5173616661375,continuing,continuing,1.1800014977450271,1.9658825301326557,0.84938597198805754,1.1101074607634682,1.7708938995695376,1.2172622314575297,-0.014992741164636749,380,True,True,True,-37.715186224627587,-0.26072148877541068,0.55363166811200792,3.145884027877683
554,2022-2023,2023-01-04,Southampton,Nottingham,Southampton,Nottingham,1414.2821427815295,1460.7255044605542,1403.8921492659342,1471.1154979761495,continuing,new_to_dataset,0.9713566463635106,1.7192527827995747,0.85110940355718445,1,1.7192527827995747,1,-0.014992741164636749,380,True,True,False,-42.216569968997419,-0.14889059644281555,0.71925278279957472,2.6906094291630853
555,2022-2023,2023-01-05,Chelsea,Manchester City,Chelsea,Manchester City,1552.7059846227594,1646.2121679894415,1543.6673914610831,1655.2507611511178,continuing,continuing,1.1310287044419784,1.9437900831343022,1.3544012842015904,2.0674226045612607,0.9401996857564614,0.73169981112715465,-0.014992741164636749,380,True,True,True,-65.106380128610454,-0.71302132035967025,0.20849987462930675,3.0748187875762807
556,2022-2023,2023-01-12,Fulham,Chelsea,Fulham,Chelsea,1522.4852143392861,1543.6673914610831,1531.372573380738,1534.7800324196312,new_to_dataset,continuing,1.0730338659770924,1.3544012842015904,1,1.3544012842015904,1,0.9401996857564614,-0.014992741164636749,380,True,False,True,-57.689650907651412,-0.35440128420159045,0.059800314243538599,2.4274351501786828
557,2022-2023,2023-01-13,Aston Villa,Leeds United,Aston Villa,Leeds United,1480.7949157221283,1446.792962753882,1488.1534631910947,1439.4344152849155,continuing,continuing,2.0967695739572583,1.0220427392098033,1.0374444145845902,0.84938597198805754,1.2032724496469236,1.7708938995695376,-0.014992741164636749,380,True,True,True,12.33745070164764,0.1880584425965327,-0.56762144992261399,3.1188123131670613
558,2022-2023,2023-01-14,Brentford,Bournemouth,Brentford,Bournemouth,1514.8592732225259,1450.040062269278,1521.4136652865466,1443.4856702052573,continuing,new_to_dataset,1.1189130485853362,1.2957823016592254,0.98039934248561356,1,1.2957823016592254,1,-0.014992741164636749,380,True,True,False,-20.446384339679753,-0.019600657514386444,0.29578230165922537,2.4146953502445614
559,2022-2023,2023-01-14,Brighton,Liverpool,Brighton,Liverpool,1524.4231620973328,1607.9967426848223,1535.1006250056639,1597.3192797764912,continuing,continuing,0.60063856938445359,1.7003689572435918,0.92129499945083482,1.6995684272054559,1.000471019598459,0.57124337367128974,-0.014992741164636749,380,True,True,True,-122.16427952909021,-0.77827342775462105,0.42922764592716922,2.3010075266280454
560,2022-2023,2023-01-14,Everton,Southampton,Everton,Southampton,1426.094281870337,1403.8921492659342,1413.7714950903526,1416.2149360459186,continuing,continuing,1.6667021612535737,1.2904543922445781,0.84942479760771816,0.85110940355718445,1.516202719475505,1.7192527827995747,-0.014992741164636749,380,True,True,True,-2.5217164478156064,-0.0016846059494662891,-0.20305006332406972,2.9571565534981517
561,2022-2023,2023-01-14,Manchester Utd,Manchester City,Manchester Utd,Manchester City,1574.0311730254969,1655.2507611511178,1584.641163604872,1644.6407705717427,continuing,continuing,0.87129178485676317,2.8772774566543666,1.0433676065776929,2.0674226045612607,1.3917219683611661,0.73169981112715465,-0.014992741164636749,380,True,True,True,-112.95173813164047,-1.0240549979835678,0.66002215723401148,3.74856924151113
562,2022-2023,2023-01-14,Nottingham,Leicester City,Nottingham,Leicester City,1471.1154979761495,1463.2970830093552,1479.187946254086,1455.2246347314187,new_to_dataset,continuing,1.4580495902643684,1.2364164907542816,1,1.2364164907542816,1,1.2775531230187307,-0.014992741164636749,380,True,False,True,-1.3590121552733763,-0.23641649075428162,-0.2775531230187307,2.6944660810186498
563,2022-2023,2023-01-14,Wolves,West Ham,Wolves,West Ham,1437.9979827525035,1447.5173616661375,1446.5551722919499,1438.9601721266911,continuing,continuing,1.1092858187144088,1.3218089492562317,0.79848357408178305,1.1101074607634682,1.1907035994039419,1.2172622314575297,-0.014992741164636749,380,True,True,True,-17.273328253131012,-0.31162388668168517,-0.026558632053587772,2.4310947679706407
564,2022-2023,2023-01-15,Chelsea,Crystal Palace,Chelsea,Crystal Palace,1534.7800324196312,1489.5719906895563,1541.8411838552772,1482.5108392539103,continuing,continuing,1.5142894923105747,0.84755474755033267,1.3544012842015904,0.90146248758678438,0.9401996857564614,0.97964386859849395,-0.014992741164636749,380,True,True,True,59.711700145514669,0.45293879661480607,-0.039444182842032549,2.3618442398609076
565,2022-2023,2023-01-15,Newcastle,Fulham,Newcastle,Fulham,1583.0906710785057,1531.372573380738,1589.9815885987175,1524.4816558605262,continuing,new_to_dataset,1.0634702759034462,1.2134830512611752,0.93182000206981652,1,1.2134830512611752,1,-0.014992741164636749,380,True,True,False,13.143724846596342,-0.068179997930183478,0.21348305126117517,2.2769533271646214
566,2022-2023,2023-01-15,Tottenham,Arsenal,Tottenham,Arsenal,1573.2543148186176,1635.5828745194242,1563.3213351508246,1645.5158541872172,continuing,continuing,2.0792779470071499,1.0286683971188855,1.5500930847513028,1.2564637491297443,0.81870121428601894,1.1753343837792352,-0.014992741164636749,380,True,True,True,15.906914777320026,0.29362933562155846,-0.35663316949321622,3.1079463441260353
567,2022-2023,2023-01-18,Crystal Palace,Manchester Utd,Crystal Palace,Manchester Utd,1482.5108392539103,1584.641163604872,1483.7175387423158,1583.4344641164664,continuing,continuing,1.4318366316764082,1.0221286784781225,0.90146248758678438,1.0433676065776929,0.97964386859849395,1.3917219683611661,-0.014992741164636749,380,True,True,True,-11.866342142484655,-0.14190511899090852,-0.41207809976267218,2.4539653101545307
568,2022-2023,2023-01-19,Manchester City,Tottenham,Manchester City,Tottenham,1644.6407705717427,1563.3213351508246,1650.7836736784068,1557.1784320441604,continuing,continuing,1.9317371063591353,1.1342028173420369,2.0674226045612607,1.5500930847513028,0.73169981112715465,0.81870121428601894,-0.014992741164636749,380,True,True,True,63.802399690551511,0.51732951980995789,-0.087001403158864288,3.0659399237011722
569,2022-2023,2023-01-21,Bournemouth,Nottingham,Bournemouth,Nottingham,1443.4856702052573,1479.187946254086,1442.7874633925817,1479.8861530667616,new_to_dataset,new_to_dataset,1.1412829447116395,1,1,1,1,1,-0.014992741164636749,380,True,False,False,0,0,0,2.1412829447116395
570,2022-2023,2023-01-21,Crystal Palace,Newcastle,Crystal Palace,Newcastle,1483.7175387423158,1589.9815885987175,1485.0413103397177,1588.6578170013156,continuing,continuing,1.2484601983830363,0.91285175166513166,0.90146248758678438,0.93182000206981652,0.97964386859849395,1.2134830512611752,-0.014992741164636749,380,True,True,True,-15.165774084459599,-0.030357514483032144,-0.23383918266268122,2.1613119500481681
571,2022-2023,2023-01-21,Leicester City,Brighton,Leicester City,Brighton,1455.2246347314187,1535.1006250056639,1455.7960884509941,1534.5291712860885,continuing,continuing,1.411765709709663,1.1770033037699539,1.2364164907542816,0.92129499945083482,1.2775531230187307,1.000471019598459,-0.014992741164636749,380,True,True,True,-5.8031976106913135,0.3151214913034468,0.27708210342027173,2.5887690134796166
572,2022-2023,2023-01-21,Liverpool,Chelsea,Liverpool,Chelsea,1597.3192797764912,1541.8411838552772,1594.1127685812714,1545.0476950504969,continuing,continuing,1.8236944799368766,0.77369275889204381,1.6995684272054559,1.3544012842015904,0.57124337367128974,0.9401996857564614,-0.014992741164636749,380,True,True,True,71.636838387403486,0.34516714300386542,-0.36895631208517166,2.5973872388289205
573,2022-2023,2023-01-21,Southampton,Aston Villa,Southampton,Aston Villa,1416.2149360459186,1488.1534631910947,1406.5584193018053,1497.809979935208,continuing,continuing,1.1688066913506419,1.7836291967744324,0.85110940355718445,1.0374444145845902,1.7192527827995747,1.2032724496469236,-0.014992741164636749,380,True,True,True,-16.374746324027683,-0.18633501102740579,0.51598033315265113,2.9524358881250743
574,2022-2023,2023-01-21,West Ham,Everton,West Ham,Everton,1438.9601721266911,1413.7714950903526,1446.5562275460154,1406.1754396710282,continuing,continuing,1.9209480498109035,1.0339727245913315,1.1101074607634682,0.84942479760771816,1.2172622314575297,1.516202719475505,-0.014992741164636749,380,True,True,True,44.274198294823236,0.26068266315575006,-0.29894048801797535,2.9549207744022352
575,2022-2023,2023-01-22,Arsenal,Manchester Utd,Arsenal,Manchester Utd,1645.5158541872172,1583.4344641164664,1652.1398792927378,1576.8104390109459,continuing,continuing,1.9957023693725793,1.2263058229322081,1.2564637491297443,1.0433676065776929,1.1753343837792352,1.3917219683611661,-0.014992741164636749,380,True,True,True,33.242423663768932,0.21309614255205145,-0.21638758458193097,3.2220081923047874
576,2022-2023,2023-01-22,Leeds United,Brentford,Leeds United,Brentford,1439.4344152849155,1521.4136652865466,1440.0661863945254,1520.7818941769367,continuing,continuing,1.2561180468719177,1.7361832147497589,0.84938597198805754,0.98039934248561356,1.7708938995695376,1.2957823016592254,-0.014992741164636749,380,True,True,True,-17.732890006937623,-0.13101337049755601,0.47511159791031221,2.9923012616216766
577,2022-2023,2023-01-22,Manchester City,Wolves,Manchester City,Wolves,1650.7836736784068,1446.5551722919499,1654.3698965681292,1442.9689494022275,continuing,continuing,2.8094820008907586,0.58425028034377602,2.0674226045612607,0.79848357408178305,0.73169981112715465,1.1907035994039419,-0.014992741164636749,380,True,True,True,140.53344741138267,1.2689390304794776,-0.45900378827678723,3.3937322812345347
578,2022-2023,2023-01-23,Fulham,Tottenham,Fulham,Tottenham,1524.4816558605262,1557.1784320441604,1513.6974196212127,1567.9626682834739,new_to_dataset,continuing,0.93436973267934265,1.5500930847513028,1,1.5500930847513028,1,0.81870121428601894,-0.014992741164636749,380,True,False,True,-58.993631345710355,-0.55009308475130281,0.18129878571398106,2.4844628174306456
579,2022-2023,2023-02-03,Chelsea,Fulham,Chelsea,Fulham,1545.0476950504969,1513.6974196212127,1542.4773808149473,1516.2677338567623,continuing,new_to_dataset,1.5457550859548173,0.9401996857564614,1.3544012842015904,1,0.9401996857564614,1,-0.014992741164636749,380,True,True,False,57.689650907651412,0.35440128420159045,-0.059800314243538599,2.4859547717112784
580,2022-2023,2023-02-04,Aston Villa,Leicester City,Aston Villa,Leicester City,1497.809979935208,1455.7960884509941,1484.9553513069966,1468.6507170792056,continuing,continuing,1.5126454036071193,1.4877458996137574,1.0374444145845902,1.2364164907542816,1.2032724496469236,1.2775531230187307,-0.014992741164636749,380,True,True,True,-27.200835800243112,-0.19897207616969137,-0.074280673371807104,3.0003913032208764
581,2022-2023,2023-02-04,Brentford,Southampton,Brentford,Southampton,1520.7818941769367,1406.5584193018053,1526.1492837943579,1401.1910296843841,continuing,continuing,1.9236943724910951,1.1028525019051389,0.98039934248561356,0.85110940355718445,1.2957823016592254,1.7192527827995747,-0.014992741164636749,380,True,True,True,21.770185629317666,0.1292899389284291,-0.42347048114034935,3.0265468743962343
582,2022-2023,2023-02-04,Brighton,Bournemouth,Brighton,Bournemouth,1534.5291712860885,1442.7874633925817,1540.4197209839474,1436.8969136947228,continuing,new_to_dataset,1.051458269921357,1.000471019598459,0.92129499945083482,1,1.000471019598459,1,-0.014992741164636749,380,True,True,False,7.1622097659646897,-0.078705000549165183,0.00047101959845896602,2.051929289519816
583,2022-2023,2023-02-04,Everton,Arsenal,Everton,Arsenal,1406.1754396710282,1652.1398792927378,1421.0692694635914,1637.2460495001746,continuing,continuing,1.1394091533477861,1.9050537533529071,0.84942479760771816,1.2564637491297443,1.516202719475505,1.1753343837792352,-0.014992741164636749,380,True,True,True,-87.825002985203355,-0.40703895152202618,0.34086833569626984,3.0444629067006934
584,2022-2023,2023-02-04,Manchester Utd,Crystal Palace,Manchester Utd,Crystal Palace,1576.8104390109459,1485.0413103397177,1582.7003327790949,1479.1514165715687,continuing,continuing,1.1665380280477282,1.2545851476280327,1.0433676065776929,0.90146248758678438,1.3917219683611661,0.97964386859849395,-0.014992741164636749,380,True,True,True,11.866342142484655,0.14190511899090852,0.41207809976267218,2.4211231756757607
585,2022-2023,2023-02-04,Newcastle,West Ham,Newcastle,West Ham,1588.6578170013156,1446.5562275460154,1583.4188530355943,1451.7951915117367,continuing,continuing,1.2945222011349835,1.3470965887150488,0.93182000206981652,1.1101074607634682,1.2134830512611752,1.2172622314575297,-0.014992741164636749,380,True,True,True,13.607812968586131,-0.1782874586936517,-0.0037791801963544813,2.6416187898500323
586,2022-2023,2023-02-04,Wolves,Liverpool,Wolves,Liverpool,1442.9689494022275,1594.1127685812714,1455.5337130803118,1581.5480049031871,continuing,continuing,0.52057162135835677,2.0236822437068325,0.79848357408178305,1.6995684272054559,1.1907035994039419,0.57124337367128974,-0.014992741164636749,380,True,True,True,-147.0639056701757,-0.90108485312367281,0.61946022573265214,2.5442538650651891
587,2022-2023,2023-02-05,Nottingham,Leeds United,Nottingham,Leeds United,1479.8861530667616,1440.0661863945254,1487.0896289106975,1432.8627105505896,new_to_dataset,continuing,2.0210910044726003,0.84938597198805754,1,0.84938597198805754,1,1.7708938995695376,-0.014992741164636749,380,True,False,True,38.179274346617376,0.15061402801194246,-0.77089389956953758,2.8704769764606577
588,2022-2023,2023-02-05,Tottenham,Manchester City,Tottenham,Manchester City,1567.9626682834739,1654.3698965681292,1578.7212691786549,1643.6112956729482,continuing,continuing,1.2944463312763577,1.692601396796668,1.5500930847513028,2.0674226045612607,0.81870121428601894,0.73169981112715465,-0.014992741164636749,380,True,True,True,-63.802399690551511,-0.51732951980995789,0.087001403158864288,2.9870477280730254
589,2022-2023,2023-02-08,Manchester Utd,Leeds United,Manchester Utd,Leeds United,1582.7003327790949,1432.8627105505896,1577.3017098892039,1438.2613334404805,continuing,continuing,2.1087408840122821,1.1821091168335818,1.0433676065776929,0.84938597198805754,1.3917219683611661,1.7708938995695376,-0.014992741164636749,380,True,True,True,48.023567251238774,0.19398163458963535,-0.37917193120837145,3.2908500008458637
590,2022-2023,2023-02-11,Arsenal,Brentford,Arsenal,Brentford,1637.2460495001746,1526.1492837943579,1632.68441335492,1530.7109199396125,continuing,continuing,1.8581267439914964,1.1522970570578959,1.2564637491297443,0.98039934248561356,1.1753343837792352,1.2957823016592254,-0.014992741164636749,380,True,True,True,63.533100908070082,0.27606440664413079,-0.12044791787999021,3.0104238010493924
591,2022-2023,2023-02-11,Bournemouth,Newcastle,Bournemouth,Newcastle,1436.8969136947228,1583.4188530355943,1439.3369815125839,1580.9787852177333,new_to_dataset,continuing,1.3849275101010194,0.93182000206981652,1,0.93182000206981652,1,1.2134830512611752,-0.014992741164636749,380,True,False,True,-13.143724846596342,0.068179997930183478,-0.21348305126117517,2.3167475121708359
592,2022-2023,2023-02-11,Crystal Palace,Brighton,Crystal Palace,Brighton,1479.1514165715687,1540.4197209839474,1479.1879211448327,1540.3832164106834,continuing,continuing,1.0293083585355665,0.90254099738246318,0.90146248758678438,0.92129499945083482,0.97964386859849395,1.000471019598459,-0.014992741164636749,380,True,True,True,-9.1842590038279468,-0.019832511864050439,-0.020827150999965016,1.9318493559180296
593,2022-2023,2023-02-11,Fulham,Nottingham,Fulham,Nottingham,1516.2677338567623,1487.0896289106975,1523.7559025318326,1479.6014602356272,new_to_dataset,new_to_dataset,1.1412829447116395,1,1,1,1,1,-0.014992741164636749,380,True,False,False,0,0,0,2.1412829447116395
594,2022-2023,2023-02-11,Leicester City,Tottenham,Leicester City,Tottenham,1468.6507170792056,1578.7212691786549,1480.0819685402842,1567.2900177175763,continuing,continuing,1.1552701459464092,1.9803262613937649,1.2364164907542816,1.5500930847513028,1.2775531230187307,0.81870121428601894,-0.014992741164636749,380,True,True,True,-57.634619190436979,-0.31367659399702119,0.45885190873271176,3.1355964073401741
595,2022-2023,2023-02-11,Southampton,Wolves,Southampton,Wolves,1401.1910296843841,1455.5337130803118,1391.0282134127503,1465.6965293519456,continuing,continuing,1.1565978551299738,1.3727951067598558,0.85110940355718445,0.79848357408178305,1.7192527827995747,1.1907035994039419,-0.014992741164636749,380,True,True,True,-24.479153593876617,0.052625829475401398,0.52854918339563284,2.5293929618898296
596,2022-2023,2023-02-11,West Ham,Chelsea,West Ham,Chelsea,1451.7951915117367,1542.4773808149473,1452.6760073483074,1541.5965649783766,continuing,continuing,1.1911829002730376,1.6486615294961717,1.1101074607634682,1.3544012842015904,1.2172622314575297,0.9401996857564614,-0.014992741164636749,380,True,True,True,-58.153739029641201,-0.24429382343812223,0.27706254570106825,2.8398444297692094
597,2022-2023,2023-02-12,Leeds United,Manchester Utd,Leeds United,Manchester Utd,1438.2613334404805,1577.3017098892039,1430.4978474828376,1585.0651958468468,continuing,continuing,1.3491209738303056,1.8476933294969058,0.84938597198805754,1.0433676065776929,1.7708938995695376,1.3917219683611661,-0.014992741164636749,380,True,True,True,-48.023567251238774,-0.19398163458963535,0.37917193120837145,3.1968143033272112
598,2022-2023,2023-02-12,Manchester City,Aston Villa,Manchester City,Aston Villa,1643.6112956729482,1484.9553513069966,1648.0353032834216,1480.5313436965232,continuing,continuing,2.8391383809900756,0.75909788220646623,2.0674226045612607,1.0374444145845902,0.73169981112715465,1.2032724496469236,-0.014992741164636749,380,True,True,True,148.6378546812316,1.0299781899766705,-0.47157263851976894,3.5982362631965419
599,2022-2023,2023-02-13,Liverpool,Everton,Liverpool,Everton,1581.5480049031871,1421.0692694635914,1585.9359661396416,1416.6813082271369,continuing,continuing,2.9409609169865187,0.48522828706548543,1.6995684272054559,0.84942479760771816,0.57124337367128974,1.516202719475505,-0.014992741164636749,380,True,True,True,174.06477571186792,0.8501436295977377,-0.94495934580421526,3.4261892040520041
600,2022-2023,2023-02-15,Arsenal,Manchester City,Arsenal,Manchester City,1632.68441335492,1648.0353032834216,1621.4063367165004,1659.3133799218413,continuing,continuing,1.0492433689578577,2.4299128729432709,1.2564637491297443,2.0674226045612607,1.1753343837792352,0.73169981112715465,-0.014992741164636749,380,True,True,True,-79.709314467871536,-0.81095885543151636,0.44363457265208051,3.4791562419011286
601,2022-2023,2023-02-18,Aston Villa,Arsenal,Aston Villa,Arsenal,1480.5313436965232,1621.4063367165004,1472.8179613324849,1629.1197190805387,continuing,continuing,1.3916166156160694,1.5118682133079051,1.0374444145845902,1.2564637491297443,1.2032724496469236,1.1753343837792352,-0.014992741164636749,380,True,True,True,-68.928540213360066,-0.2190193345451541,0.027938065867688433,2.9034848289239745
602,2022-2023,2023-02-18,Brentford,Crystal Palace,Brentford,Crystal Palace,1530.7109199396125,1479.1879211448327,1527.6069109364064,1482.2919301480388,continuing,continuing,1.0961363075414734,1.1680991370246543,0.98039934248561356,0.90146248758678438,1.2957823016592254,0.97964386859849395,-0.014992741164636749,380,True,True,True,-18.424335101816496,0.078936854898829178,0.31613843306073142,2.2642354445661277
603,2022-2023,2023-02-18,Brighton,Fulham,Brighton,Fulham,1540.3832164106834,1523.7559025318326,1528.2127834139228,1535.9263355285932,continuing,new_to_dataset,1.051458269921357,1.000471019598459,0.92129499945083482,1,1.000471019598459,1,-0.014992741164636749,380,True,True,False,7.1622097659646897,-0.078705000549165183,0.00047101959845896602,2.051929289519816
604,2022-2023,2023-02-18,Chelsea,Southampton,Chelsea,Southampton,1541.5965649783766,1391.0282134127503,1526.1830567580475,1406.4417216330794,continuing,continuing,2.6575437330544154,0.80021279376883414,1.3544012842015904,0.85110940355718445,0.9401996857564614,1.7192527827995747,-0.014992741164636749,380,True,True,True,99.906220876648831,0.503291880644406,-0.77905309704311332,3.4577565268232497
605,2022-2023,2023-02-18,Everton,Leeds United,Everton,Leeds United,1416.6813082271369,1430.4978474828376,1425.3598155938018,1421.8193401161727,continuing,continuing,1.7167648174209182,1.287841320612638,0.84942479760771816,0.84938597198805754,1.516202719475505,1.7708938995695376,-0.014992741164636749,380,True,True,True,-6.5590120701956494,3.8825619660620703e-05,-0.25469118009403258,3.004606138033556
606,2022-2023,2023-02-18,Newcastle,Liverpool,Newcastle,Liverpool,1580.9787852177333,1585.9359661396416,1569.4076481376717,1597.5071032197031,continuing,continuing,0.6075003482062219,2.0623974808724332,0.93182000206981652,1.6995684272054559,1.2134830512611752,0.57124337367128974,-0.014992741164636749,380,True,True,True,-116.18276444845856,-0.76774842513563935,0.64223967758988543,2.6698978290786552
607,2022-2023,2023-02-18,Nottingham,Manchester City,Nottingham,Manchester City,1479.6014602356272,1659.3133799218413,1482.9168705494292,1655.9979696080393,new_to_dataset,continuing,0.83507651508814951,2.0674226045612607,1,2.0674226045612607,1,0.73169981112715465,-0.014992741164636749,380,True,False,True,-122.79603103626187,-1.0674226045612607,0.26830018887284535,2.9024991196494101
608,2022-2023,2023-02-18,Wolves,Bournemouth,Wolves,Bournemouth,1465.6965293519456,1439.3369815125839,1453.2608577513611,1451.7726531131684,continuing,new_to_dataset,0.9112956847319319,1.1907035994039419,0.79848357408178305,1,1.1907035994039419,1,-0.014992741164636749,380,True,True,False,-17.737416375120802,-0.20151642591821695,0.19070359940394188,2.1019992841358737
609,2022-2023,2023-02-19,Manchester Utd,Leicester City,Manchester Utd,Leicester City,1585.0651958468468,1480.0819685402842,1590.6440193679919,1474.5031450191391,continuing,continuing,1.52128171126572,1.7207479922267543,1.0433676065776929,1.2364164907542816,1.3917219683611661,1.2775531230187307,-0.014992741164636749,380,True,True,True,8.4852807493480213,-0.19304888417658872,0.11416884534243543,3.2420297034924745
610,2022-2023,2023-02-19,Tottenham,West Ham,Tottenham,West Ham,1567.2900177175763,1452.6760073483074,1572.6485837541402,1447.3174413117436,continuing,continuing,2.1534522843243566,0.90884632611502059,1.5500930847513028,1.1101074607634682,0.81870121428601894,1.2172622314575297,-0.014992741164636749,380,True,True,True,59.457719467700144,0.43998562398783458,-0.39856101717151071,3.0622986104393775
611,2022-2023,2023-02-24,Fulham,Wolves,Fulham,Wolves,1535.9263355285932,1453.2608577513611,1532.0363095486332,1457.1508837313211,new_to_dataset,continuing,1.3589297102064792,0.79848357408178305,1,0.79848357408178305,1,1.1907035994039419,-0.014992741164636749,380,True,False,True,17.737416375120802,0.20151642591821695,-0.19070359940394188,2.1574132842882623
612,2022-2023,2023-02-25,Bournemouth,Manchester City,Bournemouth,Manchester City,1451.7726531131684,1655.9979696080393,1445.7007144146194,1662.0699083065883,new_to_dataset,continuing,0.83507651508814951,2.0674226045612607,1,2.0674226045612607,1,0.73169981112715465,-0.014992741164636749,380,True,False,True,-122.79603103626187,-1.0674226045612607,0.26830018887284535,2.9024991196494101
613,2022-2023,2023-02-25,Crystal Palace,Liverpool,Crystal Palace,Liverpool,1482.2919301480388,1597.5071032197031,1483.86790514271,1595.9311282250319,continuing,continuing,0.58770875693521196,1.6649717889754105,0.90146248758678438,1.6995684272054559,0.97964386859849395,0.57124337367128974,-0.014992741164636749,380,True,True,True,-131.34853853291816,-0.79810593961867149,0.40840049492720421,2.2526805459106223
614,2022-2023,2023-02-25,Everton,Aston Villa,Everton,Aston Villa,1425.3598155938018,1472.8179613324849,1414.9989887270681,1483.1787881992186,continuing,continuing,1.1664932652531319,1.572976042697829,0.84942479760771816,1.0374444145845902,1.516202719475505,1.2032724496469236,-0.014992741164636749,380,True,True,True,-18.896462771843289,-0.18801961697687208,0.31293026982858141,2.7394693079509609
615,2022-2023,2023-02-25,Leeds United,Southampton,Leeds United,Southampton,1421.8193401161727,1406.4417216330794,1429.6832084487849,1398.5778533004673,continuing,continuing,1.6666259794133655,1.5072244506256856,0.84938597198805754,0.85110940355718445,1.7708938995695376,1.7192527827995747,-0.014992741164636749,380,True,True,True,4.0372956223800429,-0.0017234315691269098,0.051641116769962858,3.1738504300390513
616,2022-2023,2023-02-25,Leicester City,Arsenal,Leicester City,Arsenal,1474.5031450191391,1629.1197190805387,1467.1610457697286,1636.4618183299492,continuing,continuing,1.6585155871163799,1.605199186660528,1.2364164907542816,1.2564637491297443,1.2775531230187307,1.1753343837792352,-0.014992741164636749,380,True,True,True,-41.727704413116953,-0.020047258375462729,0.10221873923949554,3.2637147737769077
617,2022-2023,2023-02-25,West Ham,Nottingham,West Ham,Nottingham,1447.3174413117436,1482.9168705494292,1456.6162888214683,1473.6180230397044,continuing,new_to_dataset,1.2669467117664919,1.2172622314575297,1.1101074607634682,1,1.2172622314575297,1,-0.014992741164636749,380,True,True,False,-0.46408812198978922,0.11010746076346822,0.21726223145752965,2.4842089432240213
618,2022-2023,2023-02-26,Tottenham,Chelsea,Tottenham,Chelsea,1572.6485837541402,1526.1830567580475,1579.6767030909989,1519.1549374211888,continuing,continuing,1.6633023753550471,1.1088499760063855,1.5500930847513028,1.3544012842015904,0.81870121428601894,0.9401996857564614,-0.014992741164636749,380,True,True,True,1.303980438058943,0.19569180054971236,-0.12149847147044246,2.7721523513614326
619,2022-2023,2023-03-01,Arsenal,Everton,Arsenal,Everton,1636.4618183299492,1414.9989887270681,1639.7652805888636,1411.6955264681537,continuing,continuing,2.1742053574605671,0.99835817106306901,1.2564637491297443,0.84942479760771816,1.1753343837792352,1.516202719475505,-0.014992741164636749,380,True,True,True,87.825002985203355,0.40703895152202618,-0.34086833569626984,3.1725635285236362
620,2022-2023,2023-03-01,Liverpool,Wolves,Liverpool,Wolves,1595.9311282250319,1457.1508837313211,1600.7618692409012,1452.3201427154518,continuing,continuing,2.3095940302583915,0.45612845067958696,1.6995684272054559,0.79848357408178305,0.57124337367128974,1.1907035994039419,-0.014992741164636749,380,True,True,True,147.0639056701757,0.90108485312367281,-0.61946022573265214,2.7657224809379786
621,2022-2023,2023-03-04,Arsenal,Bournemouth,Arsenal,Bournemouth,1639.7652805888636,1445.7007144146194,1643.5269453429569,1441.9390496605261,continuing,new_to_dataset,1.4339806475302213,1.1753343837792352,1.2564637491297443,1,1.1753343837792352,1,-0.014992741164636749,380,True,True,False,43.086716568390329,0.25646374912974435,0.17533438377923516,2.6093150313094564
622,2022-2023,2023-03-04,Aston Villa,Crystal Palace,Aston Villa,Crystal Palace,1483.1787881992186,1483.86790514271,1491.4880755539498,1475.5586177879788,continuing,continuing,1.1599155982695544,1.0847049757033596,1.0374444145845902,0.90146248758678438,1.2032724496469236,0.97964386859849395,-0.014992741164636749,380,True,True,True,-23.819774407106479,0.13598192699780587,0.22362858104842964,2.2446205739729139
623,2022-2023,2023-03-04,Brighton,West Ham,Brighton,West Ham,1528.2127834139228,1456.6162888214683,1534.596437436775,1450.2326347986161,continuing,continuing,1.2799004399289444,1.1106303431338833,0.92129499945083482,1.1101074607634682,1.000471019598459,1.2172622314575297,-0.014992741164636749,380,True,True,True,7.6262978879544789,-0.18881246131263341,-0.21679121185907069,2.390530783062828
624,2022-2023,2023-03-04,Chelsea,Leeds United,Chelsea,Leeds United,1519.1549374211888,1429.6832084487849,1525.0999342327636,1423.73821163721,continuing,continuing,2.7373682519459726,0.79859242394911822,1.3544012842015904,0.84938597198805754,0.9401996857564614,1.7708938995695376,-0.014992741164636749,380,True,True,True,95.868925254268788,0.50501531221353291,-0.83069421381307618,3.5359606758950908
625,2022-2023,2023-03-04,Manchester City,Newcastle,Manchester City,Newcastle,1662.0699083065883,1569.4076481376717,1667.9384608528553,1563.5390955914047,continuing,continuing,2.8632304400615913,0.68181251951898958,2.0674226045612607,0.93182000206981652,0.73169981112715465,1.2134830512611752,-0.014992741164636749,380,True,True,True,109.65230618966552,1.1356026024914443,-0.48178324013402052,3.5450429595805808
626,2022-2023,2023-03-04,Southampton,Leicester City,Southampton,Leicester City,1398.5778533004673,1467.1610457697286,1408.8248471929323,1456.9140518772635,continuing,continuing,1.2409597171267039,2.1257124924285833,0.85110940355718445,1.2364164907542816,1.7192527827995747,1.2775531230187307,-0.014992741164636749,380,True,True,True,-43.575582124270795,-0.38530708719709716,0.44169965978084402,3.3666722095552872
627,2022-2023,2023-03-04,Wolves,Tottenham,Wolves,Tottenham,1452.3201427154518,1579.6767030909989,1464.2348918254518,1567.7619539809989,continuing,continuing,0.74607888366364172,1.8457014154245357,0.79848357408178305,1.5500930847513028,1.1907035994039419,0.81870121428601894,-0.014992741164636749,380,True,True,True,-76.731047720831157,-0.75160951066951975,0.37200238511792294,2.5917802990881773
628,2022-2023,2023-03-05,Liverpool,Manchester Utd,Liverpool,Manchester Utd,1600.7618692409012,1590.6440193679919,1608.7706755822728,1582.6352130266202,continuing,continuing,2.6995070406400643,0.59601683156078022,1.6995684272054559,1.0433676065776929,0.57124337367128974,1.3917219683611661,-0.014992741164636749,380,True,True,True,119.4821963904335,0.65620082062776297,-0.82047859468987638,3.2955238722008446
629,2022-2023,2023-03-05,Nottingham,Everton,Nottingham,Everton,1473.6180230397044,1411.6955264681537,1470.246100862179,1415.0674486456792,new_to_dataset,continuing,1.7304163044628003,0.84942479760771816,1,0.84942479760771816,1,1.516202719475505,-0.014992741164636749,380,True,False,True,44.738286416813025,0.15057520239228184,-0.516202719475505,2.5798411020705183
630,2022-2023,2023-03-06,Brentford,Fulham,Brentford,Fulham,1527.6069109364064,1532.0363095486332,1536.0209615874771,1523.6222588975625,continuing,new_to_dataset,1.1189130485853362,1.2957823016592254,0.98039934248561356,1,1.2957823016592254,1,-0.014992741164636749,380,True,True,False,-20.446384339679753,-0.019600657514386444,0.29578230165922537,2.4146953502445614
631,2022-2023,2023-03-11,Bournemouth,Liverpool,Bournemouth,Liverpool,1441.9390496605261,1608.7706755822728,1454.9205338357754,1595.7891914070235,new_to_dataset,continuing,0.65195031965058103,1.6995684272054559,1,1.6995684272054559,1,0.57124337367128974,-0.014992741164636749,380,True,False,True,-129.3264892950549,-0.69956842720545587,0.42875662632871026,2.351518746856037
632,2022-2023,2023-03-11,Crystal Palace,Manchester City,Crystal Palace,Manchester City,1475.5586177879788,1667.9384608528553,1469.194545714498,1674.3025329263362,continuing,continuing,0.75279015261666615,2.0253378783603679,0.90146248758678438,2.0674226045612607,0.97964386859849395,0.73169981112715465,-0.014992741164636749,380,True,True,True,-124.81808027412512,-1.1659601169744764,0.2479440574713393,2.778128030977034
633,2022-2023,2023-03-11,Everton,Brentford,Everton,Brentford,1415.0674486456792,1536.0209615874771,1426.8040514897461,1524.2843587434102,continuing,continuing,1.2561754643042102,1.4864841492486842,0.84942479760771816,0.98039934248561356,1.516202719475505,1.2957823016592254,-0.014992741164636749,380,True,True,True,-24.291902077133273,-0.13097454487789539,0.22042041781627963,2.7426596135528944
634,2022-2023,2023-03-11,Leeds United,Brighton,Leeds United,Brighton,1423.73821163721,1534.596437436775,1425.1916625159533,1533.1429865580317,continuing,continuing,0.96984632486551081,1.6315156942314037,0.84938597198805754,0.92129499945083482,1.7708938995695376,1.000471019598459,-0.014992741164636749,380,True,True,True,-45.341484112582066,-0.071909027462777275,0.77042287997107861,2.6013620190969147
635,2022-2023,2023-03-11,Leicester City,Chelsea,Leicester City,Chelsea,1456.9140518772635,1525.0999342327636,1447.149616923929,1534.8643691860982,continuing,continuing,1.3267167670318967,1.7303195904523214,1.2364164907542816,1.3544012842015904,1.2775531230187307,0.9401996857564614,-0.014992741164636749,380,True,True,True,-56.330638752378036,-0.11798479344730883,0.3373534372622693,3.0570363574842183
636,2022-2023,2023-03-11,Tottenham,Nottingham,Tottenham,Nottingham,1567.7619539809989,1470.246100862179,1573.5153259448264,1464.4927288983515,continuing,new_to_dataset,1.7690948003421159,0.81870121428601894,1.5500930847513028,1,0.81870121428601894,1,-0.014992741164636749,380,True,True,False,58.993631345710355,0.55009308475130281,-0.18129878571398106,2.5877960146281347
637,2022-2023,2023-03-12,Fulham,Arsenal,Fulham,Arsenal,1523.6222588975625,1643.5269453429569,1515.3295692171669,1651.8196350233525,new_to_dataset,continuing,1.3413890865404057,1.2564637491297443,1,1.2564637491297443,1,1.1753343837792352,-0.014992741164636749,380,True,False,True,-43.086716568390329,-0.25646374912974435,-0.17533438377923516,2.59785283567015
638,2022-2023,2023-03-12,Manchester Utd,Southampton,Manchester Utd,Southampton,1582.6352130266202,1408.8248471929323,1576.7659749193972,1414.6940853001554,continuing,continuing,2.047247796111678,1.1845076544093027,1.0433676065776929,0.85110940355718445,1.3917219683611661,1.7192527827995747,-0.014992741164636749,380,True,True,True,52.060862873618817,0.19225820302050844,-0.32753081443840859,3.2317554505209807
639,2022-2023,2023-03-12,Newcastle,Wolves,Newcastle,Wolves,1563.5390955914047,1464.2348918254518,1569.2503696178758,1458.5236177989807,continuing,continuing,1.2662778853773367,0.96894628385869075,0.93182000206981652,0.79848357408178305,1.2134830512611752,1.1907035994039419,-0.014992741164636749,380,True,True,True,30.881141221717144,0.13333642798803347,0.02277945185723329,2.2352241692360275
640,2022-2023,2023-03-12,West Ham,Aston Villa,West Ham,Aston Villa,1450.2326347986161,1491.4880755539498,1449.6936458638797,1492.0270644886862,continuing,continuing,1.5244820734393814,1.2628419031103888,1.1101074607634682,1.0374444145845902,1.2172622314575297,1.2032724496469236,-0.014992741164636749,380,True,True,True,25.377735522979947,0.072663046178877977,0.013989781810606061,2.7873239765497702
641,2022-2023,2023-03-15,Brighton,Crystal Palace,Brighton,Crystal Palace,1533.1429865580317,1469.194545714498,1539.7194849377329,1462.6180473347968,continuing,continuing,1.0300546472156378,0.90188709408571333,0.92129499945083482,0.90146248758678438,1.000471019598459,0.97964386859849395,-0.014992741164636749,380,True,True,True,9.1842590038279468,0.019832511864050439,0.020827150999965016,1.9319417413013511
642,2022-2023,2023-03-15,Southampton,Brentford,Southampton,Brentford,1414.6940853001554,1524.2843587434102,1406.1117937318204,1532.8666503117452,continuing,continuing,1.2586667509568961,1.6855542978232645,0.85110940355718445,0.98039934248561356,1.7192527827995747,1.2957823016592254,-0.014992741164636749,380,True,True,True,-21.770185629317666,-0.1292899389284291,0.42347048114034935,2.9442210487801606
643,2022-2023,2023-03-17,Nottingham,Newcastle,Nottingham,Newcastle,1464.4927288983515,1569.2503696178758,1455.7738781511105,1577.9692203651168,new_to_dataset,continuing,1.3849275101010194,0.93182000206981652,1,0.93182000206981652,1,1.2134830512611752,-0.014992741164636749,380,True,False,True,-13.143724846596342,0.068179997930183478,-0.21348305126117517,2.3167475121708359
644,2022-2023,2023-03-18,Aston Villa,Bournemouth,Aston Villa,Bournemouth,1492.0270644886862,1454.9205338357754,1499.3026876395008,1447.6449106849607,continuing,new_to_dataset,1.1840176164517442,1.2032724496469236,1.0374444145845902,1,1.2032724496469236,1,-0.014992741164636749,380,True,True,False,-25.841823644969736,0.037444414584590247,0.20327244964692359,2.387290066098668
645,2022-2023,2023-03-18,Brentford,Leicester City,Brentford,Leicester City,1532.8666503117452,1447.149616923929,1528.9023400406984,1451.1139271949758,continuing,continuing,1.429470859606605,1.6021266061990054,0.98039934248561356,1.2364164907542816,1.2957823016592254,1.2775531230187307,-0.014992741164636749,380,True,True,True,-21.805396494953129,-0.25601714826866806,0.01822917864049467,3.0315974658056106
646,2022-2023,2023-03-18,Chelsea,Everton,Chelsea,Everton,1534.8643691860982,1426.8040514897461,1530.3722184697433,1431.296202206101,continuing,continuing,2.3436780649677869,0.79862892778452244,1.3544012842015904,0.84942479760771816,0.9401996857564614,1.516202719475505,-0.014992741164636749,380,True,True,True,102.42793732446444,0.50497648659387229,-0.5760030337190436,3.1423069927523093
647,2022-2023,2023-03-18,Southampton,Tottenham,Southampton,Tottenham,1406.1117937318204,1573.5153259448264,1409.1082680828818,1570.518851593765,continuing,continuing,0.79525086588260119,2.6650018495570542,0.85110940355718445,1.5500930847513028,1.7192527827995747,0.81870121428601894,-0.014992741164636749,380,True,True,True,-101.21020131470777,-0.69898368119411836,0.90055156851355578,3.4602527154396556
648,2022-2023,2023-03-18,Wolves,Leeds United,Wolves,Leeds United,1458.5236177989807,1425.1916625159533,1445.9001129685676,1437.8151673463665,continuing,continuing,1.6138079687958229,1.0113669341293958,0.79848357408178305,0.84938597198805754,1.1907035994039419,1.7708938995695376,-0.014992741164636749,380,True,True,True,20.441857971496574,-0.050902397906274488,-0.5801903001655957,2.6251749029252185
649,2022-2023,2023-03-19,Arsenal,Crystal Palace,Arsenal,Crystal Palace,1651.8196350233525,1462.6180473347968,1655.6675439571341,1458.7701384010152,continuing,continuing,1.4047903490418794,1.0595198573479097,1.2564637491297443,0.90146248758678438,1.1753343837792352,0.97964386859849395,-0.014992741164636749,380,True,True,True,45.108765806253587,0.35500126154295997,0.19569051518074121,2.464310206389789
650,2022-2023,2023-04-01,Arsenal,Leeds United,Arsenal,Leeds United,1655.6675439571341,1437.8151673463665,1659.0287227422141,1434.4539885612865,continuing,continuing,2.5394275808120441,0.99831253797731034,1.2564637491297443,0.84938597198805754,1.1753343837792352,1.7708938995695376,-0.014992741164636749,380,True,True,True,81.265990915007706,0.4070777771416868,-0.59555951579030242,3.5377401187893547
651,2022-2023,2023-04-01,Bournemouth,Fulham,Bournemouth,Fulham,1447.6449106849607,1515.3295692171669,1457.8660568756561,1505.1084230264714,new_to_dataset,new_to_dataset,1.1412829447116395,1,1,1,1,1,-0.014992741164636749,380,True,False,False,0,0,0,2.1412829447116395
652,2022-2023,2023-04-01,Brighton,Brentford,Brighton,Brentford,1539.7194849377329,1528.9023400406984,1537.7089697388744,1530.9128552395568,continuing,continuing,1.362461017097323,0.98086112979024054,0.92129499945083482,0.98039934248561356,1.000471019598459,1.2957823016592254,-0.014992741164636749,380,True,True,True,27.608594105644443,-0.059104343034778739,-0.2953112820607664,2.3433221468875636
653,2022-2023,2023-04-01,Chelsea,Aston Villa,Chelsea,Aston Villa,1530.3722184697433,1499.3026876395008,1517.8094524412884,1511.8654536679558,continuing,continuing,1.8599645088310441,0.97540491258222783,1.3544012842015904,1.0374444145845902,0.9401996857564614,1.2032724496469236,-0.014992741164636749,380,True,True,True,83.531474552621148,0.3169568696170002,-0.26307276389046219,2.8353694214132719
654,2022-2023,2023-04-01,Crystal Palace,Leicester City,Crystal Palace,Leicester City,1458.7701384010152,1451.1139271949758,1466.8470822229526,1443.0369833730383,continuing,continuing,1.3143770106646091,1.2112478342014985,0.90146248758678438,1.2364164907542816,0.97964386859849395,1.2775531230187307,-0.014992741164636749,380,True,True,True,-3.3810613931366333,-0.33495400316749724,-0.29790925442023675,2.5256248448661074
655,2022-2023,2023-04-01,Manchester City,Liverpool,Manchester City,Liverpool,1674.3025329263362,1595.7891914070235,1680.5143995468459,1589.5773247865138,continuing,continuing,1.3478568278965506,1.2435738971839074,2.0674226045612607,1.6995684272054559,0.73169981112715465,0.57124337367128974,-0.014992741164636749,380,True,True,True,-6.5304582587930327,0.36785417735580483,0.16045643745586491,2.5914307250804578
656,2022-2023,2023-04-01,Nottingham,Wolves,Nottingham,Wolves,1455.7738781511105,1445.9001129685676,1453.7894322137763,1447.8845589059017,new_to_dataset,continuing,1.3589297102064792,0.79848357408178305,1,0.79848357408178305,1,1.1907035994039419,-0.014992741164636749,380,True,False,True,17.737416375120802,0.20151642591821695,-0.19070359940394188,2.1574132842882623
657,2022-2023,2023-04-02,Newcastle,Manchester Utd,Newcastle,Manchester Utd,1577.9692203651168,1576.7659749193972,1586.2256472843535,1568.5095480001605,continuing,continuing,1.4800549456739365,1.2661089068169682,0.93182000206981652,1.0433676065776929,1.2134830512611752,1.3917219683611661,-0.014992741164636749,380,True,True,True,3.2994319419749445,-0.11154760450787637,-0.17823891709999096,2.7461638524909047
658,2022-2023,2023-04-02,West Ham,Southampton,West Ham,Southampton,1449.6936458638797,1409.1082680828818,1456.8768268316064,1401.9250871151551,continuing,continuing,2.1782016598633116,1.0360233317885055,1.1101074607634682,0.85110940355718445,1.2172622314575297,1.7192527827995747,-0.014992741164636749,380,True,True,True,41.75248184700763,0.25899805720628377,-0.50199055134204507,3.2142249916518173
659,2022-2023,2023-04-03,Everton,Tottenham,Everton,Tottenham,1431.296202206101,1570.518851593765,1433.537699483694,1568.277354316172,continuing,continuing,0.79367682107192827,2.3502553505400998,0.84942479760771816,1.5500930847513028,1.516202719475505,0.81870121428601894,-0.014992741164636749,380,True,True,True,-103.73191776252338,-0.70066828714358464,0.69750150518948606,3.1439321716120281
660,2022-2023,2023-04-04,Bournemouth,Brighton,Bournemouth,Brighton,1457.8660568756561,1537.7089697388744,1448.4365616546424,1547.1384649598881,new_to_dataset,continuing,1.1418205113459856,0.92129499945083482,1,0.92129499945083482,1,1.000471019598459,-0.014992741164636749,380,True,False,True,-7.1622097659646897,0.078705000549165183,-0.00047101959845896602,2.0631155107968207
661,2022-2023,2023-04-04,Chelsea,Liverpool,Chelsea,Liverpool,1517.8094524412884,1589.5773247865138,1518.148029569842,1589.2387476579602,continuing,continuing,0.88300235017038431,1.5979337011801729,1.3544012842015904,1.6995684272054559,0.9401996857564614,0.57124337367128974,-0.014992741164636749,380,True,True,True,-71.636838387403486,-0.34516714300386542,0.36895631208517166,2.4809360513505574
662,2022-2023,2023-04-04,Leeds United,Nottingham,Leeds United,Nottingham,1434.4539885612865,1453.7894322137763,1443.2888838835427,1444.9545368915201,continuing,new_to_dataset,0.96938972330728845,1.7708938995695376,0.84938597198805754,1,1.7708938995695376,1,-0.014992741164636749,380,True,True,False,-38.179274346617376,-0.15061402801194246,0.77089389956953758,2.7402836228768259
663,2022-2023,2023-04-04,Leicester City,Aston Villa,Leicester City,Aston Villa,1443.0369833730383,1511.8654536679558,1433.2910324978052,1521.6114045431889,continuing,continuing,1.6979390212938561,1.3253903518108821,1.2364164907542816,1.0374444145845902,1.2775531230187307,1.2032724496469236,-0.014992741164636749,380,True,True,True,27.200835800243112,0.19897207616969137,0.074280673371807104,3.0233293731047381
664,2022-2023,2023-04-05,Manchester Utd,Brentford,Manchester Utd,Brentford,1568.5095480001605,1530.9128552395568,1575.772115306251,1523.6502879334664,continuing,continuing,1.5429886098498296,1.3644433027040712,1.0433676065776929,0.98039934248561356,1.3917219683611661,1.2957823016592254,-0.014992741164636749,380,True,True,True,30.29067724430115,0.06296826409207934,0.095939666701940762,2.9074319125539008
665,2022-2023,2023-04-05,West Ham,Newcastle,West Ham,Newcastle,1456.8768268316064,1586.2256472843535,1448.8467543041918,1594.2557198117681,continuing,continuing,1.5374183615797152,1.1342692950362647,1.1101074607634682,0.93182000206981652,1.2172622314575297,1.2134830512611752,-0.014992741164636749,380,True,True,True,-13.607812968586131,0.1782874586936517,0.0037791801963544813,2.6716876566159797
666,2022-2023,2023-04-08,Aston Villa,Nottingham,Aston Villa,Nottingham,1521.6114045431889,1444.9545368915201,1527.8691294647081,1438.6968119700009,continuing,new_to_dataset,1.1840176164517442,1.2032724496469236,1.0374444145845902,1,1.2032724496469236,1,-0.014992741164636749,380,True,True,False,-25.841823644969736,0.037444414584590247,0.20327244964692359,2.387290066098668
667,2022-2023,2023-04-08,Brentford,Newcastle,Brentford,Newcastle,1523.6502879334664,1594.2557198117681,1513.9554420285212,1603.9505657167133,continuing,continuing,1.3577820202932773,1.207435867014131,0.98039934248561356,0.93182000206981652,1.2957823016592254,1.2134830512611752,-0.014992741164636749,380,True,True,True,-33.590109186276095,0.048579340415797034,0.082299250398050194,2.5652178873074085
668,2022-2023,2023-04-08,Fulham,West Ham,Fulham,West Ham,1505.1084230264714,1448.8467543041918,1491.8816922883652,1462.073485042298,new_to_dataset,continuing,1.3892406240041106,1.1101074607634682,1,1.1101074607634682,1,1.2172622314575297,-0.014992741164636749,380,True,False,True,0.46408812198978922,-0.11010746076346822,-0.21726223145752965,2.4993480847675791
669,2022-2023,2023-04-08,Leicester City,Bournemouth,Leicester City,Bournemouth,1433.2910324978052,1448.4365616546424,1422.0071420921597,1459.7204520602879,continuing,new_to_dataset,1.4111010534580781,1.2775531230187307,1.2364164907542816,1,1.2775531230187307,1,-0.014992741164636749,380,True,True,False,1.3590121552733763,0.23641649075428162,0.2775531230187307,2.6886541764768088
670,2022-2023,2023-04-08,Manchester Utd,Everton,Manchester Utd,Everton,1575.772115306251,1433.537699483694,1580.5303781487078,1428.7794366412372,continuing,continuing,1.8054603179703681,1.1821631513013986,1.0433676065776929,0.84942479760771816,1.3917219683611661,1.516202719475505,-0.014992741164636749,380,True,True,True,54.582579321434423,0.19394280896997473,-0.12448075111433887,2.9876234692717665
671,2022-2023,2023-04-08,Southampton,Manchester City,Southampton,Manchester City,1401.9250871151551,1680.5143995468459,1397.4997578251828,1684.9397288368182,continuing,continuing,0.71074147468128701,3.5544220661146921,0.85110940355718445,2.0674226045612607,1.7192527827995747,0.73169981112715465,-0.014992741164636749,380,True,True,True,-165.01260100525928,-1.2163132010040762,0.98755297167242007,4.2651635407959789
672,2022-2023,2023-04-08,Tottenham,Brighton,Tottenham,Brighton,1568.277354316172,1547.1384649598881,1575.9835395267905,1539.4322797492696,continuing,continuing,1.7699280786646088,0.75426533476603563,1.5500930847513028,0.92129499945083482,0.81870121428601894,1.000471019598459,-0.014992741164636749,380,True,True,True,51.831421579745665,0.62879808530046799,-0.18176980531244002,2.5241934134306443
673,2022-2023,2023-04-08,Wolves,Chelsea,Wolves,Chelsea,1447.8845589059017,1518.148029569842,1458.1798794390318,1507.852709036712,continuing,continuing,0.85679991641618169,1.6126904841361549,0.79848357408178305,1.3544012842015904,1.1907035994039419,0.9401996857564614,-0.014992741164636749,380,True,True,True,-75.427067282772214,-0.5559177101198074,0.25050391364748048,2.4694904005523366
674,2022-2023,2023-04-09,Leeds United,Crystal Palace,Leeds United,Crystal Palace,1443.2888838835427,1466.8470822229526,1432.24383407448,1477.8921320320153,continuing,continuing,0.94965669872037572,1.5963944199582165,0.84938597198805754,0.90146248758678438,1.7708938995695376,0.97964386859849395,-0.014992741164636749,380,True,True,True,-36.157225108754119,-0.052076515598726836,0.79125003097104363,2.5460511186785921
675,2022-2023,2023-04-09,Liverpool,Arsenal,Liverpool,Arsenal,1589.2387476579602,1659.0287227422141,1589.5204512389982,1658.747019161176,continuing,continuing,2.2797825400820404,0.7177465909485522,1.6995684272054559,1.2564637491297443,0.57124337367128974,1.1753343837792352,-0.014992741164636749,380,True,True,True,86.239772726664569,0.44310467807571152,-0.60409101010794541,2.9975291310305927
676,2022-2023,2023-04-15,Aston Villa,Newcastle,Aston Villa,Newcastle,1527.8691294647081,1603.9505657167133,1538.3316601452577,1593.4880350361636,continuing,continuing,1.4367853099588463,1.1212333365205496,1.0374444145845902,0.93182000206981652,1.2032724496469236,1.2134830512611752,-0.014992741164636749,380,True,True,True,-38.985548491566078,0.10562441251477372,-0.01021060161425158,2.5580186464793959
677,2022-2023,2023-04-15,Chelsea,Brighton,Chelsea,Brighton,1507.852709036712,1539.4322797492696,1497.0365229726667,1550.2484658133149,continuing,continuing,1.5464831668947197,0.86620126897267413,1.3544012842015904,0.92129499945083482,0.9401996857564614,1.000471019598459,-0.014992741164636749,380,True,True,True,50.527441141686722,0.43310628475075563,-0.060271333841997565,2.4126844358673938
678,2022-2023,2023-04-15,Everton,Fulham,Everton,Fulham,1428.7794366412372,1491.8816922883652,1418.8687243634595,1501.792404566143,continuing,new_to_dataset,0.969434034324825,1.516202719475505,0.84942479760771816,1,1.516202719475505,1,-0.014992741164636749,380,True,True,False,-44.738286416813025,-0.15057520239228184,0.516202719475505,2.4856367538003301
679,2022-2023,2023-04-15,Manchester City,Leicester City,Manchester City,Leicester City,1684.9397288368182,1422.0071420921597,1687.6362399339175,1419.3106309950604,continuing,continuing,3.0144046814838394,0.90468571275940723,2.0674226045612607,1.2364164907542816,0.73169981112715465,1.2775531230187307,-0.014992741164636749,380,True,True,True,121.43701888098849,0.83100611380697909,-0.54585331189157604,3.9190903942432467
680,2022-2023,2023-04-15,Southampton,Crystal Palace,Southampton,Crystal Palace,1397.4997578251828,1477.8921320320153,1388.086024464438,1487.3058653927601,continuing,continuing,0.95158358283240874,1.549841890373006,0.85110940355718445,0.90146248758678438,1.7192527827995747,0.97964386859849395,-0.014992741164636749,380,True,True,True,-40.194520731134162,-0.050353084029599926,0.73960891420108077,2.5014254732054146
681,2022-2023,2023-04-15,Tottenham,Bournemouth,Tottenham,Bournemouth,1575.9835395267905,1459.7204520602879,1561.3049486268842,1474.3990429601943,continuing,new_to_dataset,1.7690948003421159,0.81870121428601894,1.5500930847513028,1,0.81870121428601894,1,-0.014992741164636749,380,True,True,False,58.993631345710355,0.55009308475130281,-0.18129878571398106,2.5877960146281347
682,2022-2023,2023-04-15,Wolves,Brentford,Wolves,Brentford,1458.1798794390318,1513.9554420285212,1468.0582963479524,1504.0770251196006,continuing,continuing,1.1808408198540623,1.1673650259508781,0.79848357408178305,0.98039934248561356,1.1907035994039419,1.2957823016592254,-0.014992741164636749,380,True,True,True,2.7089679645589513,-0.1819157684038305,-0.10507870225528348,2.3482058458049404
683,2022-2023,2023-04-16,Nottingham,Manchester Utd,Nottingham,Manchester Utd,1438.6968119700009,1580.5303781487078,1431.0095604337748,1588.2176296849339,new_to_dataset,continuing,1.5883485462711109,1.0433676065776929,1,1.0433676065776929,1,1.3917219683611661,-0.014992741164636749,380,True,False,True,-9.8442929046213976,-0.043367606577692897,-0.39172196836116613,2.6317161528488038
684,2022-2023,2023-04-16,West Ham,Arsenal,West Ham,Arsenal,1462.073485042298,1658.747019161176,1465.8161726327564,1655.0043315707176,continuing,continuing,1.4890860327551978,1.5294458670111664,1.1101074607634682,1.2564637491297443,1.2172622314575297,1.1753343837792352,-0.014992741164636749,380,True,True,True,-43.550804690380119,-0.14635628836627612,0.041927847678294494,3.0185318997663639
685,2022-2023,2023-04-17,Leeds United,Liverpool,Leeds United,Liverpool,1432.24383407448,1589.5204512389982,1424.9727424482605,1596.7915428652177,continuing,continuing,0.55375745594433357,3.0097553596391355,0.84938597198805754,1.6995684272054559,1.7708938995695376,0.57124337367128974,-0.014992741164636749,380,True,True,True,-167.50576364167227,-0.85018245521739833,1.1996505258982477,3.563512815583469
686,2022-2023,2023-04-21,Arsenal,Southampton,Arsenal,Southampton,1655.0043315707176,1388.086024464438,1647.6477632713929,1395.4425927637626,continuing,continuing,2.4653752187470692,1.0003381463585959,1.2564637491297443,0.85110940355718445,1.1753343837792352,1.7192527827995747,-0.014992741164636749,380,True,True,True,85.303286537387748,0.40535434557255989,-0.54391839902033956,3.4657133651056649
687,2022-2023,2023-04-22,Brentford,Aston Villa,Brentford,Aston Villa,1504.0770251196006,1538.3316601452577,1503.33736726862,1539.0713179962383,continuing,continuing,1.3463572449131846,1.344302111373928,0.98039934248561356,1.0374444145845902,1.2957823016592254,1.2032724496469236,-0.014992741164636749,380,True,True,True,5.3954393052899832,-0.05704507209897669,0.092509852012301774,2.6906593562871128
688,2022-2023,2023-04-22,Crystal Palace,Everton,Crystal Palace,Everton,1487.3058653927601,1418.8687243634595,1483.7688192644666,1422.4057704917529,continuing,continuing,1.5599053863817662,0.83213379481191774,0.90146248758678438,0.84942479760771816,0.97964386859849395,1.516202719475505,-0.014992741164636749,380,True,True,True,42.716237178949768,0.052037689979066215,-0.53655885087701105,2.3920391811936841
689,2022-2023,2023-04-22,Fulham,Leeds United,Fulham,Leeds United,1501.792404566143,1424.9727424482605,1508.0461007937904,1418.7190462206131,new_to_dataset,continuing,2.0210910044726003,0.84938597198805754,1,0.84938597198805754,1,1.7708938995695376,-0.014992741164636749,380,True,False,True,38.179274346617376,0.15061402801194246,-0.77089389956953758,2.8704769764606577
690,2022-2023,2023-04-22,Leicester City,Wolves,Leicester City,Wolves,1419.3106309950604,1468.0582963479524,1428.9868759581277,1458.382051384885,continuing,continuing,1.6802031034752278,1.02010518374734,1.2364164907542816,0.79848357408178305,1.2775531230187307,1.1907035994039419,-0.014992741164636749,380,True,True,True,19.096428530394178,0.43793291667249856,0.086849523614788815,2.7003082872225681
691,2022-2023,2023-04-22,Liverpool,Nottingham,Liverpool,Nottingham,1596.7915428652177,1431.0095604337748,1601.0758343378127,1426.7252689611798,continuing,new_to_dataset,1.9396884593399724,0.57124337367128974,1.6995684272054559,1,0.57124337367128974,1,-0.014992741164636749,380,True,True,False,129.3264892950549,0.69956842720545587,-0.42875662632871026,2.510931833011262
692,2022-2023,2023-04-23,Bournemouth,West Ham,Bournemouth,West Ham,1474.3990429601943,1465.8161726327564,1462.4503149635634,1477.7649006293873,new_to_dataset,continuing,1.3892406240041106,1.1101074607634682,1,1.1101074607634682,1,1.2172622314575297,-0.014992741164636749,380,True,False,True,0.46408812198978922,-0.11010746076346822,-0.21726223145752965,2.4993480847675791
693,2022-2023,2023-04-23,Newcastle,Tottenham,Newcastle,Tottenham,1593.4880350361636,1561.3049486268842,1600.8953479974236,1553.8976356656242,continuing,continuing,0.87066440623923902,1.8810116862228583,0.93182000206981652,1.5500930847513028,1.2134830512611752,0.81870121428601894,-0.014992741164636749,380,True,True,True,-45.849906499114013,-0.61827308268148629,0.39478183697515623,2.7516760924620973
694,2022-2023,2023-04-25,Aston Villa,Fulham,Aston Villa,Fulham,1539.0713179962383,1508.0461007937904,1546.5097436869294,1500.6076751030994,continuing,new_to_dataset,1.1840176164517442,1.2032724496469236,1.0374444145845902,1,1.2032724496469236,1,-0.014992741164636749,380,True,True,False,-25.841823644969736,0.037444414584590247,0.20327244964692359,2.387290066098668
695,2022-2023,2023-04-25,Leeds United,Leicester City,Leeds United,Leicester City,1418.7190462206131,1428.9868759581277,1417.297335988708,1430.4085861900328,continuing,continuing,1.2384468684334895,2.189562420803933,0.84938597198805754,1.2364164907542816,1.7708938995695376,1.2775531230187307,-0.014992741164636749,380,True,True,True,-39.538286501890752,-0.38703051876622407,0.49334077655080688,3.4280092892374228
696,2022-2023,2023-04-25,Wolves,Crystal Palace,Wolves,Crystal Palace,1458.382051384885,1483.7688192644666,1467.3890854112542,1474.7617852380974,continuing,continuing,0.89274523002790329,1.0733746286972154,0.79848357408178305,0.90146248758678438,1.1907035994039419,0.97964386859849395,-0.014992741164636749,380,True,True,True,-15.715367137257545,-0.10297891350500132,0.21105973080544793,1.9661198587251187
697,2022-2023,2023-04-26,Chelsea,Brentford,Chelsea,Brentford,1497.0365229726667,1503.33736726862,1485.5031277273758,1514.8707625139109,continuing,continuing,2.002962083079987,0.9217711537208152,1.3544012842015904,0.98039934248561356,0.9401996857564614,1.2957823016592254,-0.014992741164636749,380,True,True,True,78.136035247331165,0.37400194171597689,-0.35558261590276397,2.9247332368008023
698,2022-2023,2023-04-26,Manchester City,Arsenal,Manchester City,Arsenal,1687.6362399339175,1647.6477632713929,1694.8352455820664,1640.4487576232441,continuing,continuing,2.7732181190254162,0.91935428792635054,2.0674226045612607,1.2564637491297443,0.73169981112715465,1.1753343837792352,-0.014992741164636749,380,True,True,True,79.709314467871536,0.81095885543151636,-0.44363457265208051,3.6925724069517667
699,2022-2023,2023-04-26,Nottingham,Brighton,Nottingham,Brighton,1426.7252689611798,1550.2484658133149,1438.5335094132286,1538.4402253612661,new_to_dataset,continuing,1.1418205113459856,0.92129499945083482,1,0.92129499945083482,1,1.000471019598459,-0.014992741164636749,380,True,False,True,-7.1622097659646897,0.078705000549165183,-0.00047101959845896602,2.0631155107968207
700,2022-2023,2023-04-26,West Ham,Liverpool,West Ham,Liverpool,1477.7649006293873,1601.0758343378127,1469.5672307667569,1609.2735042004431,continuing,continuing,0.7237349138912379,2.0688204562148771,1.1101074607634682,1.6995684272054559,1.2172622314575297,0.57124337367128974,-0.014992741164636749,380,True,True,True,-129.79057741704469,-0.58946096644198764,0.64601885778623991,2.7925553701061148
701,2022-2023,2023-04-27,Everton,Newcastle,Everton,Newcastle,1422.4057704917529,1600.8953479974236,1415.6898296984953,1607.6112887906813,continuing,continuing,1.1763917699689195,1.4128280211999265,0.84942479760771816,0.93182000206981652,1.516202719475505,1.2134830512611752,-0.014992741164636749,380,True,True,True,-57.882011263409368,-0.082395204462098359,0.30271966821432983,2.5892197911688459
702,2022-2023,2023-04-27,Southampton,Bournemouth,Southampton,Bournemouth,1395.4425927637626,1462.4503149635634,1385.6442638747908,1472.2486438525352,continuing,new_to_dataset,0.9713566463635106,1.7192527827995747,0.85110940355718445,1,1.7192527827995747,1,-0.014992741164636749,380,True,True,False,-42.216569968997419,-0.14889059644281555,0.71925278279957472,2.6906094291630853
703,2022-2023,2023-04-27,Tottenham,Manchester Utd,Tottenham,Manchester Utd,1553.8976356656242,1588.2176296849339,1553.1598487318752,1588.9554166186829,continuing,continuing,2.4620880977496338,0.85420632645185446,1.5500930847513028,1.0433676065776929,0.81870121428601894,1.3917219683611661,-0.014992741164636749,380,True,True,True,49.149338441088958,0.50672547817360991,-0.57302075407514719,3.3162944242014882
704,2022-2023,2023-04-29,Brentford,Nottingham,Brentford,Nottingham,1514.8707625139109,1438.5335094132286,1521.1364010840814,1432.2678708430581,continuing,new_to_dataset,1.1189130485853362,1.2957823016592254,0.98039934248561356,1,1.2957823016592254,1,-0.014992741164636749,380,True,True,False,-20.446384339679753,-0.019600657514386444,0.29578230165922537,2.4146953502445614
705,2022-2023,2023-04-29,Brighton,Wolves,Brighton,Wolves,1538.4402253612661,1467.3890854112542,1544.8375308998043,1460.9917798727161,continuing,continuing,1.2519751466184013,0.7988596754942231,0.92129499945083482,0.79848357408178305,1.000471019598459,1.1907035994039419,-0.014992741164636749,380,True,True,True,24.899626141085491,0.12281142536905176,-0.19023257980548292,2.0508348221126242
706,2022-2023,2023-04-29,Crystal Palace,West Ham,Crystal Palace,West Ham,1474.7617852380974,1469.5672307667569,1482.9070529699354,1461.4219630349189,continuing,continuing,1.2523483087713623,1.0875099674223749,0.90146248758678438,1.1101074607634682,0.97964386859849395,1.2172622314575297,-0.014992741164636749,380,True,True,True,-1.5579611158734679,-0.20864497317668385,-0.2376183628590357,2.3398582761937372
707,2022-2023,2023-04-30,Bournemouth,Leeds United,Bournemouth,Leeds United,1472.2486438525352,1417.297335988708,1479.0557425108868,1410.4902373303564,new_to_dataset,continuing,2.0210910044726003,0.84938597198805754,1,0.84938597198805754,1,1.7708938995695376,-0.014992741164636749,380,True,False,True,38.179274346617376,0.15061402801194246,-0.77089389956953758,2.8704769764606577
708,2022-2023,2023-04-30,Fulham,Manchester City,Fulham,Manchester City,1500.6076751030994,1694.8352455820664,1494.2896647696066,1701.1532559155592,new_to_dataset,continuing,0.83507651508814951,2.0674226045612607,1,2.0674226045612607,1,0.73169981112715465,-0.014992741164636749,380,True,False,True,-122.79603103626187,-1.0674226045612607,0.26830018887284535,2.9024991196494101
709,2022-2023,2023-04-30,Liverpool,Tottenham,Liverpool,Tottenham,1609.2735042004431,1553.1598487318752,1616.0505905913465,1546.3827623409718,continuing,continuing,1.5880252969982127,0.88548040323787069,1.6995684272054559,1.5500930847513028,0.57124337367128974,0.81870121428601894,-0.014992741164636749,380,True,True,True,70.332857949344543,0.14947534245415306,-0.2474578406147292,2.4735057002360836
710,2022-2023,2023-04-30,Manchester Utd,Aston Villa,Manchester Utd,Aston Villa,1588.9554166186829,1546.5097436869294,1596.0893770943583,1539.375783211254,continuing,continuing,1.4328299452569446,1.4438341827309635,1.0433676065776929,1.0374444145845902,1.3917219683611661,1.2032724496469236,-0.014992741164636749,380,True,True,True,35.686116549591134,0.00592319199310265,0.18844951871424254,2.8766641279879082
711,2022-2023,2023-04-30,Newcastle,Southampton,Newcastle,Southampton,1607.6112887906813,1385.6442638747908,1610.9067545828807,1382.3487980825914,continuing,continuing,1.8283742312716316,1.032806835985651,0.93182000206981652,0.85110940355718445,1.2134830512611752,1.7192527827995747,-0.014992741164636749,380,True,True,True,55.360294815593761,0.08071059851263207,-0.50576973153839955,2.8611810672572826
712,2022-2023,2023-05-01,Leicester City,Everton,Leicester City,Everton,1430.4085861900328,1415.6898296984953,1428.290560088863,1417.807855799665,continuing,continuing,2.1395152547078879,1.0851853029532936,1.2364164907542816,0.84942479760771816,1.2775531230187307,1.516202719475505,-0.014992741164636749,380,True,True,True,46.097298572086402,0.38699169314656345,-0.2386495964567743,3.2247005576611816
713,2022-2023,2023-05-02,Arsenal,Chelsea,Arsenal,Chelsea,1640.4487576232441,1485.5031277273758,1644.9467913937046,1481.0050939569153,continuing,continuing,1.3482281541887611,1.5918743987568811,1.2564637491297443,1.3544012842015904,1.1753343837792352,0.9401996857564614,-0.014992741164636749,380,True,True,True,-14.602934339261083,-0.097937535071846105,0.23513469802277376,2.9401025529456422
714,2022-2023,2023-05-03,Liverpool,Fulham,Liverpool,Fulham,1616.0505905913465,1494.2896647696066,1621.2493153096336,1489.0909400513194,continuing,new_to_dataset,1.9396884593399724,0.57124337367128974,1.6995684272054559,1,0.57124337367128974,1,-0.014992741164636749,380,True,True,False,129.3264892950549,0.69956842720545587,-0.42875662632871026,2.510931833011262
715,2022-2023,2023-05-03,Manchester City,West Ham,Manchester City,West Ham,1701.1532559155592,1461.4219630349189,1704.1768147302837,1458.3984042201944,continuing,continuing,2.8721474692408897,0.81226541937147489,2.0674226045612607,1.1101074607634682,0.73169981112715465,1.2172622314575297,-0.014992741164636749,380,True,True,True,123.26011915825165,0.95731514379779248,-0.485562420330375,3.6844128886123646
716,2022-2023,2023-05-04,Brighton,Manchester Utd,Brighton,Manchester Utd,1544.8375308998043,1596.0893770943583,1554.5857919909663,1586.3411160031962,continuing,continuing,1.4633375730645772,1.0438590531687881,0.92129499945083482,1.0433676065776929,1.000471019598459,1.3917219683611661,-0.014992741164636749,380,True,True,True,-2.6820831386567079,-0.12207260712685808,-0.39125094876270716,2.5071966262333651
717,2022-2023,2023-05-06,Bournemouth,Chelsea,Bournemouth,Chelsea,1479.0557425108868,1481.0050939569153,1467.4002869458423,1492.6605495219599,new_to_dataset,continuing,1.0730338659770924,1.3544012842015904,1,1.3544012842015904,1,0.9401996857564614,-0.014992741164636749,380,True,False,True,-57.689650907651412,-0.35440128420159045,0.059800314243538599,2.4274351501786828
718,2022-2023,2023-05-06,Liverpool,Brentford,Liverpool,Brentford,1621.2493153096336,1521.1364010840814,1626.9416130526922,1515.4441033410228,continuing,continuing,2.5134139763453862,0.5600466279465961,1.6995684272054559,0.98039934248561356,0.57124337367128974,1.2957823016592254,-0.014992741164636749,380,True,True,True,149.77287363473465,0.71916908471984231,-0.72453892798793562,3.0734606042919825
719,2022-2023,2023-05-06,Manchester City,Leeds United,Manchester City,Leeds United,1704.1768147302837,1410.4902373303564,1706.4863415313921,1408.180710529248,continuing,continuing,4.1784492285220782,0.62149555527771638,2.0674226045612607,0.84938597198805754,0.73169981112715465,1.7708938995695376,-0.014992741164636749,380,True,True,True,160.97530538287924,1.2180366325732033,-1.0391940884423829,4.7999447837997948
720,2022-2023,2023-05-06,Tottenham,Crystal Palace,Tottenham,Crystal Palace,1546.3827623409718,1482.9070529699354,1552.971277908083,1476.3185374028242,continuing,continuing,1.7330828741246305,0.73802843322059564,1.5500930847513028,0.90146248758678438,0.81870121428601894,0.97964386859849395,-0.014992741164636749,380,True,True,True,61.015680583573612,0.64863059716451843,-0.16094265431247501,2.4711113073452262
721,2022-2023,2023-05-06,Wolves,Aston Villa,Wolves,Aston Villa,1460.9917798727161,1539.375783211254,1471.5204207471386,1528.8471423368314,continuing,continuing,1.0965369909200624,1.2352887986273871,0.79848357408178305,1.0374444145845902,1.1907035994039419,1.2032724496469236,-0.014992741164636749,380,True,True,True,8.1044072698489344,-0.23896084050280719,-0.012568850242981711,2.3318257895474495
722,2022-2023,2023-05-07,Newcastle,Arsenal,Newcastle,Arsenal,1610.9067545828807,1644.9467913937046,1600.1609541721521,1655.6925918044333,continuing,continuing,1.2499331813965102,1.524697464093018,0.93182000206981652,1.2564637491297443,1.2134830512611752,1.1753343837792352,-0.014992741164636749,380,True,True,True,-29.942991721793987,-0.32464374705992782,0.038148667481940013,2.7746306454895282
723,2022-2023,2023-05-07,West Ham,Manchester Utd,West Ham,Manchester Utd,1458.3984042201944,1586.3411160031962,1470.3294003322585,1574.4101198911321,continuing,continuing,1.763237571508369,1.2700519810132644,1.1101074607634682,1.0433676065776929,1.2172622314575297,1.3917219683611661,-0.014992741164636749,380,True,True,True,-10.308381026611187,0.066739854185775327,-0.17445973690363648,3.0332895525216337
724,2022-2023,2023-05-08,Brighton,Everton,Brighton,Everton,1554.5857919909663,1417.807855799665,1539.4588900548863,1432.9347577357451,continuing,continuing,1.5942238882697712,0.84982489333480848,0.92129499945083482,0.84942479760771816,1.000471019598459,1.516202719475505,-0.014992741164636749,380,True,True,True,51.900496182777715,0.071870201843116654,-0.51573169987704603,2.4440487816045797
725,2022-2023,2023-05-08,Fulham,Leicester City,Fulham,Leicester City,1489.0909400513194,1428.290560088863,1495.7476739576257,1421.6338261825567,new_to_dataset,continuing,1.4580495902643684,1.2364164907542816,1,1.2364164907542816,1,1.2775531230187307,-0.014992741164636749,380,True,False,True,-1.3590121552733763,-0.23641649075428162,-0.2775531230187307,2.6944660810186498
726,2022-2023,2023-05-08,Nottingham,Southampton,Nottingham,Southampton,1432.2678708430581,1382.3487980825914,1439.2056381990756,1375.4110307265739,new_to_dataset,continuing,1.9621538786571793,0.85110940355718445,1,0.85110940355718445,1,1.7192527827995747,-0.014992741164636749,380,True,False,True,42.216569968997419,0.14889059644281555,-0.71925278279957472,2.8132632822143639
727,2022-2023,2023-05-13,Aston Villa,Tottenham,Aston Villa,Tottenham,1528.8471423368314,1552.971277908083,1537.8182063427364,1544.0002139021781,continuing,continuing,0.96935666032508083,1.8651843032694564,1.0374444145845902,1.5500930847513028,1.2032724496469236,0.81870121428601894,-0.014992741164636749,380,True,True,True,-84.835454990680091,-0.51264867016671256,0.38457123536090465,2.8345409635945371
728,2022-2023,2023-05-13,Chelsea,Nottingham,Chelsea,Nottingham,1492.6605495219599,1439.2056381990756,1489.5063801612898,1442.3598075597456,continuing,new_to_dataset,1.5457550859548173,0.9401996857564614,1.3544012842015904,1,0.9401996857564614,1,-0.014992741164636749,380,True,True,False,57.689650907651412,0.35440128420159045,-0.059800314243538599,2.4859547717112784
729,2022-2023,2023-05-13,Crystal Palace,Bournemouth,Crystal Palace,Bournemouth,1476.3185374028242,1467.4002869458423,1484.3605247167695,1459.3582996318969,continuing,new_to_dataset,1.0288237623801251,0.97964386859849395,0.90146248758678438,1,0.97964386859849395,1,-0.014992741164636749,380,True,True,False,-2.0220492378632571,-0.098537512413215622,-0.02035613140150605,2.0084676309786191
730,2022-2023,2023-05-13,Leeds United,Newcastle,Leeds United,Newcastle,1408.180710529248,1600.1609541721521,1411.8066533699846,1596.5350113314155,continuing,continuing,1.1763379993001548,1.6501543571623118,0.84938597198805754,0.93182000206981652,1.7708938995695376,1.2134830512611752,-0.014992741164636749,380,True,True,True,-51.322999193213718,-0.08243403008175898,0.55741084830836241,2.8264923564624667
731,2022-2023,2023-05-13,Manchester Utd,Wolves,Manchester Utd,Wolves,1574.4101198911321,1471.5204207471386,1580.0375506654923,1465.8929899727784,continuing,continuing,1.417863239245452,1.1112671314251581,1.0433676065776929,0.79848357408178305,1.3917219683611661,1.1907035994039419,-0.014992741164636749,380,True,True,True,27.581709279742199,0.24488403249590984,0.20101836895722425,2.5291303706706101
732,2022-2023,2023-05-13,Southampton,Fulham,Southampton,Fulham,1375.4110307265739,1495.7476739576257,1367.1304087918036,1504.028295892396,continuing,new_to_dataset,0.9713566463635106,1.7192527827995747,0.85110940355718445,1,1.7192527827995747,1,-0.014992741164636749,380,True,True,False,-42.216569968997419,-0.14889059644281555,0.71925278279957472,2.6906094291630853
733,2022-2023,2023-05-14,Arsenal,Brighton,Arsenal,Brighton,1655.6925918044333,1539.4588900548863,1641.0146615830545,1554.1368202762651,continuing,continuing,1.4346560805190189,1.0828296904584378,1.2564637491297443,0.92129499945083482,1.1753343837792352,1.000471019598459,-0.014992741164636749,380,True,True,True,35.92450680242564,0.33516874967890953,0.17486336418077619,2.5174857709774567
734,2022-2023,2023-05-14,Brentford,West Ham,Brentford,West Ham,1515.4441033410228,1470.3294003322585,1522.5077094459275,1463.2657942273538,continuing,continuing,1.3620105943279335,1.438457600597165,0.98039934248561356,1.1101074607634682,1.2957823016592254,1.2172622314575297,-0.014992741164636749,380,True,True,True,-19.982296217689964,-0.12970811827785467,0.078520070201695713,2.8004681949250987
735,2022-2023,2023-05-14,Everton,Manchester City,Everton,Manchester City,1432.9347577357451,1706.4863415313921,1428.4086844947192,1711.012414772418,continuing,continuing,0.70933469981570996,3.1346317753409152,0.84942479760771816,2.0674226045612607,1.516202719475505,0.73169981112715465,-0.014992741164636749,380,True,True,True,-167.53431745307489,-1.2179978069535426,0.78450290834835035,3.8439664751566252
736,2022-2023,2023-05-15,Leicester City,Liverpool,Leicester City,Liverpool,1421.6338261825567,1626.9416130526922,1415.5882039270591,1632.9872353081898,continuing,continuing,0.80608212636850352,2.1712889519603622,1.2364164907542816,1.6995684272054559,1.2775531230187307,0.57124337367128974,-0.014992741164636749,380,True,True,True,-127.96747713978152,-0.46315193645117425,0.70630974934744095,2.9773710783288658
737,2022-2023,2023-05-18,Newcastle,Brighton,Newcastle,Brighton,1596.5350113314155,1554.1368202762651,1603.6702262363208,1547.0016053713598,continuing,continuing,1.0639711912457752,1.1179758670452618,0.93182000206981652,0.92129499945083482,1.2134830512611752,1.000471019598459,-0.014992741164636749,380,True,True,True,5.9815150806316524,0.010525002618981705,0.21301203166271621,2.181947058291037
738,2022-2023,2023-05-20,Bournemouth,Manchester Utd,Bournemouth,Manchester Utd,1459.3582996318969,1580.0375506654923,1451.0872455988087,1588.3086046985804,new_to_dataset,continuing,1.5883485462711109,1.0433676065776929,1,1.0433676065776929,1,1.3917219683611661,-0.014992741164636749,380,True,False,True,-9.8442929046213976,-0.043367606577692897,-0.39172196836116613,2.6317161528488038
739,2022-2023,2023-05-20,Fulham,Crystal Palace,Fulham,Crystal Palace,1504.028295892396,1484.3605247167695,1501.7746341760912,1486.6141864330743,new_to_dataset,continuing,1.1180508391227917,0.90146248758678438,1,0.90146248758678438,1,0.97964386859849395,-0.014992741164636749,380,True,False,True,2.0220492378632571,0.098537512413215622,0.02035613140150605,2.0195133267095762
740,2022-2023,2023-05-20,Liverpool,Aston Villa,Liverpool,Aston Villa,1632.9872353081898,1537.8182063427364,1628.7961313961557,1542.0093102547705,continuing,continuing,2.3339736840218759,0.59263324738373757,1.6995684272054559,1.0374444145845902,0.57124337367128974,1.2032724496469236,-0.014992741164636749,380,True,True,True,155.16831294002463,0.66212401262086562,-0.63202907597563385,2.9266069314056136
741,2022-2023,2023-05-20,Nottingham,Arsenal,Nottingham,Arsenal,1442.3598075597456,1641.0146615830545,1456.1514289762749,1627.2230401665252,new_to_dataset,continuing,1.3413890865404057,1.2564637491297443,1,1.2564637491297443,1,1.1753343837792352,-0.014992741164636749,380,True,False,True,-43.086716568390329,-0.25646374912974435,-0.17533438377923516,2.59785283567015
742,2022-2023,2023-05-20,Tottenham,Brentford,Tottenham,Brentford,1544.0002139021781,1522.5077094459275,1531.6967590229142,1534.8111643251914,continuing,continuing,2.2923617322406749,0.80265413217818637,1.5500930847513028,0.98039934248561356,0.81870121428601894,1.2957823016592254,-0.014992741164636749,380,True,True,True,79.440015685390108,0.56969374226568925,-0.47708108737320643,3.095015864418861
743,2022-2023,2023-05-20,Wolves,Everton,Wolves,Everton,1465.8929899727784,1428.4086844947192,1463.158549911366,1431.1431245561316,continuing,continuing,1.3817089954368476,1.0114131639344748,0.79848357408178305,0.84942479760771816,1.1907035994039419,1.516202719475505,-0.014992741164636749,380,True,True,True,27.000870041692224,-0.050941223525935109,-0.32549912007156312,2.3931221593713223
744,2022-2023,2023-05-21,Brighton,Southampton,Brighton,Southampton,1547.0016053713598,1367.1304087918036,1551.0191854777961,1363.1128286853673,continuing,continuing,1.8077225565599195,0.85151029276669266,0.92129499945083482,0.85110940355718445,1.000471019598459,1.7192527827995747,-0.014992741164636749,380,True,True,True,49.378779734962109,0.070185595893650365,-0.71878176320111575,2.659232849326612
745,2022-2023,2023-05-21,Manchester City,Chelsea,Manchester City,Chelsea,1711.012414772418,1489.5063801612898,1714.3151911967173,1486.2036037369905,continuing,continuing,2.2184144699807988,0.99101516384067945,2.0674226045612607,1.3544012842015904,0.73169981112715465,0.9401996857564614,-0.014992741164636749,380,True,True,True,65.106380128610454,0.71302132035967025,-0.20849987462930675,3.2094296338214781
746,2022-2023,2023-05-21,West Ham,Leeds United,West Ham,Leeds United,1463.2657942273538,1411.8066533699846,1470.1634462111344,1404.909001386204,continuing,continuing,2.2436282029469656,1.0339254636309057,1.1101074607634682,0.84938597198805754,1.2172622314575297,1.7708938995695376,-0.014992741164636749,380,True,True,True,37.715186224627587,0.26072148877541068,-0.55363166811200792,3.2775536665778713
747,2022-2023,2023-05-22,Newcastle,Leicester City,Newcastle,Leicester City,1603.6702262363208,1415.5882039270591,1597.538202473118,1421.7202276902619,continuing,continuing,1.3586397722180388,1.5003704558301403,0.93182000206981652,1.2364164907542816,1.2134830512611752,1.2775531230187307,-0.014992741164636749,380,True,True,True,11.784712691322966,-0.30459648868446509,-0.064070071757555525,2.8590102280481791
748,2022-2023,2023-05-24,Brighton,Manchester City,Brighton,Manchester City,1551.0191854777961,1714.3151911967173,1553.9076733720785,1711.4267033024348,continuing,continuing,0.76935181750954174,2.0683964011263063,0.92129499945083482,2.0674226045612607,1.000471019598459,0.73169981112715465,-0.014992741164636749,380,True,True,True,-115.63382127029718,-1.1461276051104259,0.26877120847130431,2.837748218635848
749,2022-2023,2023-05-25,Manchester Utd,Chelsea,Manchester Utd,Chelsea,1588.3086046985804,1486.2036037369905,1593.9543207390395,1480.5578876965315,continuing,continuing,1.1195687765213278,1.8849500211999286,1.0433676065776929,1.3544012842015904,1.3917219683611661,0.9401996857564614,-0.014992741164636749,380,True,True,True,-47.845358003030015,-0.31103367762389755,0.45152228260470473,3.0045187977212562
750,2022-2023,2023-05-28,Arsenal,Wolves,Arsenal,Wolves,1627.2230401665252,1463.158549911366,1631.5407095168127,1458.8408805610784,continuing,continuing,1.7074459184898299,0.93848519950125375,1.2564637491297443,0.79848357408178305,1.1753343837792352,1.1907035994039419,-0.014992741164636749,380,True,True,True,60.824132943511131,0.45798017504796129,-0.015369215624706722,2.6459311179910836
751,2022-2023,2023-05-28,Aston Villa,Brighton,Aston Villa,Brighton,1542.0093102547705,1553.9076733720785,1550.6336123204958,1545.2833713063533,continuing,continuing,1.1845753119540137,1.1085688908366671,1.0374444145845902,0.92129499945083482,1.2032724496469236,1.000471019598459,-0.014992741164636749,380,True,True,True,-33.004033410934426,0.11614941513375543,0.20280143004846463,2.293144202790681
752,2022-2023,2023-05-28,Brentford,Manchester City,Brentford,Manchester City,1534.8111643251914,1711.4267033024348,1548.0470168047154,1698.1908508229108,continuing,continuing,0.8187084663175993,2.6789296210407008,0.98039934248561356,2.0674226045612607,1.2957823016592254,0.73169981112715465,-0.014992741164636749,380,True,True,True,-143.24241537594162,-1.0870232620756473,0.56408249053207071,3.4976380873583
753,2022-2023,2023-05-28,Chelsea,Newcastle,Chelsea,Newcastle,1480.5578876965315,1597.538202473118,1482.183365652937,1595.9127245167124,continuing,continuing,1.8757475982069316,0.87609687312762674,1.3544012842015904,0.93182000206981652,0.9401996857564614,1.2134830512611752,-0.014992741164636749,380,True,True,True,44.54592606105507,0.42258128213177393,-0.27328336550471377,2.7518444713345582
754,2022-2023,2023-05-28,Crystal Palace,Nottingham,Crystal Palace,Nottingham,1486.6141864330743,1456.1514289762749,1484.0677450182538,1458.6978703910954,continuing,new_to_dataset,1.0288237623801251,0.97964386859849395,0.90146248758678438,1,0.97964386859849395,1,-0.014992741164636749,380,True,True,False,-2.0220492378632571,-0.098537512413215622,-0.02035613140150605,2.0084676309786191
755,2022-2023,2023-05-28,Everton,Bournemouth,Everton,Bournemouth,1431.1431245561316,1451.0872455988087,1439.9953047154586,1442.2350654394818,continuing,new_to_dataset,0.969434034324825,1.516202719475505,0.84942479760771816,1,1.516202719475505,1,-0.014992741164636749,380,True,True,False,-44.738286416813025,-0.15057520239228184,0.516202719475505,2.4856367538003301
756,2022-2023,2023-05-28,Leeds United,Tottenham,Leeds United,Tottenham,1404.909001386204,1531.6967590229142,1396.8079743269914,1539.7977860821268,continuing,continuing,0.79364054358806502,2.7450503875510082,0.84938597198805754,1.5500930847513028,1.7708938995695376,0.81870121428601894,-0.014992741164636749,380,True,True,True,-97.172905692327731,-0.70070711276324527,0.95219268528351864,3.5386909311390733
757,2022-2023,2023-05-28,Leicester City,West Ham,Leicester City,West Ham,1421.7202276902619,1470.1634462111344,1431.3877194044946,1460.4959544969017,continuing,continuing,1.7176800171444511,1.4182212533847618,1.2364164907542816,1.1101074607634682,1.2775531230187307,1.2172622314575297,-0.014992741164636749,380,True,True,True,1.8231002772631655,0.12630902999081339,0.060290891561201043,3.1359012705292129
758,2022-2023,2023-05-28,Manchester Utd,Fulham,Manchester Utd,Fulham,1593.9543207390395,1501.7746341760912,1599.8343986830009,1495.8945562321298,continuing,new_to_dataset,1.1907776544517248,1.3917219683611661,1.0433676065776929,1,1.3917219683611661,1,-0.014992741164636749,380,True,True,False,9.8442929046213976,0.043367606577692897,0.39172196836116613,2.5824996228128909
759,2022-2023,2023-05-28,Southampton,Liverpool,Southampton,Liverpool,1363.1128286853673,1628.7961313961557,1368.4261833908588,1623.4827766906642,continuing,continuing,0.55488104770672175,2.9219877480312766,0.85110940355718445,1.6995684272054559,1.7192527827995747,0.57124337367128974,-0.014992741164636749,380,True,True,True,-171.54305926405232,-0.84845902364827142,1.1480094091282851,3.4768687957379982
760,2023-2024,2023-08-11,Burnley,Manchester City,Burnley,Manchester City,1500,1648.6431381171831,1492.4973996508395,1656.1457384663436,returning_after_absence,continuing,0.54985057304702567,1.9698551477494066,0.68225523919531827,1.7694384347723142,1.1132657169860116,0.62865288617401194,0.099309872880644953,760,True,True,True,-148.64313811718307,-1.0871831955769959,0.48461283081199968,2.5197057207964324
761,2023-2024,2023-08-12,Arsenal,Nottingham,Arsenal,Nottingham,1598.6555321376095,1469.0234027933216,1603.6818355864102,1463.9970993445208,continuing,continuing,2.9586751564071592,0.94170884178473291,1.7181252821118,0.92625425161845754,1.0166850410017243,1.3432460362120218,0.099309872880644953,760,True,True,True,129.63212934428793,0.79187103049334251,-0.32656099521029747,3.900383998191892
762,2023-2024,2023-08-12,Bournemouth,West Ham,Bournemouth,West Ham,1456.6762990796115,1470.3719658726764,1455.3513883695018,1471.696876582786,continuing,continuing,1.1334309532013791,1.3636251134503408,0.74016146888534307,1.0050771574749329,1.3567367473321075,1.1944877684373445,0.099309872880644953,760,True,True,True,-13.695666793064902,-0.2649156885895898,0.16224897889476297,2.4970560666517199
763,2023-2024,2023-08-12,Brighton,Luton Town,Brighton,Luton Town,1533.9625284797648,1500,1541.3221315353071,1492.6403969444577,continuing,new_to_dataset,1.8842724784937037,1.1514679129719478,1.4697951706153569,1,1.1514679129719478,1,0.099309872880644953,760,True,True,False,33.962528479764842,0.46979517061535692,0.15146791297194784,3.0357403914656516
764,2023-2024,2023-08-12,Everton,Fulham,Everton,Fulham,1454.9964785365939,1496.9209171740974,1444.4766909393888,1507.4407047713025,continuing,continuing,1.1153425250623108,1.3699505901347224,0.80297376783430363,1.107870039308908,1.2365625403041867,1.0834777932419379,0.099309872880644953,760,True,True,True,-41.924438637503499,-0.30489627147460441,0.15308474706224873,2.4852931151970332
765,2023-2024,2023-08-12,Newcastle,Aston Villa,Newcastle,Aston Villa,1571.9345433875342,1537.9752092403719,1579.2942319737699,1530.6155206541362,continuing,continuing,1.4455221298699117,0.88849118745120426,1.3706922306806504,1.0962305205033938,0.81049667094034683,0.8226174252812386,0.099309872880644953,760,True,True,True,33.959334147162281,0.27446171017725662,-0.012120754340891771,2.3340133173211157
766,2023-2024,2023-08-12,Sheffield United,Crystal Palace,Sheffield United,Crystal Palace,1500,1488.0508087636904,1487.958239524361,1500.0925692393294,new_to_dataset,continuing,1.2478457149596041,0.8687064801684935,1,0.8687064801684935,1,0.97336113882365016,0.099309872880644953,760,True,False,True,11.949191236309616,0.1312935198315065,0.026638861176349837,2.1165521951280977
767,2023-2024,2023-08-13,Brentford,Tottenham,Brentford,Tottenham,1536.0352626035365,1529.8483395615951,1534.1529649146541,1531.7306372504775,continuing,continuing,2.018013677085619,1.2078524834542528,1.12783714180076,1.4594442806321595,0.82761123496340028,1.3956959679988672,0.099309872880644953,760,True,True,True,6.186923041941327,-0.33160713883139947,-0.56808473303546692,3.225866160539872
768,2023-2024,2023-08-13,Chelsea,Liverpool,Chelsea,Liverpool,1486.6375242397028,1592.6120825179983,1487.9531087102894,1591.2964980474117,continuing,continuing,1.0109044533696703,1.6253516957615592,0.80746178970592253,1.6008525791430823,1.0153037930773057,0.97656519278565546,0.099309872880644953,760,True,True,True,-105.97455827829549,-0.79339078943715979,0.038738600291650216,2.6362561491312295
769,2023-2024,2023-08-14,Manchester Utd,Wolves,Manchester Utd,Wolves,1574.8757990122508,1469.1306604208089,1580.4369966106181,1463.5694628224417,continuing,continuing,1.7843110258966193,0.59732379750309694,1.1387780743347431,0.71240954319318572,0.83845563722483618,1.2222064562163653,0.099309872880644953,760,True,True,True,105.7451385914419,0.42636853114155737,-0.38375081899152907,2.3816348233997164
770,2023-2024,2023-08-18,Nottingham,Sheffield United,Nottingham,Sheffield United,1463.9970993445208,1487.958239524361,1472.963521858459,1478.9918170104229,continuing,new_to_dataset,1.1874548435764238,1.3432460362120218,0.92625425161845754,1,1.3432460362120218,1,0.099309872880644953,760,True,True,False,-30.976597206678434,-0.073745748381542464,0.34324603621202177,2.5307008797884456
771,2023-2024,2023-08-19,Fulham,Brentford,Fulham,Brentford,1507.4407047713025,1534.1529649146541,1496.4855275045395,1545.1081421814172,continuing,continuing,1.175444380816578,1.221986497534582,1.107870039308908,1.12783714180076,1.0834777932419379,0.82761123496340028,0.099309872880644953,760,True,True,True,-39.114345429439027,-0.019967102491851962,0.25586655827853766,2.3974308783511598
772,2023-2024,2023-08-19,Liverpool,Bournemouth,Liverpool,Bournemouth,1591.2964980474117,1455.3513883695018,1596.187287772362,1450.4605986445515,continuing,continuing,2.7844140526859875,0.72281592755452895,1.6008525791430823,0.74016146888534307,0.97656519278565546,1.3567367473321075,0.099309872880644953,760,True,True,True,135.93578343838681,0.86069111025773926,-0.38017155454645202,3.5072299802405165
773,2023-2024,2023-08-19,Manchester City,Newcastle,Manchester City,Newcastle,1656.1457384663436,1579.2942319737699,1662.3986468028229,1573.0413236372906,continuing,continuing,1.8385421071864252,0.86168962687368544,1.7694384347723142,1.3706922306806504,0.62865288617401194,0.81049667094034683,0.099309872880644953,760,True,True,True,76.708594729648894,0.39874620409166384,-0.18184378476633489,2.7002317340601105
774,2023-2024,2023-08-19,Tottenham,Manchester Utd,Tottenham,Manchester Utd,1531.7306372504775,1580.4369966106181,1541.4056945822365,1570.761939278859,continuing,continuing,1.5687527378157322,1.5893879667945152,1.4594442806321595,1.1387780743347431,1.3956959679988672,0.83845563722483618,0.099309872880644953,760,True,True,True,-45.02745945065567,0.32066620629741638,0.55724033077403101,3.1581407046102474
775,2023-2024,2023-08-19,Wolves,Brighton,Wolves,Brighton,1463.5694628224417,1541.3221315353071,1454.0799814864029,1550.8116128713459,continuing,continuing,1.0516432960637554,1.7963931468417234,0.71240954319318572,1.4697951706153569,1.2222064562163653,1.1514679129719478,0.099309872880644953,760,True,True,True,-64.831868058955934,-0.75738562742217119,0.070738543244417418,2.848036442905479
776,2023-2024,2023-08-20,Aston Villa,Everton,Aston Villa,Everton,1530.6155206541362,1444.4766909393888,1536.6409829720192,1438.4512286215058,continuing,continuing,1.7378202925607644,0.66054021346422986,1.0962305205033938,0.80297376783430363,0.8226174252812386,1.2365625403041867,0.099309872880644953,760,True,True,True,82.978730703777956,0.29325675266909013,-0.41394511502294806,2.3983605060249942
777,2023-2024,2023-08-20,West Ham,Chelsea,West Ham,Chelsea,1471.696876582786,1487.9531087102894,1480.4444406191969,1479.2055446738784,continuing,continuing,1.3082245667150563,0.96450323128425175,1.0050771574749329,0.80746178970592253,1.1944877684373445,1.0153037930773057,0.099309872880644953,760,True,True,True,-16.265558367026415,0.19761536776901034,0.17918397536003883,2.2727277979993081
778,2023-2024,2023-08-21,Crystal Palace,Arsenal,Crystal Palace,Arsenal,1500.0925692393294,1603.6818355864102,1491.3406278021098,1612.4337770236298,continuing,continuing,1.1322605699482244,1.6723563812380469,0.8687064801684935,1.7181252821118,0.97336113882365016,1.0166850410017243,0.099309872880644953,760,True,True,True,-110.60472337391911,-0.84941880194330655,-0.043323902178074136,2.8046169511862713
779,2023-2024,2023-08-25,Chelsea,Luton Town,Chelsea,Luton Town,1479.2055446738784,1492.6403969444577,1487.8732596274967,1483.9726819908394,continuing,new_to_dataset,1.0351633058782916,1.0153037930773057,0.80746178970592253,1,1.0153037930773057,1,0.099309872880644953,760,True,True,False,-13.362475760297229,-0.19253821029407747,0.015303793077305672,2.0504670989555973
780,2023-2024,2023-08-26,Arsenal,Fulham,Arsenal,Fulham,1612.4337770236298,1496.4855275045395,1607.7622673395854,1501.1570371885839,continuing,continuing,2.3865016109958463,1.126354896339359,1.7181252821118,1.107870039308908,1.0166850410017243,1.0834777932419379,0.099309872880644953,760,True,True,True,101.73461496351206,0.61025524280289201,-0.066792752240213638,3.5128565073352052
781,2023-2024,2023-08-26,Bournemouth,Tottenham,Bournemouth,Tottenham,1450.4605986445515,1541.4056945822365,1441.3489223324684,1550.5173708943196,continuing,continuing,1.3243542991300674,1.9800816862173236,0.74016146888534307,1.4594442806321595,1.3567367473321075,1.3956959679988672,0.099309872880644953,760,True,True,True,-73.172040481983686,-0.71928281174681641,-0.03895922066675972,3.304435985347391
782,2023-2024,2023-08-26,Brentford,Crystal Palace,Brentford,Crystal Palace,1545.1081421814172,1491.3406278021098,1541.9458728182728,1494.5028971652541,continuing,continuing,1.4073667445683657,0.71895124287295553,1.12783714180076,0.8687064801684935,0.82761123496340028,0.97336113882365016,0.099309872880644953,760,True,True,True,47.984453839846083,0.2591306616322665,-0.14574990386024989,2.1263179874413214
783,2023-2024,2023-08-26,Brighton,West Ham,Brighton,West Ham,1550.8116128713459,1480.4444406191969,1537.2260615704747,1494.0299919200681,continuing,continuing,2.2507404279638483,1.1573140968934388,1.4697951706153569,1.0050771574749329,1.1514679129719478,1.1944877684373445,0.099309872880644953,760,True,True,True,63.590562607088486,0.46471801314042405,-0.043019855465396661,3.4080545248572873
784,2023-2024,2023-08-26,Everton,Wolves,Everton,Wolves,1438.4512286215058,1454.0799814864029,1427.1810196856154,1465.3501904222933,continuing,continuing,1.2581511531906635,0.88093895446791093,0.80297376783430363,0.71240954319318572,1.2365625403041867,1.2222064562163653,0.099309872880644953,760,True,True,True,-14.134181884214968,0.090564224641117907,0.014356084087821408,2.1390901076585744
785,2023-2024,2023-08-26,Manchester Utd,Nottingham,Manchester Utd,Nottingham,1570.761939278859,1472.963521858459,1576.5086473580468,1467.2168137792712,continuing,continuing,1.9610178793563369,0.77662309877296754,1.1387780743347431,0.92625425161845754,0.83845563722483618,1.3432460362120218,0.099309872880644953,760,True,True,True,105.85239621892924,0.21252382271628556,-0.50479039898718558,2.7376409781293045
786,2023-2024,2023-08-27,Burnley,Aston Villa,Burnley,Aston Villa,1492.4973996508395,1536.6409829720192,1482.0413318912701,1547.0970507315885,returning_after_absence,continuing,0.71950144926902637,1.2203958563901594,0.68225523919531827,1.0962305205033938,1.1132657169860116,0.8226174252812386,0.099309872880644953,760,True,True,True,-37.975209240371896,-0.41397528130807548,0.29064829170477302,1.9398973056591857
787,2023-2024,2023-08-27,Newcastle,Liverpool,Newcastle,Liverpool,1573.0413236372906,1596.187287772362,1561.9845398162397,1607.2440715934129,continuing,continuing,1.7160426633920673,1.2974856860617363,1.3706922306806504,1.6008525791430823,0.81049667094034683,0.97656519278565546,0.099309872880644953,760,True,True,True,-20.677539130464083,-0.23016034846243194,-0.16606852184530863,3.0135283494538037
788,2023-2024,2023-08-27,Sheffield United,Manchester City,Sheffield United,Manchester City,1478.9918170104229,1662.3986468028229,1472.4015495406288,1668.988914272617,new_to_dataset,continuing,0.80593089134140405,1.7694384347723142,1,1.7694384347723142,1,0.62865288617401194,0.099309872880644953,760,True,False,True,-148.64313811718307,-0.76943843477231422,0.37134711382598806,2.5753693261137185
789,2023-2024,2023-09-01,Luton Town,West Ham,Luton Town,West Ham,1483.9726819908394,1494.0299919200681,1472.5450354970237,1505.4576384138838,new_to_dataset,continuing,1.5313293123840748,1.0050771574749329,1,1.0050771574749329,1,1.1944877684373445,0.099309872880644953,760,True,False,True,29.628034127323644,-0.0050771574749328696,-0.1944877684373445,2.5364064698590076
790,2023-2024,2023-09-02,Brentford,Bournemouth,Brentford,Bournemouth,1541.9458728182728,1441.3489223324684,1537.6268308953397,1445.6679642554016,continuing,continuing,1.9616831853762799,0.61256594733652314,1.12783714180076,0.74016146888534307,0.82761123496340028,1.3567367473321075,0.099309872880644953,760,True,True,True,79.358963523925013,0.38767567291541694,-0.5291255123687072,2.574249132712803
791,2023-2024,2023-09-02,Brighton,Newcastle,Brighton,Newcastle,1537.2260615704747,1561.9845398162397,1546.2151935028494,1552.995407883865,continuing,continuing,1.5271965709636632,1.5783081221887121,1.4697951706153569,1.3706922306806504,1.1514679129719478,0.81049667094034683,0.099309872880644953,760,True,True,True,-37.972014907769335,0.099102939934706535,0.34097124203160101,3.1055046931523753
792,2023-2024,2023-09-02,Burnley,Tottenham,Burnley,Tottenham,1482.0413318912701,1550.5173708943196,1472.2852435171794,1560.2734592684103,returning_after_absence,continuing,1.2207439823813619,1.6247492834790949,0.68225523919531827,1.4594442806321595,1.1132657169860116,1.3956959679988672,0.099309872880644953,760,True,True,True,-29.848339561595139,-0.7771890414368412,-0.28243025101285557,2.8454932658604566
793,2023-2024,2023-09-02,Chelsea,Nottingham,Chelsea,Nottingham,1487.8732596274967,1467.2168137792712,1475.5926042460326,1479.4974691607354,continuing,continuing,1.3904790074531477,0.94042945502220099,0.80746178970592253,0.92625425161845754,1.0153037930773057,1.3432460362120218,0.099309872880644953,760,True,True,True,17.614121446381205,-0.11879246191253501,-0.32794224313471609,2.3309084624753487
794,2023-2024,2023-09-02,Manchester City,Fulham,Manchester City,Fulham,1668.988914272617,1501.1570371885839,1673.2336141422338,1496.912337318967,continuing,continuing,2.4577763444303455,0.69646569771726108,1.7694384347723142,1.107870039308908,0.62865288617401194,1.0834777932419379,0.099309872880644953,760,True,True,True,151.72222094308563,0.66156839546340618,-0.454824907067926,3.1542420421476067
795,2023-2024,2023-09-02,Sheffield United,Everton,Sheffield United,Everton,1472.4015495406288,1427.1810196856154,1469.4623725865918,1430.1201966396525,new_to_dataset,continuing,1.5852690287830609,0.80297376783430363,1,0.80297376783430363,1,1.2365625403041867,0.099309872880644953,760,True,False,True,45.003521463406059,0.19702623216569637,-0.23656254030418666,2.3882427966173645
796,2023-2024,2023-09-03,Arsenal,Manchester Utd,Arsenal,Manchester Utd,1607.7622673395854,1576.5086473580468,1615.1945514660777,1569.0763632315545,continuing,continuing,1.8468082516009696,1.1577786331968829,1.7181252821118,1.1387780743347431,1.0166850410017243,0.83845563722483618,0.099309872880644953,760,True,True,True,23.779733125358689,0.57934720777705695,0.17822940377688812,3.0045868847978525
797,2023-2024,2023-09-03,Crystal Palace,Wolves,Crystal Palace,Wolves,1494.5028971652541,1465.3501904222933,1501.9917507497876,1457.8613368377598,continuing,continuing,1.3611454117063124,0.69343176427135567,0.8687064801684935,0.71240954319318572,0.97336113882365016,1.2222064562163653,0.099309872880644953,760,True,True,True,18.920148342881475,0.15629693697530778,-0.24884531739271509,2.0545771759776681
798,2023-2024,2023-09-03,Liverpool,Aston Villa,Liverpool,Aston Villa,1607.2440715934129,1547.0970507315885,1613.9175192384159,1540.4236030865854,continuing,continuing,1.688247571565751,1.0705405695929162,1.6008525791430823,1.0962305205033938,0.97656519278565546,0.8226174252812386,0.099309872880644953,760,True,True,True,54.636873277626364,0.50462205863968856,0.15394776750441685,2.758788141158667
799,2023-2024,2023-09-16,Aston Villa,Crystal Palace,Aston Villa,Crystal Palace,1540.4236030865854,1501.9917507497876,1547.6639485165019,1494.7514053198711,continuing,continuing,1.3679265576180963,0.7146130880413335,1.0962305205033938,0.8687064801684935,0.8226174252812386,0.97336113882365016,0.099309872880644953,760,True,True,True,49.924400476681512,0.22752404033490026,-0.15074371354241156,2.0825396456594296
800,2023-2024,2023-09-16,Fulham,Luton Town,Fulham,Luton Town,1496.912337318967,1472.5450354970237,1504.5306802361902,1464.9266925798006,continuing,new_to_dataset,1.4202856741892345,1.0834777932419379,1.107870039308908,1,1.0834777932419379,1,0.099309872880644953,760,True,True,False,-3.0790828259025602,0.10787003930890804,0.083477793241937936,2.5037634674311722
801,2023-2024,2023-09-16,Manchester Utd,Brighton,Manchester Utd,Brighton,1569.0763632315545,1546.2151935028494,1556.7356391839028,1558.5559175505011,continuing,continuing,1.6810391424722575,1.2323580463682859,1.1387780743347431,1.4697951706153569,0.83845563722483618,1.1514679129719478,0.099309872880644953,760,True,True,True,40.913270532485967,-0.33101709628061382,-0.31301227574711166,2.9133971888405434
802,2023-2024,2023-09-16,Newcastle,Brentford,Newcastle,Brentford,1552.995407883865,1537.6268308953397,1560.8595245783092,1529.7627142008955,continuing,continuing,1.4542973663116336,0.91410824879239183,1.3706922306806504,1.12783714180076,0.81049667094034683,0.82761123496340028,0.099309872880644953,760,True,True,True,35.89928078399771,0.24285508887989038,-0.017114564023053447,2.3684056151040256
803,2023-2024,2023-09-16,Tottenham,Sheffield United,Tottenham,Sheffield United,1560.2734592684103,1469.4623725865918,1566.1862954644216,1463.5495363905804,continuing,new_to_dataset,1.8710026722559479,1.3956959679988672,1.4594442806321595,1,1.3956959679988672,1,0.099309872880644953,760,True,True,False,29.848339561595139,0.45944428063215947,0.39569596799886719,3.2666986402548153
804,2023-2024,2023-09-16,West Ham,Manchester City,West Ham,Manchester City,1505.4576384138838,1673.2336141422338,1498.4638668996809,1680.2273856564368,continuing,continuing,0.81002272939065745,2.1135725673384496,1.0050771574749329,1.7694384347723142,1.1944877684373445,0.62865288617401194,0.099309872880644953,760,True,True,True,-178.27117224450672,-0.76436127729738135,0.56583488226333256,2.9235952967291068
805,2023-2024,2023-09-16,Wolves,Liverpool,Wolves,Liverpool,1457.8613368377598,1613.9175192384159,1450.5577030971078,1621.2211529790679,continuing,continuing,0.89190347954338811,1.956572357679295,0.71240954319318572,1.6008525791430823,1.2222064562163653,0.97656519278565546,0.099309872880644953,760,True,True,True,-123.48142209718935,-0.8884430359498966,0.2456412634307098,2.8484758372226833
806,2023-2024,2023-09-17,Bournemouth,Chelsea,Bournemouth,Chelsea,1445.6679642554016,1475.5926042460326,1444.8044815116227,1476.4560869898114,continuing,continuing,0.96340605268989743,1.0955130821605754,0.74016146888534307,0.80746178970592253,1.3567367473321075,1.0153037930773057,0.099309872880644953,760,True,True,True,-29.961225160091317,-0.067300320820579462,0.3414329542548018,2.058919134850473
807,2023-2024,2023-09-17,Everton,Arsenal,Everton,Arsenal,1430.1201966396525,1615.1945514660777,1423.5722747167083,1621.7424733890218,continuing,continuing,1.0465854195598945,2.124569363409015,0.80297376783430363,1.7181252821118,1.2365625403041867,1.0166850410017243,0.099309872880644953,760,True,True,True,-143.65905360101556,-0.91515151427749641,0.21987749930246236,3.1711547829689097
808,2023-2024,2023-09-18,Nottingham,Burnley,Nottingham,Burnley,1479.4974691607354,1472.2852435171794,1477.5867223492389,1474.1959903286759,continuing,returning_after_absence,1.3219527678226195,0.91643664573399608,0.92625425161845754,0.68225523919531827,1.3432460362120218,1.1132657169860116,0.099309872880644953,760,True,True,True,-30.976597206678434,0.24399901242313926,0.22998031922601014,2.2383894135566154
809,2023-2024,2023-09-23,Brentford,Everton,Brentford,Everton,1529.7627142008955,1423.5722747167083,1515.3136261544198,1438.021362763184,continuing,continuing,1.7879252904079543,0.66455011164056266,1.12783714180076,0.80297376783430363,0.82761123496340028,1.2365625403041867,0.099309872880644953,760,True,True,True,81.038784066942526,0.32486337396645637,-0.40895130534078639,2.4524754020485169
810,2023-2024,2023-09-23,Burnley,Manchester Utd,Burnley,Manchester Utd,1474.1959903286759,1556.7356391839028,1464.8438249842893,1566.0878045282893,returning_after_absence,continuing,0.73335432436871506,1.2677625894122173,0.68225523919531827,1.1387780743347431,1.1132657169860116,0.83845563722483618,0.099309872880644953,760,True,True,True,-74.875799012250809,-0.45652283513942482,0.27481007976117544,2.0011169137809324
811,2023-2024,2023-09-23,Crystal Palace,Fulham,Crystal Palace,Fulham,1494.7514053198711,1504.5306802361902,1493.3159203370346,1505.9661652190266,continuing,continuing,1.2066462416852659,1.0783576431303208,0.8687064801684935,1.107870039308908,0.97336113882365016,1.0834777932419379,0.099309872880644953,760,True,True,True,-8.870108410407056,-0.23916355914041454,-0.11011665441828777,2.2850038848155867
812,2023-2024,2023-09-23,Luton Town,Wolves,Luton Town,Wolves,1464.9266925798006,1450.5577030971078,1462.8182840160734,1452.666111660835,new_to_dataset,continuing,1.5668645771380756,0.71240954319318572,1,0.71240954319318572,1,1.2222064562163653,0.099309872880644953,760,True,False,True,30.869339579191092,0.28759045680681428,-0.22220645621636526,2.2792741203312614
813,2023-2024,2023-09-23,Manchester City,Nottingham,Manchester City,Nottingham,1680.2273856564368,1477.5867223492389,1683.8405890196052,1473.9735189860705,continuing,continuing,3.0470382993946057,0.58229240861089282,1.7694384347723142,0.92625425161845754,0.62865288617401194,1.3432460362120218,0.099309872880644953,760,True,True,True,179.61973532386151,0.84318418315385668,-0.71459315003800983,3.6293307080054986
814,2023-2024,2023-09-24,Arsenal,Tottenham,Arsenal,Tottenham,1621.7424733890218,1566.1862954644216,1618.5339460276716,1569.3948228257718,continuing,continuing,3.0742029941595095,1.4837951682942392,1.7181252821118,1.4594442806321595,1.0166850410017243,1.3956959679988672,0.099309872880644953,760,True,True,True,68.807192576014359,0.25868100147964057,-0.37901092699714289,4.5579981624537487
815,2023-2024,2023-09-24,Brighton,Bournemouth,Brighton,Bournemouth,1558.5559175505011,1444.8044815116227,1563.9339844699705,1439.4264145921534,continuing,continuing,2.556461713558956,0.85227218183965725,1.4697951706153569,0.74016146888534307,1.1514679129719478,1.3567367473321075,0.099309872880644953,760,True,True,True,77.286229400153388,0.72963370173001385,-0.20526883436015964,3.4087338953986133
816,2023-2024,2023-09-24,Chelsea,Aston Villa,Chelsea,Aston Villa,1476.4560869898114,1547.6639485165019,1466.7785633238534,1557.3414721824599,continuing,continuing,0.85154337342721542,1.1130070055542047,0.80746178970592253,1.0962305205033938,1.0153037930773057,0.8226174252812386,0.099309872880644953,760,True,True,True,-51.337685000669126,-0.28876873079747123,0.19268636779606707,1.96455037898142
817,2023-2024,2023-09-24,Liverpool,West Ham,Liverpool,West Ham,1621.2211529790679,1498.4638668996809,1626.3978413655657,1493.2871785131831,continuing,continuing,2.4514324792474489,0.98152336805396645,1.6008525791430823,1.0050771574749329,0.97656519278565546,1.1944877684373445,0.099309872880644953,760,True,True,True,122.2401166453219,0.59577542166814945,-0.21792257565168904,3.4329558473014155
818,2023-2024,2023-09-24,Sheffield United,Newcastle,Sheffield United,Newcastle,1463.5495363905804,1560.8595245783092,1454.6192952068366,1569.7897657620531,new_to_dataset,continuing,1.0390540134407122,1.3706922306806504,1,1.3706922306806504,1,0.81049667094034683,0.099309872880644953,760,True,False,True,-71.934543387534177,-0.37069223068065038,0.18950332905965317,2.4097462441213624
819,2023-2024,2023-09-30,Aston Villa,Brighton,Aston Villa,Brighton,1557.3414721824599,1563.9339844699705,1565.8162754813461,1555.4591811710843,continuing,continuing,1.618231379468279,1.2090791189424037,1.0962305205033938,1.4697951706153569,0.8226174252812386,1.1514679129719478,0.099309872880644953,760,True,True,True,4.0126807606070543,-0.37356465011196316,-0.32885048769070924,2.8273104984106827
820,2023-2024,2023-09-30,Bournemouth,Arsenal,Bournemouth,Arsenal,1439.4264145921534,1618.5339460276716,1432.7263324192775,1625.2340282005475,continuing,continuing,0.96471669746412514,2.3310437067614229,0.74016146888534307,1.7181252821118,1.3567367473321075,1.0166850410017243,0.099309872880644953,760,True,True,True,-141.97923305799804,-0.97796381322645698,0.34005170633038317,3.2957604042255482
821,2023-2024,2023-09-30,Everton,Luton Town,Everton,Luton Town,1438.021362763184,1462.8182840160734,1427.0115898798936,1473.8280568993639,continuing,new_to_dataset,1.0294096768933569,1.2365625403041867,0.80297376783430363,1,1.2365625403041867,1,0.099309872880644953,760,True,True,False,-45.003521463406059,-0.19702623216569637,0.23656254030418666,2.2659722171975436
822,2023-2024,2023-09-30,Manchester Utd,Crystal Palace,Manchester Utd,Crystal Palace,1566.0878045282893,1493.3159203370346,1552.4420884929361,1506.9616363723878,continuing,continuing,1.4210193403485587,0.72837184539101874,1.1387780743347431,0.8687064801684935,0.83845563722483618,0.97336113882365016,0.099309872880644953,760,True,True,True,86.824990248560425,0.2700715941662496,-0.13490550159881398,2.1493911857395775
823,2023-2024,2023-09-30,Newcastle,Burnley,Newcastle,Burnley,1569.7897657620531,1464.8438249842893,1575.3694527419109,1459.2641380044315,continuing,returning_after_absence,1.9562559470200855,0.55296560009941553,1.3706922306806504,0.68225523919531827,0.81049667094034683,1.1132657169860116,0.099309872880644953,760,True,True,True,71.934543387534177,0.68843699148533211,-0.30276904604566479,2.509221547119501
824,2023-2024,2023-09-30,Tottenham,Liverpool,Tottenham,Liverpool,1569.3948228257718,1626.3978413655657,1579.3085649047589,1616.4840992865786,continuing,continuing,1.8271560853341062,2.2343034900705874,1.4594442806321595,1.6008525791430823,1.3956959679988672,0.97656519278565546,0.099309872880644953,760,True,True,True,-62.763742956403121,-0.14140829851092285,0.41913077521321174,4.0614595754046938
825,2023-2024,2023-09-30,West Ham,Sheffield United,West Ham,Sheffield United,1493.2871785131831,1454.6192952068366,1500.5212489765336,1447.3852247434861,continuing,new_to_dataset,1.2885055444833224,1.1944877684373445,1.0050771574749329,1,1.1944877684373445,1,0.099309872880644953,760,True,True,False,-29.628034127323644,0.0050771574749328696,0.1944877684373445,2.4829933129206667
826,2023-2024,2023-09-30,Wolves,Manchester City,Wolves,Manchester City,1452.666111660835,1683.8405890196052,1467.2295189178533,1669.2771817625869,continuing,continuing,0.57415285814580663,2.1626190788561024,0.71240954319318572,1.7694384347723142,1.2222064562163653,0.62865288617401194,0.099309872880644953,760,True,True,True,-179.51247769637416,-1.0570288915791286,0.59355357004235332,2.736771937001909
827,2023-2024,2023-10-01,Nottingham,Brentford,Nottingham,Brentford,1473.9735189860705,1515.3136261544198,1473.4369598990554,1515.8501852414349,continuing,continuing,0.98275096955555541,1.5149627702165669,0.92625425161845754,1.12783714180076,1.3432460362120218,0.82761123496340028,0.099309872880644953,760,True,True,True,-67.011859810214901,-0.20158289018230247,0.51563480124862149,2.4977137397721223
828,2023-2024,2023-10-02,Fulham,Chelsea,Fulham,Chelsea,1505.9661652190266,1466.7785633238534,1493.1864270980921,1479.558301444788,continuing,continuing,1.4420214322576881,0.87486691803775873,1.107870039308908,0.80746178970592253,1.0834777932419379,1.0153037930773057,0.099309872880644953,760,True,True,True,10.283392934394669,0.30040824960298551,0.068174000164632265,2.3168883502954469
829,2023-2024,2023-10-03,Luton Town,Burnley,Luton Town,Burnley,1473.8280568993639,1459.2641380044315,1461.7142878601046,1471.3779070436908,new_to_dataset,returning_after_absence,1.4272029148721881,0.68225523919531827,1,0.68225523919531827,1,1.1132657169860116,0.099309872880644953,760,True,False,True,0,0.31774476080468173,-0.11326571698601162,2.1094581540675064
830,2023-2024,2023-10-07,Burnley,Chelsea,Burnley,Chelsea,1471.3779070436908,1479.558301444788,1459.8973809379052,1491.0388275505736,returning_after_absence,continuing,0.88803437432377708,0.89891952825577193,0.68225523919531827,0.80746178970592253,1.1132657169860116,1.0153037930773057,0.099309872880644953,760,True,True,True,13.362475760297229,-0.12520655051060425,0.09796192390870595,1.7869539025795489
831,2023-2024,2023-10-07,Crystal Palace,Nottingham,Crystal Palace,Nottingham,1506.9616363723878,1473.4369598990554,1504.3329671173481,1476.0656291540952,continuing,continuing,1.4959446251354236,0.90157989319558962,0.8687064801684935,0.92625425161845754,0.97336113882365016,1.3432460362120218,0.099309872880644953,760,True,True,True,19.027405970368818,-0.057547771449964036,-0.3698848973883716,2.3975245183310134
832,2023-2024,2023-10-07,Everton,Bournemouth,Everton,Bournemouth,1427.0115898798936,1432.7263324192775,1435.4617261951212,1424.2761961040499,continuing,continuing,1.3966379367004891,0.91525594620013806,0.80297376783430363,0.74016146888534307,1.2365625403041867,1.3567367473321075,0.099309872880644953,760,True,True,True,-1.679820543017513,0.062812298948960565,-0.12017420702792081,2.3118938829006273
833,2023-2024,2023-10-07,Fulham,Sheffield United,Fulham,Sheffield United,1493.1864270980921,1447.3852247434861,1500.2319883618757,1440.3396634797025,continuing,new_to_dataset,1.4202856741892345,1.0834777932419379,1.107870039308908,1,1.0834777932419379,1,0.099309872880644953,760,True,True,False,-3.0790828259025602,0.10787003930890804,0.083477793241937936,2.5037634674311722
834,2023-2024,2023-10-07,Luton Town,Tottenham,Luton Town,Tottenham,1461.7142878601046,1579.3085649047589,1453.3569652066858,1587.6658875581777,new_to_dataset,continuing,1.7892775492954234,1.4594442806321595,1,1.4594442806321595,1,1.3956959679988672,0.099309872880644953,760,True,False,True,-29.848339561595139,-0.45944428063215947,-0.39569596799886719,3.2487218299275828
835,2023-2024,2023-10-07,Manchester Utd,Brentford,Manchester Utd,Brentford,1552.4420884929361,1515.8501852414349,1559.7314299438694,1508.5608437905016,continuing,continuing,1.2082376460951145,0.94564140941439412,1.1387780743347431,1.12783714180076,0.83845563722483618,0.82761123496340028,0.099309872880644953,760,True,True,True,38.840536408714343,0.010940932533983094,0.010844402261435904,2.1538790555095089
836,2023-2024,2023-10-08,Arsenal,Manchester City,Arsenal,Manchester City,1625.2340282005475,1669.2771817625869,1634.7750758906434,1659.736134072491,continuing,continuing,1.3846902400485643,1.7989615876065173,1.7181252821118,1.7694384347723142,1.0166850410017243,0.62865288617401194,0.099309872880644953,760,True,True,True,-49.987605979573573,-0.051313152660514172,0.38803215482771236,3.1836518276550816
837,2023-2024,2023-10-08,Brighton,Liverpool,Brighton,Liverpool,1555.4591811710843,1616.4840992865786,1555.4886806001928,1616.4545998574702,continuing,continuing,1.8401149162209087,1.843330378281645,1.4697951706153569,1.6008525791430823,1.1514679129719478,0.97656519278565546,0.099309872880644953,760,True,True,True,-58.649554038233418,-0.13105740852772541,0.17490272018629238,3.6834452945025538
838,2023-2024,2023-10-08,West Ham,Newcastle,West Ham,Newcastle,1500.5212489765336,1575.3694527419109,1500.9483546423569,1574.9423470760876,continuing,continuing,1.0443294542919119,1.6372751038401359,1.0050771574749329,1.3706922306806504,1.1944877684373445,0.81049667094034683,0.099309872880644953,760,True,True,True,-101.56257751485782,-0.36561507320571751,0.38399109749699767,2.6816045581320478
839,2023-2024,2023-10-08,Wolves,Aston Villa,Wolves,Aston Villa,1467.2295189178533,1565.8162754813461,1468.3355911008628,1564.7102032983366,continuing,continuing,0.75130196054652676,1.3398200196606744,0.71240954319318572,1.0962305205033938,1.2222064562163653,0.8226174252812386,0.099309872880644953,760,True,True,True,-68.844548819562988,-0.38382097731020803,0.39958903093512665,2.091121980207201
840,2023-2024,2023-10-21,Bournemouth,Wolves,Bournemouth,Wolves,1424.2761961040499,1468.3355911008628,1413.8177102765587,1478.7940769283539,continuing,continuing,1.15973278695893,0.96655220640027528,0.74016146888534307,0.71240954319318572,1.3567367473321075,1.2222064562163653,0.099309872880644953,760,True,True,True,-12.454361341197455,0.027751925692157342,0.13453029111574222,2.1262849933592052
841,2023-2024,2023-10-21,Brentford,Burnley,Brentford,Burnley,1508.5608437905016,1459.8973809379052,1515.531397761242,1452.9268269671647,continuing,returning_after_absence,1.6096524562791619,0.56464210107068746,1.12783714180076,0.68225523919531827,0.82761123496340028,1.1132657169860116,0.099309872880644953,760,True,True,True,36.035262603536466,0.44558190260544173,-0.28565448202261134,2.1742945573498496
842,2023-2024,2023-10-21,Chelsea,Arsenal,Chelsea,Arsenal,1491.0388275505736,1634.7750758906434,1493.4033443265967,1632.4105591146204,continuing,continuing,1.0524350480803513,1.7444191159101265,0.80746178970592253,1.7181252821118,1.0153037930773057,1.0166850410017243,0.099309872880644953,760,True,True,True,-112.01800789790673,-0.91066349240587752,-0.0013812479244186271,2.7968541639904778
843,2023-2024,2023-10-21,Liverpool,Everton,Liverpool,Everton,1616.4545998574702,1435.4617261951212,1620.4514899329768,1431.4648361196146,continuing,continuing,2.5377820133630125,0.78415623238693088,1.6008525791430823,0.80297376783430363,0.97656519278565546,1.2365625403041867,0.099309872880644953,760,True,True,True,137.61560398140432,0.79787881130877869,-0.25999734751853121,3.3219382457499433
844,2023-2024,2023-10-21,Manchester City,Brighton,Manchester City,Brighton,1659.736134072491,1555.4886806001928,1665.3320113290122,1549.8928033436716,continuing,continuing,2.6120060932721767,0.92399097609196845,1.7694384347723142,1.4697951706153569,0.62865288617401194,1.1514679129719478,0.099309872880644953,760,True,True,True,114.68060963741823,0.2996432641569573,-0.5228150267979359,3.5359970693641452
845,2023-2024,2023-10-21,Newcastle,Crystal Palace,Newcastle,Crystal Palace,1574.9423470760876,1504.3329671173481,1581.3507222386681,1497.9245919547675,continuing,continuing,1.7104124265832705,0.70408371020087046,1.3706922306806504,0.8687064801684935,0.81049667094034683,0.97336113882365016,0.099309872880644953,760,True,True,True,83.883734623843793,0.50198575051215688,-0.16286446788330333,2.4144961367841411
846,2023-2024,2023-10-21,Nottingham,Luton Town,Nottingham,Luton Town,1476.0656291540952,1453.3569652066858,1473.7290545032013,1455.6935398575797,continuing,new_to_dataset,1.1874548435764238,1.3432460362120218,0.92625425161845754,1,1.3432460362120218,1,0.099309872880644953,760,True,True,False,-30.976597206678434,-0.073745748381542464,0.34324603621202177,2.5307008797884456
847,2023-2024,2023-10-21,Sheffield United,Manchester Utd,Sheffield United,Manchester Utd,1440.3396634797025,1559.7314299438694,1432.0326375011048,1568.0384559224672,new_to_dataset,continuing,1.0748973144327412,1.1387780743347431,1,1.1387780743347431,1,0.83845563722483618,0.099309872880644953,760,True,False,True,-74.875799012250809,-0.1387780743347431,0.16154436277516382,2.2136753887674843
848,2023-2024,2023-10-22,Aston Villa,West Ham,Aston Villa,West Ham,1564.7102032983366,1500.9483546423569,1571.2914436557717,1494.3671142849219,continuing,continuing,1.6786899291768982,0.82679398349101529,1.0962305205033938,1.0050771574749329,0.8226174252812386,1.1944877684373445,0.099309872880644953,760,True,True,True,67.603243367695541,0.091153363028460888,-0.3718703431561059,2.5054839126679136
849,2023-2024,2023-10-23,Tottenham,Fulham,Tottenham,Fulham,1587.6658875581777,1500.2319883618757,1593.6600096842747,1494.2378662357787,continuing,continuing,2.0271898464856433,1.5462497469301895,1.4594442806321595,1.107870039308908,1.3956959679988672,1.0834777932419379,0.099309872880644953,760,True,True,True,32.9274223874977,0.35157424132325144,0.31221817475692926,3.5734395934158325
850,2023-2024,2023-10-27,Crystal Palace,Tottenham,Crystal Palace,Tottenham,1497.9245919547675,1593.6600096842747,1488.9495281988286,1602.6350734402135,continuing,continuing,1.5543570018929354,1.4205663470457817,0.8687064801684935,1.4594442806321595,0.97336113882365016,1.3956959679988672,0.099309872880644953,760,True,True,True,-41.797530797904756,-0.59073780046366597,-0.42233482917521703,2.974923348938717
851,2023-2024,2023-10-28,Arsenal,Sheffield United,Arsenal,Sheffield United,1632.4105591146204,1432.0326375011048,1636.062483892078,1428.3807127236471,continuing,new_to_dataset,2.2026308484413453,1.0166850410017243,1.7181252821118,1,1.0166850410017243,1,0.099309872880644953,760,True,True,False,98.655532137609498,0.71812528211180005,0.016685041001724299,3.2193158894430693
852,2023-2024,2023-10-28,Bournemouth,Burnley,Bournemouth,Burnley,1413.8177102765587,1452.9268269671647,1423.2171459206202,1443.5273913231033,continuing,returning_after_absence,1.0563606058692419,0.9256407540761451,0.74016146888534307,0.68225523919531827,1.3567367473321075,1.1132657169860116,0.099309872880644953,760,True,True,True,-43.323700920388546,0.057906229690024791,0.24347103034609585,1.982001359945387
853,2023-2024,2023-10-28,Chelsea,Brentford,Chelsea,Brentford,1493.4033443265967,1515.531397761242,1482.3175989260603,1526.6171431617784,continuing,continuing,0.85671278196672895,1.1450973280437786,0.80746178970592253,1.12783714180076,1.0153037930773057,0.82761123496340028,0.099309872880644953,760,True,True,True,-49.397738363833696,-0.32037535209483747,0.18769255811390539,2.0018101100105077
854,2023-2024,2023-10-28,Wolves,Newcastle,Wolves,Newcastle,1478.7940769283539,1581.3507222386681,1480.0128664504111,1580.1319327166109,continuing,continuing,0.74023199506834403,1.6752688938235023,0.71240954319318572,1.3706922306806504,1.2222064562163653,0.81049667094034683,0.099309872880644953,760,True,True,True,-102.80388296672527,-0.65828268748746466,0.41170978527601843,2.4155008888918461
855,2023-2024,2023-10-29,Aston Villa,Luton Town,Aston Villa,Luton Town,1571.2914436557717,1455.6935398575797,1576.6278208654003,1450.3571626479511,continuing,new_to_dataset,1.4053638501238048,0.8226174252812386,1.0962305205033938,1,0.8226174252812386,1,0.099309872880644953,760,True,True,False,37.975209240371896,0.096230520503393757,-0.1773825747187614,2.2279812754050434
856,2023-2024,2023-10-29,Brighton,Fulham,Brighton,Fulham,1549.8928033436716,1494.2378662357787,1546.681726324332,1497.4489432551184,continuing,continuing,2.0415673868648749,1.2756768020071783,1.4697951706153569,1.107870039308908,1.1514679129719478,1.0834777932419379,0.099309872880644953,760,True,True,True,37.041611305667402,0.36192513130644888,0.067990119730009901,3.3172441888720532
857,2023-2024,2023-10-29,Liverpool,Nottingham,Liverpool,Nottingham,1620.4514899329768,1473.7290545032013,1625.116704434367,1469.0638400018111,continuing,continuing,2.7567272330451402,0.90454766180031199,1.6008525791430823,0.92625425161845754,0.97656519278565546,1.3432460362120218,0.099309872880644953,760,True,True,True,123.58867972467669,0.67459832752462479,-0.36668084342636631,3.6612748948454521
858,2023-2024,2023-10-29,Manchester Utd,Manchester City,Manchester Utd,Manchester City,1568.0384559224672,1665.3320113290122,1559.1077471755279,1674.2627200759516,continuing,continuing,0.91777642848864716,1.4835956303571374,1.1387780743347431,1.7694384347723142,0.83845563722483618,0.62865288617401194,0.099309872880644953,760,True,True,True,-73.767339104932262,-0.63066036043757112,0.20980275105082424,2.4013720588457845
859,2023-2024,2023-10-29,West Ham,Everton,West Ham,Everton,1494.3671142849219,1431.4648361196146,1480.9702218801217,1444.8617285244147,continuing,continuing,1.5933176892823264,0.95914234405412369,1.0050771574749329,0.80297376783430363,1.1944877684373445,1.2365625403041867,0.099309872880644953,760,True,True,True,15.375487336082415,0.20210338964062924,-0.042074771866842164,2.55246003333645
860,2023-2024,2023-11-04,Brentford,West Ham,Brentford,West Ham,1526.6171431617784,1480.9702218801217,1533.6667579192517,1473.9206071226483,continuing,continuing,1.7270900748349782,0.83181314753133317,1.12783714180076,1.0050771574749329,0.82761123496340028,1.1944877684373445,0.099309872880644953,760,True,True,True,65.663296730860111,0.12275998432582713,-0.36687653347394422,2.5589032223663115
861,2023-2024,2023-11-04,Burnley,Crystal Palace,Burnley,Crystal Palace,1443.5273913231033,1488.9495281988286,1433.1080527488709,1499.368866773061,returning_after_absence,continuing,0.85134927673861771,0.96710114249517243,0.68225523919531827,0.8687064801684935,1.1132657169860116,0.97336113882365016,0.099309872880644953,760,True,True,True,11.949191236309616,-0.18645124097317523,0.13990457816236146,1.8184504192337902
862,2023-2024,2023-11-04,Everton,Brighton,Everton,Brighton,1444.8617285244147,1546.681726324332,1446.0596252099965,1545.4838296387502,continuing,continuing,1.185332212245521,1.8174936499029513,0.80297376783430363,1.4697951706153569,1.2365625403041867,1.1514679129719478,0.099309872880644953,760,True,True,True,-78.966049943170901,-0.66682140278105329,0.085094627332238826,3.0028258621484722
863,2023-2024,2023-11-04,Fulham,Manchester Utd,Fulham,Manchester Utd,1497.4489432551184,1559.1077471755279,1487.4966871070853,1569.060003323561,continuing,continuing,1.1908465299936406,1.233840754972511,1.107870039308908,1.1387780743347431,1.0834777932419379,0.83845563722483618,0.099309872880644953,760,True,True,True,-77.954881838153369,-0.030908035025835057,0.24502215601710176,2.4246872849661516
864,2023-2024,2023-11-04,Manchester City,Bournemouth,Manchester City,Bournemouth,1674.2627200759516,1423.2171459206202,1677.1228941827103,1420.3569718138615,continuing,continuing,3.0776408192314713,0.46530464364956703,1.7694384347723142,0.74016146888534307,0.62865288617401194,1.3567367473321075,0.099309872880644953,760,True,True,True,191.96683903757162,1.0292769658869712,-0.72808386115809554,3.5429454628810384
865,2023-2024,2023-11-04,Newcastle,Arsenal,Newcastle,Arsenal,1580.1319327166109,1636.062483892078,1590.0148099200881,1626.1796066886009,continuing,continuing,1.7865421770919168,1.3925348214100581,1.3706922306806504,1.7181252821118,0.81049667094034683,1.0166850410017243,0.099309872880644953,760,True,True,True,-26.720988750075321,-0.34743305143114966,-0.20618837006137747,3.1790769985019747
866,2023-2024,2023-11-04,Sheffield United,Wolves,Sheffield United,Wolves,1428.3807127236471,1480.0128664504111,1438.1399133057309,1470.2536658683273,new_to_dataset,continuing,1.5668645771380756,0.71240954319318572,1,0.71240954319318572,1,1.2222064562163653,0.099309872880644953,760,True,False,True,30.869339579191092,0.28759045680681428,-0.22220645621636526,2.2792741203312614
867,2023-2024,2023-11-05,Luton Town,Liverpool,Luton Town,Liverpool,1450.3571626479511,1625.116704434367,1453.545106334097,1621.9287607482211,new_to_dataset,continuing,1.251953301391316,1.6008525791430823,1,1.6008525791430823,1,0.97656519278565546,0.099309872880644953,760,True,False,True,-92.61208251799826,-0.60085257914308232,0.023434807214344544,2.8528058805343983
868,2023-2024,2023-11-05,Nottingham,Aston Villa,Nottingham,Aston Villa,1469.0638400018111,1576.6278208654003,1480.4243526022415,1565.2673082649699,continuing,continuing,0.97682104606057363,1.4725073014408252,0.92625425161845754,1.0962305205033938,1.3432460362120218,0.8226174252812386,0.099309872880644953,760,True,True,True,-68.95180644705033,-0.16997626888493622,0.52062861093078316,2.4493283475013987
869,2023-2024,2023-11-06,Tottenham,Chelsea,Tottenham,Chelsea,1602.6350734402135,1482.3175989260603,1587.8658304833129,1497.0868418829609,continuing,continuing,1.8996361099992389,1.1269711642057052,1.4594442806321595,0.80746178970592253,1.3956959679988672,1.0153037930773057,0.099309872880644953,760,True,True,True,43.210815321892369,0.65198249092623695,0.38039217492156152,3.0266072742049444
870,2023-2024,2023-11-11,Arsenal,Burnley,Arsenal,Burnley,1626.1796066886009,1433.1080527488709,1629.9587608761583,1429.3288985613135,continuing,returning_after_absence,2.4521134107455613,0.69363869583493343,1.7181252821118,0.68225523919531827,1.0166850410017243,1.1132657169860116,0.099309872880644953,760,True,True,True,98.655532137609498,1.0358700429164818,-0.096580675984287323,3.1457521065804945
871,2023-2024,2023-11-11,Bournemouth,Newcastle,Bournemouth,Newcastle,1420.3569718138615,1590.0148099200881,1433.4123890231365,1576.9593927108131,continuing,continuing,0.7690677448394887,1.8596685186470563,0.74016146888534307,1.3706922306806504,1.3567367473321075,0.81049667094034683,0.099309872880644953,760,True,True,True,-115.25824430792272,-0.63053076179530732,0.54624007639176064,2.628736263486545
872,2023-2024,2023-11-11,Crystal Palace,Everton,Crystal Palace,Everton,1499.368866773061,1446.0596252099965,1486.2184735003107,1459.2100184827468,continuing,continuing,1.3771334781142592,0.7815834611047151,0.8687064801684935,0.80297376783430363,0.97336113882365016,1.2365625403041867,0.099309872880644953,760,True,True,True,33.054330227096443,0.065732712334189869,-0.2632014014805365,2.1587169392189742
873,2023-2024,2023-11-11,Manchester Utd,Luton Town,Manchester Utd,Luton Town,1569.060003323561,1453.545106334097,1574.398250249013,1448.206859408645,continuing,new_to_dataset,1.4599096714154041,0.83845563722483618,1.1387780743347431,1,0.83845563722483618,1,0.099309872880644953,760,True,True,False,74.875799012250809,0.1387780743347431,-0.16154436277516382,2.29836530864024
874,2023-2024,2023-11-11,Wolves,Tottenham,Wolves,Tottenham,1470.2536658683273,1587.8658304833129,1481.8968441637935,1576.2226521878467,continuing,continuing,1.2746984015393754,1.7837422222766741,0.71240954319318572,1.4594442806321595,1.2222064562163653,1.3956959679988672,0.099309872880644953,760,True,True,True,-60.717679140786231,-0.74703473743897375,-0.17348951178250194,3.0584406238160495
875,2023-2024,2023-11-12,Aston Villa,Fulham,Aston Villa,Fulham,1565.2673082649699,1487.4966871070853,1571.4974992870555,1481.2664960849997,continuing,continuing,1.5226805230341336,0.91135319928251857,1.0962305205033938,1.107870039308908,0.8226174252812386,1.0834777932419379,0.099309872880644953,760,True,True,True,41.054292066274456,-0.011639518805514282,-0.26086036796069934,2.4340337223166522
876,2023-2024,2023-11-12,Brighton,Sheffield United,Brighton,Sheffield United,1545.4838296387502,1438.1399133057309,1541.0081529139234,1442.6155900305578,continuing,new_to_dataset,1.8842724784937037,1.1514679129719478,1.4697951706153569,1,1.1514679129719478,1,0.099309872880644953,760,True,True,False,33.962528479764842,0.46979517061535692,0.15146791297194784,3.0357403914656516
877,2023-2024,2023-11-12,Chelsea,Manchester City,Chelsea,Manchester City,1497.0868418829609,1677.1228941827103,1500.4105534431978,1673.7991826224734,continuing,continuing,0.6507583999018195,1.7965175544411014,0.80746178970592253,1.7694384347723142,1.0153037930773057,0.62865288617401194,0.099309872880644953,760,True,True,True,-162.0056138774803,-0.96197664506639169,0.38665090690329373,2.447275954342921
878,2023-2024,2023-11-12,Liverpool,Brentford,Liverpool,Brentford,1621.9287607482211,1533.6667579192517,1627.902892034939,1527.6926266325338,continuing,continuing,1.6984963054360414,1.1014064958134817,1.6008525791430823,1.12783714180076,0.97656519278565546,0.82761123496340028,0.099309872880644953,760,True,True,True,56.576819914461794,0.47301543734232232,0.14895395782225518,2.7999028012495231
879,2023-2024,2023-11-12,West Ham,Nottingham,West Ham,Nottingham,1473.9206071226483,1480.4243526022415,1482.3929150377694,1471.9520446871204,continuing,continuing,1.7307799652644358,1.106399374021334,1.0050771574749329,0.92625425161845754,1.1944877684373445,1.3432460362120218,0.099309872880644953,760,True,True,True,1.3485630793547898,0.078822905856475334,-0.14875826777467727,2.83717933928577
880,2023-2024,2023-11-25,Brentford,Arsenal,Brentford,Arsenal,1527.6926266325338,1629.9587608761583,1518.9031779432344,1638.7482095654577,continuing,continuing,1.470008056963519,1.4219397865503873,1.12783714180076,1.7181252821118,0.82761123496340028,1.0166850410017243,0.099309872880644953,760,True,True,True,-62.620269534073032,-0.59028814031104004,-0.18907380603832402,2.8919478435139063
881,2023-2024,2023-11-25,Burnley,West Ham,Burnley,West Ham,1429.3288985613135,1482.3929150377694,1419.1292914241506,1492.5925221749324,returning_after_absence,continuing,1.0447574463073992,1.1189179423425937,0.68225523919531827,1.0050771574749329,1.1132657169860116,1.1944877684373445,0.099309872880644953,760,True,True,True,29.628034127323644,-0.32282191827961459,-0.081222051451332877,2.1636753886499926
882,2023-2024,2023-11-25,Luton Town,Crystal Palace,Luton Town,Crystal Palace,1448.206859408645,1486.2184735003107,1457.5748263964726,1476.850506512483,new_to_dataset,continuing,1.2478457149596041,0.8687064801684935,1,0.8687064801684935,1,0.97336113882365016,0.099309872880644953,760,True,False,True,11.949191236309616,0.1312935198315065,0.026638861176349837,2.1165521951280977
883,2023-2024,2023-11-25,Manchester City,Liverpool,Manchester City,Liverpool,1673.7991826224734,1627.902892034939,1670.8422461214075,1630.8598285360049,continuing,continuing,2.2152542900218815,1.0063805942174096,1.7694384347723142,1.6008525791430823,0.62865288617401194,0.97656519278565546,0.099309872880644953,760,True,True,True,56.03105559918481,0.1685858556292319,-0.34791230661164352,3.221634884239291
884,2023-2024,2023-11-25,Newcastle,Chelsea,Newcastle,Chelsea,1576.9593927108131,1500.4105534431978,1583.2197918035511,1494.1501543504598,continuing,continuing,1.7841150166887665,0.65444509246818461,1.3706922306806504,0.80746178970592253,0.81049667094034683,1.0153037930773057,0.099309872880644953,760,True,True,True,85.297019147831406,0.56323044097472785,-0.20480712213695884,2.4385601091569509
885,2023-2024,2023-11-25,Nottingham,Brighton,Nottingham,Brighton,1471.9520446871204,1541.0081529139234,1462.2126414196323,1550.7475561814115,continuing,continuing,1.3673161504813753,1.9742965369726504,0.92625425161845754,1.4697951706153569,1.3432460362120218,1.1514679129719478,0.099309872880644953,760,True,True,True,-64.939125686443276,-0.54354091899689938,0.19177812324007393,3.3416126874540257
886,2023-2024,2023-11-25,Sheffield United,Bournemouth,Sheffield United,Bournemouth,1442.6155900305578,1433.4123890231365,1430.6496915081277,1445.3782875455665,new_to_dataset,continuing,1.7393319590842349,0.74016146888534307,1,0.74016146888534307,1,1.3567367473321075,0.099309872880644953,760,True,False,True,43.323700920388546,0.25983853111465693,-0.35673674733210747,2.4794934279695777
887,2023-2024,2023-11-26,Everton,Manchester Utd,Everton,Manchester Utd,1459.2100184827468,1574.398250249013,1450.7852372944863,1582.8230314372736,continuing,continuing,0.86311434660503239,1.4081703084420798,0.80297376783430363,1.1387780743347431,1.2365625403041867,0.83845563722483618,0.099309872880644953,760,True,True,True,-119.87932047565687,-0.33580430650043946,0.39810690307935048,2.2712846550471122
888,2023-2024,2023-11-26,Tottenham,Aston Villa,Tottenham,Aston Villa,1576.2226521878467,1571.4974992870555,1564.3809688805993,1583.3391825943029,continuing,continuing,1.5391194009455049,1.5300045174638861,1.4594442806321595,1.0962305205033938,1.3956959679988672,0.8226174252812386,0.099309872880644953,760,True,True,True,-8.1268696787767567,0.36321376012876572,0.57307854271762859,3.069123918409391
889,2023-2024,2023-11-27,Fulham,Wolves,Fulham,Wolves,1481.2664960849997,1481.8968441637935,1489.5741403346349,1473.5891999141584,continuing,continuing,1.7358823206656955,0.77187991974344994,1.107870039308908,0.71240954319318572,1.0834777932419379,1.2222064562163653,0.099309872880644953,760,True,True,True,27.790256753288531,0.39546049611572232,-0.13872866297442732,2.5077622404091455
890,2023-2024,2023-12-02,Arsenal,Wolves,Arsenal,Wolves,1638.7482095654577,1473.5891999141584,1643.044586203536,1469.2928232760801,continuing,continuing,2.692069643626342,0.72429612563138368,1.7181252821118,0.71240954319318572,1.0166850410017243,1.2222064562163653,0.099309872880644953,760,True,True,True,129.52487171680059,1.0057157389186142,-0.20552141521464096,3.4163657692577258
891,2023-2024,2023-12-02,Brentford,Luton Town,Brentford,Luton Town,1518.9031779432344,1457.5748263964726,1525.5464210194384,1450.9315833202686,continuing,new_to_dataset,1.4458834326067613,0.82761123496340028,1.12783714180076,1,0.82761123496340028,1,0.099309872880644953,760,True,True,False,36.035262603536466,0.12783714180076,-0.17238876503659972,2.2734946675701617
892,2023-2024,2023-12-02,Burnley,Sheffield United,Burnley,Sheffield United,1419.1292914241506,1430.6496915081277,1427.7429223238626,1422.0360606084157,returning_after_absence,new_to_dataset,0.87464892811265382,1.1132657169860116,0.68225523919531827,1,1.1132657169860116,1,0.099309872880644953,760,True,True,False,0,-0.31774476080468173,0.11326571698601162,1.9879146450986656
893,2023-2024,2023-12-02,Newcastle,Manchester Utd,Newcastle,Manchester Utd,1583.2197918035511,1582.8230314372736,1591.4987346305359,1574.5440886102888,continuing,continuing,1.4733533976724544,0.92297583818816809,1.3706922306806504,1.1387780743347431,0.81049667094034683,0.83845563722483618,0.099309872880644953,760,True,True,True,-2.9412556247166322,0.23191415634590729,-0.027958966284489351,2.3963292358606223
894,2023-2024,2023-12-02,Nottingham,Everton,Nottingham,Everton,1462.2126414196323,1450.7852372944863,1450.1852775097057,1462.8126012044129,continuing,continuing,1.4683621778693732,1.0785913308256605,0.92625425161845754,0.80297376783430363,1.3432460362120218,1.2365625403041867,0.099309872880644953,760,True,True,True,14.026924256727625,0.1232804837841539,0.1066834959078351,2.5469535086950339
895,2023-2024,2023-12-03,Bournemouth,Aston Villa,Bournemouth,Aston Villa,1445.3782875455665,1583.3391825943029,1447.5852653048971,1581.1322048349723,continuing,continuing,0.78056894100836116,1.4872962307139577,0.74016146888534307,1.0962305205033938,1.3567367473321075,0.8226174252812386,0.099309872880644953,760,True,True,True,-81.298910160760443,-0.35606905161805069,0.53411932205086887,2.2678651717223186
896,2023-2024,2023-12-03,Chelsea,Brighton,Chelsea,Brighton,1494.1501543504598,1550.7475561814115,1504.0522228336054,1540.845487698266,continuing,continuing,1.1919573314048184,1.4922886117724776,0.80746178970592253,1.4697951706153569,1.0153037930773057,1.1514679129719478,0.099309872880644953,760,True,True,True,-47.325004240062071,-0.66233338090943439,-0.13616411989464217,2.684245943177296
897,2023-2024,2023-12-03,Liverpool,Fulham,Liverpool,Fulham,1630.8598285360049,1489.5741403346349,1635.6379235892546,1484.7960452813852,continuing,continuing,2.223608079613383,1.0819073185191554,1.6008525791430823,1.107870039308908,0.97656519278565546,1.0834777932419379,0.099309872880644953,760,True,True,True,95.691165343900821,0.49298253983417428,-0.10691260045628248,3.3055153981325383
898,2023-2024,2023-12-03,Manchester City,Tottenham,Manchester City,Tottenham,1670.8422461214075,1564.3809688805993,1666.3869079456404,1568.8363070563664,continuing,continuing,3.1660164661985362,0.91748385922956166,1.7694384347723142,1.4594442806321595,0.62865288617401194,1.3956959679988672,0.099309872880644953,760,True,True,True,118.79479855558793,0.30999415414015474,-0.76704308182485526,4.0835003254280977
899,2023-2024,2023-12-03,West Ham,Crystal Palace,West Ham,Crystal Palace,1492.5925221749324,1476.850506512483,1490.4463831417906,1478.9966455456247,continuing,continuing,1.2541812241588743,1.0376592649235241,1.0050771574749329,0.8687064801684935,1.1944877684373445,0.97336113882365016,0.099309872880644953,760,True,True,True,-17.678842891014028,0.13637067730643937,0.22112662961369434,2.2918404890823982
900,2023-2024,2023-12-05,Luton Town,Arsenal,Luton Town,Arsenal,1450.9315833202686,1643.044586203536,1444.5608444391587,1649.4153250846459,new_to_dataset,continuing,1.3033868122275458,1.7181252821118,1,1.7181252821118,1,1.0166850410017243,0.099309872880644953,760,True,False,True,-98.655532137609498,-0.71812528211180005,-0.016685041001724299,3.0215120943393456
901,2023-2024,2023-12-05,Wolves,Burnley,Wolves,Burnley,1469.2928232760801,1427.7429223238626,1476.4504657762188,1420.5852798237238,continuing,returning_after_absence,1.0167529766280785,0.83385675813195859,0.71240954319318572,0.68225523919531827,1.2222064562163653,1.1132657169860116,0.099309872880644953,760,True,True,True,-30.869339579191092,0.030154303997867449,0.10894073923035363,1.8506097347600372
902,2023-2024,2023-12-06,Aston Villa,Manchester City,Aston Villa,Manchester City,1581.1322048349723,1666.3869079456404,1591.8578161070373,1655.6612966735754,continuing,continuing,0.88348604050495139,1.4555708894060659,1.0962305205033938,1.7694384347723142,0.8226174252812386,0.62865288617401194,0.099309872880644953,760,True,True,True,-110.66792887681117,-0.67320791426892046,0.19396453910722666,2.3390569299110173
903,2023-2024,2023-12-06,Brighton,Brentford,Brighton,Brentford,1540.845487698266,1525.5464210194384,1548.7115138714139,1517.6803948462905,continuing,continuing,1.5594450729337213,1.2986682798415679,1.4697951706153569,1.12783714180076,1.1514679129719478,0.82761123496340028,0.099309872880644953,760,True,True,True,-2.0727341237716246,0.34195802881459691,0.32385667800854756,2.8581133527752893
904,2023-2024,2023-12-06,Crystal Palace,Bournemouth,Crystal Palace,Bournemouth,1478.9966455456247,1447.5852653048971,1466.4246888377754,1460.1572220127464,continuing,continuing,1.510968944020636,0.72044441026762318,0.8687064801684935,0.74016146888534307,0.97336113882365016,1.3567367473321075,0.099309872880644953,760,True,True,True,31.37450968407893,0.12854501128315043,-0.38337560850845731,2.231413354288259
905,2023-2024,2023-12-06,Fulham,Nottingham,Fulham,Nottingham,1484.7960452813852,1450.1852775097057,1492.1382998439608,1442.8430229471301,continuing,continuing,1.9077931021434082,1.0035759125245292,1.107870039308908,0.92625425161845754,1.0834777932419379,1.3432460362120218,0.099309872880644953,760,True,True,True,27.897514380775874,0.1816157876904505,-0.25976824297008383,2.9113690146679376
906,2023-2024,2023-12-06,Manchester Utd,Chelsea,Manchester Utd,Chelsea,1574.5440886102888,1504.0522228336054,1580.95541014797,1497.6409012959241,continuing,continuing,1.4822518269383027,0.67702088942258598,1.1387780743347431,0.80746178970592253,0.83845563722483618,1.0153037930773057,0.099309872880644953,760,True,True,True,88.238274772548039,0.33131628462882057,-0.17684815585246949,2.1592727163608885
907,2023-2024,2023-12-06,Sheffield United,Liverpool,Sheffield United,Liverpool,1422.0360606084157,1635.6379235892546,1416.1899108274133,1641.484073370257,new_to_dataset,continuing,1.251953301391316,1.6008525791430823,1,1.6008525791430823,1,0.97656519278565546,0.099309872880644953,760,True,False,True,-92.61208251799826,-0.60085257914308232,0.023434807214344544,2.8528058805343983
908,2023-2024,2023-12-07,Everton,Newcastle,Everton,Newcastle,1462.8126012044129,1591.4987346305359,1474.764188317615,1579.5471475173338,continuing,continuing,0.83433311615584393,1.6949466667456772,0.80297376783430363,1.3706922306806504,1.2365625403041867,0.81049667094034683,0.099309872880644953,760,True,True,True,-116.93806485094024,-0.56771846284634675,0.42606586936383983,2.5292797829015212
909,2023-2024,2023-12-07,Tottenham,West Ham,Tottenham,West Ham,1568.8363070563664,1490.4463831417906,1555.0512165849962,1504.2314736131609,continuing,continuing,2.2348898067233156,1.4027821362155264,1.4594442806321595,1.0050771574749329,1.3956959679988672,1.1944877684373445,0.099309872880644953,760,True,True,True,59.476373688918784,0.4543671231572266,0.20120819956152269,3.6376719429388418
910,2023-2024,2023-12-09,Aston Villa,Arsenal,Aston Villa,Arsenal,1591.8578161070373,1649.4153250846459,1601.7875167224136,1639.4856244692696,continuing,continuing,1.4288124035854617,1.4133597958814106,1.0962305205033938,1.7181252821118,0.8226174252812386,1.0166850410017243,0.099309872880644953,760,True,True,True,-60.680322897237602,-0.62189476160840629,-0.1940676157204857,2.8421721994668721
911,2023-2024,2023-12-09,Brighton,Burnley,Brighton,Burnley,1548.7115138714139,1420.5852798237238,1543.7705086607111,1425.5262850344266,continuing,returning_after_absence,2.0976959517673026,0.78559501639041018,1.4697951706153569,0.68225523919531827,1.1514679129719478,1.1132657169860116,0.099309872880644953,760,True,True,True,33.962528479764842,0.78753993142003864,0.038202195985936216,2.8832909681577128
912,2023-2024,2023-12-09,Crystal Palace,Liverpool,Crystal Palace,Liverpool,1466.4246888377754,1641.484073370257,1459.6203834748128,1648.2883787332196,continuing,continuing,1.0875799457869753,1.5582076895234882,0.8687064801684935,1.6008525791430823,0.97336113882365016,0.97656519278565546,0.099309872880644953,760,True,True,True,-104.56127375430788,-0.73214609897458882,-0.0032040539620052932,2.6457876353104632
913,2023-2024,2023-12-09,Manchester Utd,Bournemouth,Manchester Utd,Bournemouth,1580.95541014797,1460.1572220127464,1566.1754852998583,1474.9371468608581,continuing,continuing,1.9807130989948212,0.62059255604353103,1.1387780743347431,0.74016146888534307,0.83845563722483618,1.3567367473321075,0.099309872880644953,760,True,True,True,118.19949993263936,0.39861660544940003,-0.51828111010727129,2.6013056550383524
914,2023-2024,2023-12-09,Sheffield United,Brentford,Sheffield United,Brentford,1416.1899108274133,1517.6803948462905,1427.3784583783327,1506.4918472953711,new_to_dataset,continuing,1.0609948271097058,1.12783714180076,1,1.12783714180076,1,0.82761123496340028,0.099309872880644953,760,True,False,True,-36.035262603536466,-0.12783714180076,0.17238876503659972,2.1888319689104661
915,2023-2024,2023-12-09,Wolves,Nottingham,Wolves,Nottingham,1476.4504657762188,1442.8430229471301,1473.8195790610521,1445.4739096622968,continuing,continuing,1.2267955303249509,1.1320739264259365,0.71240954319318572,0.92625425161845754,1.2222064562163653,1.3432460362120218,0.099309872880644953,760,True,True,True,0.10725762748734269,-0.21384470842527181,-0.12103957999565651,2.3588694567508872
916,2023-2024,2023-12-10,Everton,Chelsea,Everton,Chelsea,1474.764188317615,1497.6409012959241,1483.6997420020996,1488.7053476114395,continuing,continuing,1.0451635495803091,0.99847700187732047,0.80297376783430363,0.80746178970592253,1.2365625403041867,1.0153037930773057,0.099309872880644953,760,True,True,True,-31.64104570310883,-0.0044880218716188969,0.22125874722688099,2.0436405514576297
917,2023-2024,2023-12-10,Fulham,West Ham,Fulham,West Ham,1492.1382998439608,1504.2314736131609,1500.7681033178537,1495.601670139268,continuing,continuing,1.6965138655058281,1.08897878061882,1.107870039308908,1.0050771574749329,1.0834777932419379,1.1944877684373445,0.099309872880644953,760,True,True,True,26.548951301421084,0.10279288183397517,-0.11100997519540656,2.7854926461246481
918,2023-2024,2023-12-10,Luton Town,Manchester City,Luton Town,Manchester City,1444.5608444391587,1655.6612966735754,1438.6549432043025,1661.5671979084316,new_to_dataset,continuing,0.80593089134140405,1.7694384347723142,1,1.7694384347723142,1,0.62865288617401194,0.099309872880644953,760,True,False,True,-148.64313811718307,-0.76943843477231422,0.37134711382598806,2.5753693261137185
919,2023-2024,2023-12-10,Tottenham,Newcastle,Tottenham,Newcastle,1555.0512165849962,1579.5471475173338,1564.0328695896276,1570.5654945127023,continuing,continuing,1.5164414371839385,1.913069619728357,1.4594442806321595,1.3706922306806504,1.3956959679988672,0.81049667094034683,0.099309872880644953,760,True,True,True,-42.086203825939037,0.088752049951509093,0.58519929705852036,3.4295110569122955
920,2023-2024,2023-12-15,Nottingham,Tottenham,Nottingham,Tottenham,1445.4739096622968,1564.0328695896276,1437.1435911987169,1572.3631880532075,continuing,continuing,1.6573259373603402,1.9603927450314538,0.92625425161845754,1.4594442806321595,1.3432460362120218,1.3956959679988672,0.099309872880644953,760,True,True,True,-60.824936768273574,-0.53319002901370194,-0.052449931786845427,3.6177186823917937
921,2023-2024,2023-12-16,Burnley,Everton,Burnley,Everton,1425.5262850344266,1483.6997420020996,1415.4737133842816,1493.7523136522445,returning_after_absence,continuing,1.0815581004213171,0.89392316736901523,0.68225523919531827,0.80297376783430363,1.1132657169860116,1.2365625403041867,0.099309872880644953,760,True,True,True,45.003521463406059,-0.12071852863898536,-0.12329682331817504,1.9754812677903324
922,2023-2024,2023-12-16,Chelsea,Sheffield United,Chelsea,Sheffield United,1488.7053476114395,1427.3784583783327,1495.348628033981,1420.7351779557912,continuing,new_to_dataset,1.0351633058782916,1.0153037930773057,0.80746178970592253,1,1.0153037930773057,1,0.099309872880644953,760,True,True,False,-13.362475760297229,-0.19253821029407747,0.015303793077305672,2.0504670989555973
923,2023-2024,2023-12-16,Manchester City,Crystal Palace,Manchester City,Crystal Palace,1661.5671979084316,1459.6203834748128,1655.1922407009038,1465.9953406823406,continuing,continuing,2.2079861687154612,0.54611483599599053,1.7694384347723142,0.8687064801684935,0.62865288617401194,0.97336113882365016,0.099309872880644953,760,True,True,True,160.59232935349269,0.90073195460382072,-0.34470825264963822,2.7541010047114516
924,2023-2024,2023-12-16,Newcastle,Fulham,Newcastle,Fulham,1570.5654945127023,1500.7681033178537,1576.9942428605652,1494.3393549699908,continuing,continuing,1.9039119270034726,0.89792497869442112,1.3706922306806504,1.107870039308908,0.81049667094034683,1.0834777932419379,0.099309872880644953,760,True,True,True,75.013626213436737,0.26282219137174234,-0.27298112230159111,2.8018369056978938
925,2023-2024,2023-12-17,Arsenal,Brighton,Arsenal,Brighton,1639.4856244692696,1543.7705086607111,1645.2815723139395,1537.9745608160413,continuing,continuing,2.5362587461023867,1.4943187633012105,1.7181252821118,1.4697951706153569,1.0166850410017243,1.1514679129719478,0.099309872880644953,760,True,True,True,64.693003657844656,0.24833011149644313,-0.13478287197022354,4.0305775094035976
926,2023-2024,2023-12-17,Brentford,Aston Villa,Brentford,Aston Villa,1506.4918472953711,1601.7875167224136,1497.5042579084345,1610.7751061093502,continuing,continuing,1.1894089065877733,0.90725269487838478,1.12783714180076,1.0962305205033938,0.82761123496340028,0.8226174252812386,0.099309872880644953,760,True,True,True,-1.9399466368354297,0.031606621297366244,0.0049938096821616762,2.0966616014661579
927,2023-2024,2023-12-17,Liverpool,Manchester Utd,Liverpool,Manchester Utd,1648.2883787332196,1566.1754852998583,1644.411859013456,1570.0520050196219,continuing,continuing,1.7207521381236264,1.1120910297027859,1.6008525791430823,1.1387780743347431,0.97656519278565546,0.83845563722483618,0.099309872880644953,760,True,True,True,17.736283505747451,0.46207450480833923,0.13810955556081927,2.8328431678264123
928,2023-2024,2023-12-17,West Ham,Wolves,West Ham,Wolves,1495.601670139268,1473.8195790610521,1503.2903240495943,1466.1309251507257,continuing,continuing,1.5748197953380998,0.85096448546229642,1.0050771574749329,0.71240954319318572,1.1944877684373445,1.2222064562163653,0.099309872880644953,760,True,True,True,1.2413054518674471,0.29266761428174715,-0.027718687779020756,2.4257842808003964
929,2023-2024,2023-12-21,Crystal Palace,Brighton,Crystal Palace,Brighton,1465.9953406823406,1537.9745608160413,1466.3399937900394,1537.6299077083424,continuing,continuing,1.2823653962038564,1.430641501107665,0.8687064801684935,1.4697951706153569,0.97336113882365016,1.1514679129719478,0.099309872880644953,760,True,True,True,-45.911719716074458,-0.60108869044686342,-0.17810677414829768,2.7130068973115211
930,2023-2024,2023-12-22,Aston Villa,Sheffield United,Aston Villa,Sheffield United,1610.7751061093502,1420.7351779557912,1604.6080404643931,1426.9022436007483,continuing,new_to_dataset,1.4053638501238048,0.8226174252812386,1.0962305205033938,1,0.8226174252812386,1,0.099309872880644953,760,True,True,False,37.975209240371896,0.096230520503393757,-0.1773825747187614,2.2279812754050434
931,2023-2024,2023-12-23,Fulham,Burnley,Fulham,Burnley,1494.3393549699908,1415.4737133842816,1480.5425400041747,1429.2705283500977,continuing,returning_after_absence,1.5811553494012391,0.73920840099109397,1.107870039308908,0.68225523919531827,1.0834777932419379,1.1132657169860116,0.099309872880644953,760,True,True,True,-3.0790828259025602,0.42561480011358976,-0.029787923744073685,2.3203637503923331
932,2023-2024,2023-12-23,Liverpool,Arsenal,Liverpool,Arsenal,1644.411859013456,1645.2815723139395,1642.726196207753,1646.9672351196425,continuing,continuing,2.0865301399755469,1.6778613473554187,1.6008525791430823,1.7181252821118,0.97656519278565546,1.0166850410017243,0.099309872880644953,760,True,True,True,-6.0434496196112377,-0.11727270296871772,-0.040119848216068843,3.7643914873309656
933,2023-2024,2023-12-23,Luton Town,Newcastle,Luton Town,Newcastle,1438.6549432043025,1576.9942428605652,1450.8722793387881,1564.7769067260797,new_to_dataset,continuing,1.0390540134407122,1.3706922306806504,1,1.3706922306806504,1,0.81049667094034683,0.099309872880644953,760,True,False,True,-71.934543387534177,-0.37069223068065038,0.18950332905965317,2.4097462441213624
934,2023-2024,2023-12-23,Nottingham,Bournemouth,Nottingham,Bournemouth,1437.1435911987169,1474.9371468608581,1426.5053072805822,1485.5754307789928,continuing,continuing,1.6110636220776338,0.99421895923710479,0.92625425161845754,0.74016146888534307,1.3432460362120218,1.3567367473321075,0.099309872880644953,760,True,True,True,12.347103713710112,0.18609278273311447,-0.013490711120085708,2.6052825813147384
935,2023-2024,2023-12-23,Tottenham,Everton,Tottenham,Everton,1572.3631880532075,1493.7523136522445,1578.5726505425255,1487.5428511629266,continuing,continuing,2.3136118173207363,1.120707250175196,1.4594442806321595,0.80297376783430363,1.3956959679988672,1.2365625403041867,0.099309872880644953,760,True,True,True,74.851861025001199,0.65647051279785584,0.15913342769468053,3.4343190674959323
936,2023-2024,2023-12-23,West Ham,Manchester Utd,West Ham,Manchester Utd,1503.2903240495943,1570.0520050196219,1513.484916305048,1559.8574127641682,continuing,continuing,1.0803547373674987,1.3602564807574837,1.0050771574749329,1.1387780743347431,1.1944877684373445,0.83845563722483618,0.099309872880644953,760,True,True,True,-104.50383313957445,-0.13370091685981023,0.35603213121250832,2.4406112181249826
937,2023-2024,2023-12-24,Wolves,Chelsea,Wolves,Chelsea,1466.1309251507257,1495.348628033981,1475.2472504067475,1486.2323027779591,continuing,continuing,0.92728370059571374,0.98688501252659955,0.71240954319318572,0.80746178970592253,1.2222064562163653,1.0153037930773057,0.099309872880644953,760,True,True,True,-17.506863818893862,-0.095052246512736804,0.20690266313905958,1.9141687131223133
938,2023-2024,2023-12-26,Bournemouth,Fulham,Bournemouth,Fulham,1485.5754307789928,1480.5425400041747,1493.7251918869349,1472.3927788962326,continuing,continuing,1.0280953061355289,1.5030879935986619,0.74016146888534307,1.107870039308908,1.3567367473321075,1.0834777932419379,0.099309872880644953,760,True,True,True,-40.244618094485986,-0.36770857042356497,0.27325895409016954,2.5311832997341908
939,2023-2024,2023-12-26,Burnley,Liverpool,Burnley,Liverpool,1429.2705283500977,1642.726196207753,1423.4208961662357,1648.575828391615,returning_after_absence,continuing,0.85415169910210065,1.7821742943086294,0.68225523919531827,1.6008525791430823,1.1132657169860116,0.97656519278565546,0.099309872880644953,760,True,True,True,-92.61208251799826,-0.91859733994776405,0.13670052420035617,2.6363259934107299
940,2023-2024,2023-12-26,Manchester Utd,Aston Villa,Manchester Utd,Aston Villa,1559.8574127641682,1604.6080404643931,1569.4187821763869,1595.0466710521744,continuing,continuing,1.2009471350429188,0.91914065961398683,1.1387780743347431,1.0962305205033938,0.83845563722483618,0.8226174252812386,0.099309872880644953,760,True,True,True,36.900589771878913,0.042547553831349338,0.01583821194359758,2.1200877946569054
941,2023-2024,2023-12-26,Newcastle,Nottingham,Newcastle,Nottingham,1564.7769067260797,1426.5053072805822,1549.6183838561433,1441.6638301505186,continuing,continuing,2.3603826171572861,0.75072598738110219,1.3706922306806504,0.92625425161845754,0.81049667094034683,1.3432460362120218,0.099309872880644953,760,True,True,True,102.91114059421261,0.44443797906219284,-0.53274936527167494,3.1111086045383884
942,2023-2024,2023-12-26,Sheffield United,Luton Town,Sheffield United,Luton Town,1426.9022436007483,1450.8722793387881,1415.868919414929,1461.9056035246074,new_to_dataset,new_to_dataset,1.2819966456311176,1,1,1,1,1,0.099309872880644953,760,True,False,False,0,0,0,2.2819966456311178
943,2023-2024,2023-12-27,Brentford,Wolves,Brentford,Wolves,1497.5042579084345,1475.2472504067475,1485.1799769721774,1487.5715313430046,continuing,continuing,1.7671680662682636,0.58959814184182424,1.12783714180076,0.71240954319318572,0.82761123496340028,1.2222064562163653,0.099309872880644953,760,True,True,True,66.904602182727558,0.41542759860757428,-0.39459522125296498,2.3567662081100877
944,2023-2024,2023-12-27,Chelsea,Crystal Palace,Chelsea,Crystal Palace,1486.2323027779591,1466.3399937900394,1493.9725074789696,1458.5997890890289,continuing,continuing,1.0075877342781485,0.88200098438590668,0.80746178970592253,0.8687064801684935,1.0153037930773057,0.97336113882365016,0.099309872880644953,760,True,True,True,-1.4132845239876133,-0.061244690462570972,0.041942654253655509,1.8895887186640552
945,2023-2024,2023-12-27,Everton,Manchester City,Everton,Manchester City,1487.5428511629266,1655.1922407009038,1480.5457651153029,1662.1893267485275,continuing,continuing,0.64714136443446602,2.188021285813917,0.80297376783430363,1.7694384347723142,1.2365625403041867,0.62865288617401194,0.099309872880644953,760,True,True,True,-193.64665958058913,-0.96646466693801059,0.60790965413017473,2.8351626502483831
946,2023-2024,2023-12-28,Arsenal,West Ham,Arsenal,West Ham,1646.9672351196425,1513.484916305048,1631.9105953813435,1528.5415560433471,continuing,continuing,2.6310156068459576,1.0218469110572985,1.7181252821118,1.0050771574749329,1.0166850410017243,1.1944877684373445,0.099309872880644953,760,True,True,True,128.28356626493314,0.71304812463686718,-0.1778027274356202,3.6528625179032561
947,2023-2024,2023-12-28,Brighton,Tottenham,Brighton,Tottenham,1537.6299077083424,1578.5726505425255,1547.0819451879981,1569.1206130628698,continuing,continuing,2.6298715008448945,1.6805032599183585,1.4697951706153569,1.4594442806321595,1.1514679129719478,1.3956959679988672,0.099309872880644953,760,True,True,True,4.1141889181697024,0.010350889983197442,-0.24422805502691936,4.3103747607632528
948,2023-2024,2023-12-30,Aston Villa,Burnley,Aston Villa,Burnley,1595.0466710521744,1423.4208961662357,1599.2188026119914,1419.2487646064187,continuing,returning_after_absence,1.5645433942342994,0.56123504825148829,1.0962305205033938,0.68225523919531827,0.8226174252812386,1.1132657169860116,0.099309872880644953,760,True,True,True,37.975209240371896,0.41397528130807548,-0.29064829170477302,2.125778442485788
949,2023-2024,2023-12-30,Crystal Palace,Brentford,Crystal Palace,Brentford,1458.5997890890289,1485.1799769721774,1467.6408452960795,1476.1389207651268,continuing,continuing,0.92169308173545195,1.0977928447507983,0.8687064801684935,1.12783714180076,0.97336113882365016,0.82761123496340028,0.099309872880644953,760,True,True,True,-47.984453839846083,-0.2591306616322665,0.14574990386024989,2.0194859264862504
950,2023-2024,2023-12-30,Luton Town,Chelsea,Luton Town,Chelsea,1461.9056035246074,1493.9725074789696,1451.1033521855259,1504.7747588180512,new_to_dataset,continuing,1.3016160570216562,0.80746178970592253,1,0.80746178970592253,1,1.0153037930773057,0.099309872880644953,760,True,False,True,13.362475760297229,0.19253821029407747,-0.015303793077305672,2.1090778467275788
951,2023-2024,2023-12-30,Manchester City,Sheffield United,Manchester City,Sheffield United,1662.1893267485275,1415.868919414929,1665.1168221412674,1412.941424022189,continuing,new_to_dataset,2.268414138028882,0.62865288617401194,1.7694384347723142,1,0.62865288617401194,1,0.099309872880644953,760,True,True,False,148.64313811718307,0.76943843477231422,-0.37134711382598806,2.8970670242028937
952,2023-2024,2023-12-30,Nottingham,Manchester Utd,Nottingham,Manchester Utd,1441.6638301505186,1569.4187821763869,1453.5896230672988,1557.4929892596067,continuing,continuing,0.99562820754658854,1.5296591344753028,0.92625425161845754,1.1387780743347431,1.3432460362120218,0.83845563722483618,0.099309872880644953,760,True,True,True,-105.85239621892924,-0.21252382271628556,0.50479039898718558,2.5252873420218913
953,2023-2024,2023-12-30,Wolves,Everton,Wolves,Everton,1487.5715313430046,1480.5457651153029,1495.6659558577619,1472.4513406005456,continuing,continuing,1.1293607846336458,0.98139972321946667,0.71240954319318572,0.80297376783430363,1.2222064562163653,1.2365625403041867,0.099309872880644953,760,True,True,True,14.134181884214968,-0.090564224641117907,-0.014356084087821408,2.1107605078531124
954,2023-2024,2023-12-31,Fulham,Arsenal,Fulham,Arsenal,1472.3927788962326,1631.9105953813435,1485.1812846430373,1619.1220896345387,continuing,continuing,1.4439831988972434,1.8615505891756752,1.107870039308908,1.7181252821118,1.0834777932419379,1.0166850410017243,0.099309872880644953,760,True,True,True,-101.73461496351206,-0.61025524280289201,0.066792752240213638,3.3055337880729185
955,2023-2024,2023-12-31,Tottenham,Bournemouth,Tottenham,Bournemouth,1569.1206130628698,1493.7251918869349,1575.4096029683853,1487.4362019814193,continuing,continuing,2.5384580798062162,1.0330403777913924,1.4594442806321595,0.74016146888534307,1.3956959679988672,1.3567367473321075,0.099309872880644953,760,True,True,True,73.172040481983686,0.71928281174681641,0.03895922066675972,3.5714984575976088
956,2023-2024,2024-01-01,Liverpool,Newcastle,Liverpool,Newcastle,1648.575828391615,1549.6183838561433,1654.2952506996519,1543.8989615481064,continuing,continuing,1.6633722972855352,1.3385703225044494,1.6008525791430823,1.3706922306806504,0.97656519278565546,0.81049667094034683,0.099309872880644953,760,True,True,True,20.677539130464083,0.23016034846243194,0.16606852184530863,3.0019426197899843
957,2023-2024,2024-01-02,West Ham,Brighton,West Ham,Brighton,1528.5415560433471,1547.0819451879981,1527.3538845499731,1548.2696166813721,continuing,continuing,1.4836727901589948,1.7556523534083237,1.0050771574749329,1.4697951706153569,1.1944877684373445,1.1514679129719478,0.099309872880644953,760,True,True,True,-63.590562607088486,-0.46471801314042405,0.043019855465396661,3.2393251435673185
958,2023-2024,2024-01-12,Burnley,Luton Town,Burnley,Luton Town,1419.2487646064187,1451.1033521855259,1418.4404419397897,1451.9116748521549,returning_after_absence,new_to_dataset,0.87464892811265382,1.1132657169860116,0.68225523919531827,1,1.1132657169860116,1,0.099309872880644953,760,True,True,False,0,-0.31774476080468173,0.11326571698601162,1.9879146450986656
959,2023-2024,2024-01-13,Chelsea,Fulham,Chelsea,Fulham,1504.7747588180512,1485.1812846430373,1512.5231270279635,1477.432916433125,continuing,continuing,1.1215764542980406,1.1248246531470381,0.80746178970592253,1.107870039308908,1.0153037930773057,1.0834777932419379,0.099309872880644953,760,True,True,True,-10.283392934394669,-0.30040824960298551,-0.068174000164632265,2.2464011074450787
960,2023-2024,2024-01-13,Newcastle,Manchester City,Newcastle,Manchester City,1543.8989615481064,1665.1168221412674,1535.642942495442,1673.3728411939319,continuing,continuing,1.104683211227194,1.4341239608168588,1.3706922306806504,1.7694384347723142,0.81049667094034683,0.62865288617401194,0.099309872880644953,760,True,True,True,-76.708594729648894,-0.39874620409166384,0.18184378476633489,2.538807172044053
961,2023-2024,2024-01-14,Everton,Aston Villa,Everton,Aston Villa,1472.4513406005456,1599.2188026119914,1474.3497504452398,1597.3203927672971,continuing,continuing,0.84681033796560501,1.3555575971926574,0.80297376783430363,1.0962305205033938,1.2365625403041867,0.8226174252812386,0.099309872880644953,760,True,True,True,-82.978730703777956,-0.29325675266909013,0.41394511502294806,2.2023679351582626
962,2023-2024,2024-01-14,Manchester Utd,Tottenham,Manchester Utd,Tottenham,1557.4929892596067,1575.4096029683853,1556.287621106829,1576.6149711211631,continuing,continuing,2.0375900420370305,1.22367928431158,1.1387780743347431,1.4594442806321595,0.83845563722483618,1.3956959679988672,0.099309872880644953,760,True,True,True,45.02745945065567,-0.32066620629741638,-0.55724033077403101,3.2612693263486108
963,2023-2024,2024-01-20,Arsenal,Crystal Palace,Arsenal,Crystal Palace,1619.1220896345387,1467.6408452960795,1623.6900328932438,1463.0729020373744,continuing,continuing,2.1439552710469707,0.88320088340856839,1.7181252821118,0.8687064801684935,1.0166850410017243,0.97336113882365016,0.099309872880644953,760,True,True,True,110.60472337391911,0.84941880194330655,0.043323902178074136,3.0271561544555392
964,2023-2024,2024-01-20,Brentford,Nottingham,Brentford,Nottingham,1476.1389207651268,1453.5896230672988,1483.8066830810051,1445.9218607514206,continuing,continuing,1.9421771896736644,0.76657842507205176,1.12783714180076,0.92625425161845754,0.82761123496340028,1.3432460362120218,0.099309872880644953,760,True,True,True,67.011859810214901,0.20158289018230247,-0.51563480124862149,2.7087556147457161
965,2023-2024,2024-01-21,Bournemouth,Liverpool,Bournemouth,Liverpool,1487.4362019814193,1654.2952506996519,1480.418405269194,1661.3130474118773,continuing,continuing,0.92664759453365098,2.1719355211848006,0.74016146888534307,1.6008525791430823,1.3567367473321075,0.97656519278565546,0.099309872880644953,760,True,True,True,-135.93578343838681,-0.86069111025773926,0.38017155454645202,3.0985831157184514
966,2023-2024,2024-01-21,Sheffield United,West Ham,Sheffield United,West Ham,1412.941424022189,1527.3538845499731,1414.4948607578071,1525.800447814355,new_to_dataset,continuing,1.5313293123840748,1.0050771574749329,1,1.0050771574749329,1,1.1944877684373445,0.099309872880644953,760,True,False,True,29.628034127323644,-0.0050771574749328696,-0.1944877684373445,2.5364064698590076
967,2023-2024,2024-01-22,Brighton,Wolves,Brighton,Wolves,1548.2696166813721,1495.6659558577619,1545.1375277516265,1498.7980447875075,continuing,continuing,2.3029699884858168,0.82031672988195625,1.4697951706153569,0.71240954319318572,1.1514679129719478,1.2222064562163653,0.099309872880644953,760,True,True,True,64.831868058955934,0.75738562742217119,-0.070738543244417418,3.1232867183677731
968,2023-2024,2024-01-30,Aston Villa,Newcastle,Aston Villa,Newcastle,1597.3203927672971,1535.642942495442,1583.954723159085,1549.0086121036541,continuing,continuing,1.1390427219852524,1.1275553136555141,1.0962305205033938,1.3706922306806504,0.8226174252812386,0.81049667094034683,0.099309872880644953,760,True,True,True,-33.959334147162281,-0.27446171017725662,0.012120754340891771,2.2665980356407665
969,2023-2024,2024-01-30,Crystal Palace,Sheffield United,Crystal Palace,Sheffield United,1463.0729020373744,1414.4948607578071,1470.0456891630322,1407.5220736321494,continuing,new_to_dataset,1.1136787936140236,0.97336113882365016,0.8687064801684935,1,0.97336113882365016,1,0.099309872880644953,760,True,True,False,-11.949191236309616,-0.1312935198315065,-0.026638861176349837,2.0870399324376736
970,2023-2024,2024-01-30,Fulham,Everton,Fulham,Everton,1477.432916433125,1474.3497504452398,1475.63692977196,1476.1457371064048,continuing,continuing,1.7562720612330842,0.87000424600427551,1.107870039308908,0.80297376783430363,1.0834777932419379,1.2365625403041867,0.099309872880644953,760,True,True,True,41.924438637503499,0.30489627147460441,-0.15308474706224873,2.6262763072373598
971,2023-2024,2024-01-30,Luton Town,Brighton,Luton Town,Brighton,1451.9116748521549,1545.1375277516265,1462.8650870905683,1534.1841155132131,new_to_dataset,continuing,1.4761780019819009,1.4697951706153569,1,1.4697951706153569,1,1.1514679129719478,0.099309872880644953,760,True,False,True,-33.962528479764842,-0.46979517061535692,-0.15146791297194784,2.9459731725972578
972,2023-2024,2024-01-30,Nottingham,Arsenal,Nottingham,Arsenal,1445.9218607514206,1623.6900328932438,1439.1873830051591,1630.4245106395053,continuing,continuing,1.2072675763291925,2.307864974912337,0.92625425161845754,1.7181252821118,1.3432460362120218,1.0166850410017243,0.099309872880644953,760,True,True,True,-129.63212934428793,-0.79187103049334251,0.32656099521029747,3.5151325512415292
973,2023-2024,2024-01-31,Liverpool,Chelsea,Liverpool,Chelsea,1661.3130474118773,1512.5231270279635,1665.9358257846491,1507.9003486551917,continuing,continuing,2.0836954219371675,0.78853907833121462,1.6008525791430823,0.80746178970592253,0.97656519278565546,1.0153037930773057,0.099309872880644953,760,True,True,True,105.97455827829549,0.79339078943715979,-0.038738600291650216,2.872234500268382
974,2023-2024,2024-01-31,Manchester City,Burnley,Manchester City,Burnley,1673.3728411939319,1418.4404419397897,1676.1786093408102,1415.6346737929114,continuing,returning_after_absence,2.5253476917939288,0.42890172522747771,1.7694384347723142,0.68225523919531827,0.62865288617401194,1.1132657169860116,0.099309872880644953,760,True,True,True,148.64313811718307,1.0871831955769959,-0.48461283081199968,2.9542494170214066
975,2023-2024,2024-01-31,Tottenham,Brentford,Tottenham,Brentford,1576.6149711211631,1483.8066830810051,1582.4800386603147,1477.9416155418535,continuing,continuing,1.5484628322055671,1.5741177513706874,1.4594442806321595,1.12783714180076,1.3956959679988672,0.82761123496340028,0.099309872880644953,760,True,True,True,-6.186923041941327,0.33160713883139947,0.56808473303546692,3.1225805835762546
976,2023-2024,2024-02-01,West Ham,Bournemouth,West Ham,Bournemouth,1525.800447814355,1480.418405269194,1522.8570243227962,1483.3618287607528,continuing,continuing,1.7481628213416891,0.88411382125216043,1.0050771574749329,0.74016146888534307,1.1944877684373445,1.3567367473321075,0.099309872880644953,760,True,True,True,13.695666793064902,0.2649156885895898,-0.16224897889476297,2.6322766425938493
977,2023-2024,2024-02-01,Wolves,Manchester Utd,Wolves,Manchester Utd,1498.7980447875075,1556.287621106829,1488.7257902431463,1566.3598756511901,continuing,continuing,0.76576710475461118,1.391821914649563,0.71240954319318572,1.1387780743347431,1.2222064562163653,0.83845563722483618,0.099309872880644953,760,True,True,True,-105.7451385914419,-0.42636853114155737,0.38375081899152907,2.157589019404174
978,2023-2024,2024-02-03,Brighton,Crystal Palace,Brighton,Crystal Palace,1534.1841155132131,1470.0456891630322,1540.7557874700194,1463.4740172062259,continuing,continuing,1.8340776055206933,1.000287637704822,1.4697951706153569,0.8687064801684935,1.1514679129719478,0.97336113882365016,0.099309872880644953,760,True,True,True,45.911719716074458,0.60108869044686342,0.17810677414829768,2.8343652432255153
979,2023-2024,2024-02-03,Burnley,Fulham,Burnley,Fulham,1415.6346737929114,1475.63692977196,1415.6347387252079,1475.6368648396635,returning_after_absence,continuing,0.94766269049292462,1.2333537336385525,0.68225523919531827,1.107870039308908,1.1132657169860116,1.0834777932419379,0.099309872880644953,760,True,True,True,3.0790828259025602,-0.42561480011358976,0.029787923744073685,2.1810164241314771
980,2023-2024,2024-02-03,Everton,Tottenham,Everton,Tottenham,1476.1457371064048,1582.4800386603147,1477.4714952239412,1581.1542805427782,continuing,continuing,1.4367429354590751,1.8046941270909194,0.80297376783430363,1.4594442806321595,1.2365625403041867,1.3956959679988672,0.099309872880644953,760,True,True,True,-74.851861025001199,-0.65647051279785584,-0.15913342769468053,3.2414370625499944
981,2023-2024,2024-02-03,Newcastle,Luton Town,Newcastle,Luton Town,1549.0086121036541,1462.8650870905683,1545.0339606288417,1466.8397385653807,continuing,new_to_dataset,1.7572228419252278,0.81049667094034683,1.3706922306806504,1,0.81049667094034683,1,0.099309872880644953,760,True,True,False,71.934543387534177,0.37069223068065038,-0.18950332905965317,2.5677195128655748
982,2023-2024,2024-02-03,Sheffield United,Aston Villa,Sheffield United,Aston Villa,1407.5220736321494,1583.954723159085,1400.7532125055798,1590.7235842856546,new_to_dataset,continuing,1.0545927798482544,1.0962305205033938,1,1.0962305205033938,1,0.8226174252812386,0.099309872880644953,760,True,False,True,-37.975209240371896,-0.096230520503393757,0.1773825747187614,2.1508233003516484
983,2023-2024,2024-02-04,Arsenal,Liverpool,Arsenal,Liverpool,1630.4245106395053,1665.9358257846491,1639.720834534688,1656.6395018894664,continuing,continuing,2.1510126191437542,1.6275628700638007,1.7181252821118,1.6008525791430823,1.0166850410017243,0.97656519278565546,0.099309872880644953,760,True,True,True,6.0434496196112377,0.11727270296871772,0.040119848216068843,3.7785754892075549
984,2023-2024,2024-02-04,Bournemouth,Nottingham,Bournemouth,Nottingham,1483.3618287607528,1439.1873830051591,1480.450183788106,1442.0990279778059,continuing,continuing,1.2745853707648291,1.2566831805433616,0.74016146888534307,0.92625425161845754,1.3567367473321075,1.3432460362120218,0.099309872880644953,760,True,True,True,-12.347103713710112,-0.18609278273311447,0.013490711120085708,2.531268551308191
985,2023-2024,2024-02-04,Chelsea,Wolves,Chelsea,Wolves,1507.9003486551917,1488.7257902431463,1495.6601660429544,1500.9659728553836,continuing,continuing,1.2651832756827242,0.72331211142851215,0.80746178970592253,0.71240954319318572,1.0153037930773057,1.2222064562163653,0.099309872880644953,760,True,True,True,17.506863818893862,0.095052246512736804,-0.20690266313905958,1.9884953871112363
986,2023-2024,2024-02-04,Manchester Utd,West Ham,Manchester Utd,West Ham,1566.3598756511901,1522.8570243227962,1573.4659319222346,1515.7509680517517,continuing,continuing,1.743844245529083,0.8427126085307719,1.1387780743347431,1.0050771574749329,0.83845563722483618,1.1944877684373445,0.099309872880644953,760,True,True,True,104.50383313957445,0.13370091685981023,-0.35603213121250832,2.5865568540598547
987,2023-2024,2024-02-05,Brentford,Manchester City,Brentford,Manchester City,1477.9416155418535,1676.1786093408102,1471.7229343276122,1682.3972905550515,continuing,continuing,0.90895879297942805,1.4644071281936211,1.12783714180076,1.7694384347723142,0.82761123496340028,0.62865288617401194,0.099309872880644953,760,True,True,True,-112.6078755136466,-0.64160129297155422,0.19895834878938834,2.3733659211730491
988,2023-2024,2024-02-10,Fulham,Bournemouth,Fulham,Bournemouth,1475.6368648396635,1480.450183788106,1484.061689553623,1472.0253590741465,continuing,continuing,1.9269537658818912,0.80194851495060282,1.107870039308908,0.74016146888534307,1.0834777932419379,1.3567367473321075,0.099309872880644953,760,True,True,True,40.244618094485986,0.36770857042356497,-0.27325895409016954,2.7289022808324939
989,2023-2024,2024-02-10,Liverpool,Burnley,Liverpool,Burnley,1656.6395018894664,1415.6347387252079,1659.6442948415863,1412.6299457730879,continuing,returning_after_absence,2.2847414672336672,0.66626671919379943,1.6008525791430823,0.68225523919531827,0.97656519278565546,1.1132657169860116,0.099309872880644953,760,True,True,True,92.61208251799826,0.91859733994776405,-0.13670052420035617,2.9510081864274667
990,2023-2024,2024-02-10,Luton Town,Sheffield United,Luton Town,Sheffield United,1466.8397385653807,1400.7532125055798,1453.3620254014352,1414.2309256695253,new_to_dataset,new_to_dataset,1.2819966456311176,1,1,1,1,1,0.099309872880644953,760,True,False,False,0,0,0,2.2819966456311178
991,2023-2024,2024-02-10,Manchester City,Everton,Manchester City,Everton,1682.3972905550515,1477.4714952239412,1685.9717149081091,1473.8970708708837,continuing,continuing,2.8050359489829262,0.50479177667105601,1.7694384347723142,0.80297376783430363,0.62865288617401194,1.2365625403041867,0.099309872880644953,760,True,True,True,193.64665958058913,0.96646466693801059,-0.60790965413017473,3.3098277256539821
992,2023-2024,2024-02-10,Nottingham,Newcastle,Nottingham,Newcastle,1442.0990279778059,1545.0339606288417,1433.3285423219761,1553.8044462846715,continuing,continuing,0.96242819761068177,1.8411769057283978,0.92625425161845754,1.3706922306806504,1.3432460362120218,0.81049667094034683,0.099309872880644953,760,True,True,True,-102.91114059421261,-0.44443797906219284,0.53274936527167494,2.8036051033390796
993,2023-2024,2024-02-10,Tottenham,Brighton,Tottenham,Brighton,1581.1542805427782,1540.7557874700194,1588.3424144416942,1533.5676535711034,continuing,continuing,2.1543995421874937,2.0513871934120607,1.4594442806321595,1.4697951706153569,1.3956959679988672,1.1514679129719478,0.099309872880644953,760,True,True,True,-4.1141889181697024,-0.010350889983197442,0.24422805502691936,4.2057867355995544
994,2023-2024,2024-02-10,Wolves,Brentford,Wolves,Brentford,1500.9659728553836,1471.7229343276122,1488.4523905908422,1484.2365165921535,continuing,continuing,0.75586284011155858,1.378449836269501,0.71240954319318572,1.12783714180076,1.2222064562163653,0.82761123496340028,0.099309872880644953,760,True,True,True,-66.904602182727558,-0.41542759860757428,0.39459522125296498,2.1343126763810596
995,2023-2024,2024-02-11,Aston Villa,Manchester Utd,Aston Villa,Manchester Utd,1590.7235842856546,1573.4659319222346,1578.5358701705768,1585.6536460373125,continuing,continuing,1.178335242488304,0.93677868747597326,1.0962305205033938,1.1387780743347431,0.8226174252812386,0.83845563722483618,0.099309872880644953,760,True,True,True,-36.900589771878913,-0.042547553831349338,-0.01583821194359758,2.1151139299642772
996,2023-2024,2024-02-11,West Ham,Arsenal,West Ham,Arsenal,1515.7509680517517,1639.720834534688,1507.5716414290707,1647.900161157369,continuing,continuing,1.3100043123239757,2.0522796341255072,1.0050771574749329,1.7181252821118,1.1944877684373445,1.0166850410017243,0.099309872880644953,760,True,True,True,-128.28356626493314,-0.71304812463686718,0.1778027274356202,3.3622839464494829
997,2023-2024,2024-02-12,Crystal Palace,Chelsea,Crystal Palace,Chelsea,1463.4740172062259,1495.6601660429544,1452.67517601499,1506.4590072341903,continuing,continuing,1.130722303426076,0.7859519271847395,0.8687064801684935,0.80746178970592253,0.97336113882365016,1.0153037930773057,0.099309872880644953,760,True,True,True,1.4132845239876133,0.061244690462570972,-0.041942654253655509,1.9166742306108155
998,2023-2024,2024-02-17,Brentford,Liverpool,Brentford,Liverpool,1484.2365165921535,1659.6442948415863,1477.4412118564187,1666.4395995773211,continuing,continuing,1.4119994331092072,1.3248835800189509,1.12783714180076,1.6008525791430823,0.82761123496340028,0.97656519278565546,0.099309872880644953,760,True,True,True,-56.576819914461794,-0.47301543734232232,-0.14895395782225518,2.7368830131281578
999,2023-2024,2024-02-17,Burnley,Arsenal,Burnley,Arsenal,1412.6299457730879,1647.900161157369,1407.2861850082083,1653.2439219222485,returning_after_absence,continuing,0.88924248134032768,1.9127299740619865,0.68225523919531827,1.7181252821118,1.1132657169860116,1.0166850410017243,0.099309872880644953,760,True,True,True,-98.655532137609498,-1.0358700429164818,0.096580675984287323,2.8019724554023142
1000,2023-2024,2024-02-17,Fulham,Aston Villa,Fulham,Aston Villa,1484.061689553623,1578.5358701705768,1475.0506926071732,1587.5468671170265,continuing,continuing,1.1683517444653762,1.187741425239478,1.107870039308908,1.0962305205033938,1.0834777932419379,0.8226174252812386,0.099309872880644953,760,True,True,True,-41.054292066274456,0.011639518805514282,0.26086036796069934,2.3560931697048542
1001,2023-2024,2024-02-17,Manchester City,Chelsea,Manchester City,Chelsea,1685.9717149081091,1506.4590072341903,1679.9959244494455,1512.4347976928539,continuing,continuing,2.3031294786109107,0.50761318457386129,1.7694384347723142,0.80746178970592253,0.62865288617401194,1.0153037930773057,0.099309872880644953,760,True,True,True,162.0056138774803,0.96197664506639169,-0.38665090690329373,2.8107426631847718
1002,2023-2024,2024-02-17,Newcastle,Bournemouth,Newcastle,Bournemouth,1553.8044462846715,1472.0253590741465,1549.9360935292293,1475.8937118295887,continuing,continuing,2.3840888028913154,0.59989840648988768,1.3706922306806504,0.74016146888534307,0.81049667094034683,1.3567367473321075,0.099309872880644953,760,True,True,True,115.25824430792272,0.63053076179530732,-0.54624007639176064,2.983987209381203
1003,2023-2024,2024-02-17,Nottingham,West Ham,Nottingham,West Ham,1433.3285423219761,1507.5716414290707,1443.7382621707482,1497.1619215802987,continuing,continuing,1.4184002862237186,1.3500659078654496,0.92625425161845754,1.0050771574749329,1.3432460362120218,1.1944877684373445,0.099309872880644953,760,True,True,True,-1.3485630793547898,-0.078822905856475334,0.14875826777467727,2.7684661940891679
1004,2023-2024,2024-02-17,Tottenham,Wolves,Tottenham,Wolves,1588.3424144416942,1488.4523905908422,1574.0399384866539,1502.7548665458826,continuing,continuing,2.2867515456292917,0.9943071269986441,1.4594442806321595,0.71240954319318572,1.3956959679988672,1.2222064562163653,0.099309872880644953,760,True,True,True,60.717679140786231,0.74703473743897375,0.17348951178250194,3.2810586726279358
1005,2023-2024,2024-02-18,Luton Town,Manchester Utd,Luton Town,Manchester Utd,1453.3620254014352,1585.6536460373125,1445.4132290123248,1593.6024424264228,new_to_dataset,continuing,1.0748973144327412,1.1387780743347431,1,1.1387780743347431,1,0.83845563722483618,0.099309872880644953,760,True,False,True,-74.875799012250809,-0.1387780743347431,0.16154436277516382,2.2136753887674843
1006,2023-2024,2024-02-18,Sheffield United,Brighton,Sheffield United,Brighton,1414.2309256695253,1533.5676535711034,1405.9223609164226,1541.8762183242061,new_to_dataset,continuing,1.4761780019819009,1.4697951706153569,1,1.4697951706153569,1,1.1514679129719478,0.099309872880644953,760,True,False,True,-33.962528479764842,-0.46979517061535692,-0.15146791297194784,2.9459731725972578
1007,2023-2024,2024-02-19,Everton,Crystal Palace,Everton,Crystal Palace,1473.8970708708837,1452.67517601499,1471.6009928192984,1454.9712540665753,continuing,continuing,1.0019873754170039,1.0742098918958609,0.80297376783430363,0.8687064801684935,1.2365625403041867,0.97336113882365016,0.099309872880644953,760,True,True,True,-33.054330227096443,-0.065732712334189869,0.2632014014805365,2.0761972673128648
1008,2023-2024,2024-02-20,Manchester City,Brentford,Manchester City,Brentford,1679.9959244494455,1477.4412118564187,1683.6105927878264,1473.8265435180379,continuing,continuing,1.8773650261825203,0.70901807432729613,1.7694384347723142,1.12783714180076,0.62865288617401194,0.82761123496340028,0.099309872880644953,760,True,True,True,112.6078755136466,0.64160129297155422,-0.19895834878938834,2.5863831005098166
1009,2023-2024,2024-02-21,Liverpool,Luton Town,Liverpool,Luton Town,1666.4395995773211,1445.4132290123248,1669.7499965770876,1442.1028320125583,continuing,new_to_dataset,2.0522876366113549,0.97656519278565546,1.6008525791430823,1,0.97656519278565546,1,0.099309872880644953,760,True,True,False,92.61208251799826,0.60085257914308232,-0.023434807214344544,3.0288528293970103
1010,2023-2024,2024-02-24,Arsenal,Newcastle,Arsenal,Newcastle,1653.2439219222485,1549.9360935292293,1658.8616240565939,1544.318391394884,continuing,continuing,1.785224969972222,1.3935622867503019,1.7181252821118,1.3706922306806504,1.0166850410017243,0.81049667094034683,0.099309872880644953,760,True,True,True,26.720988750075321,0.34743305143114966,0.20618837006137747,3.1787872567225239
1011,2023-2024,2024-02-24,Aston Villa,Nottingham,Aston Villa,Nottingham,1587.5468671170265,1443.7382621707482,1592.2723481948387,1439.0127810929359,continuing,continuing,1.8877494211144668,0.76195288762217606,1.0962305205033938,0.92625425161845754,0.8226174252812386,1.3432460362120218,0.099309872880644953,760,True,True,True,68.95180644705033,0.16997626888493622,-0.52062861093078316,2.6497023087366429
1012,2023-2024,2024-02-24,Bournemouth,Manchester City,Bournemouth,Manchester City,1475.8937118295887,1683.6105927878264,1469.9064253295803,1689.5978792878348,continuing,continuing,0.59651899235532746,2.400662146597405,0.74016146888534307,1.7694384347723142,1.3567367473321075,0.62865288617401194,0.099309872880644953,760,True,True,True,-191.96683903757162,-1.0292769658869712,0.72808386115809554,2.9971811389527323
1013,2023-2024,2024-02-24,Brighton,Everton,Brighton,Everton,1541.8762183242061,1471.6009928192984,1538.2929734512002,1475.1842376923044,continuing,continuing,2.3300207626314404,0.92459852861938696,1.4697951706153569,0.80297376783430363,1.1514679129719478,1.2365625403041867,0.099309872880644953,760,True,True,True,78.966049943170901,0.66682140278105329,-0.085094627332238826,3.2546192912508274
1014,2023-2024,2024-02-24,Crystal Palace,Burnley,Crystal Palace,Burnley,1454.9712540665753,1407.2861850082083,1461.9674058080248,1400.2900332667589,continuing,returning_after_absence,1.2398204206648324,0.66408073659155686,0.8687064801684935,0.68225523919531827,0.97336113882365016,1.1132657169860116,0.099309872880644953,760,True,True,True,-11.949191236309616,0.18645124097317523,-0.13990457816236146,1.9039011572563893
1015,2023-2024,2024-02-24,Manchester Utd,Fulham,Manchester Utd,Fulham,1593.6024424264228,1475.0506926071732,1578.8725564391721,1489.780578594424,continuing,continuing,1.5817797091177248,0.92889987977105481,1.1387780743347431,1.107870039308908,0.83845563722483618,1.0834777932419379,0.099309872880644953,760,True,True,True,77.954881838153369,0.030908035025835057,-0.24502215601710176,2.5106795888887796
1016,2023-2024,2024-02-25,Wolves,Sheffield United,Wolves,Sheffield United,1502.7548665458826,1405.9223609164226,1508.524373331556,1400.1528541307491,continuing,new_to_dataset,0.91330664468926093,1.2222064562163653,0.71240954319318572,1,1.2222064562163653,1,0.099309872880644953,760,True,True,False,-30.869339579191092,-0.28759045680681428,0.22220645621636526,2.1355131009056261
1017,2023-2024,2024-02-26,West Ham,Brentford,West Ham,Brentford,1497.1619215802987,1473.8265435180379,1504.8083006649344,1466.1801644334021,continuing,continuing,1.066381664927031,1.3471876706703427,1.0050771574749329,1.12783714180076,1.1944877684373445,0.82761123496340028,0.099309872880644953,760,True,True,True,-65.663296730860111,-0.12275998432582713,0.36687653347394422,2.4135693355973737
1018,2023-2024,2024-03-02,Brentford,Chelsea,Brentford,Chelsea,1466.1801644334021,1512.4347976928539,1465.7847472545282,1512.8302148717278,continuing,continuing,1.4680109334732796,0.66826444896427595,1.12783714180076,0.80746178970592253,0.82761123496340028,1.0153037930773057,0.099309872880644953,760,True,True,True,49.397738363833696,0.32037535209483747,-0.18769255811390539,2.1362753824375558
1019,2023-2024,2024-03-02,Everton,West Ham,Everton,West Ham,1475.1842376923044,1504.8083006649344,1464.3121687943828,1515.680369562856,continuing,continuing,1.2296172677601538,1.242840763048914,0.80297376783430363,1.0050771574749329,1.2365625403041867,1.1944877684373445,0.099309872880644953,760,True,True,True,-15.375487336082415,-0.20210338964062924,0.042074771866842164,2.4724580308090678
1020,2023-2024,2024-03-02,Fulham,Brighton,Fulham,Brighton,1489.780578594424,1538.2929734512002,1499.45005917545,1528.6234928701742,continuing,continuing,1.6354133810826339,1.5924904279759846,1.107870039308908,1.4697951706153569,1.0834777932419379,1.1514679129719478,0.099309872880644953,760,True,True,True,-37.041611305667402,-0.36192513130644888,-0.067990119730009901,3.2279038090586187
1021,2023-2024,2024-03-02,Luton Town,Aston Villa,Luton Town,Aston Villa,1442.1028320125583,1592.2723481948387,1434.6413788610196,1599.7338013463775,new_to_dataset,continuing,1.0545927798482544,1.0962305205033938,1,1.0962305205033938,1,0.8226174252812386,0.099309872880644953,760,True,False,True,-37.975209240371896,-0.096230520503393757,0.1773825747187614,2.1508233003516484
1022,2023-2024,2024-03-02,Newcastle,Wolves,Newcastle,Wolves,1544.318391394884,1508.524373331556,1551.6290236526945,1501.2137410737455,continuing,continuing,2.1476891024118827,0.57740556310421021,1.3706922306806504,0.71240954319318572,0.81049667094034683,1.2222064562163653,0.099309872880644953,760,True,True,True,102.80388296672527,0.65828268748746466,-0.41170978527601843,2.7250946655160928
1023,2023-2024,2024-03-02,Nottingham,Liverpool,Nottingham,Liverpool,1439.0127810929359,1669.7499965770876,1433.5662180923987,1675.1965595776248,continuing,continuing,1.1596270682414707,2.1503388814937372,0.92625425161845754,1.6008525791430823,1.3432460362120218,0.97656519278565546,0.099309872880644953,760,True,True,True,-123.58867972467669,-0.67459832752462479,0.36668084342636631,3.3099659497352079
1024,2023-2024,2024-03-02,Tottenham,Crystal Palace,Tottenham,Crystal Palace,1574.0399384866539,1461.9674058080248,1579.4560900643969,1456.5512542302818,continuing,continuing,1.8211612918091422,1.2124501317456542,1.4594442806321595,0.8687064801684935,1.3956959679988672,0.97336113882365016,0.099309872880644953,760,True,True,True,41.797530797904756,0.59073780046366597,0.42233482917521703,3.0336114235547962
1025,2023-2024,2024-03-03,Burnley,Bournemouth,Burnley,Bournemouth,1400.2900332667589,1469.9064253295803,1390.5667446217483,1479.6297139745909,returning_after_absence,continuing,1.1866683417850763,0.82399638834406097,0.68225523919531827,0.74016146888534307,1.1132657169860116,1.3567367473321075,0.099309872880644953,760,True,True,True,43.323700920388546,-0.057906229690024791,-0.24347103034609585,2.0106647301291374
1026,2023-2024,2024-03-03,Manchester City,Manchester Utd,Manchester City,Manchester Utd,1689.5978792878348,1578.8725564391721,1695.0447136189127,1573.4257221080941,continuing,continuing,1.9019646215908335,0.71589612314221973,1.7694384347723142,1.1387780743347431,0.62865288617401194,0.83845563722483618,0.099309872880644953,760,True,True,True,73.767339104932262,0.63066036043757112,-0.20980275105082424,2.6178607447330533
1027,2023-2024,2024-03-04,Sheffield United,Arsenal,Sheffield United,Arsenal,1400.1528541307491,1658.8616240565939,1395.320605461377,1663.693872725966,new_to_dataset,continuing,1.3033868122275458,1.7181252821118,1,1.7181252821118,1,1.0166850410017243,0.099309872880644953,760,True,False,True,-98.655532137609498,-0.71812528211180005,-0.016685041001724299,3.0215120943393456
1028,2023-2024,2024-03-09,Arsenal,Brentford,Arsenal,Brentford,1663.693872725966,1465.7847472545282,1667.3884118157557,1462.0902081647384,continuing,continuing,1.8229220366470238,1.1466551507549732,1.7181252821118,1.12783714180076,1.0166850410017243,0.82761123496340028,0.099309872880644953,760,True,True,True,62.620269534073032,0.59028814031104004,0.18907380603832402,2.9695771874019972
1029,2023-2024,2024-03-09,Bournemouth,Sheffield United,Bournemouth,Sheffield United,1479.6297139745909,1395.320605461377,1475.6996132598163,1399.2507061761517,continuing,new_to_dataset,0.94888452033641058,1.3567367473321075,0.74016146888534307,1,1.3567367473321075,1,0.099309872880644953,760,True,True,False,-43.323700920388546,-0.25983853111465693,0.35673674733210747,2.3056212676685179
1030,2023-2024,2024-03-09,Crystal Palace,Luton Town,Crystal Palace,Luton Town,1456.5512542302818,1434.6413788610196,1454.2364269958362,1436.9562060954652,continuing,new_to_dataset,1.1136787936140236,0.97336113882365016,0.8687064801684935,1,0.97336113882365016,1,0.099309872880644953,760,True,True,False,-11.949191236309616,-0.1312935198315065,-0.026638861176349837,2.0870399324376736
1031,2023-2024,2024-03-09,Manchester Utd,Everton,Manchester Utd,Everton,1573.4257221080941,1464.3121687943828,1578.9094071155544,1458.8284837869226,continuing,continuing,1.8052696119000826,0.67325788218433869,1.1387780743347431,0.80297376783430363,0.83845563722483618,1.2365625403041867,0.099309872880644953,760,True,True,True,119.87932047565687,0.33580430650043946,-0.39810690307935048,2.4785274940844211
1032,2023-2024,2024-03-09,Wolves,Fulham,Wolves,Fulham,1501.2137410737455,1499.45005917545,1509.4545321259538,1491.2092681232416,continuing,continuing,0.98954746794111903,1.3540459146920258,0.71240954319318572,1.107870039308908,1.2222064562163653,1.0834777932419379,0.099309872880644953,760,True,True,True,-27.790256753288531,-0.39546049611572232,0.13872866297442732,2.343593382633145
1033,2023-2024,2024-03-10,Aston Villa,Tottenham,Aston Villa,Tottenham,1599.7338013463775,1579.4560900643969,1587.4634823916711,1591.7264090191034,continuing,continuing,1.9614606591891586,1.2005642964750565,1.0962305205033938,1.4594442806321595,0.8226174252812386,1.3956959679988672,0.099309872880644953,760,True,True,True,8.1268696787767567,-0.36321376012876572,-0.57307854271762859,3.162024955664215
1034,2023-2024,2024-03-10,Brighton,Nottingham,Brighton,Nottingham,1528.6234928701742,1433.5662180923987,1534.4350408623409,1427.754670100232,continuing,continuing,2.5310415378800695,1.0665520499924988,1.4697951706153569,0.92625425161845754,1.1514679129719478,1.3432460362120218,0.099309872880644953,760,True,True,True,64.939125686443276,0.54354091899689938,-0.19177812324007393,3.5975935878725682
1035,2023-2024,2024-03-10,Liverpool,Manchester City,Liverpool,Manchester City,1675.1965595776248,1695.0447136189127,1674.0460140621938,1696.1952591343438,continuing,continuing,1.2901765460149699,1.7279719861757734,1.6008525791430823,1.7694384347723142,0.97656519278565546,0.62865288617401194,0.099309872880644953,760,True,True,True,-56.03105559918481,-0.1685858556292319,0.34791230661164352,3.0181485321907431
1036,2023-2024,2024-03-10,West Ham,Burnley,West Ham,Burnley,1515.680369562856,1390.5667446217483,1510.805185623512,1395.4419285610923,continuing,returning_after_absence,1.4344490488196773,0.81494553817110238,1.0050771574749329,0.68225523919531827,1.1944877684373445,1.1132657169860116,0.099309872880644953,760,True,True,True,-29.628034127323644,0.32282191827961459,0.081222051451332877,2.2493945869907797
1037,2023-2024,2024-03-11,Chelsea,Newcastle,Chelsea,Newcastle,1512.8302148717278,1551.6290236526945,1522.2207518293628,1542.2384866950595,continuing,continuing,0.83899641329395924,1.3916690209516576,0.80746178970592253,1.3706922306806504,1.0153037930773057,0.81049667094034683,0.099309872880644953,760,True,True,True,-85.297019147831406,-0.56323044097472785,0.20480712213695884,2.2306654342456169
1038,2023-2024,2024-03-13,Bournemouth,Luton Town,Bournemouth,Luton Town,1475.6996132598163,1436.9562060954652,1482.931676392458,1429.7241429628234,continuing,new_to_dataset,0.94888452033641058,1.3567367473321075,0.74016146888534307,1,1.3567367473321075,1,0.099309872880644953,760,True,True,False,-43.323700920388546,-0.25983853111465693,0.35673674733210747,2.3056212676685179
1039,2023-2024,2024-03-16,Burnley,Brentford,Burnley,Brentford,1395.4419285610923,1462.0902081647384,1405.6332580781755,1451.8988786476552,returning_after_absence,continuing,0.7238692795547278,1.2555824243102771,0.68225523919531827,1.12783714180076,1.1132657169860116,0.82761123496340028,0.099309872880644953,760,True,True,True,-36.035262603536466,-0.44558190260544173,0.28565448202261134,1.979451703865005
1040,2023-2024,2024-03-16,Fulham,Tottenham,Fulham,Tottenham,1491.2092681232416,1591.7264090191034,1502.3701872333879,1580.565489908957,continuing,continuing,1.9822869888724675,1.5812754685388997,1.107870039308908,1.4594442806321595,1.0834777932419379,1.3956959679988672,0.099309872880644953,760,True,True,True,-32.9274223874977,-0.35157424132325144,-0.31221817475692926,3.5635624574113671
1041,2023-2024,2024-03-16,Luton Town,Nottingham,Luton Town,Nottingham,1429.7241429628234,1427.754670100232,1427.9591947839442,1429.5196182791112,new_to_dataset,continuing,1.7220369126811066,0.92625425161845754,1,0.92625425161845754,1,1.3432460362120218,0.099309872880644953,760,True,False,True,30.976597206678434,0.073745748381542464,-0.34324603621202177,2.6482911642995641
1042,2023-2024,2024-03-17,West Ham,Aston Villa,West Ham,Aston Villa,1510.805185623512,1587.4634823916711,1511.2842828765317,1586.9843851386513,continuing,continuing,1.0599471134634713,1.3094339481290074,1.0050771574749329,1.0962305205033938,1.1944877684373445,0.8226174252812386,0.099309872880644953,760,True,True,True,-67.603243367695541,-0.091153363028460888,0.3718703431561059,2.3693810615924784
1043,2023-2024,2024-03-30,Aston Villa,Wolves,Aston Villa,Wolves,1586.9843851386513,1509.4545321259538,1593.2205227426898,1503.2183945219153,continuing,continuing,1.7176447709544027,0.58604050416736175,1.0962305205033938,0.71240954319318572,0.8226174252812386,1.2222064562163653,0.099309872880644953,760,True,True,True,68.844548819562988,0.38382097731020803,-0.39958903093512665,2.3036852751217642
1044,2023-2024,2024-03-30,Bournemouth,Everton,Bournemouth,Everton,1482.931676392458,1458.8284837869226,1490.5571910919821,1451.2029690873985,continuing,continuing,1.1733550529225116,1.08942401796452,0.74016146888534307,0.80297376783430363,1.3567367473321075,1.2365625403041867,0.099309872880644953,760,True,True,True,1.679820543017513,-0.062812298948960565,0.12017420702792081,2.2627790708870315
1045,2023-2024,2024-03-30,Brentford,Manchester Utd,Brentford,Manchester Utd,1451.8988786476552,1578.9094071155544,1453.804031477106,1577.0042542861036,continuing,continuing,1.2123091148391356,0.94246552844941955,1.12783714180076,1.1387780743347431,0.82761123496340028,0.83845563722483618,0.099309872880644953,760,True,True,True,-38.840536408714343,-0.010940932533983094,-0.010844402261435904,2.1547746432885551
1046,2023-2024,2024-03-30,Chelsea,Burnley,Chelsea,Burnley,1522.2207518293628,1405.6332580781755,1517.5348707843939,1410.3191391231444,continuing,returning_after_absence,1.1524118199162063,0.6926963322018711,0.80746178970592253,0.68225523919531827,1.0153037930773057,1.1132657169860116,0.099309872880644953,760,True,True,True,-13.362475760297229,0.12520655051060425,-0.09796192390870595,1.8451081521180774
1047,2023-2024,2024-03-30,Newcastle,West Ham,Newcastle,West Ham,1542.2384866950595,1511.2842828765317,1549.6788222994471,1503.8439472721441,continuing,continuing,2.0989811910983938,0.81461169017161983,1.3706922306806504,1.0050771574749329,0.81049667094034683,1.1944877684373445,0.099309872880644953,760,True,True,True,101.56257751485782,0.36561507320571751,-0.38399109749699767,2.9135928812700138
1048,2023-2024,2024-03-30,Nottingham,Crystal Palace,Nottingham,Crystal Palace,1429.5196182791112,1454.2364269958362,1428.5075631359909,1455.2484821389564,continuing,continuing,1.1558223988452072,1.1668865361180263,0.92625425161845754,0.8687064801684935,1.3432460362120218,0.97336113882365016,0.099309872880644953,760,True,True,True,-19.027405970368818,0.057547771449964036,0.3698848973883716,2.3227089349632335
1049,2023-2024,2024-03-30,Sheffield United,Fulham,Sheffield United,Fulham,1399.2507061761517,1502.3701872333879,1400.4854516105911,1501.1354417989485,new_to_dataset,continuing,1.38901489655197,1.107870039308908,1,1.107870039308908,1,1.0834777932419379,0.099309872880644953,760,True,False,True,3.0790828259025602,-0.10787003930890804,-0.083477793241937936,2.4968849358608782
1050,2023-2024,2024-03-30,Tottenham,Luton Town,Tottenham,Luton Town,1580.565489908957,1427.9591947839442,1585.1106466699202,1423.414038022981,continuing,new_to_dataset,1.8710026722559479,1.3956959679988672,1.4594442806321595,1,1.3956959679988672,1,0.099309872880644953,760,True,True,False,29.848339561595139,0.45944428063215947,0.39569596799886719,3.2666986402548153
1051,2023-2024,2024-03-31,Liverpool,Brighton,Liverpool,Brighton,1674.0460140621938,1534.4350408623409,1678.859255573072,1529.6217993514626,continuing,continuing,2.3631433617470079,1.4353508041474115,1.6008525791430823,1.4697951706153569,0.97656519278565546,1.1514679129719478,0.099309872880644953,760,True,True,True,58.649554038233418,0.13105740852772541,-0.17490272018629238,3.7984941658944193
1052,2023-2024,2024-03-31,Manchester City,Arsenal,Manchester City,Arsenal,1696.1952591343438,1667.3884118157557,1693.693441957367,1669.8902289927325,continuing,continuing,2.3062627209307851,1.0801044174081216,1.7694384347723142,1.7181252821118,0.62865288617401194,1.0166850410017243,0.099309872880644953,760,True,True,True,49.987605979573573,0.051313152660514172,-0.38803215482771236,3.3863671383389065
1053,2023-2024,2024-04-02,Bournemouth,Crystal Palace,Bournemouth,Crystal Palace,1490.5571910919821,1455.2484821389564,1497.8807862435808,1447.9248869873577,continuing,continuing,0.92360731732678159,1.1786060042901259,0.74016146888534307,0.8687064801684935,1.3567367473321075,0.97336113882365016,0.099309872880644953,760,True,True,True,-31.37450968407893,-0.12854501128315043,0.38337560850845731,2.1022133216169072
1054,2023-2024,2024-04-02,Burnley,Wolves,Burnley,Wolves,1410.3191391231444,1503.2183945219153,1411.2632357453285,1502.2742978997312,returning_after_absence,continuing,1.069001566862009,0.79310112089063889,0.68225523919531827,0.71240954319318572,1.1132657169860116,1.2222064562163653,0.099309872880644953,760,True,True,True,30.869339579191092,-0.030154303997867449,-0.10894073923035363,1.8621026877526479
1055,2023-2024,2024-04-02,Newcastle,Everton,Newcastle,Everton,1549.6788222994471,1451.2029690873985,1545.4095727780934,1455.4722186087522,continuing,continuing,2.1729159412916017,0.65080756568213005,1.3706922306806504,0.80297376783430363,0.81049667094034683,1.2365625403041867,0.099309872880644953,760,True,True,True,116.93806485094024,0.56771846284634675,-0.42606586936383983,2.8237235069737316
1056,2023-2024,2024-04-02,Nottingham,Fulham,Nottingham,Fulham,1428.5075631359909,1501.1354417989485,1438.8708627382639,1490.7721421966755,continuing,continuing,1.2865809534926342,1.4881420389397475,0.92625425161845754,1.107870039308908,1.3432460362120218,1.0834777932419379,0.099309872880644953,760,True,True,True,-27.897514380775874,-0.1816157876904505,0.25976824297008383,2.7747229924323817
1057,2023-2024,2024-04-02,West Ham,Tottenham,West Ham,Tottenham,1503.8439472721441,1585.1106466699202,1504.4552887663353,1584.499305175729,continuing,continuing,1.7983619931795582,1.7432883419309537,1.0050771574749329,1.4594442806321595,1.1944877684373445,1.3956959679988672,0.099309872880644953,760,True,True,True,-59.476373688918784,-0.4543671231572266,-0.20120819956152269,3.541650335110512
1058,2023-2024,2024-04-03,Arsenal,Luton Town,Arsenal,Luton Town,1669.8902289927325,1423.414038022981,1672.8154841004921,1420.4887829152215,continuing,new_to_dataset,2.2026308484413453,1.0166850410017243,1.7181252821118,1,1.0166850410017243,1,0.099309872880644953,760,True,True,False,98.655532137609498,0.71812528211180005,0.016685041001724299,3.2193158894430693
1059,2023-2024,2024-04-03,Brentford,Brighton,Brentford,Brighton,1453.804031477106,1529.6217993514626,1454.258989142807,1529.1668416857617,continuing,continuing,1.6648883785444235,1.2164189962962171,1.12783714180076,1.4697951706153569,0.82761123496340028,1.1514679129719478,0.099309872880644953,760,True,True,True,2.0727341237716246,-0.34195802881459691,-0.32385667800854756,2.8813073748406408
1060,2023-2024,2024-04-03,Manchester City,Aston Villa,Manchester City,Aston Villa,1693.693441957367,1593.2205227426898,1699.3773044542422,1587.5366602458146,continuing,continuing,1.8660369976968789,0.68914848062649781,1.7694384347723142,1.0962305205033938,0.62865288617401194,0.8226174252812386,0.099309872880644953,760,True,True,True,110.66792887681117,0.67320791426892046,-0.19396453910722666,2.5551854783233767
1061,2023-2024,2024-04-04,Chelsea,Manchester Utd,Chelsea,Manchester Utd,1517.5348707843939,1577.0042542861036,1527.5195984257796,1567.0195266447179,continuing,continuing,0.86793850926195104,1.1562056983453346,0.80746178970592253,1.1387780743347431,1.0153037930773057,0.83845563722483618,0.099309872880644953,760,True,True,True,-88.238274772548039,-0.33131628462882057,0.17684815585246949,2.0241442076072858
1062,2023-2024,2024-04-04,Liverpool,Sheffield United,Liverpool,Sheffield United,1678.859255573072,1400.4854516105911,1681.3550453959522,1397.9896617877109,continuing,new_to_dataset,2.0522876366113549,0.97656519278565546,1.6008525791430823,1,0.97656519278565546,1,0.099309872880644953,760,True,True,False,92.61208251799826,0.60085257914308232,-0.023434807214344544,3.0288528293970103
1063,2023-2024,2024-04-06,Aston Villa,Brentford,Aston Villa,Brentford,1587.5366602458146,1454.258989142807,1582.4844059380716,1459.3112434505499,continuing,continuing,1.1630949115738811,0.92777848572469235,1.0962305205033938,1.12783714180076,0.8226174252812386,0.82761123496340028,0.099309872880644953,760,True,True,True,1.9399466368354297,-0.031606621297366244,-0.0049938096821616762,2.0908733972985734
1064,2023-2024,2024-04-06,Brighton,Arsenal,Brighton,Arsenal,1529.1668416857617,1672.8154841004921,1521.5289777942849,1680.4533479919689,continuing,continuing,1.9157116420557918,1.9783661328176134,1.4697951706153569,1.7181252821118,1.1514679129719478,1.0166850410017243,0.099309872880644953,760,True,True,True,-64.693003657844656,-0.24833011149644313,0.13478287197022354,3.8940777748734052
1065,2023-2024,2024-04-06,Crystal Palace,Manchester City,Crystal Palace,Manchester City,1447.9248869873577,1699.3773044542422,1442.937912219669,1704.3642792219309,continuing,continuing,0.70011738787624778,1.7223026099483167,0.8687064801684935,1.7694384347723142,0.97336113882365016,0.62865288617401194,0.099309872880644953,760,True,True,True,-160.59232935349269,-0.90073195460382072,0.34470825264963822,2.4224199978245644
1066,2023-2024,2024-04-06,Everton,Burnley,Everton,Burnley,1455.4722186087522,1411.2632357453285,1462.5596638775792,1404.1757904765016,continuing,returning_after_absence,1.1460065020190215,0.84365127171520327,0.80297376783430363,0.68225523919531827,1.2365625403041867,1.1132657169860116,0.099309872880644953,760,True,True,True,-45.003521463406059,0.12071852863898536,0.12329682331817504,1.9896577737342249
1067,2023-2024,2024-04-06,Fulham,Newcastle,Fulham,Newcastle,1490.7721421966755,1545.4095727780934,1480.6178072971959,1555.5639076775731,continuing,continuing,1.1511368107146407,1.4851145933117404,1.107870039308908,1.3706922306806504,1.0834777932419379,0.81049667094034683,0.099309872880644953,760,True,True,True,-75.013626213436737,-0.26282219137174234,0.27298112230159111,2.6362514040263809
1068,2023-2024,2024-04-06,Luton Town,Bournemouth,Luton Town,Bournemouth,1420.4887829152215,1497.8807862435808,1430.9889473053104,1487.3806218534919,new_to_dataset,continuing,1.7393319590842349,0.74016146888534307,1,0.74016146888534307,1,1.3567367473321075,0.099309872880644953,760,True,False,True,43.323700920388546,0.25983853111465693,-0.35673674733210747,2.4794934279695777
1069,2023-2024,2024-04-06,Wolves,West Ham,Wolves,West Ham,1502.2742978997312,1504.4552887663353,1490.6253274533656,1516.104259212701,continuing,continuing,1.0909336159138738,1.2284117908614554,0.71240954319318572,1.0050771574749329,1.2222064562163653,1.1944877684373445,0.099309872880644953,760,True,True,True,-1.2413054518674471,-0.29266761428174715,0.027718687779020756,2.3193454067753292
1070,2023-2024,2024-04-07,Manchester Utd,Liverpool,Manchester Utd,Liverpool,1567.0195266447179,1681.3550453959522,1568.5708021847345,1679.8037698559356,continuing,continuing,1.4256969697154271,1.3422438693484355,1.1387780743347431,1.6008525791430823,0.83845563722483618,0.97656519278565546,0.099309872880644953,760,True,True,True,-17.736283505747451,-0.46207450480833923,-0.13810955556081927,2.7679408390638627
1071,2023-2024,2024-04-07,Sheffield United,Chelsea,Sheffield United,Chelsea,1397.9896617877109,1527.5195984257796,1399.9645993939978,1525.5446608194927,new_to_dataset,continuing,1.3016160570216562,0.80746178970592253,1,0.80746178970592253,1,1.0153037930773057,0.099309872880644953,760,True,False,True,13.362475760297229,0.19253821029407747,-0.015303793077305672,2.1090778467275788
1072,2023-2024,2024-04-07,Tottenham,Nottingham,Tottenham,Nottingham,1584.499305175729,1438.8708627382639,1589.1870837901799,1434.1830841238129,continuing,continuing,2.5132169232499026,1.2927693243256895,1.4594442806321595,0.92625425161845754,1.3956959679988672,1.3432460362120218,0.099309872880644953,760,True,True,True,60.824936768273574,0.53319002901370194,0.052449931786845427,3.8059862475755919
1073,2023-2024,2024-04-13,Bournemouth,Manchester Utd,Bournemouth,Manchester Utd,1487.3806218534919,1568.5708021847345,1487.9897691536009,1567.9616548846254,continuing,continuing,0.79559757515144813,1.5450220605060403,0.74016146888534307,1.1387780743347431,1.3567367473321075,0.83845563722483618,0.099309872880644953,760,True,True,True,-118.19949993263936,-0.39861660544940003,0.51828111010727129,2.3406196356574887
1074,2023-2024,2024-04-13,Brentford,Sheffield United,Brentford,Sheffield United,1459.3112434505499,1399.9645993939978,1466.0051942382477,1393.2706486063,continuing,new_to_dataset,1.4458834326067613,0.82761123496340028,1.12783714180076,1,0.82761123496340028,1,0.099309872880644953,760,True,True,False,36.035262603536466,0.12783714180076,-0.17238876503659972,2.2734946675701617
1075,2023-2024,2024-04-13,Burnley,Brighton,Burnley,Brighton,1404.1757904765016,1521.5289777942849,1405.8117151787562,1519.8930530920302,returning_after_absence,continuing,1.0071301758370288,1.6362725744376827,0.68225523919531827,1.4697951706153569,1.1132657169860116,1.1514679129719478,0.099309872880644953,760,True,True,True,-33.962528479764842,-0.78753993142003864,-0.038202195985936216,2.6434027502747117
1076,2023-2024,2024-04-13,Manchester City,Luton Town,Manchester City,Luton Town,1704.3642792219309,1430.9889473053104,1706.9236017577896,1428.4296247694517,continuing,new_to_dataset,2.268414138028882,0.62865288617401194,1.7694384347723142,1,0.62865288617401194,1,0.099309872880644953,760,True,True,False,148.64313811718307,0.76943843477231422,-0.37134711382598806,2.8970670242028937
1077,2023-2024,2024-04-13,Newcastle,Tottenham,Newcastle,Tottenham,1555.5639076775731,1589.1870837901799,1564.8061768610289,1579.9448146067241,continuing,continuing,2.4525488353505516,1.1828747308752945,1.3706922306806504,1.4594442806321595,0.81049667094034683,1.3956959679988672,0.099309872880644953,760,True,True,True,42.086203825939037,-0.088752049951509093,-0.58519929705852036,3.6354235662258461
1078,2023-2024,2024-04-13,Nottingham,Wolves,Nottingham,Wolves,1434.1830841238129,1490.6253274533656,1434.0806872344278,1490.7277243427507,continuing,continuing,1.4513149762844992,0.95694129505386383,0.92625425161845754,0.71240954319318572,1.3432460362120218,1.2222064562163653,0.099309872880644953,760,True,True,True,-0.10725762748734269,0.21384470842527181,0.12103957999565651,2.4082562713383631
1079,2023-2024,2024-04-14,Arsenal,Aston Villa,Arsenal,Aston Villa,1680.4533479919689,1582.4844059380716,1666.1960367153217,1596.7417172147188,continuing,continuing,1.8119225173898494,1.1145211716853345,1.7181252821118,1.0962305205033938,1.0166850410017243,0.8226174252812386,0.099309872880644953,760,True,True,True,60.680322897237602,0.62189476160840629,0.1940676157204857,2.9264436890751839
1080,2023-2024,2024-04-14,Liverpool,Crystal Palace,Liverpool,Crystal Palace,1679.8037698559356,1442.937912219669,1662.8699059105641,1459.8717761650405,continuing,continuing,1.9976170311657258,0.84834851127989308,1.6008525791430823,0.8687064801684935,0.97656519278565546,0.97336113882365016,0.099309872880644953,760,True,True,True,104.56127375430788,0.73214609897458882,0.0032040539620052932,2.8459655424456187
1081,2023-2024,2024-04-14,West Ham,Fulham,West Ham,Fulham,1516.104259212701,1480.6178072971959,1503.4231056171311,1493.2989608927658,continuing,continuing,1.396067143916792,1.3233372109726906,1.0050771574749329,1.107870039308908,1.1944877684373445,1.0834777932419379,0.099309872880644953,760,True,True,True,-26.548951301421084,-0.10279288183397517,0.11100997519540656,2.7194043548894826
1082,2023-2024,2024-04-15,Chelsea,Everton,Chelsea,Everton,1525.5446608194927,1462.5596638775792,1532.1456624692419,1455.95866222783,continuing,continuing,1.2800441671465399,0.81526231222374435,0.80746178970592253,0.80297376783430363,1.0153037930773057,1.2365625403041867,0.099309872880644953,760,True,True,True,31.64104570310883,0.0044880218716188969,-0.22125874722688099,2.0953064793702842
1083,2023-2024,2024-04-20,Luton Town,Brentford,Luton Town,Brentford,1428.4296247694517,1466.0051942382477,1417.7850925166463,1476.6497264910531,new_to_dataset,continuing,1.0609948271097058,1.12783714180076,1,1.12783714180076,1,0.82761123496340028,0.099309872880644953,760,True,False,True,-36.035262603536466,-0.12783714180076,0.17238876503659972,2.1888319689104661
1084,2023-2024,2024-04-20,Sheffield United,Burnley,Sheffield United,Burnley,1393.2706486063,1405.8117151787562,1381.9131036711358,1417.1692601139205,new_to_dataset,returning_after_absence,1.4272029148721881,0.68225523919531827,1,0.68225523919531827,1,1.1132657169860116,0.099309872880644953,760,True,False,True,0,0.31774476080468173,-0.11326571698601162,2.1094581540675064
1085,2023-2024,2024-04-20,Wolves,Arsenal,Wolves,Arsenal,1490.7277243427507,1666.1960367153217,1483.9339828951274,1672.989778162945,continuing,continuing,0.92854520350304837,2.0999038123856058,0.71240954319318572,1.7181252821118,1.2222064562163653,1.0166850410017243,0.099309872880644953,760,True,True,True,-129.52487171680059,-1.0057157389186142,0.20552141521464096,3.0284490158886541
1086,2023-2024,2024-04-21,Aston Villa,Bournemouth,Aston Villa,Bournemouth,1596.7417172147188,1487.9897691536009,1602.2336910543672,1482.4977953139526,continuing,continuing,1.9067087788350985,0.60886972182684052,1.0962305205033938,0.74016146888534307,0.8226174252812386,1.3567367473321075,0.099309872880644953,760,True,True,True,81.298910160760443,0.35606905161805069,-0.53411932205086887,2.5155785006619391
1087,2023-2024,2024-04-21,Crystal Palace,West Ham,Crystal Palace,West Ham,1459.8717761650405,1503.4231056171311,1469.398698763918,1493.8961830182536,continuing,continuing,1.3302756969400091,0.97830304660543788,0.8687064801684935,1.0050771574749329,0.97336113882365016,1.1944877684373445,0.099309872880644953,760,True,True,True,17.678842891014028,-0.13637067730643937,-0.22112662961369434,2.3085787435454472
1088,2023-2024,2024-04-21,Everton,Nottingham,Everton,Nottingham,1455.95866222783,1434.0806872344278,1463.6447039792042,1426.3946454830536,continuing,continuing,1.3827504681252998,1.1453713103488732,0.80297376783430363,0.92625425161845754,1.2365625403041867,1.3432460362120218,0.099309872880644953,760,True,True,True,-14.026924256727625,-0.1232804837841539,-0.1066834959078351,2.5281217784741727
1089,2023-2024,2024-04-21,Fulham,Liverpool,Fulham,Liverpool,1493.2989608927658,1662.8699059105641,1486.3521104259082,1669.8167563774216,continuing,continuing,1.3870015532253144,1.7344882197556117,1.107870039308908,1.6008525791430823,1.0834777932419379,0.97656519278565546,0.099309872880644953,760,True,True,True,-95.691165343900821,-0.49298253983417428,0.10691260045628248,3.1214897729809259
1090,2023-2024,2024-04-23,Arsenal,Chelsea,Arsenal,Chelsea,1672.989778162945,1532.1456624692419,1677.7771231710208,1527.3583174611661,continuing,continuing,2.2363394551715818,0.82093432277449152,1.7181252821118,0.80746178970592253,1.0166850410017243,1.0153037930773057,0.099309872880644953,760,True,True,True,112.01800789790673,0.91066349240587752,0.0013812479244186271,3.0572737779460732
1091,2023-2024,2024-04-24,Crystal Palace,Newcastle,Crystal Palace,Newcastle,1469.398698763918,1564.8061768610289,1480.41429440046,1553.7905812244869,continuing,continuing,0.90263295472102778,1.3341785506320472,0.8687064801684935,1.3706922306806504,0.97336113882365016,0.81049667094034683,0.099309872880644953,760,True,True,True,-83.883734623843793,-0.50198575051215688,0.16286446788330333,2.2368115053530748
1092,2023-2024,2024-04-24,Everton,Liverpool,Everton,Liverpool,1463.6447039792042,1669.8167563774216,1477.6200468019222,1655.8414135547036,continuing,continuing,1.0052856595707804,1.9795543319176789,0.80297376783430363,1.6008525791430823,1.2365625403041867,0.97656519278565546,0.099309872880644953,760,True,True,True,-137.61560398140432,-0.79787881130877869,0.25999734751853121,2.9848399914884594
1093,2023-2024,2024-04-24,Manchester Utd,Sheffield United,Manchester Utd,Sheffield United,1567.9616548846254,1381.9131036711358,1571.8662827134924,1378.0084758422688,continuing,new_to_dataset,1.4599096714154041,0.83845563722483618,1.1387780743347431,1,0.83845563722483618,1,0.099309872880644953,760,True,True,False,74.875799012250809,0.1387780743347431,-0.16154436277516382,2.29836530864024
1094,2023-2024,2024-04-24,Wolves,Bournemouth,Wolves,Bournemouth,1483.9339828951274,1482.4977953139526,1472.1839097849934,1494.2478684240866,continuing,continuing,1.2391166864325085,0.90463012591425462,0.71240954319318572,0.74016146888534307,1.2222064562163653,1.3567367473321075,0.099309872880644953,760,True,True,True,12.454361341197455,-0.027751925692157342,-0.13453029111574222,2.1437468123467633
1095,2023-2024,2024-04-25,Brighton,Manchester City,Brighton,Manchester City,1519.8930530920302,1706.9236017577896,1513.3946285913685,1713.4220262584513,continuing,continuing,1.1845533319433257,2.0374515816196266,1.4697951706153569,1.7694384347723142,1.1514679129719478,0.62865288617401194,0.099309872880644953,760,True,True,True,-114.68060963741823,-0.2996432641569573,0.5228150267979359,3.2220049135629525
1096,2023-2024,2024-04-27,Aston Villa,Chelsea,Aston Villa,Chelsea,1602.2336910543672,1527.3583174611661,1598.5355949399641,1531.0564135755692,continuing,continuing,1.4268712476844252,0.66423213846086693,1.0962305205033938,0.80746178970592253,0.8226174252812386,1.0153037930773057,0.099309872880644953,760,True,True,True,51.337685000669126,0.28876873079747123,-0.19268636779606707,2.0911033861452921
1097,2023-2024,2024-04-27,Everton,Brentford,Everton,Brentford,1477.6200468019222,1476.6497264910531,1485.8829747958598,1468.3867984971155,continuing,continuing,0.85195101397698603,1.394641161114561,0.80297376783430363,1.12783714180076,1.2365625403041867,0.82761123496340028,0.099309872880644953,760,True,True,True,-81.038784066942526,-0.32486337396645637,0.40895130534078639,2.2465921750915472
1098,2023-2024,2024-04-27,Fulham,Crystal Palace,Fulham,Crystal Palace,1486.3521104259082,1480.41429440046,1484.4767295136883,1482.2896753126799,continuing,continuing,1.382450881283749,0.94122418010793063,1.107870039308908,0.8687064801684935,1.0834777932419379,0.97336113882365016,0.099309872880644953,760,True,True,True,8.870108410407056,0.23916355914041454,0.11011665441828777,2.3236750613916799
1099,2023-2024,2024-04-27,Manchester Utd,Burnley,Manchester Utd,Burnley,1571.8662827134924,1417.1692601139205,1566.369307856758,1422.6662349706548,continuing,returning_after_absence,1.6252673870830825,0.57204075132949361,1.1387780743347431,0.68225523919531827,0.83845563722483618,1.1132657169860116,0.099309872880644953,760,True,True,True,74.875799012250809,0.45652283513942482,-0.27481007976117544,2.1973081384125761
1100,2023-2024,2024-04-27,Newcastle,Sheffield United,Newcastle,Sheffield United,1553.7905812244869,1378.0084758422688,1557.8842654273244,1373.9147916394313,continuing,new_to_dataset,1.7572228419252278,0.81049667094034683,1.3706922306806504,1,0.81049667094034683,1,0.099309872880644953,760,True,True,False,71.934543387534177,0.37069223068065038,-0.18950332905965317,2.5677195128655748
1101,2023-2024,2024-04-27,West Ham,Liverpool,West Ham,Liverpool,1493.8961830182536,1655.8414135547036,1496.7489963635055,1652.9886002094518,continuing,continuing,1.2583096654537418,1.9121988248577879,1.0050771574749329,1.6008525791430823,1.1944877684373445,0.97656519278565546,0.099309872880644953,760,True,True,True,-122.2401166453219,-0.59577542166814945,0.21792257565168904,3.1705084903115299
1102,2023-2024,2024-04-27,Wolves,Luton Town,Wolves,Luton Town,1472.1839097849934,1417.7850925166463,1479.0052964994566,1410.9637058021831,continuing,new_to_dataset,0.91330664468926093,1.2222064562163653,0.71240954319318572,1,1.2222064562163653,1,0.099309872880644953,760,True,True,False,-30.869339579191092,-0.28759045680681428,0.22220645621636526,2.1355131009056261
1103,2023-2024,2024-04-28,Bournemouth,Brighton,Bournemouth,Brighton,1494.2478684240866,1513.3946285913685,1503.0774070592593,1504.5650899561958,continuing,continuing,1.0926100782831545,1.9941251190251192,0.74016146888534307,1.4697951706153569,1.3567367473321075,1.1514679129719478,0.099309872880644953,760,True,True,True,-77.286229400153388,-0.72963370173001385,0.20526883436015964,3.0867351973082737
1104,2023-2024,2024-04-28,Nottingham,Manchester City,Nottingham,Manchester City,1426.3946454830536,1713.4220262584513,1422.1344395413175,1717.6822322001874,continuing,continuing,0.74649691461562873,2.376791163829115,0.92625425161845754,1.7694384347723142,1.3432460362120218,0.62865288617401194,0.099309872880644953,760,True,True,True,-179.61973532386151,-0.84318418315385668,0.71459315003800983,3.1232880784447437
1105,2023-2024,2024-04-28,Tottenham,Arsenal,Tottenham,Arsenal,1579.9448146067241,1677.7771231710208,1571.0294325690272,1686.6925052087176,continuing,continuing,1.9022204285568742,2.3979805287603555,1.4594442806321595,1.7181252821118,1.3956959679988672,1.0166850410017243,0.099309872880644953,760,True,True,True,-68.807192576014359,-0.25868100147964057,0.37901092699714289,4.3002009573172302
1106,2023-2024,2024-05-02,Chelsea,Tottenham,Chelsea,Tottenham,1531.0564135755692,1571.0294325690272,1540.4806282930429,1561.6052178515536,continuing,continuing,1.4447732522347094,1.4817793139108113,0.80746178970592253,1.4594442806321595,1.0153037930773057,1.3956959679988672,0.099309872880644953,760,True,True,True,-43.210815321892369,-0.65198249092623695,-0.38039217492156152,2.9265525661455207
1107,2023-2024,2024-05-03,Luton Town,Everton,Luton Town,Everton,1410.9637058021831,1485.8829747958598,1411.3928531405902,1485.4538274574527,new_to_dataset,continuing,1.5852690287830609,0.80297376783430363,1,0.80297376783430363,1,1.2365625403041867,0.099309872880644953,760,True,False,True,45.003521463406059,0.19702623216569637,-0.23656254030418666,2.3882427966173645
1108,2023-2024,2024-05-04,Arsenal,Bournemouth,Arsenal,Bournemouth,1686.6925052087176,1503.0774070592593,1690.6413389421327,1499.1285733258442,continuing,continuing,2.9883902128876705,0.7525110933415915,1.7181252821118,0.74016146888534307,1.0166850410017243,1.3567367473321075,0.099309872880644953,760,True,True,True,141.97923305799804,0.97796381322645698,-0.34005170633038317,3.740901306229262
1109,2023-2024,2024-05-04,Brentford,Fulham,Brentford,Fulham,1468.3867984971155,1484.4767295136883,1467.1296513668974,1485.7338766439063,continuing,continuing,1.5665825908458522,0.9168856914113962,1.12783714180076,1.107870039308908,0.82761123496340028,1.0834777932419379,0.099309872880644953,760,True,True,True,39.114345429439027,0.019967102491851962,-0.25586655827853766,2.4834682822572485
1110,2023-2024,2024-05-04,Burnley,Newcastle,Burnley,Newcastle,1422.6662349706548,1557.8842654273244,1414.7979824910913,1565.752517906888,returning_after_absence,continuing,0.70890004447684873,1.5259446689558498,0.68225523919531827,1.3706922306806504,1.1132657169860116,0.81049667094034683,0.099309872880644953,760,True,True,True,-71.934543387534177,-0.68843699148533211,0.30276904604566479,2.2348447134326985
1111,2023-2024,2024-05-04,Manchester City,Wolves,Manchester City,Wolves,1717.6822322001874,1479.0052964994566,1720.7214008254527,1475.9661278741912,continuing,continuing,2.7724704048713806,0.44785831546630561,1.7694384347723142,0.71240954319318572,0.62865288617401194,1.2222064562163653,0.099309872880644953,760,True,True,True,179.51247769637416,1.0570288915791286,-0.59355357004235332,3.2203287203376862
1112,2023-2024,2024-05-04,Sheffield United,Nottingham,Sheffield United,Nottingham,1373.9147916394313,1422.1344395413175,1363.5758557269148,1432.473375453834,new_to_dataset,continuing,1.7220369126811066,0.92625425161845754,1,0.92625425161845754,1,1.3432460362120218,0.099309872880644953,760,True,False,True,30.976597206678434,0.073745748381542464,-0.34324603621202177,2.6482911642995641
1113,2023-2024,2024-05-05,Brighton,Aston Villa,Brighton,Aston Villa,1504.5650899561958,1598.5355949399641,1515.5397358098664,1587.5609490862935,continuing,continuing,1.5500353747867885,1.262274269580195,1.4697951706153569,1.0962305205033938,1.1514679129719478,0.8226174252812386,0.099309872880644953,760,True,True,True,-4.0126807606070543,0.37356465011196316,0.32885048769070924,2.8123096443669837
1114,2023-2024,2024-05-05,Chelsea,West Ham,Chelsea,West Ham,1540.4806282930429,1496.7489963635055,1547.5806523534707,1489.6489723030777,continuing,continuing,1.2364899072067848,1.0204586503196558,0.80746178970592253,1.0050771574749329,1.0153037930773057,1.1944877684373445,0.099309872880644953,760,True,True,True,16.265558367026415,-0.19761536776901034,-0.17918397536003883,2.2569485575264405
1115,2023-2024,2024-05-05,Liverpool,Tottenham,Liverpool,Tottenham,1652.9886002094518,1561.6052178515536,1658.8877252864243,1555.7060927745811,continuing,continuing,2.8643695795923922,1.425242485275467,1.6008525791430823,1.4594442806321595,0.97656519278565546,1.3956959679988672,0.099309872880644953,760,True,True,True,62.763742956403121,0.14140829851092285,-0.41913077521321174,4.2896120648678595
1116,2023-2024,2024-05-06,Crystal Palace,Manchester Utd,Crystal Palace,Manchester Utd,1482.2896753126799,1566.369307856758,1492.9816352778798,1555.6773478915582,continuing,continuing,0.93377026256343298,1.108442323301869,0.8687064801684935,1.1387780743347431,0.97336113882365016,0.83845563722483618,0.099309872880644953,760,True,True,True,-86.824990248560425,-0.2700715941662496,0.13490550159881398,2.0422125858653022
1117,2023-2024,2024-05-11,Bournemouth,Brentford,Bournemouth,Brentford,1499.1285733258442,1467.1296513668974,1486.5408313321905,1479.7173933605511,continuing,continuing,0.78530748971327047,1.530178095287104,0.74016146888534307,1.12783714180076,1.3567367473321075,0.82761123496340028,0.099309872880644953,760,True,True,True,-79.358963523925013,-0.38767567291541694,0.5291255123687072,2.3154855850003746
1118,2023-2024,2024-05-11,Everton,Sheffield United,Everton,Sheffield United,1485.4538274574527,1363.5758557269148,1490.64996033901,1358.3797228453575,continuing,new_to_dataset,1.0294096768933569,1.2365625403041867,0.80297376783430363,1,1.2365625403041867,1,0.099309872880644953,760,True,True,False,-45.003521463406059,-0.19702623216569637,0.23656254030418666,2.2659722171975436
1119,2023-2024,2024-05-11,Fulham,Manchester City,Fulham,Manchester City,1485.7338766439063,1720.7214008254527,1480.3837409989737,1726.0715364703854,continuing,continuing,0.89286668827066462,1.9171472505845757,1.107870039308908,1.7694384347723142,1.0834777932419379,0.62865288617401194,0.099309872880644953,760,True,True,True,-151.72222094308563,-0.66156839546340618,0.454824907067926,2.8100139388552403
1120,2023-2024,2024-05-11,Newcastle,Brighton,Newcastle,Brighton,1565.752517906888,1515.5397358098664,1562.6826263331504,1518.609627383604,continuing,continuing,2.0233857184182771,1.1912640927479459,1.3706922306806504,1.4697951706153569,0.81049667094034683,1.1514679129719478,0.099309872880644953,760,True,True,True,37.972014907769335,-0.099102939934706535,-0.34097124203160101,3.2146498111662227
1121,2023-2024,2024-05-11,Nottingham,Chelsea,Nottingham,Chelsea,1432.473375453834,1547.5806523534707,1424.0463219301673,1556.0077058771374,continuing,continuing,1.2056274067911616,1.0846198484151455,0.92625425161845754,0.80746178970592253,1.3432460362120218,1.0153037930773057,0.099309872880644953,760,True,True,True,-17.614121446381205,0.11879246191253501,0.32794224313471609,2.2902472552063071
1122,2023-2024,2024-05-11,Tottenham,Burnley,Tottenham,Burnley,1555.7060927745811,1414.7979824910913,1560.492096479325,1410.0119787863473,continuing,returning_after_absence,2.0829231314117616,0.95222088649100844,1.4594442806321595,0.68225523919531827,1.3956959679988672,1.1132657169860116,0.099309872880644953,760,True,True,True,29.848339561595139,0.7771890414368412,0.28243025101285557,3.0351440179027698
1123,2023-2024,2024-05-11,West Ham,Luton Town,West Ham,Luton Town,1489.6489723030777,1411.3928531405902,1495.8671817634904,1405.1746436801775,continuing,new_to_dataset,1.2885055444833224,1.1944877684373445,1.0050771574749329,1,1.1944877684373445,1,0.099309872880644953,760,True,True,False,-29.628034127323644,0.0050771574749328696,0.1944877684373445,2.4829933129206667
1124,2023-2024,2024-05-11,Wolves,Crystal Palace,Wolves,Crystal Palace,1475.9661278741912,1492.9816352778798,1464.7352086685014,1504.2125544835696,continuing,continuing,0.88897719576994583,1.0617386686189265,0.71240954319318572,0.8687064801684935,1.2222064562163653,0.97336113882365016,0.099309872880644953,760,True,True,True,-18.920148342881475,-0.15629693697530778,0.24884531739271509,1.9507158643888722
1125,2023-2024,2024-05-12,Manchester Utd,Arsenal,Manchester Utd,Arsenal,1555.6773478915582,1690.6413389421327,1547.8021147587976,1698.5165720748932,continuing,continuing,1.484268324141784,1.4405718282451507,1.1387780743347431,1.7181252821118,0.83845563722483618,1.0166850410017243,0.099309872880644953,760,True,True,True,-23.779733125358689,-0.57934720777705695,-0.17822940377688812,2.9248401523869347
1126,2023-2024,2024-05-13,Aston Villa,Liverpool,Aston Villa,Liverpool,1587.5609490862935,1658.8877252864243,1587.8868444626587,1658.561829910059,continuing,continuing,1.3724294192301445,1.3168892269095127,1.0962305205033938,1.6008525791430823,0.8226174252812386,0.97656519278565546,0.099309872880644953,760,True,True,True,-54.636873277626364,-0.50462205863968856,-0.15394776750441685,2.6893186461396574
1127,2023-2024,2024-05-14,Tottenham,Manchester City,Tottenham,Manchester City,1560.492096479325,1726.0715364703854,1553.4407084225775,1733.1229245271329,continuing,continuing,1.1762112299529905,2.4695980890339455,1.4594442806321595,1.7694384347723142,1.3956959679988672,0.62865288617401194,0.099309872880644953,760,True,True,True,-118.79479855558793,-0.30999415414015474,0.76704308182485526,3.6458093189869363
1128,2023-2024,2024-05-15,Brighton,Chelsea,Brighton,Chelsea,1518.609627383604,1556.0077058771374,1507.9600079200663,1566.657325340675,continuing,continuing,1.9131089946058335,0.92976634179727247,1.4697951706153569,0.80746178970592253,1.1514679129719478,1.0153037930773057,0.099309872880644953,760,True,True,True,47.325004240062071,0.66233338090943439,0.13616411989464217,2.8428753364031061
1129,2023-2024,2024-05-15,Manchester Utd,Newcastle,Manchester Utd,Newcastle,1547.8021147587976,1562.6826263331504,1556.5107230050821,1553.974018086866,continuing,continuing,1.1832519285558007,1.1492646277144769,1.1387780743347431,1.3706922306806504,0.83845563722483618,0.81049667094034683,0.099309872880644953,760,True,True,True,2.9412556247166322,-0.23191415634590729,0.027958966284489351,2.3325165562702779
1130,2023-2024,2024-05-19,Arsenal,Everton,Arsenal,Everton,1698.5165720748932,1490.64996033901,1702.0415705544763,1487.124961859427,continuing,continuing,2.7236907973009963,0.81637141807392799,1.7181252821118,0.80297376783430363,1.0166850410017243,1.2365625403041867,0.099309872880644953,760,True,True,True,143.65905360101556,0.91515151427749641,-0.21987749930246236,3.5400622153749244
1131,2023-2024,2024-05-19,Brentford,Newcastle,Brentford,Newcastle,1479.7173933605511,1553.974018086866,1470.127501853801,1563.563909593616,continuing,continuing,1.1718837086955813,1.1344002897883509,1.12783714180076,1.3706922306806504,0.82761123496340028,0.81049667094034683,0.099309872880644953,760,True,True,True,-35.89928078399771,-0.24285508887989038,0.017114564023053447,2.3062839984839325
1132,2023-2024,2024-05-19,Brighton,Manchester Utd,Brighton,Manchester Utd,1507.9600079200663,1556.5107230050821,1497.6305902450422,1566.8401406801063,continuing,continuing,1.5798788816606599,1.3112664125924403,1.4697951706153569,1.1387780743347431,1.1514679129719478,0.83845563722483618,0.099309872880644953,760,True,True,True,-40.913270532485967,0.33101709628061382,0.31301227574711166,2.8911452942531
1133,2023-2024,2024-05-19,Burnley,Nottingham,Burnley,Nottingham,1410.0119787863473,1424.0463219301673,1398.6966460858582,1435.3616546306564,returning_after_absence,continuing,1.1748687057644158,1.0311671035393637,0.68225523919531827,0.92625425161845754,1.1132657169860116,1.3432460362120218,0.099309872880644953,760,True,True,True,30.976597206678434,-0.24399901242313926,-0.22998031922601014,2.2060358093037795
1134,2023-2024,2024-05-19,Chelsea,Bournemouth,Chelsea,Bournemouth,1566.657325340675,1486.5408313321905,1572.8297401814425,1480.368416491423,continuing,continuing,1.4044440965748646,0.75148874684895894,0.80746178970592253,0.74016146888534307,1.0153037930773057,1.3567367473321075,0.099309872880644953,760,True,True,True,29.961225160091317,0.067300320820579462,-0.3414329542548018,2.1559328434238236
1135,2023-2024,2024-05-19,Crystal Palace,Aston Villa,Crystal Palace,Aston Villa,1504.2125544835696,1587.8868444626587,1514.892902680934,1577.2064962652944,continuing,continuing,0.91613158179308407,1.0670281878504262,0.8687064801684935,1.0962305205033938,0.97336113882365016,0.8226174252812386,0.099309872880644953,760,True,True,True,-49.924400476681512,-0.22752404033490026,0.15074371354241156,1.9831597696435104
1136,2023-2024,2024-05-19,Liverpool,Wolves,Liverpool,Wolves,1658.561829910059,1464.7352086685014,1662.3276797972346,1460.9693587813258,continuing,continuing,2.5083191994794234,0.69571436289079414,1.6008525791430823,0.71240954319318572,0.97656519278565546,1.2222064562163653,0.099309872880644953,760,True,True,True,123.48142209718935,0.8884430359498966,-0.2456412634307098,3.2040335623702174
1137,2023-2024,2024-05-19,Luton Town,Fulham,Luton Town,Fulham,1405.1746436801775,1480.3837409989737,1395.6121172852233,1489.9462673939279,new_to_dataset,continuing,1.38901489655197,1.107870039308908,1,1.107870039308908,1,1.0834777932419379,0.099309872880644953,760,True,False,True,3.0790828259025602,-0.10787003930890804,-0.083477793241937936,2.4968849358608782
1138,2023-2024,2024-05-19,Manchester City,West Ham,Manchester City,West Ham,1733.1229245271329,1495.8671817634904,1736.1832385860439,1492.8068677045794,continuing,continuing,2.709592941625842,0.63184465587418848,1.7694384347723142,1.0050771574749329,0.62865288617401194,1.1944877684373445,0.099309872880644953,760,True,True,True,178.27117224450672,0.76436127729738135,-0.56583488226333256,3.3414375975000303
1139,2023-2024,2024-05-19,Sheffield United,Tottenham,Sheffield United,Tottenham,1358.3797228453575,1553.4407084225775,1352.0824297765387,1559.7380014913963,new_to_dataset,continuing,1.7892775492954234,1.4594442806321595,1,1.4594442806321595,1,1.3956959679988672,0.099309872880644953,760,True,False,True,-29.848339561595139,-0.45944428063215947,-0.39569596799886719,3.2487218299275828
1140,2024-2025,2024-08-16,Manchester Utd,Fulham,Manchester Utd,Fulham,1550.1301055100798,1492.4597005454459,1556.8670973818266,1485.7227086736991,continuing,continuing,1.7136288644750381,1.2585427628444126,1.1281614990545847,1.0331713629524435,1.2181355465059893,1.2482422952424785,-0.037767853439782451,1140,True,True,True,57.670404964633917,0.094990136102141243,-0.030106748736489219,2.9721716273194509
1141,2024-2025,2024-08-17,Arsenal,Wolves,Arsenal,Wolves,1651.5311779158571,1470.7270190859945,1655.5315433523388,1466.7266536495129,continuing,continuing,2.7713261192547076,0.48866236539364855,1.6656835798948395,0.81871382889354283,0.59686589886243291,1.367251882564706,-0.037767853439782451,1140,True,True,True,180.80415882986267,0.84696975100129668,-0.77038598370227307,3.259988484648356
1142,2024-2025,2024-08-17,Everton,Brighton,Everton,Brighton,1490.3437213945704,1498.2229426837816,1478.8547179288503,1509.7119461495017,continuing,continuing,1.0564368929237504,0.86152152797980253,0.70598940044816116,0.84466812799807633,1.0199526884264829,1.2296988819338668,-0.037767853439782451,1140,True,True,True,-7.879221289211273,-0.13867872754991517,-0.20974619350738388,1.917958420903553
1143,2024-2025,2024-08-17,Ipswich Town,Liverpool,Ipswich Town,Liverpool,1500,1621.7457598479259,1491.7587090694205,1629.9870507785054,new_to_dataset,continuing,1.1954650682314787,1.5273560727254278,1,1.5273560727254278,1,0.98240438000243302,-0.037767853439782451,1140,True,False,True,-121.74575984792591,-0.52735607272542784,0.01759561999756698,2.7228211409569063
1144,2024-2025,2024-08-17,Newcastle,Southampton,Newcastle,Southampton,1547.6729321952121,1500,1554.6694017468585,1493.0035304483536,continuing,returning_after_absence,3.0950593189902249,1.0501822552006885,1.5677981677996353,0.78470461595014696,1.3383153786206448,1.6223039441810847,-0.037767853439782451,1140,True,True,True,47.67293219521207,0.78309355184948837,-0.28398856556043994,4.1452415741909139
1145,2024-2025,2024-08-17,Nottingham,Bournemouth,Nottingham,Bournemouth,1451.5212409729922,1485.2763123685672,1450.7672847198437,1486.0302686217158,continuing,continuing,1.5020943234361672,1.3813180097470332,0.93128542364986888,0.97608528012308871,1.4151611932646324,1.3254635799205101,-0.037767853439782451,1140,True,True,True,-33.755071395574987,-0.044799856473219823,0.089697613344122296,2.8834123331832004
1146,2024-2025,2024-08-17,West Ham,Aston Villa,West Ham,Aston Villa,1494.6051507784346,1557.9048721989707,1484.7001215399259,1567.8099014374793,continuing,continuing,1.7647251020678878,2.0851753012927574,1.0774060755996062,1.2962794128597652,1.6085847546499119,1.3460185424613731,-0.037767853439782451,1140,True,True,True,-63.299721420536116,-0.21887333726015901,0.26256621218853882,3.8499004033606452
1147,2024-2025,2024-08-18,Brentford,Crystal Palace,Brentford,Crystal Palace,1477.5956263903508,1511.1696770107005,1486.8364897618028,1501.9288136392486,continuing,continuing,1.3975107331440022,1.5927905840052923,1.02926784610278,1.2208733550151938,1.3046321123008455,1.1157840420996981,-0.037767853439782451,1140,True,True,True,-33.574050620349681,-0.19160550891241379,0.18884807020114747,2.9903013171492945
1148,2024-2025,2024-08-18,Chelsea,Manchester City,Chelsea,Manchester City,1554.6223051360819,1677.137428939533,1546.402464962152,1685.3572691134632,continuing,continuing,1.1690956330495106,2.4090196199340381,1.4944101521844186,1.802963357052124,1.3361445259058546,0.64288549721175958,-0.037767853439782451,1140,True,True,True,-122.51512380345116,-0.30855320486770532,0.69325902869409506,3.5781152529835487
1149,2024-2025,2024-08-19,Leicester City,Tottenham,Leicester City,Tottenham,1500,1544.8035011185473,1499.5628883137249,1545.2406128048224,returning_after_absence,continuing,1.5035743783306719,1.7261886373963269,0.92040633004723116,1.2696818540295267,1.3595442290665234,1.3424518548621838,-0.037767853439782451,1140,True,True,True,-44.803501118547274,-0.34927552398229555,0.017092374204339622,3.2297630157269985
1150,2024-2025,2024-08-24,Aston Villa,Arsenal,Aston Villa,Arsenal,1567.8099014374793,1655.5315433523388,1558.6061055137561,1664.7353392760619,continuing,continuing,0.94150361283857842,2.242040984411894,1.2962794128597652,1.6656835798948395,1.3460185424613731,0.59686589886243291,-0.037767853439782451,1140,True,True,True,-93.626305716886463,-0.36940416703507428,0.74915264359894018,3.1835445972504726
1151,2024-2025,2024-08-24,Brighton,Manchester Utd,Brighton,Manchester Utd,1509.7119461495017,1556.8670973818266,1519.3424100303557,1547.2366335009726,continuing,continuing,1.2520691762669363,1.387298934028258,0.84466812799807633,1.1281614990545847,1.2296988819338668,1.2181355465059893,-0.037767853439782451,1140,True,True,True,-51.90716282629819,-0.2834933710565084,0.011563335427877464,2.6393681102951945
1152,2024-2025,2024-08-24,Crystal Palace,West Ham,Crystal Palace,West Ham,1501.9288136392486,1484.7001215399259,1489.7418931878838,1496.8870419912907,continuing,continuing,2.3897978402111777,1.2021525060153015,1.2208733550151938,1.0774060755996062,1.1157840420996981,1.6085847546499119,-0.037767853439782451,1140,True,True,True,16.564526232265962,0.14346727941558757,-0.49280071255021385,3.5919503462264792
1153,2024-2025,2024-08-24,Fulham,Leicester City,Fulham,Leicester City,1485.7227086736991,1499.5628883137249,1494.401884588779,1490.883712398645,continuing,returning_after_absence,1.7092764189313068,1.148890109973862,1.0331713629524435,0.92040633004723116,1.2482422952424785,1.3595442290665234,-0.037767853439782451,1140,True,True,True,-7.5402994545540878,0.11276503290521234,-0.11130193382404485,2.8581665289051688
1154,2024-2025,2024-08-24,Manchester City,Ipswich Town,Manchester City,Ipswich Town,1685.3572691134632,1491.7587090694205,1689.1271336475854,1487.9888445352983,continuing,new_to_dataset,2.1939842253673945,0.64288549721175958,1.802963357052124,1,0.64288549721175958,1,-0.037767853439782451,1140,True,True,False,177.13742893953304,0.80296335705212396,-0.35711450278824042,2.8368697225791539
1155,2024-2025,2024-08-24,Southampton,Nottingham,Southampton,Nottingham,1493.0035304483536,1450.7672847198437,1480.1430245443441,1463.6277906238531,returning_after_absence,continuing,1.3513215991589373,1.5108280159455347,0.78470461595014696,0.93128542364986888,1.6223039441810847,1.4151611932646324,-0.037767853439782451,1140,True,True,True,48.478759027007754,-0.14658080769972193,0.20714275091645229,2.8621496151044719
1156,2024-2025,2024-08-24,Tottenham,Everton,Tottenham,Everton,1545.2406128048224,1478.8547179288503,1551.7553275095511,1472.3400032241216,continuing,continuing,1.5758741812426207,0.94775678014467502,1.2696818540295267,0.70598940044816116,1.3424518548621838,1.0199526884264829,-0.037767853439782451,1140,True,True,True,54.459779723976908,0.56369245358136555,0.32249916643570087,2.5236309613872958
1157,2024-2025,2024-08-25,Bournemouth,Newcastle,Bournemouth,Newcastle,1486.0302686217158,1554.6694017468585,1486.2788716270136,1554.4207987415607,continuing,continuing,1.5896182211899941,2.0780593720845211,0.97608528012308871,1.5677981677996353,1.3254635799205101,1.3383153786206448,-0.037767853439782451,1140,True,True,True,-62.396619826644837,-0.59171288767654662,-0.012851798700134642,3.6676775932745151
1158,2024-2025,2024-08-25,Liverpool,Brentford,Liverpool,Brentford,1629.9870507785054,1486.8364897618028,1634.7262163178566,1482.0973242224516,continuing,continuing,2.4247946236757651,1.0111572402070412,1.5273560727254278,1.02926784610278,0.98240438000243302,1.3046321123008455,-0.037767853439782451,1140,True,True,True,144.15013345757507,0.49808822662264784,-0.32222773229841251,3.4359518638828064
1159,2024-2025,2024-08-25,Wolves,Chelsea,Wolves,Chelsea,1466.7266536495129,1546.402464962152,1457.2923643820629,1555.8367542296019,continuing,continuing,1.3311658365616528,2.0432350938979553,0.81871382889354283,1.4944101521844186,1.367251882564706,1.3361445259058546,-0.037767853439782451,1140,True,True,True,-83.895286050087407,-0.67569632329087581,0.031107356658851337,3.3744009304596081
1160,2024-2025,2024-08-31,Arsenal,Brighton,Arsenal,Brighton,1664.7353392760619,1519.3424100303557,1659.4279853526489,1524.6497639537688,continuing,continuing,2.492515588224363,0.50415360145802035,1.6656835798948395,0.84466812799807633,0.59686589886243291,1.2296988819338668,-0.037767853439782451,1140,True,True,True,153.3082352320755,0.82101545189676317,-0.63283298307143387,2.9966691896823834
1161,2024-2025,2024-08-31,Brentford,Southampton,Brentford,Southampton,1482.0973242224516,1480.1430245443441,1490.3327991621968,1471.9075496045989,continuing,returning_after_absence,2.0319229249313242,1.0237508406392639,1.02926784610278,0.78470461595014696,1.3046321123008455,1.6223039441810847,-0.037767853439782451,1140,True,True,True,-22.404373609649156,0.24456323015263304,-0.31767183188023917,3.0556737655705879
1162,2024-2025,2024-08-31,Everton,Bournemouth,Everton,Bournemouth,1472.3400032241216,1486.2788716270136,1461.0219701802378,1497.5969046708974,continuing,continuing,1.138708546154571,0.99556080559506099,0.70598940044816116,0.97608528012308871,1.0199526884264829,1.3254635799205101,-0.037767853439782451,1140,True,True,True,5.0674090260031335,-0.27009587967492754,-0.30551089149402721,2.1342693517496318
1163,2024-2025,2024-08-31,Ipswich Town,Fulham,Ipswich Town,Fulham,1487.9888445352983,1494.401884588779,1486.4586027700652,1495.9321263540121,new_to_dataset,continuing,1.5189570517262674,1.0331713629524435,1,1.0331713629524435,1,1.2482422952424785,-0.037767853439782451,1140,True,False,True,7.5402994545540878,-0.033171362952443495,-0.24824229524247854,2.5521284146787107
1164,2024-2025,2024-08-31,Leicester City,Aston Villa,Leicester City,Aston Villa,1490.883712398645,1558.6061055137561,1481.1059441441714,1568.3838737682297,returning_after_absence,continuing,1.507569143632852,1.7623491950112351,0.92040633004723116,1.2962794128597652,1.3595442290665234,1.3460185424613731,-0.037767853439782451,1140,True,True,True,-57.904872198970679,-0.37587308281253407,0.0135256866051503,3.2699183386440871
1165,2024-2025,2024-08-31,Nottingham,Wolves,Nottingham,Wolves,1463.6277906238531,1457.2923643820629,1461.7413704403555,1459.1787845655606,continuing,continuing,1.5494513184821146,1.1586120390392423,0.93128542364986888,0.81871382889354283,1.4151611932646324,1.367251882564706,-0.037767853439782451,1140,True,True,True,-19.205778113002225,0.11257159475632605,0.047909310699926433,2.7080633575213566
1166,2024-2025,2024-08-31,West Ham,Manchester City,West Ham,Manchester City,1496.8870419912907,1689.1271336475854,1490.5194787945779,1695.4946968442982,continuing,continuing,0.84286816183852442,2.9002193693464724,1.0774060755996062,1.802963357052124,1.6085847546499119,0.64288549721175958,-0.037767853439782451,1140,True,True,True,-182.53227816109847,-0.72555728145251774,0.96569925743815233,3.7430875311849969
1167,2024-2025,2024-09-01,Chelsea,Crystal Palace,Chelsea,Crystal Palace,1555.8367542296019,1489.7418931878838,1552.3588301820384,1493.2198172354472,continuing,continuing,2.0290677837696092,1.6312632501278663,1.4944101521844186,1.2208733550151938,1.3361445259058546,1.1157840420996981,-0.037767853439782451,1140,True,True,True,43.452628125381352,0.27353679716922485,0.22036048380615658,3.6603310338974753
1168,2024-2025,2024-09-01,Manchester Utd,Liverpool,Manchester Utd,Liverpool,1547.2366335009726,1634.7262163178566,1538.0262003696917,1643.9366494491376,continuing,continuing,1.3486776634434166,1.8605267243586305,1.1281614990545847,1.5273560727254278,1.2181355465059893,0.98240438000243302,-0.037767853439782451,1140,True,True,True,-71.615654337846081,-0.3991945736708431,0.2357311665035563,3.2092043878020471
1169,2024-2025,2024-09-01,Newcastle,Tottenham,Newcastle,Tottenham,1554.4207987415607,1551.7553275095511,1562.6364490239484,1543.5396772271633,continuing,continuing,2.561152698044066,1.6992347512032882,1.5677981677996353,1.2696818540295267,1.3383153786206448,1.3424518548621838,-0.037767853439782451,1140,True,True,True,2.8694310766647959,0.29811631377010861,-0.0041364762415390111,4.2603874492473537
1170,2024-2025,2024-09-14,Aston Villa,Everton,Aston Villa,Everton,1568.3838737682297,1461.0219701802378,1573.9077830451677,1455.4980609032998,continuing,continuing,1.6088859204524335,0.95027482378441253,1.2962794128597652,0.70598940044816116,1.3460185424613731,1.0199526884264829,-0.037767853439782451,1140,True,True,True,67.561150804400313,0.59029001241160406,0.32606585403489019,2.5591607442368458
1171,2024-2025,2024-09-14,Bournemouth,Chelsea,Bournemouth,Chelsea,1497.5969046708974,1552.3588301820384,1487.4461521896885,1562.5095826632473,continuing,continuing,1.5870397355160815,1.9807862301839139,0.97608528012308871,1.4944101521844186,1.3254635799205101,1.3361445259058546,-0.037767853439782451,1140,True,True,True,-69.345992767514645,-0.51832487206132993,-0.010680945985344525,3.5678259656999955
1172,2024-2025,2024-09-14,Brighton,Ipswich Town,Brighton,Ipswich Town,1524.6497639537688,1486.4586027700652,1521.8965106662693,1489.2118560575648,continuing,new_to_dataset,1.0278570228561836,1.2296988819338668,0.84466812799807633,1,1.2296988819338668,1,-0.037767853439782451,1140,True,True,False,-1.7770573162183609,-0.15533187200192367,0.22969888193386678,2.2575559047900504
1173,2024-2025,2024-09-14,Crystal Palace,Leicester City,Crystal Palace,Leicester City,1493.2198172354472,1481.1059441441714,1491.1735148722125,1483.1522465074061,continuing,returning_after_absence,2.0198101796643346,1.0269746953142485,1.2208733550151938,0.92040633004723116,1.1157840420996981,1.3595442290665234,-0.037767853439782451,1140,True,True,True,11.169677010700525,0.30046702496796263,-0.24376018696682533,3.0467848749785831
1174,2024-2025,2024-09-14,Fulham,West Ham,Fulham,West Ham,1495.9321263540121,1490.5194787945779,1494.0713335070736,1492.3802716415164,continuing,continuing,2.0223806847853281,1.3448638327146438,1.0331713629524435,1.0774060755996062,1.2482422952424785,1.6085847546499119,-0.037767853439782451,1140,True,True,True,-2.1454502329886509,-0.044234712647162722,-0.36034245940743337,3.3672445174999721
1175,2024-2025,2024-09-14,Liverpool,Nottingham,Liverpool,Nottingham,1643.9366494491376,1461.7413704403555,1627.9114493002621,1477.7665705892309,continuing,continuing,2.6302244293304424,0.91489887922605262,1.5273560727254278,0.93128542364986888,0.98240438000243302,1.4151611932646324,-0.037767853439782451,1140,True,True,True,170.22451887493366,0.59607064907555896,-0.43275681326219939,3.5451233085564953
1176,2024-2025,2024-09-14,Manchester City,Brentford,Manchester City,Brentford,1695.4946968442982,1490.3327991621968,1699.0651331247145,1486.7623628817805,continuing,continuing,2.8623422742957985,0.66170137100586257,1.802963357052124,1.02926784610278,0.64288549721175958,1.3046321123008455,-0.037767853439782451,1140,True,True,True,199.54180254918219,0.77369551094934397,-0.66174661508908594,3.5240436453016608
1177,2024-2025,2024-09-14,Southampton,Manchester Utd,Southampton,Manchester Utd,1471.9075496045989,1538.0262003696917,1462.0836403260207,1547.8501096482698,returning_after_absence,continuing,1.1631840122039041,1.8302208495894978,0.78470461595014696,1.1281614990545847,1.6223039441810847,1.2181355465059893,-0.037767853439782451,1140,True,True,True,-50.130105510079829,-0.34345688310443778,0.40416839767509538,2.9934048617934019
1178,2024-2025,2024-09-15,Tottenham,Arsenal,Tottenham,Arsenal,1543.5396772271633,1659.4279853526489,1535.1345396144318,1667.8331229653804,continuing,continuing,0.92218548012511437,2.2361000114433098,1.2696818540295267,1.6656835798948395,1.3424518548621838,0.59686589886243291,-0.037767853439782451,1140,True,True,True,-106.72767679730987,-0.39600172586531279,0.74558595599975086,3.1582854915684244
1179,2024-2025,2024-09-15,Wolves,Newcastle,Wolves,Newcastle,1459.1787845655606,1562.6364490239484,1450.4231141461762,1571.3921194433328,continuing,continuing,1.333328600330173,2.1435749964055484,0.81871382889354283,1.5677981677996353,1.367251882564706,1.3383153786206448,-0.037767853439782451,1140,True,True,True,-76.945913109217599,-0.7490843389060925,0.02893650394406122,3.4769035967357214
1180,2024-2025,2024-09-21,Aston Villa,Wolves,Aston Villa,Wolves,1573.9077830451677,1450.4231141461762,1579.0684224662766,1445.2624747250672,continuing,continuing,2.1567199425338792,1.1020039946602564,1.2962794128597652,0.81871382889354283,1.3460185424613731,1.367251882564706,-0.037767853439782451,1140,True,True,True,87.177853112976209,0.4775655839662224,-0.021233340103332887,3.2587239371941354
1181,2024-2025,2024-09-21,Crystal Palace,Manchester Utd,Crystal Palace,Manchester Utd,1491.1735148722125,1547.8501096482698,1491.0778624979885,1547.9457620224939,continuing,continuing,1.809726027621118,1.2587845975563792,1.2208733550151938,1.1281614990545847,1.1157840420996981,1.2181355465059893,-0.037767853439782451,1140,True,True,True,-38.960428499379304,0.092711855960609046,-0.10235150440629126,3.0685106251774972
1182,2024-2025,2024-09-21,Fulham,Newcastle,Fulham,Newcastle,1494.0713335070736,1571.3921194433328,1504.569453202784,1560.8939997476225,continuing,continuing,1.682586611647086,1.9569919834511693,1.0331713629524435,1.5677981677996353,1.2482422952424785,1.3383153786206448,-0.037767853439782451,1140,True,True,True,-55.213231649766158,-0.53462680484719183,-0.090073083378166219,3.6395785950982553
1183,2024-2025,2024-09-21,Leicester City,Everton,Leicester City,Everton,1483.1522465074061,1455.4980609032998,1480.6815547892861,1457.9687526214198,returning_after_absence,continuing,1.1423685131598134,0.95982381516143234,0.92040633004723116,0.70598940044816116,1.3595442290665234,1.0199526884264829,-0.037767853439782451,1140,True,True,True,9.6562786054296339,0.21441692959906999,0.33959154064004049,2.1021923283212458
1184,2024-2025,2024-09-21,Liverpool,Bournemouth,Liverpool,Bournemouth,1627.9114493002621,1487.4461521896885,1632.7067394830044,1482.6508620069462,continuing,continuing,2.4635120752938739,0.95891045444882417,1.5273560727254278,0.97608528012308871,0.98240438000243302,1.3254635799205101,-0.037767853439782451,1140,True,True,True,136.46944747935868,0.55127079260233913,-0.3430591999180771,3.4224225297426982
1185,2024-2025,2024-09-21,Southampton,Ipswich Town,Southampton,Ipswich Town,1462.0836403260207,1489.2118560575648,1461.1403273448736,1490.1551690387118,returning_after_absence,new_to_dataset,0.95488881803038739,1.6223039441810847,0.78470461595014696,1,1.6223039441810847,1,-0.037767853439782451,1140,True,True,False,0,-0.21529538404985304,0.6223039441810847,2.5771927622114719
1186,2024-2025,2024-09-21,Tottenham,Brentford,Tottenham,Brentford,1535.1345396144318,1486.7623628817805,1542.1127099713183,1479.784192524894,continuing,continuing,2.0157170868059486,1.3817425291506817,1.2696818540295267,1.02926784610278,1.3424518548621838,1.3046321123008455,-0.037767853439782451,1140,True,True,True,67.20787472819643,0.24041400792674672,0.037819742561338243,3.3974596159566302
1187,2024-2025,2024-09-21,West Ham,Chelsea,West Ham,Chelsea,1492.3802716415164,1562.5095826632473,1482.6717340736507,1572.2181202311131,continuing,continuing,1.7517795709893238,2.4038853879979105,1.0774060755996062,1.4944101521844186,1.6085847546499119,1.3361445259058546,-0.037767853439782451,1140,True,True,True,-60.017154357647314,-0.41700407658481242,0.27244022874405727,4.1556649589872343
1188,2024-2025,2024-09-22,Brighton,Nottingham,Brighton,Nottingham,1521.8965106662693,1477.7665705892309,1518.9860381167098,1480.6770431387904,continuing,continuing,1.4545833709705895,1.1452006442235512,0.84466812799807633,0.93128542364986888,1.2296988819338668,1.4151611932646324,-0.037767853439782451,1140,True,True,True,46.701701710789393,-0.086617295651792547,-0.18546231133076563,2.5997840151941407
1189,2024-2025,2024-09-22,Manchester City,Arsenal,Manchester City,Arsenal,1699.0651331247145,1667.8331229653804,1696.4979982329542,1670.4002578571408,continuing,continuing,1.3095143667639084,1.0708438164581575,1.802963357052124,1.6656835798948395,0.64288549721175958,0.59686589886243291,-0.037767853439782451,1140,True,True,True,25.606251023675895,0.13727977715728445,0.046019598349326674,2.3803581832220662
1190,2024-2025,2024-09-28,Arsenal,Leicester City,Arsenal,Leicester City,1670.4002578571408,1480.6815547892861,1674.2389247286683,1476.8428879177586,continuing,returning_after_absence,2.7557032324040343,0.54935915150231374,1.6656835798948395,0.92040633004723116,0.59686589886243291,1.3595442290665234,-0.037767853439782451,1140,True,True,True,151.53117791585714,0.74527724984760835,-0.76267833020409048,3.305062383906348
1191,2024-2025,2024-09-28,Brentford,West Ham,Brentford,West Ham,1479.784192524894,1482.6717340736507,1478.1550118895257,1484.300914709019,continuing,continuing,2.0147397479934543,1.4056185642152788,1.02926784610278,1.0774060755996062,1.3046321123008455,1.6085847546499119,-0.037767853439782451,1140,True,True,True,-17.009524388083719,-0.048138229496826224,-0.30395264234906638,3.4203583122087329
1192,2024-2025,2024-09-28,Chelsea,Brighton,Chelsea,Brighton,1572.2181202311131,1518.9860381167098,1579.0697275091204,1512.1344308387024,continuing,continuing,2.2362234006986901,1.1285986954317755,1.4944101521844186,0.84466812799807633,1.3361445259058546,1.2296988819338668,-0.037767853439782451,1140,True,True,True,56.399362452300238,0.6497420241863423,0.10644564397198786,3.3648220961304656
1193,2024-2025,2024-09-28,Everton,Crystal Palace,Everton,Crystal Palace,1457.9687526214198,1491.0778624979885,1467.1963124013007,1481.8503027181075,continuing,continuing,0.95857241470038335,1.2452330606760067,0.70598940044816116,1.2208733550151938,1.0199526884264829,1.1157840420996981,-0.037767853439782451,1140,True,True,True,-20.825955616130159,-0.51488395456703262,-0.095831353673215158,2.2038054753763898
1194,2024-2025,2024-09-28,Newcastle,Manchester City,Newcastle,Manchester City,1560.8939997476225,1696.4979982329542,1563.0363489719339,1694.3556490086428,continuing,continuing,1.2265079896562334,2.4129335878323621,1.5677981677996353,1.802963357052124,1.3383153786206448,0.64288549721175958,-0.037767853439782451,1140,True,True,True,-129.46449674432097,-0.23516518925248864,0.69542988140888518,3.6394415774885953
1195,2024-2025,2024-09-28,Nottingham,Fulham,Nottingham,Fulham,1480.6770431387904,1504.569453202784,1469.6415086139045,1515.6049877276698,continuing,continuing,1.4145825614228527,1.4621040188426266,0.93128542364986888,1.0331713629524435,1.4151611932646324,1.2482422952424785,-0.037767853439782451,1140,True,True,True,-40.938459572453667,-0.10188593930257461,0.16691889802215387,2.8766865802654795
1196,2024-2025,2024-09-28,Wolves,Liverpool,Wolves,Liverpool,1445.2624747250672,1632.7067394830044,1438.7744935638127,1639.194720644259,continuing,continuing,0.97874378332027445,2.088280465780477,0.81871382889354283,1.5273560727254278,1.367251882564706,0.98240438000243302,-0.037767853439782451,1140,True,True,True,-151.01874076193144,-0.70864224383188501,0.38484750256227296,3.0670242491007516
1197,2024-2025,2024-09-29,Ipswich Town,Aston Villa,Ipswich Town,Aston Villa,1490.1551690387118,1579.0684224662766,1490.9854435890111,1578.2381479159774,new_to_dataset,continuing,1.6379386955709989,1.2962794128597652,1,1.2962794128597652,1,1.3460185424613731,-0.037767853439782451,1140,True,False,True,-57.904872198970679,-0.29627941285976522,-0.34601854246137309,2.9342181084307644
1198,2024-2025,2024-09-29,Manchester Utd,Tottenham,Manchester Utd,Tottenham,1547.9457620224939,1542.1127099713183,1536.0732905728223,1553.9851814209899,continuing,continuing,1.8429629058619694,1.5466445991469953,1.1281614990545847,1.2696818540295267,1.2181355465059893,1.3424518548621838,-0.037767853439782451,1140,True,True,True,5.3266043915325554,-0.14152035497494198,-0.12431630835619445,3.3896075050089647
1199,2024-2025,2024-09-30,Bournemouth,Southampton,Bournemouth,Southampton,1482.6508620069462,1461.1403273448736,1490.3469157175634,1453.4442736342564,continuing,returning_after_absence,1.9269328823199896,1.0400973894374308,0.97608528012308871,0.78470461595014696,1.3254635799205101,1.6223039441810847,-0.037767853439782451,1140,True,True,True,-14.723687631432767,0.19138066417294175,-0.29684036426057459,2.9670302717574204
1200,2024-2025,2024-10-05,Arsenal,Southampton,Arsenal,Southampton,1674.2389247286683,1453.4442736342564,1677.553008175973,1450.1301901869517,continuing,returning_after_absence,3.2882992162683666,0.46836342594058467,1.6656835798948395,0.78470461595014696,0.59686589886243291,1.6223039441810847,-0.037767853439782451,1140,True,True,True,151.53117791585714,0.88097896394469255,-1.0254380453186518,3.7566626422089513
1201,2024-2025,2024-10-05,Brentford,Wolves,Brentford,Wolves,1478.1550118895257,1438.7744935638127,1485.3701510234266,1431.5593544299118,continuing,continuing,1.7124722246429023,1.0681203519592959,1.02926784610278,0.81871382889354283,1.3046321123008455,1.367251882564706,-0.037767853439782451,1140,True,True,True,6.8686073043563738,0.21055401720923717,-0.062619770263860453,2.7805925766021984
1202,2024-2025,2024-10-05,Crystal Palace,Liverpool,Crystal Palace,Liverpool,1481.8503027181075,1639.194720644259,1474.5810171341941,1646.4640062281724,continuing,continuing,1.4595114486552332,1.7041995325510984,1.2208733550151938,1.5273560727254278,1.1157840420996981,0.98240438000243302,-0.037767853439782451,1140,True,True,True,-110.57608283722539,-0.30648271771023405,0.13337966209726504,3.1637109812063313
1203,2024-2025,2024-10-05,Everton,Newcastle,Everton,Newcastle,1467.1963124013007,1563.0363489719339,1468.2242280934249,1562.0084332798097,continuing,continuing,1.1497495534179913,1.5990799561573521,0.70598940044816116,1.5677981677996353,1.0199526884264829,1.3383153786206448,-0.037767853439782451,1140,True,True,True,-57.329210800641704,-0.86180876735147416,-0.31836269019416186,2.7488295095753434
1204,2024-2025,2024-10-05,Leicester City,Bournemouth,Leicester City,Bournemouth,1476.8428879177586,1490.3469157175634,1485.512558614525,1481.677245020797,returning_after_absence,continuing,1.4845471522578533,1.3270311096681262,0.92040633004723116,0.97608528012308871,1.3595442290665234,1.3254635799205101,-0.037767853439782451,1140,True,True,True,14.723687631432767,-0.055678950075857547,0.034080649146013275,2.8115782619259795
1205,2024-2025,2024-10-05,Manchester City,Fulham,Manchester City,Fulham,1694.3556490086428,1515.6049877276698,1698.3939780383557,1511.5666586979569,continuing,continuing,2.7386239051983878,0.66421088537663298,1.802963357052124,1.0331713629524435,0.64288549721175958,1.2482422952424785,-0.037767853439782451,1140,True,True,True,184.67772839408713,0.76979199409968047,-0.60535679803071896,3.4028347905750209
1206,2024-2025,2024-10-05,West Ham,Ipswich Town,West Ham,Ipswich Town,1484.300914709019,1490.9854435890111,1492.7783049538536,1482.5080533441765,continuing,new_to_dataset,1.3110704246620961,1.6085847546499119,1.0774060755996062,1,1.6085847546499119,1,-0.037767853439782451,1140,True,True,False,-5.3948492215654369,0.077406075599606217,0.60858475464991191,2.919655179312008
1207,2024-2025,2024-10-06,Aston Villa,Manchester Utd,Aston Villa,Manchester Utd,1578.2381479159774,1536.0732905728223,1575.379528718154,1538.9319097706457,continuing,continuing,1.9215019992737439,1.5185262966184898,1.2962794128597652,1.1281614990545847,1.3460185424613731,1.2181355465059893,-0.037767853439782451,1140,True,True,True,7.7747666888908498,0.16811791380518049,0.12788299595538377,3.4400282958922337
1208,2024-2025,2024-10-06,Brighton,Tottenham,Brighton,Tottenham,1512.1344308387024,1553.9851814209899,1521.6125280823924,1544.5070841772999,continuing,continuing,1.379848566866406,1.561326356311828,0.84466812799807633,1.2696818540295267,1.2296988819338668,1.3424518548621838,-0.037767853439782451,1140,True,True,True,-46.580558434765635,-0.42501372603145038,-0.11275297292831699,2.941174923178234
1209,2024-2025,2024-10-06,Chelsea,Nottingham,Chelsea,Nottingham,1579.0697275091204,1469.6415086139045,1574.5462059881593,1474.1650301348657,continuing,continuing,2.5734890245344189,1.2443319208656871,1.4944101521844186,0.93128542364986888,1.3361445259058546,1.4151611932646324,-0.037767853439782451,1140,True,True,True,103.10106416308963,0.56312472853454976,-0.07901666735877777,3.817820945400106
1210,2024-2025,2024-10-19,Bournemouth,Arsenal,Bournemouth,Arsenal,1481.677245020797,1677.553008175973,1495.4001703761344,1663.8300828206357,continuing,continuing,0.70894269287748246,2.2078029208222252,0.97608528012308871,1.6656835798948395,1.3254635799205101,0.59686589886243291,-0.037767853439782451,1140,True,True,True,-166.25486554728991,-0.6895982997717508,0.72859768105807721,2.9167456136997076
1211,2024-2025,2024-10-19,Fulham,Aston Villa,Fulham,Aston Villa,1511.5666586979569,1575.379528718154,1501.6763975133756,1585.2697899027353,continuing,continuing,1.6922713545356363,1.6180707895836457,1.0331713629524435,1.2962794128597652,1.2482422952424785,1.3460185424613731,-0.037767853439782451,1140,True,True,True,-65.445171653524767,-0.26310804990732173,-0.097776247218894552,3.3103421441192822
1212,2024-2025,2024-10-19,Ipswich Town,Everton,Ipswich Town,Everton,1482.5080533441765,1468.2242280934249,1470.4019871587286,1480.3302942788728,new_to_dataset,continuing,1.2411567324848714,0.70598940044816116,1,0.70598940044816116,1,1.0199526884264829,-0.037767853439782451,1140,True,False,True,9.6562786054296339,0.29401059955183884,-0.019952688426482901,1.9471461329330326
1213,2024-2025,2024-10-19,Manchester Utd,Brentford,Manchester Utd,Brentford,1538.9319097706457,1485.3701510234266,1545.7749713191506,1478.5270894749217,continuing,continuing,1.7910426955413163,1.2537877502134525,1.1281614990545847,1.02926784610278,1.2181355465059893,1.3046321123008455,-0.037767853439782451,1140,True,True,True,72.534479119728985,0.098893652951804745,-0.086496565794856206,3.0448304457547688
1214,2024-2025,2024-10-19,Newcastle,Brighton,Newcastle,Brighton,1562.0084332798097,1521.6125280823924,1549.1966357746817,1534.4243255875203,continuing,continuing,2.3460406403699423,1.1304323455305367,1.5677981677996353,0.84466812799807633,1.3383153786206448,1.2296988819338668,-0.037767853439782451,1140,True,True,True,49.449989511430431,0.72313003980155899,0.10861649668677797,3.4764729859004788
1215,2024-2025,2024-10-19,Southampton,Leicester City,Southampton,Leicester City,1450.1301901869517,1485.512558614525,1439.4228211711732,1496.2199276303036,returning_after_absence,returning_after_absence,1.2982135819533667,1.4931788194848603,0.78470461595014696,0.92040633004723116,1.6223039441810847,1.3595442290665234,-0.037767853439782451,1140,True,True,True,0,-0.1357017140970842,0.26275971511456131,2.7913924014382268
1216,2024-2025,2024-10-19,Tottenham,West Ham,Tottenham,West Ham,1544.5070841772999,1492.7783049538536,1551.3977239794108,1485.8876651517428,continuing,continuing,2.4853380082795935,1.4463657846284776,1.2696818540295267,1.0774060755996062,1.3424518548621838,1.6085847546499119,-0.037767853439782451,1140,True,True,True,50.198350340112711,0.1922757784299205,-0.26613289978772814,3.9317037929080714
1217,2024-2025,2024-10-20,Liverpool,Chelsea,Liverpool,Chelsea,1646.4640062281724,1574.5462059881593,1652.8396244599553,1568.1705877563763,continuing,continuing,2.4833637255459582,1.4681150790260753,1.5273560727254278,1.4944101521844186,0.98240438000243302,1.3361445259058546,-0.037767853439782451,1140,True,True,True,67.123454711844033,0.032945920541009199,-0.35374014590342162,3.9514788045720337
1218,2024-2025,2024-10-20,Wolves,Manchester City,Wolves,Manchester City,1431.5593544299118,1698.3939780383557,1426.8964495845191,1703.0568828837484,continuing,continuing,0.64049000247862797,2.4651050441246984,0.81871382889354283,1.802963357052124,1.367251882564706,0.64288549721175958,-0.037767853439782451,1140,True,True,True,-206.41040985353857,-0.98424952815858113,0.7243663853529464,3.1055950466033266
1219,2024-2025,2024-10-21,Nottingham,Crystal Palace,Nottingham,Crystal Palace,1474.1650301348657,1474.5810171341941,1482.4666819106305,1466.2793653584292,continuing,continuing,1.2644729747452816,1.7277325939082968,0.93128542364986888,1.2208733550151938,1.4151611932646324,1.1157840420996981,-0.037767853439782451,1140,True,True,True,-59.648436037708279,-0.2895879313653249,0.29937715116493435,2.9922055686535787
1220,2024-2025,2024-10-25,Leicester City,Nottingham,Leicester City,Nottingham,1496.2199276303036,1482.4666819106305,1484.1284600742044,1494.5581494667297,returning_after_absence,continuing,1.5850103701625871,1.2661237233369516,0.92040633004723116,0.93128542364986888,1.3595442290665234,1.4151611932646324,-0.037767853439782451,1140,True,True,True,48.478759027007754,-0.010879093602637724,-0.05561696419810902,2.8511340934995388
1221,2024-2025,2024-10-26,Aston Villa,Bournemouth,Aston Villa,Bournemouth,1585.2697899027353,1495.4001703761344,1581.205222042307,1499.4647382365627,continuing,continuing,2.0908025597702,1.3138288860692808,1.2962794128597652,0.97608528012308871,1.3460185424613731,1.3254635799205101,-0.037767853439782451,1140,True,True,True,72.628559830403447,0.32019413273667652,0.020554962540862975,3.4046314458394811
1222,2024-2025,2024-10-26,Brentford,Ipswich Town,Brentford,Ipswich Town,1478.5270894749217,1470.4019871587286,1486.591039999098,1462.3380366345523,continuing,new_to_dataset,1.2524921314649267,1.3046321123008455,1.02926784610278,1,1.3046321123008455,1,-0.037767853439782451,1140,True,True,False,-22.404373609649156,0.029267846102779993,0.30463211230084553,2.557124243765772
1223,2024-2025,2024-10-26,Brighton,Wolves,Brighton,Wolves,1534.4243255875203,1426.8964495845191,1529.944415715813,1431.3763594562265,continuing,continuing,1.4053394495074711,1.0067714800141847,0.84466812799807633,0.81871382889354283,1.2296988819338668,1.367251882564706,-0.037767853439782451,1140,True,True,True,27.495923597787169,0.025954299104533507,-0.1375530006308392,2.4121109295216558
1224,2024-2025,2024-10-26,Everton,Fulham,Everton,Fulham,1480.3302942788728,1501.6763975133756,1479.2223133278462,1502.7843784644022,continuing,continuing,1.0723675782547342,1.0537859092485984,0.70598940044816116,1.0331713629524435,1.0199526884264829,1.2482422952424785,-0.037767853439782451,1140,True,True,True,-2.1159791508755461,-0.32718196250428233,-0.22828960681599564,2.1261534875033323
1225,2024-2025,2024-10-26,Manchester City,Southampton,Manchester City,Southampton,1703.0568828837484,1439.4228211711732,1705.7439873684129,1436.7357166865086,continuing,returning_after_absence,3.5593092622846054,0.50447521718947308,1.802963357052124,0.78470461595014696,0.64288549721175958,1.6223039441810847,-0.037767853439782451,1140,True,True,True,177.13742893953304,1.018258741101977,-0.97941844696932512,4.0637844794740783
1226,2024-2025,2024-10-27,Arsenal,Liverpool,Arsenal,Liverpool,1663.8300828206357,1652.8396244599553,1661.8147813778819,1654.8549259027091,continuing,continuing,1.9912665344910381,0.91162675523025793,1.6656835798948395,1.5273560727254278,0.59686589886243291,0.98240438000243302,-0.037767853439782451,1140,True,True,True,29.785418067931232,0.13832750716941167,-0.38553848114000011,2.902893289721296
1227,2024-2025,2024-10-27,Chelsea,Newcastle,Chelsea,Newcastle,1568.1705877563763,1549.1966357746817,1575.9358900108698,1541.4313335201882,continuing,continuing,2.433743911745188,2.0948049396307113,1.4944101521844186,1.5677981677996353,1.3361445259058546,1.3383153786206448,-0.037767853439782451,1140,True,True,True,6.9493729408698073,-0.073388015615216684,-0.0021708527147901169,4.5285488513758994
1228,2024-2025,2024-10-27,Crystal Palace,Tottenham,Crystal Palace,Tottenham,1466.2793653584292,1551.3977239794108,1477.0010728716172,1540.6760164662228,continuing,continuing,1.9944168524930213,1.4166907512697042,1.2208733550151938,1.2696818540295267,1.1157840420996981,1.3424518548621838,-0.037767853439782451,1140,True,True,True,-33.633824107846749,-0.048808499014332929,-0.22666781276248571,3.4111076037627255
1229,2024-2025,2024-10-27,West Ham,Manchester Utd,West Ham,Manchester Utd,1485.8876651517428,1545.7749713191506,1495.8844215626191,1535.7782149082743,continuing,continuing,1.5970614882536016,1.8147433881621959,1.0774060755996062,1.1281614990545847,1.6085847546499119,1.2181355465059893,-0.037767853439782451,1140,True,True,True,-55.524954731645266,-0.050755423454978521,0.39044920814392259,3.4118048764157978
1230,2024-2025,2024-11-02,Bournemouth,Manchester City,Bournemouth,Manchester City,1499.4647382365627,1705.7439873684129,1513.4426785187813,1691.7660470861942,continuing,continuing,0.76360364442638529,2.3897622657038093,0.97608528012308871,1.802963357052124,1.3254635799205101,0.64288549721175958,-0.037767853439782451,1140,True,True,True,-191.86111657096581,-0.82687807692903526,0.68257808270875053,3.1533659101301947
1231,2024-2025,2024-11-02,Ipswich Town,Leicester City,Ipswich Town,Leicester City,1462.3380366345523,1484.1284600742044,1461.2426890350387,1485.2238076737181,new_to_dataset,returning_after_absence,1.6543977893916753,0.92040633004723116,1,0.92040633004723116,1,1.3595442290665234,-0.037767853439782451,1140,True,False,True,0,0.079593669952768842,-0.35954422906652339,2.5748041194389062
1232,2024-2025,2024-11-02,Liverpool,Brighton,Liverpool,Brighton,1654.8549259027091,1529.944415715813,1659.9841998759305,1524.8151417425915,continuing,continuing,2.2855234127226129,0.82980566859376592,1.5273560727254278,0.84466812799807633,0.98240438000243302,1.2296988819338668,-0.037767853439782451,1140,True,True,True,123.52281716414427,0.6826879447273515,-0.24729450193143376,3.115329081316379
1233,2024-2025,2024-11-02,Newcastle,Arsenal,Newcastle,Arsenal,1541.4313335201882,1661.8147813778819,1553.15201887544,1650.0940960226301,continuing,continuing,1.1387110097880937,2.2292099508891532,1.5677981677996353,1.6656835798948395,1.3383153786206448,0.59686589886243291,-0.037767853439782451,1140,True,True,True,-103.85824572064507,-0.097885412095204183,0.74144947975821185,3.3679209606772469
1234,2024-2025,2024-11-02,Nottingham,West Ham,Nottingham,West Ham,1494.5581494667297,1495.8844215626191,1502.885256909886,1487.5573141194627,continuing,continuing,1.8229441120294667,1.5247032675761034,0.93128542364986888,1.0774060755996062,1.4151611932646324,1.6085847546499119,-0.037767853439782451,1140,True,True,True,-43.083909805442318,-0.14612065194973733,-0.1934235613852795,3.3476473796055704
1235,2024-2025,2024-11-02,Southampton,Everton,Southampton,Everton,1436.7357166865086,1479.2223133278462,1446.2320669249027,1469.7259630894521,returning_after_absence,continuing,0.97394141709848014,1.145329388897091,0.78470461595014696,0.70598940044816116,1.6223039441810847,1.0199526884264829,-0.037767853439782451,1140,True,True,True,9.6562786054296339,0.078715215501985791,0.6023512557546018,2.1192708059955709
1236,2024-2025,2024-11-02,Wolves,Crystal Palace,Wolves,Crystal Palace,1431.3763594562265,1477.0010728716172,1430.9628413923044,1477.4145909355393,continuing,continuing,1.1116264513502496,1.6692413930176124,0.81871382889354283,1.2208733550151938,1.367251882564706,1.1157840420996981,-0.037767853439782451,1140,True,True,True,-40.442657924706054,-0.40215952612165096,0.25146784046500792,2.7808678443678621
1237,2024-2025,2024-11-03,Manchester Utd,Chelsea,Manchester Utd,Chelsea,1535.7782149082743,1575.9358900108698,1535.2077269972258,1576.5063779219183,continuing,continuing,1.8343039932466063,1.8203941274352655,1.1281614990545847,1.4944101521844186,1.2181355465059893,1.3361445259058546,-0.037767853439782451,1140,True,True,True,-4.4921996260020478,-0.3662486531298339,-0.11800897939986532,3.6546981206818718
1238,2024-2025,2024-11-03,Tottenham,Aston Villa,Tottenham,Aston Villa,1540.6760164662228,1581.205222042307,1550.116187905302,1571.7650506032278,continuing,continuing,2.0796610397792903,1.7401927022132544,1.2696818540295267,1.2962794128597652,1.3424518548621838,1.3460185424613731,-0.037767853439782451,1140,True,True,True,-13.101371080423405,-0.02659755883023851,-0.0035666875991893221,3.8198537419925449
1239,2024-2025,2024-11-04,Fulham,Brentford,Fulham,Brentford,1502.7843784644022,1486.591039999098,1510.6258510907874,1478.7495673727128,continuing,continuing,1.6402385867707296,1.2847756586386163,1.0331713629524435,1.02926784610278,1.2482422952424785,1.3046321123008455,-0.037767853439782451,1140,True,True,True,14.864074155095068,0.003903516849663502,-0.056389817058366987,2.9250142454093462
1240,2024-2025,2024-11-09,Brentford,Bournemouth,Brentford,Bournemouth,1478.7495673727128,1513.4426785187813,1488.0224619988569,1504.1697838926373,continuing,continuing,1.6601327043937719,1.2734322007927477,1.02926784610278,0.97608528012308871,1.3046321123008455,1.3254635799205101,-0.037767853439782451,1140,True,True,True,-7.6806859782163883,0.053182565979691288,-0.02083146761966459,2.9335649051865196
1241,2024-2025,2024-11-09,Brighton,Manchester City,Brighton,Manchester City,1524.8151417425915,1691.7660470861942,1537.7997535551876,1678.7814352735982,continuing,continuing,0.66079437320149659,2.2171020243347277,0.84466812799807633,1.802963357052124,1.2296988819338668,0.64288549721175958,-0.037767853439782451,1140,True,True,True,-178.9144862557514,-0.95829522905404763,0.5868133847221072,2.8778963975362242
1242,2024-2025,2024-11-09,Crystal Palace,Fulham,Crystal Palace,Fulham,1477.4145909355393,1510.6258510907874,1466.6450733604304,1521.3953686658963,continuing,continuing,1.8544541918650352,1.1527961195367316,1.2208733550151938,1.0331713629524435,1.1157840420996981,1.2482422952424785,-0.037767853439782451,1140,True,True,True,18.709976465254613,0.18770199206275029,-0.13245825314278048,3.0072503114017666
1243,2024-2025,2024-11-09,Liverpool,Aston Villa,Liverpool,Aston Villa,1659.9841998759305,1571.7650506032278,1665.959364729722,1565.7898857494363,continuing,continuing,2.5017156134323311,1.2734705729004157,1.5273560727254278,1.2962794128597652,0.98240438000243302,1.3460185424613731,-0.037767853439782451,1140,True,True,True,63.840887648955231,0.23107665986566261,-0.36361416245894007,3.7751861863327467
1244,2024-2025,2024-11-09,West Ham,Everton,West Ham,Everton,1487.5573141194627,1469.7259630894521,1485.3538836187731,1471.9293935901417,continuing,continuing,1.3372298043505555,1.1356437865053437,1.0774060755996062,0.70598940044816116,1.6085847546499119,1.0199526884264829,-0.037767853439782451,1140,True,True,True,4.261429383864197,0.37141667515144505,0.58863206622342901,2.4728735908558992
1245,2024-2025,2024-11-09,Wolves,Southampton,Wolves,Southampton,1430.9628413923044,1446.2320669249027,1439.6824527279109,1437.5124555892962,continuing,returning_after_absence,1.6162589788323884,1.0728888634150531,0.81871382889354283,0.78470461595014696,1.367251882564706,1.6223039441810847,-0.037767853439782451,1140,True,True,True,-29.272980914005529,0.034009212943395872,-0.25505206161637872,2.6891478422474417
1246,2024-2025,2024-11-10,Chelsea,Arsenal,Chelsea,Arsenal,1576.5063779219183,1650.0940960226301,1576.8972646218019,1649.7032093227465,continuing,continuing,1.0854083952781961,2.2255939971677572,1.4944101521844186,1.6656835798948395,1.3361445259058546,0.59686589886243291,-0.037767853439782451,1140,True,True,True,-96.908872779775265,-0.17127342771042087,0.73927862704342173,3.3110023924459533
1247,2024-2025,2024-11-10,Manchester Utd,Leicester City,Manchester Utd,Leicester City,1535.2077269972258,1485.2238076737181,1542.1438030363554,1478.2877316345885,continuing,returning_after_absence,1.8664278901127036,1.1211796678596559,1.1281614990545847,0.92040633004723116,1.2181355465059893,1.3595442290665234,-0.037767853439782451,1140,True,True,True,50.130105510079829,0.20775516900735358,-0.14140868256053407,2.9876075579723596
1248,2024-2025,2024-11-10,Nottingham,Newcastle,Nottingham,Newcastle,1502.885256909886,1553.15201887544,1492.6051850639867,1563.4320907213394,continuing,continuing,1.5166587476616704,2.2186871259414365,0.93128542364986888,1.5677981677996353,1.4151611932646324,1.3383153786206448,-0.037767853439782451,1140,True,True,True,-96.151691222219824,-0.63651274414976644,0.076845814643987653,3.7353458736031069
1249,2024-2025,2024-11-10,Tottenham,Ipswich Town,Tottenham,Ipswich Town,1550.116187905302,1461.2426890350387,1536.0755819634662,1475.2832949768745,continuing,new_to_dataset,1.5450463527614968,1.3424518548621838,1.2696818540295267,1,1.3424518548621838,1,-0.037767853439782451,1140,True,True,False,44.803501118547274,0.26968185402952671,0.34245185486218377,2.8874982076236808
1250,2024-2025,2024-11-23,Arsenal,Nottingham,Arsenal,Nottingham,1649.7032093227465,1492.6051850639867,1654.1581930367058,1488.1502013500274,continuing,continuing,2.8684350176159517,0.55585251148426063,1.6656835798948395,0.93128542364986888,0.59686589886243291,1.4151611932646324,-0.037767853439782451,1140,True,True,True,200.0099369428649,0.73439815624497062,-0.8182952944021995,3.4242875291002122
1251,2024-2025,2024-11-23,Aston Villa,Crystal Palace,Aston Villa,Crystal Palace,1565.7898857494363,1466.6450733604304,1561.5049043502383,1470.9300547596283,continuing,continuing,1.7600514768672073,1.6433181738474776,1.2962794128597652,1.2208733550151938,1.3460185424613731,1.1157840420996981,-0.037767853439782451,1140,True,True,True,46.735195188270154,0.075406057844571439,0.23023450036167503,3.4033696507146849
1252,2024-2025,2024-11-23,Bournemouth,Brighton,Bournemouth,Brighton,1504.1697838926373,1537.7997535551876,1493.4122474877959,1548.557289960029,continuing,continuing,1.4606062072706154,1.119576840781086,0.97608528012308871,0.84466812799807633,1.3254635799205101,1.2296988819338668,-0.037767853439782451,1140,True,True,True,-12.946630315214406,0.13141715212501237,0.095764697986643332,2.5801830480517012
1253,2024-2025,2024-11-23,Everton,Brentford,Everton,Brentford,1471.9293935901417,1488.0224619988569,1470.6723353342886,1489.27952025471,continuing,continuing,1.120812188558026,1.0498045067434658,0.70598940044816116,1.02926784610278,1.0199526884264829,1.3046321123008455,-0.037767853439782451,1140,True,True,True,12.748095004219522,-0.32327844565461883,-0.28467942387436262,2.1706166953014918
1254,2024-2025,2024-11-23,Fulham,Wolves,Fulham,Wolves,1521.3953686658963,1439.6824527279109,1507.5286355904659,1453.5491858033413,continuing,continuing,1.7189668064068084,1.0219532289248336,1.0331713629524435,0.81871382889354283,1.2482422952424785,1.367251882564706,-0.037767853439782451,1140,True,True,True,21.732681459451442,0.21445753405890067,-0.11900958732222744,2.7409200353316421
1255,2024-2025,2024-11-23,Leicester City,Chelsea,Leicester City,Chelsea,1478.2877316345885,1576.8972646218019,1469.394451351003,1585.7905449053874,returning_after_absence,continuing,1.4965100369316924,2.0317166982607513,0.92040633004723116,1.4944101521844186,1.3595442290665234,1.3361445259058546,-0.037767853439782451,1140,True,True,True,-54.622305136081877,-0.57400382213718748,0.02339970316066875,3.5282267351924439
1256,2024-2025,2024-11-23,Manchester City,Tottenham,Manchester City,Tottenham,1678.7814352735982,1536.0755819634662,1663.5298642642042,1551.3271529728602,continuing,continuing,2.9453181928828305,0.81626005002852098,1.802963357052124,1.2696818540295267,0.64288549721175958,1.3424518548621838,-0.037767853439782451,1140,True,True,True,132.33392782098576,0.53328150302259725,-0.69956635765042419,3.7615782429113516
1257,2024-2025,2024-11-24,Ipswich Town,Manchester Utd,Ipswich Town,Manchester Utd,1475.2832949768745,1542.1438030363554,1475.4807306117079,1541.9463674015219,new_to_dataset,continuing,1.4823208485851476,1.1281614990545847,1,1.1281614990545847,1,1.2181355465059893,-0.037767853439782451,1140,True,False,True,-50.130105510079829,-0.12816149905458474,-0.21813554650598932,2.6104823476397323
1258,2024-2025,2024-11-24,Southampton,Liverpool,Southampton,Liverpool,1437.5124555892962,1665.959364729722,1432.0134834979206,1671.4583368210976,returning_after_absence,continuing,0.93808695724839875,2.4778357809513931,0.78470461595014696,1.5273560727254278,1.6223039441810847,0.98240438000243302,-0.037767853439782451,1140,True,True,True,-121.74575984792591,-0.74265145677528088,0.63989956417865168,3.4159227381997921
1259,2024-2025,2024-11-25,Newcastle,West Ham,Newcastle,West Ham,1563.4320907213394,1485.3538836187731,1549.6546893896852,1499.1312849504272,continuing,continuing,3.0688856136498961,1.44190911999427,1.5677981677996353,1.0774060755996062,1.3383153786206448,1.6085847546499119,-0.037767853439782451,1140,True,True,True,53.067781416777507,0.49039209220002911,-0.27026937602926715,4.5107947336441665
1260,2024-2025,2024-11-29,Brighton,Southampton,Brighton,Southampton,1548.557289960029,1432.0134834979206,1543.8723902961005,1436.6983831618491,continuing,returning_after_absence,1.6674965022338142,0.96495038888224005,0.84466812799807633,0.78470461595014696,1.2296988819338668,1.6223039441810847,-0.037767853439782451,1140,True,True,True,-1.7770573162183609,0.059963512047929379,-0.39260506224721792,2.6324468911160541
1261,2024-2025,2024-11-30,Brentford,Leicester City,Brentford,Leicester City,1489.27952025471,1469.394451351003,1497.0199227014118,1461.6540489043011,continuing,returning_after_absence,1.7028184492843703,1.2007916545445885,1.02926784610278,0.92040633004723116,1.3046321123008455,1.3595442290665234,-0.037767853439782451,1140,True,True,True,-22.404373609649156,0.10886151605554883,-0.054912116765677865,2.9036101038289588
1262,2024-2025,2024-11-30,Crystal Palace,Newcastle,Crystal Palace,Newcastle,1470.9300547596283,1549.6546893896852,1471.4684718820918,1549.1162722672218,continuing,continuing,1.9882714865373017,1.7493241768639778,1.2208733550151938,1.5677981677996353,1.1157840420996981,1.3383153786206448,-0.037767853439782451,1140,True,True,True,-36.503255184511545,-0.34692481278444154,-0.2225313365209467,3.7375956634012795
1263,2024-2025,2024-11-30,Nottingham,Ipswich Town,Nottingham,Ipswich Town,1488.1502013500274,1475.4807306117079,1496.088582242061,1467.5423497196743,continuing,new_to_dataset,1.1332595977674844,1.4151611932646324,0.93128542364986888,1,1.4151611932646324,1,-0.037767853439782451,1140,True,True,False,-48.478759027007754,-0.068714576350131118,0.41516119326463241,2.5484207910321168
1264,2024-2025,2024-11-30,West Ham,Arsenal,West Ham,Arsenal,1499.1312849504272,1654.1581930367058,1491.8001582785935,1661.4893197085396,continuing,continuing,0.78253322748789356,2.6793932126895275,1.0774060755996062,1.6656835798948395,1.6085847546499119,0.59686589886243291,-0.037767853439782451,1140,True,True,True,-156.92602713742258,-0.58827750429523329,1.011718855787479,3.4619264401774208
1265,2024-2025,2024-11-30,Wolves,Bournemouth,Wolves,Bournemouth,1453.5491858033413,1493.4122474877959,1442.9702462449475,1503.9911870461897,continuing,continuing,1.320524689498455,1.3345544367919915,0.81871382889354283,0.97608528012308871,1.367251882564706,1.3254635799205101,-0.037767853439782451,1140,True,True,True,-14.549293282572762,-0.15737145122954588,0.041788302644195863,2.6550791262904463
1266,2024-2025,2024-12-01,Chelsea,Aston Villa,Chelsea,Aston Villa,1585.7905449053874,1561.5049043502383,1593.4111050253541,1553.8843442302716,continuing,continuing,2.4477522153170042,1.7320166415370306,1.4944101521844186,1.2962794128597652,1.3361445259058546,1.3460185424613731,-0.037767853439782451,1140,True,True,True,-3.282567062888802,0.19813073932465342,-0.00987401655551845,4.179768856854035
1267,2024-2025,2024-12-01,Liverpool,Manchester City,Liverpool,Manchester City,1671.4583368210976,1663.5298642642042,1679.5277352682147,1655.4604658170872,continuing,continuing,1.1948696361068296,1.7712390989518971,1.5273560727254278,1.802963357052124,0.98240438000243302,0.64288549721175958,-0.037767853439782451,1140,True,True,True,-55.391669091607127,-0.27560728432669612,0.33951888279067344,2.966108735058727
1268,2024-2025,2024-12-01,Manchester Utd,Everton,Manchester Utd,Everton,1541.9463674015219,1470.6723353342886,1548.3380915545149,1464.2806111812956,continuing,continuing,1.4002252398818225,0.85999078414235652,1.1281614990545847,0.70598940044816116,1.2181355465059893,1.0199526884264829,-0.037767853439782451,1140,True,True,True,59.786384115509463,0.42217209860642357,0.19818285807950642,2.2602160240241789
1269,2024-2025,2024-12-01,Tottenham,Fulham,Tottenham,Fulham,1551.3271529728602,1507.5286355904659,1548.4254139134021,1510.430374649924,continuing,continuing,1.9285922056270308,1.3869828125859982,1.2696818540295267,1.0331713629524435,1.3424518548621838,1.2482422952424785,-0.037767853439782451,1140,True,True,True,52.343800573101362,0.23651049107708322,0.09420955961970523,3.3155750182130292
1270,2024-2025,2024-12-03,Ipswich Town,Crystal Palace,Ipswich Town,Crystal Palace,1467.5423497196743,1471.4684718820918,1455.9422825067331,1483.068539095033,new_to_dataset,continuing,1.357771680554811,1.2208733550151938,1,1.2208733550151938,1,1.1157840420996981,-0.037767853439782451,1140,True,False,True,-11.169677010700525,-0.22087335501519378,-0.11578404209969806,2.5786450355700046
1271,2024-2025,2024-12-03,Leicester City,West Ham,Leicester City,West Ham,1461.6540489043011,1491.8001582785935,1470.7968933815025,1482.6573138013921,returning_after_absence,continuing,1.8016488365709282,1.4647812124426551,0.92040633004723116,1.0774060755996062,1.3595442290665234,1.6085847546499119,-0.037767853439782451,1140,True,True,True,5.3948492215654369,-0.15699974555237506,-0.24904052558338852,3.2664300490135831
1272,2024-2025,2024-12-04,Arsenal,Manchester Utd,Arsenal,Manchester Utd,1661.4893197085396,1548.3380915545149,1666.8809824310094,1542.9464288320451,continuing,continuing,2.469077497624065,0.67336112719520447,1.6656835798948395,1.1281614990545847,0.59686589886243291,1.2181355465059893,-0.037767853439782451,1140,True,True,True,101.40107240577731,0.53752208084025477,-0.62126964764355641,3.1424386248192695
1273,2024-2025,2024-12-04,Aston Villa,Brentford,Aston Villa,Brentford,1553.8843442302716,1497.0199227014118,1560.6420798851539,1490.2621870465296,continuing,continuing,2.0579427464318534,1.3854136060136208,1.2962794128597652,1.02926784610278,1.3460185424613731,1.3046321123008455,-0.037767853439782451,1140,True,True,True,80.309245808619835,0.26701156675698523,0.041386430160527565,3.4433563524454742
1274,2024-2025,2024-12-04,Everton,Wolves,Everton,Wolves,1464.2806111812956,1442.9702462449475,1471.9821211413432,1435.2687362848999,continuing,continuing,1.1746089647485647,0.83504937083190856,0.70598940044816116,0.81871382889354283,1.0199526884264829,1.367251882564706,-0.037767853439782451,1140,True,True,True,19.616702308575896,-0.11272442844538166,-0.34729919413822308,2.0096583355804731
1275,2024-2025,2024-12-04,Manchester City,Nottingham,Manchester City,Nottingham,1655.4604658170872,1496.088582242061,1659.8702902315597,1491.6787578275885,continuing,continuing,3.1048413343747021,0.59870989262921015,1.802963357052124,0.93128542364986888,0.64288549721175958,1.4151611932646324,-0.037767853439782451,1140,True,True,True,225.61618796654079,0.87167793340225508,-0.77227569605287283,3.7035512270039121
1276,2024-2025,2024-12-04,Newcastle,Liverpool,Newcastle,Liverpool,1549.1162722672218,1679.5277352682147,1551.1155803593142,1677.5284271761222,continuing,continuing,1.8742479436417783,2.0440841207580718,1.5677981677996353,1.5273560727254278,1.3383153786206448,0.98240438000243302,-0.037767853439782451,1140,True,True,True,-74.072827652713841,0.040442095074207485,0.35591099861821174,3.9183320643998503
1277,2024-2025,2024-12-04,Southampton,Chelsea,Southampton,Chelsea,1436.6983831618491,1593.4111050253541,1429.4122633355498,1600.6972248516533,returning_after_absence,continuing,1.2758694670600139,2.4243874841130375,0.78470461595014696,1.4944101521844186,1.6223039441810847,1.3361445259058546,-0.037767853439782451,1140,True,True,True,-54.622305136081877,-0.70970553623427168,0.28615941827523006,3.7002569511730514
1278,2024-2025,2024-12-05,Bournemouth,Tottenham,Bournemouth,Tottenham,1503.9911870461897,1548.4254139134021,1513.5434675970475,1538.8731333625442,continuing,continuing,1.5945314263358894,1.6829170556020869,0.97608528012308871,1.2696818540295267,1.3254635799205101,1.3424518548621838,-0.037767853439782451,1140,True,True,True,-59.527188749980041,-0.29359657390643801,-0.016988274941673653,3.2774484819379763
1279,2024-2025,2024-12-05,Fulham,Brighton,Fulham,Brighton,1510.430374649924,1543.8723902961005,1519.6674597590445,1534.6353051869801,continuing,continuing,1.5460293650901922,1.0543504828104864,1.0331713629524435,0.84466812799807633,1.2482422952424785,1.2296988819338668,-0.037767853439782451,1140,True,True,True,-5.7632421383357268,0.18850323495436716,0.018543413308611756,2.6003798479006788
1280,2024-2025,2024-12-07,Aston Villa,Southampton,Aston Villa,Southampton,1560.6420798851539,1429.4122633355498,1565.633853064325,1424.4204901563787,continuing,returning_after_absence,2.5590422027457906,1.0562269634239283,1.2962794128597652,0.78470461595014696,1.3460185424613731,1.6223039441810847,-0.037767853439782451,1140,True,True,True,57.904872198970679,0.51157479690961827,-0.27628540171971161,3.6152691661697189
1281,2024-2025,2024-12-07,Brentford,Newcastle,Brentford,Newcastle,1490.2621870465296,1551.1155803593142,1500.2867496311383,1541.0910177747055,continuing,continuing,1.6762294811408616,2.0453998353178338,1.02926784610278,1.5677981677996353,1.3046321123008455,1.3383153786206448,-0.037767853439782451,1140,True,True,True,-70.077305804861226,-0.53853032169685533,-0.033683266319799232,3.7216293164586953
1282,2024-2025,2024-12-07,Crystal Palace,Manchester City,Crystal Palace,Manchester City,1483.068539095033,1659.8702902315597,1486.3091891672252,1656.6296401593675,continuing,continuing,0.95510439738944486,2.0117177422892598,1.2208733550151938,1.802963357052124,1.1157840420996981,0.64288549721175958,-0.037767853439782451,1140,True,True,True,-165.96775192883251,-0.58209000203693018,0.47289854488793848,2.9668221396787047
1283,2024-2025,2024-12-07,Manchester Utd,Nottingham,Manchester Utd,Nottingham,1542.9464288320451,1491.6787578275885,1529.8490622079269,1504.7761244517067,continuing,continuing,1.9427807228660918,1.1344318784907947,1.1281614990545847,0.93128542364986888,1.2181355465059893,1.4151611932646324,-0.037767853439782451,1140,True,True,True,98.608864537087584,0.19687607540471586,-0.19702564675864309,3.0772126013568863
1284,2024-2025,2024-12-08,Fulham,Arsenal,Fulham,Arsenal,1519.6674597590445,1666.8809824310094,1522.1262386805965,1664.4222035094574,continuing,continuing,0.75040501395845016,2.0791766949156427,1.0331713629524435,1.6656835798948395,1.2482422952424785,0.59686589886243291,-0.037767853439782451,1140,True,True,True,-159.07147737041123,-0.63251221694239601,0.65137639638004563,2.8295817088740929
1285,2024-2025,2024-12-08,Ipswich Town,Bournemouth,Ipswich Town,Bournemouth,1455.9422825067331,1513.5434675970475,1445.8732401606633,1523.6125099431174,new_to_dataset,continuing,1.6129258391580954,0.97608528012308871,1,0.97608528012308871,1,1.3254635799205101,-0.037767853439782451,1140,True,False,True,14.723687631432767,0.023914719876911295,-0.32546357992051012,2.5890111192811842
1286,2024-2025,2024-12-08,Leicester City,Brighton,Leicester City,Brighton,1470.7968933815025,1534.6353051869801,1470.9073672594709,1534.5248313090117,returning_after_absence,continuing,1.3772886716503132,1.1483636788962082,0.92040633004723116,0.84466812799807633,1.3595442290665234,1.2296988819338668,-0.037767853439782451,1140,True,True,True,1.7770573162183609,0.075738202049154824,0.12984534713265661,2.5256523505465216
1287,2024-2025,2024-12-08,Tottenham,Chelsea,Tottenham,Chelsea,1538.8731333625442,1600.6972248516533,1528.9256344535509,1610.6447237606467,continuing,continuing,2.0644052265130797,2.0061736807248511,1.2696818540295267,1.4944101521844186,1.3424518548621838,1.3361445259058546,-0.037767853439782451,1140,True,True,True,-9.8188040175346032,-0.22472829815489193,0.0063073289563291279,4.0705789072379304
1288,2024-2025,2024-12-09,West Ham,Wolves,West Ham,Wolves,1482.6573138013921,1435.2687362848999,1489.66123123838,1428.264818847912,continuing,continuing,1.7925635062941594,1.3169705835792096,1.0774060755996062,0.81871382889354283,1.6085847546499119,1.367251882564706,-0.037767853439782451,1140,True,True,True,23.878131692440093,0.25869224670606339,0.24133287208520593,3.1095340898733692
1289,2024-2025,2024-12-14,Arsenal,Everton,Arsenal,Everton,1664.4222035094574,1471.9821211413432,1658.2125118975398,1478.1918127532608,continuing,continuing,2.0673743893759822,0.42138099808584178,1.6656835798948395,0.70598940044816116,0.59686589886243291,1.0199526884264829,-0.037767853439782451,1140,True,True,True,161.18745652128678,0.95969417944667834,-0.42308678956404999,2.4887553874618238
1290,2024-2025,2024-12-14,Liverpool,Fulham,Liverpool,Fulham,1677.5284271761222,1522.1262386805965,1672.017304697579,1527.6373611591398,continuing,continuing,2.3199882771632265,1.014992072257564,1.5273560727254278,1.0331713629524435,0.98240438000243302,1.2482422952424785,-0.037767853439782451,1140,True,True,True,129.28605930248,0.49418470977298434,-0.26583791524004552,3.3349803494207908
1291,2024-2025,2024-12-14,Newcastle,Leicester City,Newcastle,Leicester City,1541.0910177747055,1470.9073672594709,1547.5100704390759,1464.4883145951005,continuing,returning_after_absence,2.5937618230200354,1.2317939460819982,1.5677981677996353,0.92040633004723116,1.3383153786206448,1.3595442290665234,-0.037767853439782451,1140,True,True,True,47.67293219521207,0.64739183775240416,-0.021228850445878633,3.8255557691020337
1292,2024-2025,2024-12-14,Nottingham,Aston Villa,Nottingham,Aston Villa,1504.7761244517067,1565.633853064325,1514.8008118155185,1555.6091657005131,continuing,continuing,1.5253884320173514,1.8344443207070025,0.93128542364986888,1.2962794128597652,1.4151611932646324,1.3460185424613731,-0.037767853439782451,1140,True,True,True,-106.38363122597843,-0.36499398920989634,0.06914265080325932,3.3598327527243539
1293,2024-2025,2024-12-14,Wolves,Ipswich Town,Wolves,Ipswich Town,1428.264818847912,1445.8732401606633,1417.0507100222376,1457.0873489863377,continuing,new_to_dataset,0.99627383920850443,1.367251882564706,0.81871382889354283,1,1.367251882564706,1,-0.037767853439782451,1140,True,True,False,-29.272980914005529,-0.18128617110645717,0.36725188256470598,2.3635257217732102
1294,2024-2025,2024-12-15,Brighton,Crystal Palace,Brighton,Crystal Palace,1534.5248313090117,1486.3091891672252,1521.5070962397008,1499.3269242365361,continuing,continuing,1.1468664636630344,1.5013065996450325,0.84466812799807633,1.2208733550151938,1.2296988819338668,1.1157840420996981,-0.037767853439782451,1140,True,True,True,-12.946734326918886,-0.37620522701711745,0.11391483983416872,2.6481730633080671
1295,2024-2025,2024-12-15,Chelsea,Brentford,Chelsea,Brentford,1610.6447237606467,1500.2867496311383,1616.0999433189238,1494.8315300728611,continuing,continuing,2.3724904541199807,1.3752505982611392,1.4944101521844186,1.02926784610278,1.3361445259058546,1.3046321123008455,-0.037767853439782451,1140,True,True,True,77.026678745731033,0.46514230608163865,0.031512413605009115,3.7477410523811199
1296,2024-2025,2024-12-15,Manchester City,Manchester Utd,Manchester City,Manchester Utd,1656.6296401593675,1529.8490622079269,1641.7179664009338,1544.7607359663605,continuing,continuing,2.6725701733934306,0.7252786662548707,1.802963357052124,1.1281614990545847,0.64288549721175958,1.2181355465059893,-0.037767853439782451,1140,True,True,True,127.00732342945321,0.67480185799753922,-0.57525004929422974,3.3978488396483013
1297,2024-2025,2024-12-15,Southampton,Tottenham,Southampton,Tottenham,1424.4204901563787,1528.9256344535509,1415.6944905970709,1537.6516340128587,returning_after_absence,continuing,1.2818922649520517,2.0598098796472533,0.78470461595014696,1.2696818540295267,1.6223039441810847,1.3424518548621838,-0.037767853439782451,1140,True,True,True,-44.803501118547274,-0.48497723807937976,0.27985208931890093,3.3417021445993047
1298,2024-2025,2024-12-16,Bournemouth,West Ham,Bournemouth,West Ham,1523.6125099431174,1489.66123123838,1520.9724142218163,1492.3013269596811,continuing,continuing,1.9106375650822931,1.4280625139923617,0.97608528012308871,1.0774060755996062,1.3254635799205101,1.6085847546499119,-0.037767853439782451,1140,True,True,True,-9.3288384098673305,-0.10132079547651751,-0.28312117472940179,3.3387000790746546
1299,2024-2025,2024-12-21,Aston Villa,Manchester City,Aston Villa,Manchester City,1555.6091657005131,1641.7179664009338,1566.3592260350465,1630.9679060664005,continuing,continuing,1.0140954935103499,2.4268221099705642,1.2962794128597652,1.802963357052124,1.3460185424613731,0.64288549721175958,-0.037767853439782451,1140,True,True,True,-119.23255674056236,-0.50668394419235874,0.70313304524961351,3.4409176034809139
1300,2024-2025,2024-12-21,Brentford,Nottingham,Brentford,Nottingham,1494.8315300728611,1514.8008118155185,1483.6844248802427,1525.947917008137,continuing,continuing,1.7724782593184685,1.2149848694113163,1.02926784610278,0.93128542364986888,1.3046321123008455,1.4151611932646324,-0.037767853439782451,1140,True,True,True,26.074385417358599,0.097982422452911111,-0.11052908096378689,2.987463128729785
1301,2024-2025,2024-12-21,Crystal Palace,Arsenal,Crystal Palace,Arsenal,1499.3269242365361,1658.2125118975398,1492.0986394300885,1665.4407967039874,continuing,continuing,0.88673526954293491,1.8585431576341593,1.2208733550151938,1.6656835798948395,1.1157840420996981,0.59686589886243291,-0.037767853439782451,1140,True,True,True,-140.36150090515662,-0.44481022487964572,0.51891814323726515,2.7452784271770945
1302,2024-2025,2024-12-21,Ipswich Town,Newcastle,Ipswich Town,Newcastle,1457.0873489863377,1547.5100704390759,1447.9607541918892,1556.6366652335244,new_to_dataset,continuing,1.6285648944419446,1.5677981677996353,1,1.5677981677996353,1,1.3383153786206448,-0.037767853439782451,1140,True,False,True,-47.67293219521207,-0.56779816779963532,-0.33831537862064476,3.1963630622415797
1303,2024-2025,2024-12-21,West Ham,Brighton,West Ham,Brighton,1492.3013269596811,1521.5070962397008,1491.4173114221705,1522.3911117772113,continuing,continuing,1.6122218353435394,1.3587202734363859,1.0774060755996062,0.84466812799807633,1.6085847546499119,1.2296988819338668,-0.037767853439782451,1140,True,True,True,-3.617791905347076,0.23273794760152988,0.37888587271604512,2.9709421087799255
1304,2024-2025,2024-12-22,Everton,Chelsea,Everton,Chelsea,1478.1918127532608,1616.0999433189238,1480.3973457515851,1613.8944103205995,continuing,continuing,1.1478845692900062,1.5242276523323273,0.70598940044816116,1.4944101521844186,1.0199526884264829,1.3361445259058546,-0.037767853439782451,1140,True,True,True,-64.278583741511511,-0.78842075173625747,-0.31619183747937174,2.6721122216223332
1305,2024-2025,2024-12-22,Fulham,Southampton,Fulham,Southampton,1527.6373611591398,1415.6944905970709,1523.0564610665356,1420.2753906896751,continuing,returning_after_absence,2.0396290292313073,0.97950149090097904,1.0331713629524435,0.78470461595014696,1.2482422952424785,1.6223039441810847,-0.037767853439782451,1140,True,True,True,-7.5402994545540878,0.24846674700229654,-0.37406164893860616,3.0191305201322862
1306,2024-2025,2024-12-22,Leicester City,Wolves,Leicester City,Wolves,1464.4883145951005,1417.0507100222376,1451.4909476429143,1430.0480769744238,returning_after_absence,continuing,1.5313509321790268,1.1130776613291733,0.92040633004723116,0.81871382889354283,1.3595442290665234,1.367251882564706,-0.037767853439782451,1140,True,True,True,29.272980914005529,0.10169250115368833,-0.0077076534981825873,2.6444285935082004
1307,2024-2025,2024-12-22,Manchester Utd,Bournemouth,Manchester Utd,Bournemouth,1544.7607359663605,1520.9724142218163,1532.3948042440461,1533.3383459441307,continuing,continuing,1.819640832568471,1.1890041761391903,1.1281614990545847,0.97608528012308871,1.2181355465059893,1.3254635799205101,-0.037767853439782451,1140,True,True,True,64.853793141512597,0.15207621893149603,-0.1073280334145208,3.0086450087076613
1308,2024-2025,2024-12-22,Tottenham,Liverpool,Tottenham,Liverpool,1537.6516340128587,1672.017304697579,1529.7599513000705,1679.9089874103672,continuing,continuing,1.5178603042596785,2.0504019928652713,1.2696818540295267,1.5273560727254278,1.3424518548621838,0.98240438000243302,-0.037767853439782451,1140,True,True,True,-76.942258729378636,-0.25767421869590112,0.36004747485975075,3.5682622971249498
1309,2024-2025,2024-12-26,Bournemouth,Crystal Palace,Bournemouth,Crystal Palace,1533.3383459441307,1492.0986394300885,1530.50419733691,1494.9327880373091,continuing,continuing,1.3253009511575398,1.6182231677680026,0.97608528012308871,1.2208733550151938,1.3254635799205101,1.1157840420996981,-0.037767853439782451,1140,True,True,True,-25.893364642133292,-0.24478807489210508,0.20967953782081206,2.9435241189255423
1310,2024-2025,2024-12-26,Chelsea,Fulham,Chelsea,Fulham,1613.8944103205995,1523.0564610665356,1599.8066025268147,1537.1442688603204,continuing,continuing,2.2699448388318468,1.3804662609315983,1.4944101521844186,1.0331713629524435,1.3361445259058546,1.2482422952424785,-0.037767853439782451,1140,True,True,True,62.162604590635965,0.46123878923197514,0.087902230663376102,3.6504110997634451
1311,2024-2025,2024-12-26,Liverpool,Leicester City,Liverpool,Leicester City,1679.9089874103672,1451.4909476429143,1683.1035087111597,1448.2964263421218,continuing,returning_after_absence,2.526854510330899,0.90421121002036486,1.5273560727254278,0.92040633004723116,0.98240438000243302,1.3595442290665234,-0.037767853439782451,1140,True,True,True,121.74575984792591,0.60694974267819668,-0.37713984906409037,3.4310657203512638
1312,2024-2025,2024-12-26,Manchester City,Everton,Manchester City,Everton,1630.9679060664005,1480.3973457515851,1625.5543529040369,1485.8108989139487,continuing,continuing,2.2377601090287684,0.45387034673334814,1.802963357052124,0.70598940044816116,0.64288549721175958,1.0199526884264829,-0.037767853439782451,1140,True,True,True,186.79370754496267,1.0969739566039629,-0.37706719121472332,2.6916304557621165
1313,2024-2025,2024-12-26,Newcastle,Aston Villa,Newcastle,Aston Villa,1556.6366652335244,1566.3592260350465,1565.1995815614828,1557.7963097070881,continuing,continuing,2.5679572858843369,1.7348306732195637,1.5677981677996353,1.2962794128597652,1.3383153786206448,1.3460185424613731,-0.037767853439782451,1140,True,True,True,-10.231940003758609,0.2715187549398701,-0.0077031638407283332,4.3027879591039007
1314,2024-2025,2024-12-26,Nottingham,Tottenham,Nottingham,Tottenham,1525.947917008137,1529.7599513000705,1534.3446503206553,1521.3632179875522,continuing,continuing,1.5213464490633317,1.7968044876148759,0.93128542364986888,1.2696818540295267,1.4151611932646324,1.3424518548621838,-0.037767853439782451,1140,True,True,True,-93.282260145555028,-0.33839643037965783,0.072709338402448642,3.3181509366782076
1315,2024-2025,2024-12-26,Southampton,West Ham,Southampton,West Ham,1420.2753906896751,1491.4173114221705,1410.5959710571888,1501.0967310546569,returning_after_absence,continuing,1.5360195950693551,1.747880125929905,0.78470461595014696,1.0774060755996062,1.6223039441810847,1.6085847546499119,-0.037767853439782451,1140,True,True,True,5.3948492215654369,-0.29270145964945926,0.013719189531172793,3.2838997209992602
1316,2024-2025,2024-12-26,Wolves,Manchester Utd,Wolves,Manchester Utd,1430.0480769744238,1532.3948042440461,1441.2609138816499,1521.18196733682,continuing,continuing,1.2135965775938717,1.5424809334194018,0.81871382889354283,1.1281614990545847,1.367251882564706,1.2181355465059893,-0.037767853439782451,1140,True,True,True,-79.403086424085359,-0.30944767016104191,0.14911633605871666,2.7560775110132738
1317,2024-2025,2024-12-27,Arsenal,Ipswich Town,Arsenal,Ipswich Town,1665.4407967039874,1447.9607541918892,1668.8079731458263,1444.5935777500504,continuing,new_to_dataset,2.0269316536293402,0.59686589886243291,1.6656835798948395,1,0.59686589886243291,1,-0.037767853439782451,1140,True,True,False,151.53117791585714,0.66568357989483951,-0.40313410113756709,2.6237975524917729
1318,2024-2025,2024-12-27,Brighton,Brentford,Brighton,Brentford,1522.3911117772113,1483.6844248802427,1519.6241508589699,1486.4513857984841,continuing,continuing,1.3409752788721214,1.2656895195630677,0.84466812799807633,1.02926784610278,1.2296988819338668,1.3046321123008455,-0.037767853439782451,1140,True,True,True,20.627316293430795,-0.18459971810470366,-0.074933230366978743,2.6066647984351894
1319,2024-2025,2024-12-29,Crystal Palace,Southampton,Crystal Palace,Southampton,1494.9327880373091,1410.5959710571888,1501.0020130114053,1404.5267460830926,continuing,returning_after_absence,2.4101797873956641,0.87556088823914613,1.2208733550151938,0.78470461595014696,1.1157840420996981,1.6223039441810847,-0.037767853439782451,1140,True,True,True,11.169677010700525,0.43616873906504683,-0.50651990208138664,3.28574067563481
1320,2024-2025,2024-12-29,Everton,Nottingham,Everton,Nottingham,1485.8108989139487,1534.3446503206553,1475.4809935156329,1544.6745557189711,continuing,continuing,1.2157679542227624,0.9498670715440799,0.70598940044816116,0.93128542364986888,1.0199526884264829,1.4151611932646324,-0.037767853439782451,1140,True,True,True,38.822480421578121,-0.22529602320170772,-0.39520850483814951,2.1656350257668424
1321,2024-2025,2024-12-29,Fulham,Bournemouth,Fulham,Bournemouth,1537.1442688603204,1530.50419733691,1535.2493937119493,1532.3990724852811,continuing,continuing,1.6664287875841832,1.2183909304132419,1.0331713629524435,0.97608528012308871,1.2482422952424785,1.3254635799205101,-0.037767853439782451,1140,True,True,True,7.1833881768786796,0.05708608282935479,-0.077221284678031576,2.8848197179974253
1322,2024-2025,2024-12-29,Leicester City,Manchester City,Leicester City,Manchester City,1448.2964263421218,1625.5543529040369,1441.5488223286022,1632.3019569175565,returning_after_absence,continuing,0.72004530986119442,2.4512084272986208,0.92040633004723116,1.802963357052124,1.3595442290665234,0.64288549721175958,-0.037767853439782451,1140,True,True,True,-177.13742893953304,-0.8825570270048928,0.71665873185476381,3.1712537371598151
1323,2024-2025,2024-12-29,Tottenham,Wolves,Tottenham,Wolves,1521.3632179875522,1441.2609138816499,1517.5359814170586,1445.0881504521435,continuing,continuing,2.1124675344628892,1.0990838981994571,1.2696818540295267,0.81871382889354283,1.3424518548621838,1.367251882564706,-0.037767853439782451,1140,True,True,True,74.076482032552804,0.45096802513598389,-0.024800027702522209,3.211551432662346
1324,2024-2025,2024-12-29,West Ham,Liverpool,West Ham,Liverpool,1501.0967310546569,1683.1035087111597,1494.4708030503466,1689.72943671547,continuing,continuing,1.2880013276796929,2.4568816935080853,1.0774060755996062,1.5273560727254278,1.6085847546499119,0.98240438000243302,-0.037767853439782451,1140,True,True,True,-127.14060906949135,-0.44994999712582162,0.62618037464747889,3.7448830211877784
1325,2024-2025,2024-12-30,Aston Villa,Brighton,Aston Villa,Brighton,1557.7963097070881,1519.6241508589699,1555.0435618987915,1522.3768986672665,continuing,continuing,1.9397421468555713,1.1369389625115471,1.2962794128597652,0.84466812799807633,1.3460185424613731,1.2296988819338668,-0.037767853439782451,1140,True,True,True,59.68192951518904,0.45161128486168889,0.11631966052750631,3.0766811093671187
1326,2024-2025,2024-12-30,Ipswich Town,Chelsea,Ipswich Town,Chelsea,1444.5935777500504,1599.8066025268147,1457.2674256718888,1587.1327546049763,new_to_dataset,continuing,1.6259232342034178,1.4944101521844186,1,1.4944101521844186,1,1.3361445259058546,-0.037767853439782451,1140,True,False,True,-54.622305136081877,-0.49441015218441864,-0.33614452590585464,3.1203333863878364
1327,2024-2025,2024-12-30,Manchester Utd,Newcastle,Manchester Utd,Newcastle,1521.18196733682,1565.1995815614828,1510.7222814965276,1575.6592674017752,continuing,continuing,1.8372842126212958,1.9097906779436975,1.1281614990545847,1.5677981677996353,1.2181355465059893,1.3383153786206448,-0.037767853439782451,1140,True,True,True,2.4571733148677595,-0.43963666874505059,-0.12017983211465544,3.7470748905649933
1328,2024-2025,2025-01-01,Brentford,Arsenal,Brentford,Arsenal,1486.4513857984841,1668.8079731458263,1479.8343768781042,1675.4249820662062,continuing,continuing,0.74756984186493791,2.1731042872630386,1.02926784610278,1.6656835798948395,1.3046321123008455,0.59686589886243291,-0.037767853439782451,1140,True,True,True,-173.9355515255063,-0.63641573379205951,0.70776621343841262,2.9206741291279767
1329,2024-2025,2025-01-04,Aston Villa,Leicester City,Aston Villa,Leicester City,1555.0435618987915,1441.5488223286022,1560.4274408080184,1436.1649434193753,continuing,returning_after_absence,2.1445617950691345,1.2388839868423955,1.2962794128597652,0.92040633004723116,1.3460185424613731,1.3595442290665234,-0.037767853439782451,1140,True,True,True,57.904872198970679,0.37587308281253407,-0.0135256866051503,3.3834457819115302
1330,2024-2025,2025-01-04,Bournemouth,Everton,Bournemouth,Everton,1532.3990724852811,1475.4809935156329,1539.1554261741589,1468.724639826755,continuing,continuing,1.2114748169041532,0.93576323810395423,0.97608528012308871,0.70598940044816116,1.3254635799205101,1.0199526884264829,-0.037767853439782451,1140,True,True,True,-5.0674090260031335,0.27009587967492754,0.30551089149402721,2.1472380550081072
1331,2024-2025,2025-01-04,Brighton,Arsenal,Brighton,Arsenal,1522.3768986672665,1675.4249820662062,1524.9927937352163,1672.8090869982564,continuing,continuing,0.61349280584912036,2.0482892358522848,0.84466812799807633,1.6656835798948395,1.2296988819338668,0.59686589886243291,-0.037767853439782451,1140,True,True,True,-153.3082352320755,-0.82101545189676317,0.63283298307143387,2.6617820417014051
1332,2024-2025,2025-01-04,Crystal Palace,Chelsea,Crystal Palace,Chelsea,1501.0020130114053,1587.1327546049763,1501.7527012998187,1586.3820663165629,continuing,continuing,1.9850463539390815,1.6674390001591555,1.2208733550151938,1.4944101521844186,1.1157840420996981,1.3361445259058546,-0.037767853439782451,1140,True,True,True,-43.452628125381352,-0.27353679716922485,-0.22036048380615658,3.6524853540982369
1333,2024-2025,2025-01-04,Manchester City,West Ham,Manchester City,West Ham,1632.3019569175565,1494.4708030503466,1637.1527437669979,1489.6200162009052,continuing,continuing,3.5292095768683871,0.69264874061082349,1.802963357052124,1.0774060755996062,0.64288549721175958,1.6085847546499119,-0.037767853439782451,1140,True,True,True,182.53227816109847,0.72555728145251774,-0.96569925743815233,4.2218583174792101
1334,2024-2025,2025-01-04,Southampton,Brentford,Southampton,Brentford,1404.5267460830926,1479.8343768781042,1394.9670502466956,1489.3940727145011,returning_after_absence,continuing,1.2457786156794419,1.6697852863513096,0.78470461595014696,1.02926784610278,1.6223039441810847,1.3046321123008455,-0.037767853439782451,1140,True,True,True,22.404373609649156,-0.24456323015263304,0.31767183188023917,2.9155639020307516
1335,2024-2025,2025-01-04,Tottenham,Newcastle,Tottenham,Newcastle,1517.5359814170586,1575.6592674017752,1507.4819657709616,1585.7132830478722,continuing,continuing,2.0677592945824488,2.1046935584121536,1.2696818540295267,1.5677981677996353,1.3424518548621838,1.3383153786206448,-0.037767853439782451,1140,True,True,True,-2.8694310766647959,-0.29811631377010861,0.0041364762415390111,4.1724528529946028
1336,2024-2025,2025-01-05,Fulham,Ipswich Town,Fulham,Ipswich Town,1535.2493937119493,1457.2674256718888,1531.4743673693888,1461.0424520144493,continuing,new_to_dataset,1.2572422304384412,1.2482422952424785,1.0331713629524435,1,1.2482422952424785,1,-0.037767853439782451,1140,True,True,False,-7.5402994545540878,0.033171362952443495,0.24824229524247854,2.5054845256809197
1337,2024-2025,2025-01-05,Liverpool,Manchester Utd,Liverpool,Manchester Utd,1689.72943671547,1510.7222814965276,1683.7630091993728,1516.6887090126247,continuing,continuing,2.2640317498140341,1.1083107980213347,1.5273560727254278,1.1281614990545847,0.98240438000243302,1.2181355465059893,-0.037767853439782451,1140,True,True,True,71.615654337846081,0.3991945736708431,-0.2357311665035563,3.3723425478353688
1338,2024-2025,2025-01-06,Wolves,Nottingham,Wolves,Nottingham,1445.0881504521435,1544.6745557189711,1436.2226337198226,1553.540072451292,continuing,continuing,1.4098880751126437,1.2733017486903531,0.81871382889354283,0.93128542364986888,1.367251882564706,1.4151611932646324,-0.037767853439782451,1140,True,True,True,19.205778113002225,-0.11257159475632605,-0.047909310699926433,2.683189823802997
1339,2024-2025,2025-01-14,Brentford,Manchester City,Brentford,Manchester City,1489.3940727145011,1637.1527437669979,1491.8675879785364,1634.6792285029626,continuing,continuing,0.80520902669064587,2.3522038929119362,1.02926784610278,1.802963357052124,1.3046321123008455,0.64288549721175958,-0.037767853439782451,1140,True,True,True,-199.54180254918219,-0.77369551094934397,0.66174661508908594,3.157412919602582
1340,2024-2025,2025-01-14,Chelsea,Bournemouth,Chelsea,Bournemouth,1586.3820663165629,1539.1554261741589,1583.3902268889851,1542.1472656017368,continuing,continuing,2.4103727487584305,1.3041910038537476,1.4944101521844186,0.97608528012308871,1.3361445259058546,1.3254635799205101,-0.037767853439782451,1140,True,True,True,69.345992767514645,0.51832487206132993,0.010680945985344525,3.714563752612178
1341,2024-2025,2025-01-14,Nottingham,Liverpool,Nottingham,Liverpool,1553.540072451292,1683.7630091993728,1555.5341706556642,1681.7689109950006,continuing,continuing,1.1133191925265722,2.1614550424180989,0.93128542364986888,1.5273560727254278,1.4151611932646324,0.98240438000243302,-0.037767853439782451,1140,True,True,True,-170.22451887493366,-0.59607064907555896,0.43275681326219939,3.2747742349446711
1342,2024-2025,2025-01-14,West Ham,Fulham,West Ham,Fulham,1489.6200162009052,1531.4743673693888,1499.0982167955738,1521.9961667747202,continuing,continuing,1.6365335561047458,1.6619437033861715,1.0774060755996062,1.0331713629524435,1.6085847546499119,1.2482422952424785,-0.037767853439782451,1140,True,True,True,2.1454502329886509,0.044234712647162722,0.36034245940743337,3.2984772594909173
1343,2024-2025,2025-01-15,Arsenal,Tottenham,Arsenal,Tottenham,1672.8090869982564,1507.4819657709616,1677.1021999706497,1503.1888527985682,continuing,continuing,2.7210581580935811,0.75782980107465381,1.6656835798948395,1.2696818540295267,0.59686589886243291,1.3424518548621838,-0.037767853439782451,1140,True,True,True,106.72767679730987,0.39600172586531279,-0.74558595599975086,3.4788879591682349
1344,2024-2025,2025-01-15,Everton,Aston Villa,Everton,Aston Villa,1468.724639826755,1560.4274408080184,1459.6345956987545,1569.5174849360189,continuing,continuing,1.1563673576570126,1.3221436720982203,0.70598940044816116,1.2962794128597652,1.0199526884264829,1.3460185424613731,-0.037767853439782451,1140,True,True,True,-67.561150804400313,-0.59029001241160406,-0.32606585403489019,2.4785110297552331
1345,2024-2025,2025-01-15,Leicester City,Crystal Palace,Leicester City,Crystal Palace,1436.1649434193753,1501.7527012998187,1426.3257581542391,1511.5918865649548,returning_after_absence,continuing,1.2497016495415152,1.6598313242319915,0.92040633004723116,1.2208733550151938,1.3595442290665234,1.1157840420996981,-0.037767853439782451,1140,True,True,True,-11.169677010700525,-0.30046702496796263,0.24376018696682533,2.9095329737735067
1346,2024-2025,2025-01-15,Newcastle,Wolves,Newcastle,Wolves,1585.7132830478722,1436.2226337198226,1590.3217400239323,1431.6141767437625,continuing,continuing,2.6084666167010617,1.0956973078976195,1.5677981677996353,0.81871382889354283,1.3383153786206448,1.367251882564706,-0.037767853439782451,1140,True,True,True,76.945913109217599,0.7490843389060925,-0.02893650394406122,3.7041639245986815
1347,2024-2025,2025-01-16,Ipswich Town,Brighton,Ipswich Town,Brighton,1461.0424520144493,1524.9927937352163,1451.1561470895922,1534.8790986600734,new_to_dataset,continuing,1.4963920028446966,0.84466812799807633,1,0.84466812799807633,1,1.2296988819338668,-0.037767853439782451,1140,True,False,True,1.7770573162183609,0.15533187200192367,-0.22969888193386678,2.3410601308427728
1348,2024-2025,2025-01-16,Manchester Utd,Southampton,Manchester Utd,Southampton,1516.6887090126247,1394.9670502466956,1521.8883034391101,1389.7674558202102,continuing,returning_after_absence,2.2271532348295975,0.95587658619620475,1.1281614990545847,0.78470461595014696,1.2181355465059893,1.6223039441810847,-0.037767853439782451,1140,True,True,True,50.130105510079829,0.34345688310443778,-0.40416839767509538,3.1830298210258023
1349,2024-2025,2025-01-18,Arsenal,Aston Villa,Arsenal,Aston Villa,1677.1021999706497,1569.5174849360189,1672.620982566217,1573.9987023404517,continuing,continuing,2.728287590086985,0.77370497693341056,1.6656835798948395,1.2962794128597652,0.59686589886243291,1.3460185424613731,-0.037767853439782451,1140,True,True,True,93.626305716886463,0.36940416703507428,-0.74915264359894018,3.5019925670203955
1350,2024-2025,2025-01-18,Brentford,Liverpool,Brentford,Liverpool,1491.8675879785364,1681.7689109950006,1485.4414492319977,1688.1950497415394,continuing,continuing,1.2304537558697271,1.9926377793952987,1.02926784610278,1.5273560727254278,1.3046321123008455,0.98240438000243302,-0.037767853439782451,1140,True,True,True,-144.15013345757507,-0.49808822662264784,0.32222773229841251,3.2230915352650258
1351,2024-2025,2025-01-18,Leicester City,Fulham,Leicester City,Fulham,1426.3257581542391,1521.9961667747202,1417.3488429061786,1530.9730820227808,returning_after_absence,continuing,1.3980576854787359,1.404642164138789,0.92040633004723116,1.0331713629524435,1.3595442290665234,1.2482422952424785,-0.037767853439782451,1140,True,True,True,7.5402994545540878,-0.11276503290521234,0.11130193382404485,2.8026998496175248
1352,2024-2025,2025-01-18,Newcastle,Bournemouth,Newcastle,Bournemouth,1590.3217400239323,1542.1472656017368,1577.3050819895602,1555.1639236361088,continuing,continuing,2.5287421754287509,1.3063099412339696,1.5677981677996353,0.97608528012308871,1.3383153786206448,1.3254635799205101,-0.037767853439782451,1140,True,True,True,62.396619826644837,0.59171288767654662,0.012851798700134642,3.8350521166627205
1353,2024-2025,2025-01-18,West Ham,Crystal Palace,West Ham,Crystal Palace,1499.0982167955738,1511.5918865649548,1487.7393328365997,1522.9507705239289,continuing,continuing,1.4628714579068411,1.9638782662357304,1.0774060755996062,1.2208733550151938,1.6085847546499119,1.1157840420996981,-0.037767853439782451,1140,True,True,True,-16.564526232265962,-0.14346727941558757,0.49280071255021385,3.4267497241425717
1354,2024-2025,2025-01-19,Everton,Tottenham,Everton,Tottenham,1459.6345956987545,1503.1888527985682,1469.1616023735548,1493.6618461237679,continuing,continuing,1.1533032088473532,1.295015420463737,0.70598940044816116,1.2696818540295267,1.0199526884264829,1.3424518548621838,-0.037767853439782451,1140,True,True,True,-54.459779723976908,-0.56369245358136555,-0.32249916643570087,2.4483186293110899
1355,2024-2025,2025-01-19,Ipswich Town,Manchester City,Ipswich Town,Manchester City,1451.1561470895922,1634.6792285029626,1444.5688362588835,1641.2665393336713,new_to_dataset,continuing,0.78231242697368775,1.802963357052124,1,1.802963357052124,1,0.64288549721175958,-0.037767853439782451,1140,True,False,True,-177.13742893953304,-0.80296335705212396,0.35711450278824042,2.5852757840258116
1356,2024-2025,2025-01-19,Manchester Utd,Brighton,Manchester Utd,Brighton,1521.8883034391101,1534.8790986600734,1510.5434664080628,1546.2239356911207,continuing,continuing,1.6881718451025653,1.0289202717151276,1.1281614990545847,0.84466812799807633,1.2181355465059893,1.2296988819338668,-0.037767853439782451,1140,True,True,True,51.90716282629819,0.2834933710565084,-0.011563335427877464,2.7170921168176929
1357,2024-2025,2025-01-19,Nottingham,Southampton,Nottingham,Southampton,1555.5341706556642,1389.7674558202102,1559.8187580114161,1385.4828684644583,continuing,returning_after_absence,1.8384915152392596,1.110483520668275,0.93128542364986888,0.78470461595014696,1.4151611932646324,1.6223039441810847,-0.037767853439782451,1140,True,True,True,-48.478759027007754,0.14658080769972193,-0.20714275091645229,2.9489750359075346
1358,2024-2025,2025-01-20,Chelsea,Wolves,Chelsea,Wolves,1583.3902268889851,1431.6141767437625,1587.9521914579852,1427.0522121747624,continuing,continuing,2.4863653202906342,1.0939200007595298,1.4944101521844186,0.81871382889354283,1.3361445259058546,1.367251882564706,-0.037767853439782451,1140,True,True,True,83.895286050087407,0.67569632329087581,-0.031107356658851337,3.5802853210501642
1359,2024-2025,2025-01-25,Bournemouth,Nottingham,Bournemouth,Nottingham,1555.1639236361088,1559.8187580114161,1563.5843002974902,1551.3983813500347,continuing,continuing,1.6808937972849001,1.2343849115587442,0.97608528012308871,0.93128542364986888,1.3254635799205101,1.4151611932646324,-0.037767853439782451,1140,True,True,True,33.755071395574987,0.044799856473219823,-0.089697613344122296,2.915278708843644
1360,2024-2025,2025-01-25,Brighton,Everton,Brighton,Everton,1546.2239356911207,1469.1616023735548,1532.4716291313766,1482.9139089332989,continuing,continuing,1.0483655337802054,0.86815437638826476,0.84466812799807633,0.70598940044816116,1.2296988819338668,1.0199526884264829,-0.037767853439782451,1140,True,True,True,7.879221289211273,0.13867872754991517,0.20974619350738388,1.91651991016847
1361,2024-2025,2025-01-25,Liverpool,Ipswich Town,Liverpool,Ipswich Town,1688.1950497415394,1444.5688362588835,1691.1615148861847,1441.6023711142382,continuing,new_to_dataset,1.8586041235788719,0.98240438000243302,1.5273560727254278,1,0.98240438000243302,1,-0.037767853439782451,1140,True,True,False,121.74575984792591,0.52735607272542784,-0.01759561999756698,2.8410085035813051
1362,2024-2025,2025-01-25,Manchester City,Chelsea,Manchester City,Chelsea,1641.2665393336713,1587.9521914579852,1648.1160136769304,1581.1027171147261,continuing,continuing,2.9314800126484406,0.96073461372538127,1.802963357052124,1.4944101521844186,0.64288549721175958,1.3361445259058546,-0.037767853439782451,1140,True,True,True,122.51512380345116,0.30855320486770532,-0.69325902869409506,3.8922146263738218
1363,2024-2025,2025-01-25,Southampton,Newcastle,Southampton,Newcastle,1385.4828684644583,1577.3050819895602,1379.1048601900704,1583.6830902639481,returning_after_absence,continuing,1.2779423900429578,2.5434451513012264,0.78470461595014696,1.5677981677996353,1.6223039441810847,1.3383153786206448,-0.037767853439782451,1140,True,True,True,-47.67293219521207,-0.78309355184948837,0.28398856556043994,3.8213875413441842
1364,2024-2025,2025-01-25,Wolves,Arsenal,Wolves,Arsenal,1427.0522121747624,1672.620982566217,1421.9373763087215,1677.7358184322579,continuing,continuing,0.59464188055231093,2.2774090103683382,0.81871382889354283,1.6656835798948395,1.367251882564706,0.59686589886243291,-0.037767853439782451,1140,True,True,True,-180.80415882986267,-0.84696975100129668,0.77038598370227307,2.872050890920649
1365,2024-2025,2025-01-26,Aston Villa,West Ham,Aston Villa,West Ham,1573.9987023404517,1487.7393328365997,1570.0212437088026,1491.7167914682489,continuing,continuing,2.5374013843753089,1.4502085555176099,1.2962794128597652,1.0774060755996062,1.3460185424613731,1.6085847546499119,-0.037767853439782451,1140,True,True,True,63.299721420536116,0.21887333726015901,-0.26256621218853882,3.987609939892919
1366,2024-2025,2025-01-26,Crystal Palace,Brentford,Crystal Palace,Brentford,1522.9507705239289,1485.4414492319977,1510.2156642991736,1498.176555456753,continuing,continuing,1.938229860275692,1.1484406377278098,1.2208733550151938,1.02926784610278,1.1157840420996981,1.3046321123008455,-0.037767853439782451,1140,True,True,True,33.574050620349681,0.19160550891241379,-0.18884807020114747,3.0866704980035018
1367,2024-2025,2025-01-26,Fulham,Manchester Utd,Fulham,Manchester Utd,1530.9730820227808,1510.5434664080628,1518.6986166780189,1522.8179317528247,continuing,continuing,1.5314914514655393,1.40821889898409,1.0331713629524435,1.1281614990545847,1.2482422952424785,1.2181355465059893,-0.037767853439782451,1140,True,True,True,-57.670404964633917,-0.094990136102141243,0.030106748736489219,2.9397103504496291
1368,2024-2025,2025-01-26,Tottenham,Leicester City,Tottenham,Leicester City,1493.6618461237679,1417.3488429061786,1479.9280853425551,1431.0826036873914,continuing,returning_after_absence,2.1005588525371728,1.2356011849988007,1.2696818540295267,0.92040633004723116,1.3424518548621838,1.3595442290665234,-0.037767853439782451,1140,True,True,True,44.803501118547274,0.34927552398229555,-0.017092374204339622,3.3361600375359735
1369,2024-2025,2025-02-01,Bournemouth,Liverpool,Bournemouth,Liverpool,1563.5843002974902,1691.1615148861847,1555.5051667593518,1699.2406484243231,continuing,continuing,1.1668758560020904,2.0244548479679767,0.97608528012308871,1.5273560727254278,1.3254635799205101,0.98240438000243302,-0.037767853439782451,1140,True,True,True,-136.46944747935868,-0.55127079260233913,0.3430591999180771,3.1913307039700669
1370,2024-2025,2025-02-01,Everton,Leicester City,Everton,Leicester City,1482.9139089332989,1431.0826036873914,1489.8018833439853,1424.194629276705,continuing,returning_after_absence,1.167987303435392,0.93877091077642616,0.70598940044816116,0.92040633004723116,1.0199526884264829,1.3595442290665234,-0.037767853439782451,1140,True,True,True,-9.6562786054296339,-0.21441692959906999,-0.33959154064004049,2.1067582142118182
1371,2024-2025,2025-02-01,Ipswich Town,Southampton,Ipswich Town,Southampton,1441.6023711142382,1379.1048601900704,1428.215788627366,1392.4914426769426,new_to_dataset,returning_after_absence,1.9741439826620424,0.78470461595014696,1,0.78470461595014696,1,1.6223039441810847,-0.037767853439782451,1140,True,False,True,0,0.21529538404985304,-0.6223039441810847,2.7588485986121896
1372,2024-2025,2025-02-01,Newcastle,Fulham,Newcastle,Fulham,1583.6830902639481,1518.6986166780189,1570.2332910928706,1532.1484158490964,continuing,continuing,2.381418082662778,1.3827091237897069,1.5677981677996353,1.0331713629524435,1.3383153786206448,1.2482422952424785,-0.037767853439782451,1140,True,True,True,55.213231649766158,0.53462680484719183,0.090073083378166219,3.7641272064524847
1373,2024-2025,2025-02-01,Nottingham,Brighton,Nottingham,Brighton,1551.3983813500347,1532.4716291313766,1559.1649743193925,1524.7050361620188,continuing,continuing,1.393568060315499,1.1953415559303611,0.93128542364986888,0.84466812799807633,1.4151611932646324,1.2296988819338668,-0.037767853439782451,1140,True,True,True,-46.701701710789393,0.086617295651792547,0.18546231133076563,2.5889096162458598
1374,2024-2025,2025-02-01,Wolves,Aston Villa,Wolves,Aston Villa,1421.9373763087215,1570.0212437088026,1434.4196767746507,1557.5389432428733,continuing,continuing,1.3410030609438273,1.7723404675623857,0.81871382889354283,1.2962794128597652,1.367251882564706,1.3460185424613731,-0.037767853439782451,1140,True,True,True,-87.177853112976209,-0.4775655839662224,0.021233340103332887,3.113343528506213
1375,2024-2025,2025-02-02,Arsenal,Manchester City,Arsenal,Manchester City,1677.7358184322579,1648.1160136769304,1685.2120798835194,1640.6397522256689,continuing,continuing,1.3030849639577522,1.0761273447229456,1.6656835798948395,1.802963357052124,0.59686589886243291,0.64288549721175958,-0.037767853439782451,1140,True,True,True,-25.606251023675895,-0.13727977715728445,-0.046019598349326674,2.3792123086806978
1376,2024-2025,2025-02-02,Brentford,Tottenham,Brentford,Tottenham,1498.176555456753,1479.9280853425551,1485.9617052173112,1492.1429355819969,continuing,continuing,1.681410385085381,1.6564677191725952,1.02926784610278,1.2696818540295267,1.3046321123008455,1.3424518548621838,-0.037767853439782451,1140,True,True,True,-67.20787472819643,-0.24041400792674672,-0.037819742561338243,3.3378781042579764
1377,2024-2025,2025-02-02,Manchester Utd,Crystal Palace,Manchester Utd,Crystal Palace,1522.8179317528247,1510.2156642991736,1510.7581647731183,1522.27543127888,continuing,continuing,1.5317857345085784,1.4871892315260338,1.1281614990545847,1.2208733550151938,1.2181355465059893,1.1157840420996981,-0.037767853439782451,1140,True,True,True,38.960428499379304,-0.092711855960609046,0.10235150440629126,3.0189749660346124
1378,2024-2025,2025-02-03,Chelsea,West Ham,Chelsea,West Ham,1581.1027171147261,1491.7167914682489,1587.0497776705856,1485.7697309123894,continuing,continuing,2.9252322850763957,1.4395702300901232,1.4944101521844186,1.0774060755996062,1.3361445259058546,1.6085847546499119,-0.037767853439782451,1140,True,True,True,60.017154357647314,0.41700407658481242,-0.27244022874405727,4.3648025151665184
1379,2024-2025,2025-02-12,Everton,Liverpool,Everton,Liverpool,1489.8018833439853,1699.2406484243231,1493.8560937327284,1695.1864380355801,continuing,continuing,0.84398566677746178,1.5578309325608148,0.70598940044816116,1.5273560727254278,1.0199526884264829,0.98240438000243302,-0.037767853439782451,1140,True,True,True,-131.40203845335554,-0.82136667227726667,0.037548308424049881,2.4018165993382765
1380,2024-2025,2025-02-14,Brighton,Chelsea,Brighton,Chelsea,1524.7050361620188,1587.0497776705856,1534.7725222230265,1576.9822916095779,continuing,continuing,1.3733655345031788,1.8376744932917992,0.84466812799807633,1.4944101521844186,1.2296988819338668,1.3361445259058546,-0.037767853439782451,1140,True,True,True,-56.399362452300238,-0.6497420241863423,-0.10644564397198786,3.211040027794978
1381,2024-2025,2025-02-15,Aston Villa,Ipswich Town,Aston Villa,Ipswich Town,1557.5389432428733,1428.215788627366,1552.571942737462,1433.1827891327773,continuing,new_to_dataset,1.5774123042261097,1.3460185424613731,1.2962794128597652,1,1.3460185424613731,1,-0.037767853439782451,1140,True,True,False,57.904872198970679,0.29627941285976522,0.34601854246137309,2.9234308466874825
1382,2024-2025,2025-02-15,Crystal Palace,Everton,Crystal Palace,Everton,1522.27543127888,1493.8560937327284,1509.7840723406393,1506.347452670969,continuing,continuing,1.5152951840885001,0.78773170691159167,1.2208733550151938,0.70598940044816116,1.1157840420996981,1.0199526884264829,-0.037767853439782451,1140,True,True,True,20.825955616130159,0.51488395456703262,0.095831353673215158,2.3030268910000915
1383,2024-2025,2025-02-15,Fulham,Nottingham,Fulham,Nottingham,1532.1484158490964,1559.1649743193925,1541.201917807552,1550.1114723609369,continuing,continuing,1.7792004150499523,1.1624698547425762,1.0331713629524435,0.93128542364986888,1.2482422952424785,1.4151611932646324,-0.037767853439782451,1140,True,True,True,40.938459572453667,0.10188593930257461,-0.16691889802215387,2.9416702697925285
1384,2024-2025,2025-02-15,Leicester City,Arsenal,Leicester City,Arsenal,1424.194629276705,1685.2120798835194,1419.4109167092893,1689.9957924509351,returning_after_absence,continuing,0.66850238954825736,2.2645704984968962,0.92040633004723116,1.6656835798948395,1.3595442290665234,0.59686589886243291,-0.037767853439782451,1140,True,True,True,-151.53117791585714,-0.74527724984760835,0.76267833020409048,2.9330728880451535
1385,2024-2025,2025-02-15,Manchester City,Newcastle,Manchester City,Newcastle,1640.6397522256689,1570.2332910928706,1647.0532155207318,1563.8198277978076,continuing,continuing,2.9362428292602867,1.0079147046335541,1.802963357052124,1.5677981677996353,0.64288549721175958,1.3383153786206448,-0.037767853439782451,1140,True,True,True,129.46449674432097,0.23516518925248864,-0.69542988140888518,3.9441575338938408
1386,2024-2025,2025-02-15,Southampton,Bournemouth,Southampton,Bournemouth,1392.4914426769426,1555.5051667593518,1385.3724819809245,1562.6241274553699,returning_after_absence,continuing,1.2656703511726217,1.5835069998007858,0.78470461595014696,0.97608528012308871,1.6223039441810847,1.3254635799205101,-0.037767853439782451,1140,True,True,True,14.723687631432767,-0.19138066417294175,0.29684036426057459,2.8491773509734077
1387,2024-2025,2025-02-15,West Ham,Brentford,West Ham,Brentford,1485.7697309123894,1485.9617052173112,1474.0651217447987,1497.6663143849019,continuing,continuing,1.710464577502077,1.6556645656922837,1.0774060755996062,1.02926784610278,1.6085847546499119,1.3046321123008455,-0.037767853439782451,1140,True,True,True,17.009524388083719,0.048138229496826224,0.30395264234906638,3.3661291431943607
1388,2024-2025,2025-02-16,Liverpool,Wolves,Liverpool,Wolves,1695.1864380355801,1434.4196767746507,1697.9121678519423,1431.6939469582885,continuing,continuing,2.5411799869057377,0.80430805147357898,1.5273560727254278,0.81871382889354283,0.98240438000243302,1.367251882564706,-0.037767853439782451,1140,True,True,True,151.01874076193144,0.70864224383188501,-0.38484750256227296,3.3454880383793166
1389,2024-2025,2025-02-16,Tottenham,Manchester Utd,Tottenham,Manchester Utd,1492.1429355819969,1510.7581647731183,1500.9573878280917,1501.9437125270235,continuing,continuing,1.8820758832982114,1.514502496989929,1.2696818540295267,1.1281614990545847,1.3424518548621838,1.2181355465059893,-0.037767853439782451,1140,True,True,True,-5.3266043915325554,0.14152035497494198,0.12431630835619445,3.3965783802881404
1390,2024-2025,2025-02-19,Aston Villa,Liverpool,Aston Villa,Liverpool,1552.571942737462,1697.9121678519423,1554.9799967190445,1695.5041138703598,continuing,continuing,1.5496567567414605,2.0558495948294073,1.2962794128597652,1.5273560727254278,1.3460185424613731,0.98240438000243302,-0.037767853439782451,1140,True,True,True,-63.840887648955231,-0.23107665986566261,0.36361416245894007,3.6055063515708676
1391,2024-2025,2025-02-21,Leicester City,Brentford,Leicester City,Brentford,1419.4109167092893,1497.6663143849019,1409.9358662875668,1507.1413648066243,returning_after_absence,continuing,1.4612154693654578,1.3993351603327651,0.92040633004723116,1.02926784610278,1.3595442290665234,1.3046321123008455,-0.037767853439782451,1140,True,True,True,22.404373609649156,-0.10886151605554883,0.054912116765677865,2.8605506296982228
1392,2024-2025,2025-02-22,Arsenal,West Ham,Arsenal,West Ham,1689.9957924509351,1474.0651217447987,1673.3880182629175,1490.6728959328163,continuing,continuing,3.2604913567454923,0.64306694575260526,1.6656835798948395,1.0774060755996062,0.59686589886243291,1.6085847546499119,-0.037767853439782451,1140,True,True,True,156.92602713742258,0.58827750429523329,-1.011718855787479,3.9035583024980975
1393,2024-2025,2025-02-22,Aston Villa,Chelsea,Aston Villa,Chelsea,1554.9799967190445,1576.9822916095779,1563.8906745070319,1568.0716138215905,continuing,continuing,2.1076508153882569,2.0115037748827498,1.2962794128597652,1.4944101521844186,1.3460185424613731,1.3361445259058546,-0.037767853439782451,1140,True,True,True,3.282567062888802,-0.19813073932465342,0.00987401655551845,4.1191545902710072
1394,2024-2025,2025-02-22,Bournemouth,Wolves,Bournemouth,Wolves,1562.6241274553699,1431.6939469582885,1547.6223644881179,1446.6957099255405,continuing,continuing,1.6239882916994015,1.0851753625756633,0.97608528012308871,0.81871382889354283,1.3254635799205101,1.367251882564706,-0.037767853439782451,1140,True,True,True,14.549293282572762,0.15737145122954588,-0.041788302644195863,2.7091636542750646
1395,2024-2025,2025-02-22,Everton,Manchester Utd,Everton,Manchester Utd,1506.347452670969,1501.9437125270235,1504.5147081116138,1503.7764570863787,continuing,continuing,1.0465028071644378,1.1506713539399747,0.70598940044816116,1.1281614990545847,1.0199526884264829,1.2181355465059893,-0.037767853439782451,1140,True,True,True,-59.786384115509463,-0.42217209860642357,-0.19818285807950642,2.1971741611044124
1396,2024-2025,2025-02-22,Fulham,Crystal Palace,Fulham,Crystal Palace,1541.201917807552,1509.7840723406393,1528.6297873257622,1522.3562028224292,continuing,continuing,1.4028108177770438,1.5239457588645509,1.0331713629524435,1.2208733550151938,1.2482422952424785,1.1157840420996981,-0.037767853439782451,1140,True,True,True,-18.709976465254613,-0.18770199206275029,0.13245825314278048,2.9267565766415946
1397,2024-2025,2025-02-22,Ipswich Town,Tottenham,Ipswich Town,Tottenham,1433.1827891327773,1500.9573878280917,1423.4065227285746,1510.7336542322944,new_to_dataset,continuing,1.6335984762876579,1.2696818540295267,1,1.2696818540295267,1,1.3424518548621838,-0.037767853439782451,1140,True,False,True,-44.803501118547274,-0.26968185402952671,-0.34245185486218377,2.9032803303171848
1398,2024-2025,2025-02-22,Southampton,Brighton,Southampton,Brighton,1385.3724819809245,1534.7725222230265,1377.8902971302712,1542.2547070736798,returning_after_absence,continuing,1.174225711903119,1.3703084355753326,0.78470461595014696,0.84466812799807633,1.6223039441810847,1.2296988819338668,-0.037767853439782451,1140,True,True,True,1.7770573162183609,-0.059963512047929379,0.39260506224721792,2.5445341474784513
1399,2024-2025,2025-02-23,Manchester City,Liverpool,Manchester City,Liverpool,1647.0532155207318,1695.5041138703598,1636.7209280339775,1705.836401357114,continuing,continuing,2.1553797126571732,0.98191506823348707,1.802963357052124,1.5273560727254278,0.64288549721175958,0.98240438000243302,-0.037767853439782451,1140,True,True,True,55.391669091607127,0.27560728432669612,-0.33951888279067344,3.1372947808906604
1400,2024-2025,2025-02-23,Newcastle,Nottingham,Newcastle,Nottingham,1563.8198277978076,1550.1114723609369,1571.7295958041329,1542.2017043546116,continuing,continuing,2.699868822237248,1.2463536043558618,1.5677981677996353,0.93128542364986888,1.3383153786206448,1.4151611932646324,-0.037767853439782451,1140,True,True,True,96.151691222219824,0.63651274414976644,-0.076845814643987653,3.9462224265931098
1401,2024-2025,2025-02-25,Brighton,Bournemouth,Brighton,Bournemouth,1542.2547070736798,1547.6223644881179,1550.6950949540121,1539.1819766077856,continuing,continuing,1.362387049161395,1.2002909776394672,0.84466812799807633,0.97608528012308871,1.2296988819338668,1.3254635799205101,-0.037767853439782451,1140,True,True,True,12.946630315214406,-0.13141715212501237,-0.095764697986643332,2.562678026800862
1402,2024-2025,2025-02-25,Chelsea,Southampton,Chelsea,Southampton,1568.0716138215905,1377.8902971302712,1571.9020270568319,1374.0598838950298,continuing,returning_after_absence,2.9501808095639372,1.0484787770548449,1.4944101521844186,0.78470461595014696,1.3361445259058546,1.6223039441810847,-0.037767853439782451,1140,True,True,True,54.622305136081877,0.70970553623427168,-0.28615941827523006,3.998659586618782
1403,2024-2025,2025-02-25,Crystal Palace,Aston Villa,Crystal Palace,Aston Villa,1522.3562028224292,1563.8906745070319,1531.8252220571128,1554.4216552723483,continuing,continuing,1.9997157105709753,1.4463678829712923,1.2208733550151938,1.2962794128597652,1.1157840420996981,1.3460185424613731,-0.037767853439782451,1140,True,True,True,-46.735195188270154,-0.075406057844571439,-0.23023450036167503,3.4460835935422676
1404,2024-2025,2025-02-25,Wolves,Fulham,Wolves,Fulham,1446.6957099255405,1528.6297873257622,1437.3261860419759,1537.9993112093268,continuing,continuing,1.2435911437436593,1.4126054910086714,0.81871382889354283,1.0331713629524435,1.367251882564706,1.2482422952424785,-0.037767853439782451,1140,True,True,True,-21.732681459451442,-0.21445753405890067,0.11900958732222744,2.6561966347523307
1405,2024-2025,2025-02-26,Brentford,Everton,Brentford,Everton,1507.1413648066243,1504.5147081116138,1505.3580967130588,1506.2979762051793,continuing,continuing,1.2774827167206677,0.92105644276869203,1.02926784610278,0.70598940044816116,1.3046321123008455,1.0199526884264829,-0.037767853439782451,1140,True,True,True,-12.748095004219522,0.32327844565461883,0.28467942387436262,2.1985391594893597
1406,2024-2025,2025-02-26,Liverpool,Newcastle,Liverpool,Newcastle,1705.836401357114,1571.7295958041329,1710.7663955334813,1566.7996016277657,continuing,continuing,2.4873984813533494,1.5402117870061511,1.5273560727254278,1.5677981677996353,0.98240438000243302,1.3383153786206448,-0.037767853439782451,1140,True,True,True,74.072827652713841,-0.040442095074207485,-0.35591099861821174,4.027610268359501
1407,2024-2025,2025-02-26,Manchester Utd,Ipswich Town,Manchester Utd,Ipswich Town,1503.7764570863787,1423.4065227285746,1509.9426477550726,1417.2403320598808,continuing,new_to_dataset,1.3728335203880875,1.2181355465059893,1.1281614990545847,1,1.2181355465059893,1,-0.037767853439782451,1140,True,True,False,50.130105510079829,0.12816149905458474,0.21813554650598932,2.5909690668940768
1408,2024-2025,2025-02-26,Nottingham,Arsenal,Nottingham,Arsenal,1542.2017043546116,1673.3880182629175,1544.2224134077517,1671.3673092097774,continuing,continuing,0.67640400846596871,2.3572107625252858,0.93128542364986888,1.6656835798948395,1.4151611932646324,0.59686589886243291,-0.037767853439782451,1140,True,True,True,-200.0099369428649,-0.73439815624497062,0.8182952944021995,3.0336147709912544
1409,2024-2025,2025-02-26,Tottenham,Manchester City,Tottenham,Manchester City,1510.7336542322944,1636.7209280339775,1502.6104085514869,1644.844173714785,continuing,continuing,0.9932878927102905,2.4203915029231737,1.2696818540295267,1.802963357052124,1.3424518548621838,0.64288549721175958,-0.037767853439782451,1140,True,True,True,-132.33392782098576,-0.53328150302259725,0.69956635765042419,3.4136793956334643
1410,2024-2025,2025-02-27,West Ham,Leicester City,West Ham,Leicester City,1490.6728959328163,1409.9358662875668,1496.8300773813764,1403.7786848390067,continuing,returning_after_absence,1.7824582297491489,1.4805515905972513,1.0774060755996062,0.92040633004723116,1.6085847546499119,1.3595442290665234,-0.037767853439782451,1140,True,True,True,-5.3948492215654369,0.15699974555237506,0.24904052558338852,3.2630098203464
1411,2024-2025,2025-03-08,Brentford,Aston Villa,Brentford,Aston Villa,1505.3580967130588,1554.4216552723483,1495.0434245482045,1564.7363274372026,continuing,continuing,1.6858776332387591,1.6911677485313352,1.02926784610278,1.2962794128597652,1.3046321123008455,1.3460185424613731,-0.037767853439782451,1140,True,True,True,-80.309245808619835,-0.26701156675698523,-0.041386430160527565,3.3770453817700945
1412,2024-2025,2025-03-08,Brighton,Fulham,Brighton,Fulham,1550.6950949540121,1537.9993112093268,1558.6327506975781,1530.0616554657609,continuing,continuing,1.2830146093911035,1.2704896698687091,0.84466812799807633,1.0331713629524435,1.2296988819338668,1.2482422952424785,-0.037767853439782451,1140,True,True,True,5.7632421383357268,-0.18850323495436716,-0.018543413308611756,2.5535042792598128
1413,2024-2025,2025-03-08,Crystal Palace,Ipswich Town,Crystal Palace,Ipswich Town,1531.8252220571128,1417.2403320598808,1537.1844457086836,1411.88110840831,continuing,new_to_dataset,1.4856524241592026,1.1157840420996981,1.2208733550151938,1,1.1157840420996981,1,-0.037767853439782451,1140,True,True,False,11.169677010700525,0.22087335501519378,0.11578404209969806,2.6014364662589005
1414,2024-2025,2025-03-08,Liverpool,Southampton,Liverpool,Southampton,1710.7663955334813,1374.0598838950298,1712.6161582744949,1372.2101211540162,continuing,returning_after_absence,3.0152208003532319,0.77089725171755141,1.5273560727254278,0.78470461595014696,0.98240438000243302,1.6223039441810847,-0.037767853439782451,1140,True,True,True,121.74575984792591,0.74265145677528088,-0.63989956417865168,3.7861180520707833
1415,2024-2025,2025-03-08,Nottingham,Manchester City,Nottingham,Manchester City,1544.2224134077517,1644.844173714785,1555.3863030198852,1633.6802841026515,continuing,continuing,0.72855615998074785,2.5514837757782911,0.93128542364986888,1.802963357052124,1.4151611932646324,0.64288549721175958,-0.037767853439782451,1140,True,True,True,-225.61618796654079,-0.87167793340225508,0.77227569605287283,3.2800399357590391
1416,2024-2025,2025-03-08,Wolves,Everton,Wolves,Everton,1437.3261860419759,1506.2979762051793,1437.5843575383462,1506.039804708809,continuing,continuing,1.0161521807096876,0.96526533683347648,0.81871382889354283,0.70598940044816116,1.367251882564706,1.0199526884264829,-0.037767853439782451,1140,True,True,True,-19.616702308575896,0.11272442844538166,0.34729919413822308,1.9814175175431641
1417,2024-2025,2025-03-09,Chelsea,Leicester City,Chelsea,Leicester City,1571.9020270568319,1403.7786848390067,1576.1411193365386,1399.5395925593,continuing,returning_after_absence,2.4723488522183792,1.2297958795017052,1.4944101521844186,0.92040633004723116,1.3361445259058546,1.3595442290665234,-0.037767853439782451,1140,True,True,True,54.622305136081877,0.57400382213718748,-0.02339970316066875,3.7021447317200842
1418,2024-2025,2025-03-09,Manchester Utd,Arsenal,Manchester Utd,Arsenal,1509.9426477550726,1671.3673092097774,1512.7816914552125,1668.5282655096375,continuing,continuing,0.81939751313491394,2.0290283779012532,1.1281614990545847,1.6656835798948395,1.2181355465059893,0.59686589886243291,-0.037767853439782451,1140,True,True,True,-101.40107240577731,-0.53752208084025477,0.62126964764355641,2.8484258910361673
1419,2024-2025,2025-03-09,Tottenham,Bournemouth,Tottenham,Bournemouth,1502.6104085514869,1539.1819766077856,1501.9371043005394,1539.8552808587331,continuing,continuing,2.0479026698743805,1.3103474948049147,1.2696818540295267,0.97608528012308871,1.3424518548621838,1.3254635799205101,-0.037767853439782451,1140,True,True,True,59.527188749980041,0.29359657390643801,0.016988274941673653,3.358250164679295
1420,2024-2025,2025-03-10,West Ham,Newcastle,West Ham,Newcastle,1496.8300773813764,1566.7996016277657,1487.1169446260465,1576.5127343830957,continuing,continuing,1.7546257117799824,2.521936231090558,1.0774060755996062,1.5677981677996353,1.6085847546499119,1.3383153786206448,-0.037767853439782451,1140,True,True,True,-53.067781416777507,-0.49039209220002911,0.27026937602926715,4.2765619428705399
1421,2024-2025,2025-03-15,Bournemouth,Brentford,Bournemouth,Brentford,1539.8552808587331,1495.0434245482045,1526.9268540461078,1507.9718513608298,continuing,continuing,1.5496100626150446,1.3642570439924635,0.97608528012308871,1.02926784610278,1.3254635799205101,1.3046321123008455,-0.037767853439782451,1140,True,True,True,7.6806859782163883,-0.053182565979691288,0.02083146761966459,2.9138671066075084
1422,2024-2025,2025-03-15,Everton,West Ham,Everton,West Ham,1506.039804708809,1487.1169446260465,1503.8065041151988,1489.3502452196567,continuing,continuing,1.3819385421692678,1.0989032233348448,0.70598940044816116,1.0774060755996062,1.0199526884264829,1.6085847546499119,-0.037767853439782451,1140,True,True,True,-4.261429383864197,-0.37141667515144505,-0.58863206622342901,2.4808417655041124
1423,2024-2025,2025-03-15,Ipswich Town,Nottingham,Ipswich Town,Nottingham,1411.88110840831,1555.3863030198852,1404.2393457490211,1563.028065679174,new_to_dataset,continuing,1.7220767811117199,0.93128542364986888,1,0.93128542364986888,1,1.4151611932646324,-0.037767853439782451,1140,True,False,True,48.478759027007754,0.068714576350131118,-0.41516119326463241,2.6533622047615886
1424,2024-2025,2025-03-15,Manchester City,Brighton,Manchester City,Brighton,1633.6802841026515,1558.6327506975781,1629.9779112777348,1562.3351235224948,continuing,continuing,2.6979399489148257,0.54302488944696947,1.802963357052124,0.84466812799807633,0.64288549721175958,1.2296988819338668,-0.037767853439782451,1140,True,True,True,178.9144862557514,0.95829522905404763,-0.5868133847221072,3.2409648383617951
1425,2024-2025,2025-03-15,Southampton,Wolves,Southampton,Wolves,1372.2101211540162,1437.5843575383462,1362.3647917756039,1447.4296869167586,returning_after_absence,continuing,1.305573534092034,1.3282026737695922,0.78470461595014696,0.81871382889354283,1.6223039441810847,1.367251882564706,-0.037767853439782451,1140,True,True,True,29.272980914005529,-0.034009212943395872,0.25505206161637872,2.6337762078616263
1426,2024-2025,2025-03-16,Arsenal,Chelsea,Arsenal,Chelsea,1668.5282655096375,1576.1411193365386,1674.4033870374499,1570.2659978087263,continuing,continuing,2.7082736333821447,0.8919624587526982,1.6656835798948395,1.4944101521844186,0.59686589886243291,1.3361445259058546,-0.037767853439782451,1140,True,True,True,96.908872779775265,0.17127342771042087,-0.73927862704342173,3.6002360921348426
1427,2024-2025,2025-03-16,Fulham,Tottenham,Fulham,Tottenham,1530.0616554657609,1501.9371043005394,1537.5782562120762,1494.4205035542241,continuing,continuing,1.6877871642631543,1.584870591701542,1.0331713629524435,1.2696818540295267,1.2482422952424785,1.3424518548621838,-0.037767853439782451,1140,True,True,True,-52.343800573101362,-0.23651049107708322,-0.09420955961970523,3.2726577559646963
1428,2024-2025,2025-03-16,Leicester City,Manchester Utd,Leicester City,Manchester Utd,1399.5395925593,1512.7816914552125,1391.0601393850275,1521.261144629485,returning_after_absence,continuing,1.364337492198753,1.5337854554946988,0.92040633004723116,1.1281614990545847,1.3595442290665234,1.2181355465059893,-0.037767853439782451,1140,True,True,True,-50.130105510079829,-0.20775516900735358,0.14140868256053407,2.8981229476934516
1429,2024-2025,2025-04-01,Arsenal,Fulham,Arsenal,Fulham,1674.4033870374499,1537.5782562120762,1679.275483849776,1532.70615939975,continuing,continuing,2.5301018196259197,0.61666475422753508,1.6656835798948395,1.0331713629524435,0.59686589886243291,1.2482422952424785,-0.037767853439782451,1140,True,True,True,159.07147737041123,0.63251221694239601,-0.65137639638004563,3.1467665738534549
1430,2024-2025,2025-04-01,Nottingham,Manchester Utd,Nottingham,Manchester Utd,1563.028065679174,1521.261144629485,1570.1799675003724,1514.1092428082866,continuing,continuing,1.380463799459652,1.5965303731973026,0.93128542364986888,1.1281614990545847,1.4151611932646324,1.2181355465059893,-0.037767853439782451,1140,True,True,True,-98.608864537087584,-0.19687607540471586,0.19702564675864309,2.9769941726569549
1431,2024-2025,2025-04-01,Wolves,West Ham,Wolves,West Ham,1447.4296869167586,1489.3502452196567,1456.9097879363599,1479.8701442000554,continuing,continuing,1.6025909092073378,1.4730854851502135,0.81871382889354283,1.0774060755996062,1.367251882564706,1.6085847546499119,-0.037767853439782451,1140,True,True,True,-23.878131692440093,-0.25869224670606339,-0.24133287208520593,3.0756763943575516
1432,2024-2025,2025-04-02,Bournemouth,Ipswich Town,Bournemouth,Ipswich Town,1526.9268540461078,1404.2393457490211,1512.1050837149087,1419.0611160802202,continuing,new_to_dataset,1.1877755023844665,1.3254635799205101,0.97608528012308871,1,1.3254635799205101,1,-0.037767853439782451,1140,True,True,False,-14.723687631432767,-0.023914719876911295,0.32546357992051012,2.5132390823049766
1433,2024-2025,2025-04-02,Brighton,Aston Villa,Brighton,Aston Villa,1562.3351235224948,1564.7363274372026,1550.6923196174912,1576.3791313422062,continuing,continuing,1.3835146117635666,1.5940333446675425,0.84466812799807633,1.2962794128597652,1.2296988819338668,1.3460185424613731,-0.037767853439782451,1140,True,True,True,-59.68192951518904,-0.45161128486168889,-0.11631966052750631,2.9775479564311089
1434,2024-2025,2025-04-02,Liverpool,Everton,Liverpool,Everton,1712.6161582744949,1503.8065041151988,1716.1254213587126,1500.297241030981,continuing,continuing,1.8956882725648174,0.69356707923556515,1.5273560727254278,0.70598940044816116,0.98240438000243302,1.0199526884264829,-0.037767853439782451,1140,True,True,True,131.40203845335554,0.82136667227726667,-0.037548308424049881,2.5892553518003827
1435,2024-2025,2025-04-02,Manchester City,Leicester City,Manchester City,Leicester City,1629.9779112777348,1391.0601393850275,1633.013508492136,1388.0245421706263,continuing,returning_after_absence,2.9828185922612276,0.5917158811292651,1.802963357052124,0.92040633004723116,0.64288549721175958,1.3595442290665234,-0.037767853439782451,1140,True,True,True,177.13742893953304,0.8825570270048928,-0.71665873185476381,3.5745344733904929
1436,2024-2025,2025-04-02,Newcastle,Brentford,Newcastle,Brentford,1576.5127343830957,1507.9718513608298,1582.9730761573499,1501.5115095865756,continuing,continuing,2.4889995438363517,1.3774849871590975,1.5677981677996353,1.02926784610278,1.3383153786206448,1.3046321123008455,-0.037767853439782451,1140,True,True,True,70.077305804861226,0.53853032169685533,0.033683266319799232,3.8664845309954492
1437,2024-2025,2025-04-02,Southampton,Crystal Palace,Southampton,Crystal Palace,1362.3647917756039,1537.1844457086836,1365.5542897060902,1533.9949477781972,returning_after_absence,continuing,1.0654497051377485,1.9806276591867424,0.78470461595014696,1.2208733550151938,1.6223039441810847,1.1157840420996981,-0.037767853439782451,1140,True,True,True,-11.169677010700525,-0.43616873906504683,0.50651990208138664,3.0460773643244909
1438,2024-2025,2025-04-03,Chelsea,Tottenham,Chelsea,Tottenham,1570.2659978087263,1494.4205035542241,1576.5438229356464,1488.142678427304,continuing,continuing,2.4412661475572732,1.6964784589035484,1.4944101521844186,1.2696818540295267,1.3361445259058546,1.3424518548621838,-0.037767853439782451,1140,True,True,True,9.8188040175346032,0.22472829815489193,-0.0063073289563291279,4.1377446064608217
1439,2024-2025,2025-04-05,Aston Villa,Nottingham,Aston Villa,Nottingham,1576.3791313422062,1570.1799675003724,1584.4964938198386,1562.0626050227399,continuing,continuing,2.2322926787189346,1.2535274485567189,1.2962794128597652,0.93128542364986888,1.3460185424613731,1.4151611932646324,-0.037767853439782451,1140,True,True,True,106.38363122597843,0.36499398920989634,-0.06914265080325932,3.4858201272756535
1440,2024-2025,2025-04-05,Crystal Palace,Brighton,Crystal Palace,Brighton,1533.9949477781972,1550.6923196174912,1542.7550116522425,1541.9322557434459,continuing,continuing,1.8269051249309101,0.94246721809047873,1.2208733550151938,0.84466812799807633,1.1157840420996981,1.2296988819338668,-0.037767853439782451,1140,True,True,True,12.946734326918886,0.37620522701711745,-0.11391483983416872,2.7693723430213888
1441,2024-2025,2025-04-05,Everton,Arsenal,Everton,Arsenal,1500.297241030981,1679.275483849776,1503.5938424467697,1675.9788824339873,continuing,continuing,0.51276874765856795,1.69891844538159,0.70598940044816116,1.6656835798948395,1.0199526884264829,0.59686589886243291,-0.037767853439782451,1140,True,True,True,-161.18745652128678,-0.95969417944667834,0.42308678956404999,2.211687193040158
1442,2024-2025,2025-04-05,Ipswich Town,Wolves,Ipswich Town,Wolves,1419.0611160802202,1456.9097879363599,1408.4244120866749,1467.5464919299052,new_to_dataset,continuing,1.6637770538805883,0.81871382889354283,1,0.81871382889354283,1,1.367251882564706,-0.037767853439782451,1140,True,False,True,29.272980914005529,0.18128617110645717,-0.36725188256470598,2.482490882774131
1443,2024-2025,2025-04-05,West Ham,Bournemouth,West Ham,Bournemouth,1479.8701442000554,1512.1050837149087,1479.0726983715087,1512.9025295434553,continuing,continuing,1.7377760986005251,1.5701159008441892,1.0774060755996062,0.97608528012308871,1.6085847546499119,1.3254635799205101,-0.037767853439782451,1140,True,True,True,9.3288384098673305,0.10132079547651751,0.28312117472940179,3.3078919994447142
1444,2024-2025,2025-04-06,Brentford,Chelsea,Brentford,Chelsea,1501.5115095865756,1576.5438229356464,1501.9439045654001,1576.1114279568219,continuing,continuing,1.6735105051970178,1.9496554734881861,1.02926784610278,1.4944101521844186,1.3046321123008455,1.3361445259058546,-0.037767853439782451,1140,True,True,True,-77.026678745731033,-0.46514230608163865,-0.031512413605009115,3.6231659786852042
1445,2024-2025,2025-04-06,Fulham,Liverpool,Fulham,Liverpool,1532.70615939975,1716.1254213587126,1546.1162081507171,1702.7153726077456,continuing,continuing,1.2351202739067528,1.9065104498713261,1.0331713629524435,1.5273560727254278,1.2482422952424785,0.98240438000243302,-0.037767853439782451,1140,True,True,True,-129.28605930248,-0.49418470977298434,0.26583791524004552,3.1416307237780789
1446,2024-2025,2025-04-06,Manchester Utd,Manchester City,Manchester Utd,Manchester City,1514.1092428082866,1633.013508492136,1515.7885843624313,1631.3341669379913,continuing,continuing,0.88257476034366578,2.1962537542729623,1.1281614990545847,1.802963357052124,1.2181355465059893,0.64288549721175958,-0.037767853439782451,1140,True,True,True,-127.00732342945321,-0.67480185799753922,0.57525004929422974,3.0788285146166281
1447,2024-2025,2025-04-06,Tottenham,Southampton,Tottenham,Southampton,1488.142678427304,1365.5542897060902,1493.3230980060641,1360.3738701273301,continuing,returning_after_absence,2.5065347920275753,1.0534281672011923,1.2696818540295267,0.78470461595014696,1.3424518548621838,1.6223039441810847,-0.037767853439782451,1140,True,True,True,44.803501118547274,0.48497723807937976,-0.27985208931890093,3.5599629592287676
1448,2024-2025,2025-04-07,Leicester City,Newcastle,Leicester City,Newcastle,1388.0245421706263,1582.9730761573499,1381.7244558916441,1589.2731624363321,returning_after_absence,continuing,1.4989414377370667,2.1314909513730629,0.92040633004723116,1.5677981677996353,1.3595442290665234,1.3383153786206448,-0.037767853439782451,1140,True,True,True,-47.67293219521207,-0.64739183775240416,0.021228850445878633,3.6304323891101298
1449,2024-2025,2025-04-12,Arsenal,Brentford,Arsenal,Brentford,1675.9788824339873,1501.9439045654001,1670.1054080907741,1507.8173789086134,continuing,continuing,2.6444001247638917,0.61433487813433607,1.6656835798948395,1.02926784610278,0.59686589886243291,1.3046321123008455,-0.037767853439782451,1140,True,True,True,173.9355515255063,0.63641573379205951,-0.70776621343841262,3.258735002898228
1450,2024-2025,2025-04-12,Brighton,Leicester City,Brighton,Leicester City,1541.9322557434459,1381.7244558916441,1536.3255614441355,1387.3311501909545,continuing,returning_after_absence,1.397417083729622,1.1318226349839338,0.84466812799807633,0.92040633004723116,1.2296988819338668,1.3595442290665234,-0.037767853439782451,1140,True,True,True,-1.7770573162183609,-0.075738202049154824,-0.12984534713265661,2.5292397187135558
1451,2024-2025,2025-04-12,Manchester City,Crystal Palace,Manchester City,Crystal Palace,1631.3341669379913,1542.7550116522425,1637.3006521485338,1536.7885264417,continuing,continuing,2.4480125872834058,0.78488177387153191,1.802963357052124,1.2208733550151938,0.64288549721175958,1.1157840420996981,-0.037767853439782451,1140,True,True,True,165.96775192883251,0.58209000203693018,-0.47289854488793848,3.2328943611549379
1452,2024-2025,2025-04-12,Nottingham,Everton,Nottingham,Everton,1562.0626050227399,1503.5938424467697,1548.7790803149469,1516.8773671545628,continuing,continuing,1.1558711734280604,0.99908880237040221,0.93128542364986888,0.70598940044816116,1.4151611932646324,1.0199526884264829,-0.037767853439782451,1140,True,True,True,-38.822480421578121,0.22529602320170772,0.39520850483814951,2.1549599757984628
1453,2024-2025,2025-04-12,Southampton,Aston Villa,Southampton,Aston Villa,1360.3738701273301,1584.4964938198386,1354.7750964103313,1590.0952675368374,returning_after_absence,continuing,1.2852980550579252,2.1029592042431378,0.78470461595014696,1.2962794128597652,1.6223039441810847,1.3460185424613731,-0.037767853439782451,1140,True,True,True,-57.904872198970679,-0.51157479690961827,0.27628540171971161,3.3882572593010627
1454,2024-2025,2025-04-13,Chelsea,Ipswich Town,Chelsea,Ipswich Town,1576.1114279568219,1408.4244120866749,1570.3589168725389,1414.1769231709579,continuing,new_to_dataset,1.8185129982243524,1.3361445259058546,1.4944101521844186,1,1.3361445259058546,1,-0.037767853439782451,1140,True,True,False,54.622305136081877,0.49441015218441864,0.33614452590585464,3.1546575241302071
1455,2024-2025,2025-04-13,Liverpool,West Ham,Liverpool,West Ham,1702.7153726077456,1479.0726983715087,1705.984374452973,1475.8036965262813,continuing,continuing,2.9897222581184342,1.0584484477102856,1.5273560727254278,1.0774060755996062,0.98240438000243302,1.6085847546499119,-0.037767853439782451,1140,True,True,True,127.14060906949135,0.44994999712582162,-0.62618037464747889,4.0481707058287197
1456,2024-2025,2025-04-13,Newcastle,Manchester Utd,Newcastle,Manchester Utd,1589.2731624363321,1515.7885843624313,1595.6096731690175,1509.4520736297459,continuing,continuing,2.3239799105029948,1.5098358837524708,1.5677981677996353,1.1281614990545847,1.3383153786206448,1.2181355465059893,-0.037767853439782451,1140,True,True,True,-2.4571733148677595,0.43963666874505059,0.12017983211465544,3.8338157942554654
1457,2024-2025,2025-04-13,Wolves,Tottenham,Wolves,Tottenham,1467.5464919299052,1493.3230980060641,1476.5646370032966,1484.3049529326727,continuing,continuing,1.3374496633961257,1.7359749051801165,0.81871382889354283,1.2696818540295267,1.367251882564706,1.3424518548621838,-0.037767853439782451,1140,True,True,True,-74.076482032552804,-0.45096802513598389,0.024800027702522209,3.0734245685762422
1458,2024-2025,2025-04-14,Bournemouth,Fulham,Bournemouth,Fulham,1512.9025295434553,1546.1162081507171,1522.1330811648352,1536.8856565293372,continuing,continuing,1.4826316193291746,1.3694310134102985,0.97608528012308871,1.0331713629524435,1.3254635799205101,1.2482422952424785,-0.037767853439782451,1140,True,True,True,-7.1833881768786796,-0.05708608282935479,0.077221284678031576,2.8520626327394734
1459,2024-2025,2025-04-16,Newcastle,Crystal Palace,Newcastle,Crystal Palace,1595.6096731690175,1536.7885264417,1602.3171025554204,1530.0810970552971,continuing,continuing,2.1287119530640646,1.6339135863650158,1.5677981677996353,1.2208733550151938,1.3383153786206448,1.1157840420996981,-0.037767853439782451,1140,True,True,True,36.503255184511545,0.34692481278444154,0.2225313365209467,3.7626255394290804
1460,2024-2025,2025-04-19,Aston Villa,Newcastle,Aston Villa,Newcastle,1590.0952675368374,1602.3171025554204,1598.7287048386725,1593.6836652535853,continuing,continuing,2.1110751451712293,2.1102854046952766,1.2962794128597652,1.5677981677996353,1.3460185424613731,1.3383153786206448,-0.037767853439782451,1140,True,True,True,10.231940003758609,-0.2715187549398701,0.0077031638407283332,4.2213605498665059
1461,2024-2025,2025-04-19,Brentford,Brighton,Brentford,Brighton,1507.8173789086134,1536.3255614441355,1516.913445680158,1527.2294946725908,continuing,continuing,1.5401881736933858,1.1019811640233312,1.02926784610278,0.84466812799807633,1.3046321123008455,1.2296988819338668,-0.037767853439782451,1140,True,True,True,-20.627316293430795,0.18459971810470366,0.074933230366978743,2.6421693377167168
1462,2024-2025,2025-04-19,Crystal Palace,Bournemouth,Crystal Palace,Bournemouth,1530.0810970552971,1522.1330811648352,1528.1499539716524,1524.0642242484798,continuing,continuing,1.9691781806436408,1.089100379289756,1.2208733550151938,0.97608528012308871,1.1157840420996981,1.3254635799205101,-0.037767853439782451,1140,True,True,True,25.893364642133292,0.24478807489210508,-0.20967953782081206,3.058278559933397
1463,2024-2025,2025-04-19,Everton,Manchester City,Everton,Manchester City,1516.8773671545628,1637.3006521485338,1508.5991651446109,1645.5788541584857,continuing,continuing,0.55230428128229969,1.8389373231597506,0.70598940044816116,1.802963357052124,1.0199526884264829,0.64288549721175958,-0.037767853439782451,1140,True,True,True,-186.79370754496267,-1.0969739566039629,0.37706719121472332,2.3912416044420501
1464,2024-2025,2025-04-19,West Ham,Southampton,West Ham,Southampton,1475.8036965262813,1354.7750964103313,1471.0186567206702,1359.5601362159425,continuing,returning_after_absence,2.126954721028488,1.2622638821208205,1.0774060755996062,0.78470461595014696,1.6085847546499119,1.6223039441810847,-0.037767853439782451,1140,True,True,True,-5.3948492215654369,0.29270145964945926,-0.013719189531172793,3.3892186031493088
1465,2024-2025,2025-04-20,Fulham,Chelsea,Fulham,Chelsea,1536.8856565293372,1570.3589168725389,1526.1236357050125,1581.1209376968636,continuing,continuing,1.6798573239379901,1.8653859583963404,1.0331713629524435,1.4944101521844186,1.2482422952424785,1.3361445259058546,-0.037767853439782451,1140,True,True,True,-62.162604590635965,-0.46123878923197514,-0.087902230663376102,3.5452432823343303
1466,2024-2025,2025-04-20,Ipswich Town,Arsenal,Ipswich Town,Arsenal,1414.1769231709579,1670.1054080907741,1409.2857798458826,1674.9965514158494,new_to_dataset,continuing,0.72631224680294493,1.6656835798948395,1,1.6656835798948395,1,0.59686589886243291,-0.037767853439782451,1140,True,False,True,-151.53117791585714,-0.66568357989483951,0.40313410113756709,2.3919958266977845
1467,2024-2025,2025-04-20,Leicester City,Liverpool,Leicester City,Liverpool,1387.3311501909545,1705.984374452973,1383.6494954624065,1709.666029181521,returning_after_absence,continuing,1.1003136161505982,2.0765081344035647,0.92040633004723116,1.5273560727254278,1.3595442290665234,0.98240438000243302,-0.037767853439782451,1140,True,True,True,-121.74575984792591,-0.60694974267819668,0.37713984906409037,3.1768217505541632
1468,2024-2025,2025-04-20,Manchester Utd,Wolves,Manchester Utd,Wolves,1509.4520736297459,1476.5646370032966,1496.8404864669772,1489.1762241660654,continuing,continuing,1.8770092151985454,0.99730441739124687,1.1281614990545847,0.81871382889354283,1.2181355465059893,1.367251882564706,-0.037767853439782451,1140,True,True,True,79.403086424085359,0.30944767016104191,-0.14911633605871666,2.874313632589792
1469,2024-2025,2025-04-21,Tottenham,Nottingham,Tottenham,Nottingham,1484.3049529326727,1548.7790803149469,1474.4337215524517,1558.6503116951678,continuing,continuing,2.1864896402231278,1.2502058443848811,1.2696818540295267,0.93128542364986888,1.3424518548621838,1.4151611932646324,-0.037767853439782451,1140,True,True,True,93.282260145555028,0.33839643037965783,-0.072709338402448642,3.4366954846080091
1470,2024-2025,2025-04-22,Manchester City,Aston Villa,Manchester City,Aston Villa,1645.5788541584857,1598.7287048386725,1652.5968842373968,1591.7106747597613,continuing,continuing,2.953143449212265,0.83335923486171792,1.802963357052124,1.2962794128597652,0.64288549721175958,1.3460185424613731,-0.037767853439782451,1140,True,True,True,119.23255674056236,0.50668394419235874,-0.70313304524961351,3.7865026840739828
1471,2024-2025,2025-04-23,Arsenal,Crystal Palace,Arsenal,Crystal Palace,1674.9965514158494,1528.1499539716524,1669.6592097988409,1533.4872955886608,continuing,continuing,2.2616179935463703,0.72869767243833783,1.6656835798948395,1.2208733550151938,0.59686589886243291,1.1157840420996981,-0.037767853439782451,1140,True,True,True,140.36150090515662,0.44481022487964572,-0.51891814323726515,2.9903156659847081
1472,2024-2025,2025-04-26,Brighton,West Ham,Brighton,West Ham,1527.2294946725908,1471.0186567206702,1534.0040746961943,1464.2440766970667,continuing,continuing,1.6533951369263029,1.3248850465535909,0.84466812799807633,1.0774060755996062,1.2296988819338668,1.6085847546499119,-0.037767853439782451,1140,True,True,True,3.617791905347076,-0.23273794760152988,-0.37888587271604512,2.9782801834798938
1473,2024-2025,2025-04-26,Chelsea,Everton,Chelsea,Everton,1581.1209376968636,1508.5991651446109,1587.4814652816347,1502.2386375598398,continuing,continuing,1.8547972214774322,0.94330387275636685,1.4944101521844186,0.70598940044816116,1.3361445259058546,1.0199526884264829,-0.037767853439782451,1140,True,True,True,64.278583741511511,0.78842075173625747,0.31619183747937174,2.7981010942337989
1474,2024-2025,2025-04-26,Newcastle,Ipswich Town,Newcastle,Ipswich Town,1593.6836652535853,1409.2857798458826,1597.6182379054471,1405.3512071940208,continuing,new_to_dataset,1.9078171695825874,1.3383153786206448,1.5677981677996353,1,1.3383153786206448,1,-0.037767853439782451,1140,True,True,False,47.67293219521207,0.56779816779963532,0.33831537862064476,3.2461325482032324
1475,2024-2025,2025-04-26,Southampton,Fulham,Southampton,Fulham,1359.5601362159425,1526.1236357050125,1352.5345874851457,1533.1491844358093,returning_after_absence,continuing,1.1919326099196281,1.6761179771326962,0.78470461595014696,1.0331713629524435,1.6223039441810847,1.2482422952424785,-0.037767853439782451,1140,True,True,True,7.5402994545540878,-0.24846674700229654,0.37406164893860616,2.8680505870523243
1476,2024-2025,2025-04-26,Wolves,Leicester City,Wolves,Leicester City,1489.1762241660654,1383.6494954624065,1494.7424709187178,1378.0832487097541,continuing,returning_after_absence,1.3544783486658716,1.258427287481549,0.81871382889354283,0.92040633004723116,1.367251882564706,1.3595442290665234,-0.037767853439782451,1140,True,True,True,-29.272980914005529,-0.10169250115368833,0.0077076534981825873,2.6129056361474206
1477,2024-2025,2025-04-27,Bournemouth,Manchester Utd,Bournemouth,Manchester Utd,1524.0642242484798,1496.8404864669772,1521.6051690893596,1499.2995416260974,continuing,continuing,1.4468715607235281,1.495336979265379,0.97608528012308871,1.1281614990545847,1.3254635799205101,1.2181355465059893,-0.037767853439782451,1140,True,True,True,-64.853793141512597,-0.15207621893149603,0.1073280334145208,2.9422085399889069
1478,2024-2025,2025-04-27,Liverpool,Tottenham,Liverpool,Tottenham,1709.666029181521,1474.4337215524517,1712.7566570290098,1471.3430937049629,continuing,continuing,2.49508655315296,1.2473410146082169,1.5273560727254278,1.2696818540295267,0.98240438000243302,1.3424518548621838,-0.037767853439782451,1140,True,True,True,76.942258729378636,0.25767421869590112,-0.36004747485975075,3.7424275677611769
1479,2024-2025,2025-05-01,Nottingham,Brentford,Nottingham,Brentford,1558.6503116951678,1516.913445680158,1545.8030084191626,1529.7607489561633,continuing,continuing,1.4784868628205998,1.4565799132797281,0.93128542364986888,1.02926784610278,1.4151611932646324,1.3046321123008455,-0.037767853439782451,1140,True,True,True,-26.074385417358599,-0.097982422452911111,0.11052908096378689,2.935066776100328
1480,2024-2025,2025-05-02,Manchester City,Wolves,Manchester City,Wolves,1652.5968842373968,1494.7424709187178,1657.0368093859449,1490.3025457701697,continuing,continuing,2.9997290624508377,0.52633924696236878,1.802963357052124,0.81871382889354283,0.64288549721175958,1.367251882564706,-0.037767853439782451,1140,True,True,True,206.41040985353857,0.98424952815858113,-0.7243663853529464,3.5260683094132066
1481,2024-2025,2025-05-03,Arsenal,Bournemouth,Arsenal,Bournemouth,1669.6592097988409,1521.6051690893596,1654.2970614496833,1536.9673174385173,continuing,continuing,2.6866240858737447,0.58259201808705696,1.6656835798948395,0.97608528012308871,0.59686589886243291,1.3254635799205101,-0.037767853439782451,1140,True,True,True,166.25486554728991,0.6895982997717508,-0.72859768105807721,3.2692161039608019
1482,2024-2025,2025-05-03,Aston Villa,Fulham,Aston Villa,Fulham,1591.7106747597613,1533.1491844358093,1598.4247690919885,1526.4350901035821,continuing,continuing,1.9689927551709259,1.3906678120740783,1.2962794128597652,1.0331713629524435,1.3460185424613731,1.2482422952424785,-0.037767853439782451,1140,True,True,True,65.445171653524767,0.26310804990732173,0.097776247218894552,3.3596605672450042
1483,2024-2025,2025-05-03,Everton,Ipswich Town,Everton,Ipswich Town,1502.2386375598398,1405.3512071940208,1498.0068464991748,1409.5829982546859,continuing,new_to_dataset,0.85910210088372319,1.0199526884264829,0.70598940044816116,1,1.0199526884264829,1,-0.037767853439782451,1140,True,True,False,-9.6562786054296339,-0.29401059955183884,0.019952688426482901,1.8790547893102061
1484,2024-2025,2025-05-03,Leicester City,Southampton,Leicester City,Southampton,1378.0832487097541,1352.5345874851457,1385.6695441529748,1344.948292041925,returning_after_absence,returning_after_absence,1.817014618066795,1.0668406321368848,0.92040633004723116,0.78470461595014696,1.3595442290665234,1.6223039441810847,-0.037767853439782451,1140,True,True,True,0,0.1357017140970842,-0.26275971511456131,2.8838552502036796
1485,2024-2025,2025-05-04,Brentford,Manchester Utd,Brentford,Manchester Utd,1529.7607489561633,1499.2995416260974,1537.2143492645453,1491.8459413177154,continuing,continuing,1.52570518705648,1.4718357195280711,1.02926784610278,1.1281614990545847,1.3046321123008455,1.2181355465059893,-0.037767853439782451,1140,True,True,True,-72.534479119728985,-0.098893652951804745,0.086496565794856206,2.9975409065845513
1486,2024-2025,2025-05-04,Brighton,Newcastle,Brighton,Newcastle,1534.0040746961943,1597.6182379054471,1534.1080949233317,1597.5142176783097,continuing,continuing,1.3755968607116622,1.9279196540411765,0.84466812799807633,1.5677981677996353,1.2296988819338668,1.3383153786206448,-0.037767853439782451,1140,True,True,True,-49.449989511430431,-0.72313003980155899,-0.10861649668677797,3.3035165147528387
1487,2024-2025,2025-05-04,Chelsea,Liverpool,Chelsea,Liverpool,1587.4814652816347,1712.7566570290098,1599.3384385400209,1700.8996837706236,continuing,continuing,1.7865151345469605,2.0407684556811447,1.4944101521844186,1.5273560727254278,1.3361445259058546,0.98240438000243302,-0.037767853439782451,1140,True,True,True,-67.123454711844033,-0.032945920541009199,0.35374014590342162,3.827283590228105
1488,2024-2025,2025-05-04,West Ham,Tottenham,West Ham,Tottenham,1464.2440766970667,1471.3430937049629,1462.7331224045172,1472.8540479975125,continuing,continuing,1.7600489234425818,2.0423908736475314,1.0774060755996062,1.2696818540295267,1.6085847546499119,1.3424518548621838,-0.037767853439782451,1140,True,True,True,-50.198350340112711,-0.1922757784299205,0.26613289978772814,3.8024397970901131
1489,2024-2025,2025-05-05,Crystal Palace,Nottingham,Crystal Palace,Nottingham,1533.4872955886608,1545.8030084191626,1532.1233845489094,1547.166919458914,continuing,continuing,2.1024376573496308,1.0391134143485805,1.2208733550151938,0.93128542364986888,1.1157840420996981,1.4151611932646324,-0.037767853439782451,1140,True,True,True,59.648436037708279,0.2895879313653249,-0.29937715116493435,3.1415510716982116
1490,2024-2025,2025-05-10,Bournemouth,Aston Villa,Bournemouth,Aston Villa,1536.9673174385173,1598.4247690919885,1527.0092660230985,1608.3828205074074,continuing,continuing,1.5987678504908649,1.7181711511463613,0.97608528012308871,1.2962794128597652,1.3254635799205101,1.3460185424613731,-0.037767853439782451,1140,True,True,True,-72.628559830403447,-0.32019413273667652,-0.020554962540862975,3.316939001637226
1491,2024-2025,2025-05-10,Fulham,Everton,Fulham,Everton,1526.4350901035821,1498.0068464991748,1513.9434907404152,1510.4984458623417,continuing,continuing,1.2823275929389959,0.88124582963227405,1.0331713629524435,0.70598940044816116,1.2482422952424785,1.0199526884264829,-0.037767853439782451,1140,True,True,True,2.1159791508755461,0.32718196250428233,0.22828960681599564,2.1635734225712699
1492,2024-2025,2025-05-10,Ipswich Town,Brentford,Ipswich Town,Brentford,1409.5829982546859,1537.2143492645453,1401.5053653507875,1545.2919821684436,new_to_dataset,continuing,1.5875765101381631,1.02926784610278,1,1.02926784610278,1,1.3046321123008455,-0.037767853439782451,1140,True,False,True,22.404373609649156,-0.029267846102779993,-0.30463211230084553,2.6168443562409429
1493,2024-2025,2025-05-10,Southampton,Manchester City,Southampton,Manchester City,1344.948292041925,1657.0368093859449,1351.1517627499884,1650.8333386778816,returning_after_absence,continuing,0.61388417256141503,2.9249545653596298,0.78470461595014696,1.802963357052124,1.6223039441810847,0.64288549721175958,-0.037767853439782451,1140,True,True,True,-177.13742893953304,-1.018258741101977,0.97941844696932512,3.5388387379210449
1494,2024-2025,2025-05-10,Wolves,Brighton,Wolves,Brighton,1490.3025457701697,1534.1080949233317,1479.8367692759634,1544.5738714175379,continuing,continuing,1.2251168261746588,1.1548740881477759,0.81871382889354283,0.84466812799807633,1.367251882564706,1.2296988819338668,-0.037767853439782451,1140,True,True,True,-27.495923597787169,-0.025954299104533507,0.1375530006308392,2.3799909143224349
1495,2024-2025,2025-05-11,Liverpool,Arsenal,Liverpool,Arsenal,1700.8996837706236,1654.2970614496833,1697.9242061154973,1657.2725391048095,continuing,continuing,1.1093374208493276,1.6363748445868229,1.5273560727254278,1.6656835798948395,0.98240438000243302,0.59686589886243291,-0.037767853439782451,1140,True,True,True,-29.785418067931232,-0.13832750716941167,0.38553848114000011,2.7457122654361505
1496,2024-2025,2025-05-11,Manchester Utd,West Ham,Manchester Utd,West Ham,1491.8459413177154,1462.7331224045172,1479.3358706020156,1475.243193120217,continuing,continuing,2.2083190715686465,1.3124266387093995,1.1281614990545847,1.0774060755996062,1.2181355465059893,1.6085847546499119,-0.037767853439782451,1140,True,True,True,55.524954731645266,0.050755423454978521,-0.39044920814392259,3.5207457102780459
1497,2024-2025,2025-05-11,Newcastle,Chelsea,Newcastle,Chelsea,1597.5142176783097,1599.3384385400209,1605.8552594761329,1590.9973967421977,continuing,continuing,2.5491194675669759,1.9999920886352256,1.5677981677996353,1.4944101521844186,1.3383153786206448,1.3361445259058546,-0.037767853439782451,1140,True,True,True,-6.9493729408698073,0.073388015615216684,0.0021708527147901169,4.5491115562022015
1498,2024-2025,2025-05-11,Nottingham,Leicester City,Nottingham,Leicester City,1547.166919458914,1385.6695441529748,1541.5348288873386,1391.3016347245502,continuing,returning_after_absence,1.5407165461790329,1.3025233203179607,0.93128542364986888,0.92040633004723116,1.4151611932646324,1.3595442290665234,-0.037767853439782451,1140,True,True,True,-48.478759027007754,0.010879093602637724,0.05561696419810902,2.8432398664969938
1499,2024-2025,2025-05-11,Tottenham,Crystal Palace,Tottenham,Crystal Palace,1472.8540479975125,1532.1233845489094,1462.8330178439564,1542.1444147024654,continuing,continuing,1.7239380647156188,1.6389636999919643,1.2696818540295267,1.2208733550151938,1.3424518548621838,1.1157840420996981,-0.037767853439782451,1140,True,True,True,33.633824107846749,0.048808499014332929,0.22666781276248571,3.3629017647075834
1500,2024-2025,2025-05-16,Aston Villa,Tottenham,Aston Villa,Tottenham,1608.3828205074074,1462.8330178439564,1613.0722240174716,1458.1436143338922,continuing,continuing,2.1176000736907721,1.7090153185504775,1.2962794128597652,1.2696818540295267,1.3460185424613731,1.3424518548621838,-0.037767853439782451,1140,True,True,True,13.101371080423405,0.02659755883023851,0.0035666875991893221,3.8266153922412496
1501,2024-2025,2025-05-16,Chelsea,Manchester Utd,Chelsea,Manchester Utd,1590.9973967421977,1479.3358706020156,1596.4228974832201,1473.9103698609931,continuing,continuing,2.2151953249202667,1.5073868112995263,1.4944101521844186,1.1281614990545847,1.3361445259058546,1.2181355465059893,-0.037767853439782451,1140,True,True,True,4.4921996260020478,0.3662486531298339,0.11800897939986532,3.7225821362197928
1502,2024-2025,2025-05-18,Arsenal,Newcastle,Arsenal,Newcastle,1657.2725391048095,1605.8552594761329,1664.1712800295006,1598.9565185514418,continuing,continuing,2.7126738034651199,0.93576526265860471,1.6656835798948395,1.5677981677996353,0.59686589886243291,1.3383153786206448,-0.037767853439782451,1140,True,True,True,103.85824572064507,0.097885412095204183,-0.74144947975821185,3.6484390661237245
1503,2024-2025,2025-05-18,Brentford,Fulham,Brentford,Fulham,1545.2919821684436,1513.9434907404152,1532.7217158883484,1526.5137570205104,continuing,continuing,1.5634136529529243,1.3479085376173898,1.02926784610278,1.0331713629524435,1.3046321123008455,1.2482422952424785,-0.037767853439782451,1140,True,True,True,-14.864074155095068,-0.003903516849663502,0.056389817058366987,2.9113221905703144
1504,2024-2025,2025-05-18,Everton,Southampton,Everton,Southampton,1510.4984458623417,1351.1517627499884,1514.9087689593155,1346.7414396530146,continuing,returning_after_absence,1.3937247267179202,0.80036158265902313,0.70598940044816116,0.78470461595014696,1.0199526884264829,1.6223039441810847,-0.037767853439782451,1140,True,True,True,-9.6562786054296339,-0.078715215501985791,-0.6023512557546018,2.1940863093769432
1505,2024-2025,2025-05-18,Leicester City,Ipswich Town,Leicester City,Ipswich Town,1391.3016347245502,1401.5053653507875,1399.8781169099957,1392.9288831653421,returning_after_absence,new_to_dataset,1.120021081489756,1.3595442290665234,0.92040633004723116,1,1.3595442290665234,1,-0.037767853439782451,1140,True,True,False,0,-0.079593669952768842,0.35954422906652339,2.4795653105562794
1506,2024-2025,2025-05-18,West Ham,Nottingham,West Ham,Nottingham,1475.243193120217,1541.5348288873386,1465.4242611623195,1551.3537608452361,continuing,continuing,1.85537598661878,1.4980515347108636,1.0774060755996062,0.93128542364986888,1.6085847546499119,1.4151611932646324,-0.037767853439782451,1140,True,True,True,43.083909805442318,0.14612065194973733,0.1934235613852795,3.3534275213296434
1507,2024-2025,2025-05-19,Brighton,Liverpool,Brighton,Liverpool,1544.5738714175379,1697.9242061154973,1557.1978688331628,1685.3002086998724,continuing,continuing,1.0097712412701758,1.8781880549453602,0.84466812799807633,1.5273560727254278,1.2296988819338668,0.98240438000243302,-0.037767853439782451,1140,True,True,True,-123.52281716414427,-0.6826879447273515,0.24729450193143376,2.887959296215536
1508,2024-2025,2025-05-20,Crystal Palace,Wolves,Crystal Palace,Wolves,1542.1444147024654,1479.8367692759634,1548.7626711279013,1473.2185128505275,continuing,continuing,2.0312610737684889,0.91350782532575781,1.2208733550151938,0.81871382889354283,1.1157840420996981,1.367251882564706,-0.037767853439782451,1140,True,True,True,40.442657924706054,0.40215952612165096,-0.25146784046500792,2.9447688990942469
1509,2024-2025,2025-05-20,Manchester City,Bournemouth,Manchester City,Bournemouth,1650.8333386778816,1527.0092660230985,1655.9865006123257,1521.8561040886543,continuing,continuing,2.9080461856445941,0.62751107063301148,1.802963357052124,0.97608528012308871,0.64288549721175958,1.3254635799205101,-0.037767853439782451,1140,True,True,True,191.86111657096581,0.82687807692903526,-0.68257808270875053,3.5355572562776056
1510,2024-2025,2025-05-25,Bournemouth,Leicester City,Bournemouth,Leicester City,1521.8561040886543,1399.8781169099957,1527.0500229165204,1394.6841980821296,continuing,returning_after_absence,1.6148333296933921,1.2199650692059016,0.97608528012308871,0.92040633004723116,1.3254635799205101,1.3595442290665234,-0.037767853439782451,1140,True,True,True,-14.723687631432767,0.055678950075857547,-0.034080649146013275,2.8347983988992937
1511,2024-2025,2025-05-25,Fulham,Manchester City,Fulham,Manchester City,1526.5137570205104,1655.9865006123257,1518.487112633195,1664.0131449996411,continuing,continuing,0.80826279643103882,2.2505351190448275,1.0331713629524435,1.802963357052124,1.2482422952424785,0.64288549721175958,-0.037767853439782451,1140,True,True,True,-184.67772839408713,-0.76979199409968047,0.60535679803071896,3.0587979154758664
1512,2024-2025,2025-05-25,Ipswich Town,West Ham,Ipswich Town,West Ham,1392.9288831653421,1465.4242611623195,1383.2883740728423,1475.0647702548192,new_to_dataset,continuing,1.9574494196258683,1.0774060755996062,1,1.0774060755996062,1,1.6085847546499119,-0.037767853439782451,1140,True,False,True,5.3948492215654369,-0.077406075599606217,-0.60858475464991191,3.0348554952254743
1513,2024-2025,2025-05-25,Liverpool,Crystal Palace,Liverpool,Crystal Palace,1685.3002086998724,1548.7626711279013,1680.1784090737028,1553.8844707540709,continuing,continuing,2.0738008216700003,1.1993913313951918,1.5273560727254278,1.2208733550151938,0.98240438000243302,1.1157840420996981,-0.037767853439782451,1140,True,True,True,110.57608283722539,0.30648271771023405,-0.13337966209726504,3.2731921530651924
1514,2024-2025,2025-05-25,Manchester Utd,Aston Villa,Manchester Utd,Aston Villa,1473.9103698609931,1613.0722240174716,1486.1502051627579,1600.8323887157069,continuing,continuing,1.847859374154889,1.5790440310083931,1.1281614990545847,1.2962794128597652,1.2181355465059893,1.3460185424613731,-0.037767853439782451,1140,True,True,True,-7.7747666888908498,-0.16811791380518049,-0.12788299595538377,3.4269034051632818
1515,2024-2025,2025-05-25,Newcastle,Everton,Newcastle,Everton,1598.9565185514418,1514.9087689593155,1585.0327803265502,1528.8325071842071,continuing,continuing,1.9458832511419633,0.94483647176294283,1.5677981677996353,0.70598940044816116,1.3383153786206448,1.0199526884264829,-0.037767853439782451,1140,True,True,True,57.329210800641704,0.86180876735147416,0.31836269019416186,2.890719722904906
1516,2024-2025,2025-05-25,Nottingham,Chelsea,Nottingham,Chelsea,1551.3537608452361,1596.4228974832201,1540.9242804091502,1606.852377919306,continuing,continuing,1.5141986079872951,2.1148312541920826,0.93128542364986888,1.4944101521844186,1.4151611932646324,1.3361445259058546,-0.037767853439782451,1140,True,True,True,-103.10106416308963,-0.56312472853454976,0.07901666735877777,3.6290298621793777
1517,2024-2025,2025-05-25,Southampton,Arsenal,Southampton,Arsenal,1346.7414396530146,1664.1712800295006,1343.0385831050933,1667.874136577422,returning_after_absence,continuing,0.56994057268739329,2.702245041421067,0.78470461595014696,1.6656835798948395,1.6223039441810847,0.59686589886243291,-0.037767853439782451,1140,True,True,True,-151.53117791585714,-0.88097896394469255,1.0254380453186518,3.2721856141084604
1518,2024-2025,2025-05-25,Tottenham,Brighton,Tottenham,Brighton,1458.1436143338922,1557.1978688331628,1449.2629755871885,1566.0785075798665,continuing,continuing,1.8999417725268113,1.1339262951739861,1.2696818540295267,0.84466812799807633,1.3424518548621838,1.2296988819338668,-0.037767853439782451,1140,True,True,True,46.580558434765635,0.42501372603145038,0.11275297292831699,3.0338680677007974
1519,2024-2025,2025-05-25,Wolves,Brentford,Wolves,Brentford,1473.2185128505275,1532.7217158883484,1473.2042138942809,1532.736014844595,continuing,continuing,1.2997708432766641,1.4072684002473461,0.81871382889354283,1.02926784610278,1.367251882564706,1.3046321123008455,-0.037767853439782451,1140,True,True,True,-6.8686073043563738,-0.21055401720923717,0.062619770263860453,2.7070392435240103
1520,2025-2026,2025-08-15,Liverpool,Bournemouth,Liverpool,Bournemouth,1635.1338068052771,1520.2875171873902,1640.4871291941222,1514.9341947985451,continuing,continuing,1.9640606975111281,1.1834789364871272,1.7018229361163104,1.1041406961045492,1.0718551907945122,1.0554377859542272,0.013350100461150908,1520,True,True,True,114.8462896178869,0.59768224001176118,0.016417404840284977,3.1475396339982553
1521,2025-2026,2025-08-16,Aston Villa,Newcastle,Aston Villa,Newcastle,1575.6242915367802,1563.7745852449127,1573.5852752590781,1565.8136015226148,continuing,continuing,1.4072564954948446,1.5182763001055386,1.2082534444041124,1.4746291654500707,1.0295987192428453,1.0651415486490228,0.013350100461150908,1520,True,True,True,11.849706291867506,-0.2663757210459583,-0.035542829406177479,2.9255327956003834
1522,2025-2026,2025-08-16,Brighton,Fulham,Brighton,Fulham,1549.5588806848998,1513.8653344748964,1546.8721958076005,1516.5520193521957,continuing,continuing,1.9173428727316333,1.4905701484783325,1.3990104932316441,1.0998987745343414,1.3551884800575287,1.2533458208842227,0.013350100461150908,1520,True,True,True,35.693546210003433,0.29911171869730269,0.10184265917330593,3.407913021209966
1523,2025-2026,2025-08-16,Sunderland,West Ham,Sunderland,West Ham,1500,1481.2985776911144,1507.7727558728361,1473.5258218182782,new_to_dataset,continuing,1.4512473567484176,0.96838099601375138,1,0.96838099601375138,1,1.3271913652925593,0.013350100461150908,1520,True,False,True,18.70142230888564,0.031619003986248617,-0.32719136529255932,2.4196283527621691
1524,2025-2026,2025-08-16,Tottenham,Burnley,Tottenham,Burnley,1461.9472316903914,1500,1471.3163784689295,1490.6308532214618,continuing,returning_after_absence,2.0104686423722344,1.4156572293309471,1.1481619285609368,0.88220247061792789,1.6046851788335701,1.6013500117852664,0.013350100461150908,1520,True,True,True,-38.052768309608609,0.2659594579430089,0.0033351670483037221,3.4261258717031815
1525,2025-2026,2025-08-16,Wolves,Manchester City,Wolves,Manchester City,1479.9031604207107,1623.0098587497309,1472.250563050045,1630.6624561203967,continuing,continuing,0.98187491444219477,2.0177525142418973,1.0543692203071846,1.4747747141237888,1.3681767763700159,0.8516390190157006,0.013350100461150908,1520,True,True,True,-143.10669832902022,-0.42040549381660419,0.51653775735431529,2.999627428684092
1526,2025-2026,2025-08-17,Chelsea,Crystal Palace,Chelsea,Crystal Palace,1580.1392834394796,1540.4133530655531,1577.3452543848978,1543.207382120135,continuing,continuing,1.4844476518131027,1.076899808344254,1.1856241665957785,1.1755278790105208,0.91609890975168951,1.145011767090327,0.013350100461150908,1520,True,True,True,39.725930373926531,0.010096287585257713,-0.22891285733863753,2.5613474601573567
1527,2025-2026,2025-08-17,Manchester Utd,Arsenal,Manchester Utd,Arsenal,1489.6126538720684,1625.9056024330664,1481.7739145046353,1633.7443418004996,continuing,continuing,0.78780585267655268,1.6952049862229739,0.9357134133505669,1.388090907441226,1.2212492547392841,0.76996051368450635,0.013350100461150908,1520,True,True,True,-136.29294856099796,-0.45237749409065908,0.45128874105477779,2.4830108388995265
1528,2025-2026,2025-08-17,Nottingham,Brentford,Nottingham,Brentford,1530.6932103068627,1524.5520111334463,1538.8121820603062,1516.4330393800028,continuing,continuing,1.5015917204768297,1.4867593712313829,1.1445725262738418,1.3204583984591411,1.1259418494110078,1.1997773356167392,0.013350100461150908,1520,True,True,True,6.141199173416453,-0.17588587218529939,-0.073835486205731327,2.9883510917082123
1529,2025-2026,2025-08-18,Leeds United,Everton,Leeds United,Everton,1500,1521.6243803881553,1508.8999308838454,1512.7244495043099,returning_after_absence,continuing,0.89922615678120044,1.7048330354868646,0.95051681824397305,0.90050019596090403,1.8932067345834107,0.86516956101827602,0.013350100461150908,1520,True,True,True,-21.624380388155259,0.050016622283069023,1.0280371735651346,2.6040591922680649
1530,2025-2026,2025-08-22,West Ham,Chelsea,West Ham,Chelsea,1473.5258218182782,1577.3452543848978,1464.7804013673672,1586.0906748358088,continuing,continuing,0.97005535749886984,1.573550156388104,0.96838099601375138,1.1856241665957785,1.3271913652925593,0.91609890975168951,0.013350100461150908,1520,True,True,True,-98.840705748365281,-0.21724317058202713,0.41109245554086982,2.5436055138869738
1531,2025-2026,2025-08-23,Arsenal,Leeds United,Arsenal,Leeds United,1633.7443418004996,1508.8999308838454,1638.8750670519366,1503.7692056324083,continuing,returning_after_absence,2.8735836525171345,0.73186041764089205,1.388090907441226,0.95051681824397305,0.76996051368450635,1.8932067345834107,0.013350100461150908,1520,True,True,True,125.90560243306641,0.43757408919725294,-1.1232462208989045,3.6054440701580264
1532,2025-2026,2025-08-23,Bournemouth,Wolves,Bournemouth,Wolves,1514.9341947985451,1472.250563050045,1522.0618700934506,1465.1228877551396,continuing,continuing,1.6518649030738357,1.1128211154592997,1.1041406961045492,1.0543692203071846,1.0554377859542272,1.3681767763700159,0.013350100461150908,1520,True,True,True,40.384356766679502,0.049771475797364628,-0.31273899041578868,2.7646860185331352
1533,2025-2026,2025-08-23,Brentford,Aston Villa,Brentford,Aston Villa,1516.4330393800028,1573.5852752590781,1526.3510759753456,1563.6672386637354,continuing,continuing,1.486622190165299,1.4496350982769139,1.3204583984591411,1.2082534444041124,1.1997773356167392,1.0295987192428453,0.013350100461150908,1520,True,True,True,-51.072280403333934,0.11220495405502873,0.17017861637389387,2.9362572884422127
1534,2025-2026,2025-08-23,Burnley,Sunderland,Burnley,Sunderland,1490.6308532214618,1507.7727558728361,1499.4035170029213,1499.0000920913767,returning_after_absence,new_to_dataset,0.96466420523989016,1.6013500117852664,0.88220247061792789,1,1.6013500117852664,1,0.013350100461150908,1520,True,True,False,0,-0.11779752938207211,0.60135001178526637,2.5660142170251565
1535,2025-2026,2025-08-23,Manchester City,Tottenham,Manchester City,Tottenham,1630.6624561203967,1471.3163784689295,1615.0727911991062,1486.90604339022,continuing,continuing,2.5877565612260733,0.97781949851081118,1.4747747141237888,1.1481619285609368,0.8516390190157006,1.6046851788335701,0.013350100461150908,1520,True,True,True,161.06262705933955,0.326612785562852,-0.75304615981786949,3.5655760597368844
1536,2025-2026,2025-08-24,Crystal Palace,Nottingham,Crystal Palace,Nottingham,1543.207382120135,1538.8121820603062,1541.3748751088106,1540.6446890716306,continuing,continuing,1.4472940912777759,1.3105490108718514,1.1755278790105208,1.1445725262738418,1.145011767090327,1.1259418494110078,0.013350100461150908,1520,True,True,True,9.7201427586903719,0.030955352736679043,0.019069917679319204,2.7578431021496272
1537,2025-2026,2025-08-24,Everton,Brighton,Everton,Brighton,1512.7244495043099,1546.8721958076005,1521.9817320496795,1537.6149132622309,continuing,continuing,1.3344165115780746,1.2103812942891834,0.90050019596090403,1.3990104932316441,0.86516956101827602,1.3551884800575287,0.013350100461150908,1520,True,True,True,-27.934500296744545,-0.49851029727074003,-0.49001891903925265,2.5447978058672582
1538,2025-2026,2025-08-24,Fulham,Manchester Utd,Fulham,Manchester Utd,1516.5520193521957,1481.7739145046353,1513.8897983479051,1484.4361355089259,continuing,continuing,1.4688076442677289,1.1727724961682444,1.0998987745343414,0.9357134133505669,1.2533458208842227,1.2212492547392841,0.013350100461150908,1520,True,True,True,24.252680602827922,0.16418536118377447,0.03209656614493861,2.6415801404359733
1539,2025-2026,2025-08-25,Newcastle,Liverpool,Newcastle,Liverpool,1565.8136015226148,1640.4871291941222,1556.2356886702523,1650.0650420464847,continuing,continuing,1.7283306388222044,1.8126823177013538,1.4746291654500707,1.7018229361163104,1.0651415486490228,1.0718551907945122,0.013350100461150908,1520,True,True,True,-71.359221560364404,-0.22719377066623969,-0.006713642145489418,3.5410129565235584
1540,2025-2026,2025-08-30,Chelsea,Fulham,Chelsea,Fulham,1586.0906748358088,1513.8897983479051,1592.4592178481162,1507.5212553355977,continuing,continuing,1.6248970658609643,1.0076160681881294,1.1856241665957785,1.0998987745343414,0.91609890975168951,1.2533458208842227,0.013350100461150908,1520,True,True,True,66.273948964583269,0.085725392061437145,-0.33724691113253324,2.6325131340490939
1541,2025-2026,2025-08-30,Leeds United,Newcastle,Leeds United,Newcastle,1503.7692056324083,1556.2356886702523,1503.5524075598505,1556.4524867428102,returning_after_absence,continuing,1.1070698558700265,2.7917778670431885,0.95051681824397305,1.4746291654500707,1.8932067345834107,1.0651415486490228,0.013350100461150908,1520,True,True,True,-63.774585244912714,-0.52411234720609767,0.82806518593438794,3.898847722913215
1542,2025-2026,2025-08-30,Manchester Utd,Burnley,Manchester Utd,Burnley,1484.4361355089259,1499.4035170029213,1493.1472024542152,1490.692450057632,continuing,returning_after_absence,1.638464426482297,1.0773891097712998,0.9357134133505669,0.88220247061792789,1.2212492547392841,1.6013500117852664,0.013350100461150908,1520,True,True,True,-10.387346127931551,0.053510942732639011,-0.38010075704598223,2.7158535362535967
1543,2025-2026,2025-08-30,Sunderland,Brentford,Sunderland,Brentford,1499.0000920913767,1526.3510759753456,1508.0631342220045,1517.2880338447178,new_to_dataset,continuing,1.3119236099133575,1.3204583984591411,1,1.3204583984591411,1,1.1997773356167392,0.013350100461150908,1520,True,False,True,-24.552011133446285,-0.32045839845914115,-0.19977733561673916,2.6323820083724989
1544,2025-2026,2025-08-30,Tottenham,Bournemouth,Tottenham,Bournemouth,1486.90604339022,1522.0618700934506,1476.1921869057769,1532.7757265778937,continuing,continuing,1.3250848078304396,1.7717982103859511,1.1481619285609368,1.1041406961045492,1.6046851788335701,1.0554377859542272,0.013350100461150908,1520,True,True,True,-58.340285496998831,0.04402123245638756,0.54924739287934288,3.0968830182163907
1545,2025-2026,2025-08-30,Wolves,Everton,Wolves,Everton,1465.1228877551396,1521.9817320496795,1455.0324804896213,1532.0721393151978,continuing,continuing,0.99747459866813593,1.2320434552303572,1.0543692203071846,0.90050019596090403,1.3681767763700159,0.86516956101827602,0.013350100461150908,1520,True,True,True,-41.72121996744454,0.15386902434628058,0.50300721535173987,2.2295180538984933
1546,2025-2026,2025-08-31,Aston Villa,Crystal Palace,Aston Villa,Crystal Palace,1563.6672386637354,1541.3748751088106,1551.3419950964239,1553.700118676122,continuing,continuing,1.5127803893291221,1.2103219986634906,1.2082534444041124,1.1755278790105208,1.0295987192428453,1.145011767090327,0.013350100461150908,1520,True,True,True,35.210938471227109,0.032725565393591616,-0.11541304784748174,2.7231023879926126
1547,2025-2026,2025-08-31,Brighton,Manchester City,Brighton,Manchester City,1537.6149132622309,1615.0727911991062,1548.1169689148298,1604.5707355465072,continuing,continuing,1.3028200007065334,1.9985977032606936,1.3990104932316441,1.4747747141237888,1.3551884800575287,0.8516390190157006,0.013350100461150908,1520,True,True,True,-73.450978064831133,-0.07576422089214474,0.50354946104182807,3.301417703967227
1548,2025-2026,2025-08-31,Liverpool,Arsenal,Liverpool,Arsenal,1650.0650420464847,1638.8750670519366,1658.0442319217486,1630.8958771766727,continuing,continuing,1.4328169823823249,1.4878324444355429,1.7018229361163104,1.388090907441226,1.0718551907945122,0.76996051368450635,0.013350100461150908,1520,True,True,True,9.2282043722107119,0.31373202867508443,0.30189467711000584,2.9206494268178678
1549,2025-2026,2025-08-31,Nottingham,West Ham,Nottingham,West Ham,1540.6446890716306,1464.7804013673672,1526.9220482310493,1478.5030422079485,continuing,continuing,1.6610578533617719,1.0903406895861971,1.1445725262738418,0.96838099601375138,1.1259418494110078,1.3271913652925593,0.013350100461150908,1520,True,True,True,49.394632615748378,0.17619153026009038,-0.20124951588155149,2.7513985429479693
1550,2025-2026,2025-09-13,Arsenal,Nottingham,Arsenal,Nottingham,1630.8958771766727,1526.9220482310493,1636.4981046168984,1521.3198207908235,continuing,continuing,1.7089988288385904,0.88127565027898036,1.388090907441226,1.1445725262738418,0.76996051368450635,1.1259418494110078,0.013350100461150908,1520,True,True,True,95.212392126203667,0.24351838116738422,-0.35598133572650148,2.5902744791175709
1551,2025-2026,2025-09-13,Bournemouth,Brighton,Bournemouth,Brighton,1532.7757265778937,1548.1169689148298,1541.497376796284,1539.3953186964395,continuing,continuing,1.6361835151129582,1.4765685375031379,1.1041406961045492,1.3990104932316441,1.0554377859542272,1.3551884800575287,0.013350100461150908,1520,True,True,True,-29.271363497509583,-0.29486979712709482,-0.29975069410330146,3.1127520526160959
1552,2025-2026,2025-09-13,Brentford,Chelsea,Brentford,Chelsea,1517.2880338447178,1592.4592178481162,1517.7244183000687,1592.0228333927653,continuing,continuing,1.3227415129504232,1.4224850036411001,1.3204583984591411,1.1856241665957785,1.1997773356167392,0.91609890975168951,0.013350100461150908,1520,True,True,True,-55.587272306033356,0.13483423186336263,0.28367842586504965,2.7452265165915231
1553,2025-2026,2025-09-13,Crystal Palace,Sunderland,Crystal Palace,Sunderland,1553.700118676122,1508.0631342220045,1550.7499945446091,1511.0132583535174,continuing,new_to_dataset,1.2854074942101767,1.145011767090327,1.1755278790105208,1,1.145011767090327,1,0.013350100461150908,1520,True,True,False,40.41335306555311,0.1755278790105208,0.14501176709032704,2.4304192613005036
1554,2025-2026,2025-09-13,Everton,Aston Villa,Everton,Aston Villa,1532.0721393151978,1551.3419950964239,1530.905172533649,1552.5089618779728,continuing,continuing,1.0138173039952105,1.0453441020939258,0.90050019596090403,1.2082534444041124,0.86516956101827602,1.0295987192428453,0.013350100461150908,1520,True,True,True,-53.99991114862496,-0.30775324844320839,-0.16442915822456927,2.0591614060891361
1555,2025-2026,2025-09-13,Fulham,Leeds United,Fulham,Leeds United,1507.5212553355977,1503.5524075598505,1515.7006103071044,1495.3730525883439,continuing,returning_after_absence,2.2769770488244045,1.191326281826252,1.0998987745343414,0.95051681824397305,1.2533458208842227,1.8932067345834107,0.013350100461150908,1520,True,True,True,13.865334474896372,0.14938195629036832,-0.63986091369918796,3.4683033306506568
1556,2025-2026,2025-09-13,Newcastle,Wolves,Newcastle,Wolves,1556.4524867428102,1455.0324804896213,1562.1141941621133,1449.3707730703181,continuing,continuing,2.2061392828377206,1.1230524641658572,1.4746291654500707,1.0543692203071846,1.0651415486490228,1.3681767763700159,0.013350100461150908,1520,True,True,True,83.871424824201995,0.42025994514288612,-0.30303522772099312,3.3291917470035779
1557,2025-2026,2025-09-13,West Ham,Tottenham,West Ham,Tottenham,1478.5030422079485,1476.1921869057769,1466.7285759833665,1487.966653130359,continuing,continuing,1.6991980213670002,1.5238305975437276,0.96838099601375138,1.1481619285609368,1.3271913652925593,1.6046851788335701,0.013350100461150908,1520,True,True,True,19.35134600072297,-0.17978093254718541,-0.27749381354101077,3.2230286189107278
1558,2025-2026,2025-09-14,Burnley,Liverpool,Burnley,Liverpool,1490.692450057632,1658.0442319217486,1483.6875685930449,1665.0491133863356,returning_after_absence,continuing,1.033980335760039,2.7252141788062905,0.88220247061792789,1.7018229361163104,1.6013500117852664,1.0718551907945122,0.013350100461150908,1520,True,True,True,-135.13380680527712,-0.81962046549838252,0.52949482099075418,3.7591945145663295
1559,2025-2026,2025-09-14,Manchester City,Manchester Utd,Manchester City,Manchester Utd,1604.5707355465072,1493.1472024542152,1610.0016545430606,1487.7162834576618,continuing,continuing,1.9694179353866923,0.79689005342570962,1.4747747141237888,0.9357134133505669,0.8516390190157006,1.2212492547392841,0.013350100461150908,1520,True,True,True,133.39720487766249,0.5390613007732219,-0.36961023572358354,2.766307988812402
1560,2025-2026,2025-09-20,Brighton,Tottenham,Brighton,Tottenham,1539.3953186964395,1487.966653130359,1536.2937634293858,1491.0682083974127,continuing,continuing,2.4548146563763455,1.5559758188264168,1.3990104932316441,1.1481619285609368,1.3551884800575287,1.6046851788335701,0.013350100461150908,1520,True,True,True,87.611648994508414,0.25084856467070726,-0.24949669877604141,4.0107904752027626
1561,2025-2026,2025-09-20,Burnley,Nottingham,Burnley,Nottingham,1483.6875685930449,1521.3198207908235,1483.0446610399529,1521.9627283439156,returning_after_absence,continuing,1.0861557993084021,1.8328612284377086,0.88220247061792789,1.1445725262738418,1.6013500117852664,1.1259418494110078,0.013350100461150908,1520,True,True,True,-30.693210306862738,-0.26237005565591387,0.47540816237425854,2.9190170277461105
1562,2025-2026,2025-09-20,Fulham,Brentford,Fulham,Brentford,1515.7006103071044,1517.7244183000687,1524.04723911717,1509.3777894900031,continuing,continuing,1.4429831708263712,1.6549910153602383,1.0998987745343414,1.3204583984591411,1.2533458208842227,1.1997773356167392,0.013350100461150908,1520,True,True,True,-10.686676658549914,-0.22055962392479977,0.05356848526748359,3.0979741861866095
1563,2025-2026,2025-09-20,Liverpool,Everton,Liverpool,Everton,1665.0491133863356,1530.905172533649,1669.9783135107359,1525.9759724092487,continuing,continuing,1.6099911847884567,0.96520580935217037,1.7018229361163104,0.90050019596090403,1.0718551907945122,0.86516956101827602,0.013350100461150908,1520,True,True,True,113.50942641712186,0.80132274015540639,0.20668562977623617,2.5751969941406272
1564,2025-2026,2025-09-20,Manchester Utd,Chelsea,Manchester Utd,Chelsea,1487.7162834576618,1592.0228333927653,1498.9846602593946,1580.7544565910325,continuing,continuing,0.93733129154816908,1.4479426298559794,0.9357134133505669,1.1856241665957785,1.2212492547392841,0.91609890975168951,0.013350100461150908,1520,True,True,True,-90.526629567411192,-0.24991075324521161,0.30515034498759463,2.3852739214041483
1565,2025-2026,2025-09-20,West Ham,Crystal Palace,West Ham,Crystal Palace,1466.7285759833665,1550.7499945446091,1457.4188684187318,1560.0597021092437,continuing,continuing,1.2124507378425808,1.5601504506834396,0.96838099601375138,1.1755278790105208,1.3271913652925593,1.145011767090327,0.013350100461150908,1520,True,True,True,-59.11477537443875,-0.20714688299676942,0.18217959820223228,2.7726011885260204
1566,2025-2026,2025-09-20,Wolves,Leeds United,Wolves,Leeds United,1449.3707730703181,1495.3730525883439,1438.9681041330061,1505.7757215256559,continuing,returning_after_absence,2.1827231479940012,1.3004750362705233,1.0543692203071846,0.95051681824397305,1.3681767763700159,1.8932067345834107,0.013350100461150908,1520,True,True,True,-20.096839579289281,0.10385240206321156,-0.52502995821339482,3.4831981842645243
1567,2025-2026,2025-09-21,Arsenal,Manchester City,Arsenal,Manchester City,1636.4981046168984,1610.0016545430606,1634.0587267710425,1612.4410323889165,continuing,continuing,1.2926512029483939,1.1355182964556734,1.388090907441226,1.4747747141237888,0.76996051368450635,0.8516390190157006,0.013350100461150908,1520,True,True,True,2.8957436833354677,-0.086683806682562814,-0.081678505331194251,2.428169499404067
1568,2025-2026,2025-09-21,Bournemouth,Newcastle,Bournemouth,Newcastle,1541.497376796284,1562.1141941621133,1540.3686678461891,1563.2429031122083,continuing,continuing,1.285996057970797,1.5563793414861524,1.1041406961045492,1.4746291654500707,1.0554377859542272,1.0651415486490228,0.013350100461150908,1520,True,True,True,-43.487068057522492,-0.37048846934552149,-0.0097037626947955591,2.8423753994569494
1569,2025-2026,2025-09-21,Sunderland,Aston Villa,Sunderland,Aston Villa,1511.0132583535174,1552.5089618779728,1510.4811649034509,1553.0410553280392,new_to_dataset,continuing,1.1258379604386297,1.2082534444041124,1,1.2082534444041124,1,1.0295987192428453,0.013350100461150908,1520,True,False,True,-75.62429153678022,-0.20825344440411242,-0.029598719242845295,2.3340914048427424
1570,2025-2026,2025-09-27,Brentford,Manchester Utd,Brentford,Manchester Utd,1509.3777894900031,1498.9846602593946,1517.3789879986537,1490.983461750744,continuing,continuing,1.7633435316949282,1.1226477459705877,1.3204583984591411,0.9357134133505669,1.1997773356167392,1.2212492547392841,0.013350100461150908,1520,True,True,True,34.939357261377836,0.38474498510857424,-0.02147191912254498,2.8859912776655161
1571,2025-2026,2025-09-27,Chelsea,Brighton,Chelsea,Brighton,1580.7544565910325,1536.2937634293858,1567.8352730299866,1549.2129469904316,continuing,continuing,1.7569307275310018,1.2816319875806825,1.1856241665957785,1.3990104932316441,0.91609890975168951,1.3551884800575287,0.013350100461150908,1520,True,True,True,30.580402754579836,-0.21338632663586554,-0.43908957030583917,3.0385627151116843
1572,2025-2026,2025-09-27,Crystal Palace,Liverpool,Crystal Palace,Liverpool,1560.0597021092437,1669.9783135107359,1571.4866696818924,1658.5513459380873,continuing,continuing,1.377770694955345,1.9486072873573854,1.1755278790105208,1.7018229361163104,1.145011767090327,1.0718551907945122,0.013350100461150908,1520,True,True,True,-94.720453739724007,-0.52629505710578961,0.073156576295814846,3.3263779823127306
1573,2025-2026,2025-09-27,Leeds United,Bournemouth,Leeds United,Bournemouth,1505.7757215256559,1540.3686678461891,1505.0457484783446,1541.0986408935003,returning_after_absence,continuing,1.0969841135745073,2.0903666017927476,0.95051681824397305,1.1041406961045492,1.8932067345834107,1.0554377859542272,0.013350100461150908,1520,True,True,True,-20.287517187390222,-0.15362387786057619,0.8377689486291835,3.1873507153672547
1574,2025-2026,2025-09-27,Manchester City,Burnley,Manchester City,Burnley,1612.4410323889165,1483.0446610399529,1617.4724446082407,1478.0132488206286,continuing,returning_after_absence,2.5823781851272138,0.75131804665027957,1.4747747141237888,0.88220247061792789,0.8516390190157006,1.6013500117852664,0.013350100461150908,1520,True,True,True,123.00985874973094,0.59257224350586091,-0.74971099276956576,3.3336962317774934
1575,2025-2026,2025-09-27,Nottingham,Sunderland,Nottingham,Sunderland,1521.9627283439156,1510.4811649034509,1509.9338697219534,1522.5100235254131,continuing,new_to_dataset,1.2515586650125745,1.1259418494110078,1.1445725262738418,1,1.1259418494110078,1,0.013350100461150908,1520,True,True,False,30.693210306862738,0.14457252627384176,0.12594184941100783,2.3775005144235823
1576,2025-2026,2025-09-27,Tottenham,Wolves,Tottenham,Wolves,1491.0682083974127,1438.9681041330061,1487.9491971060927,1442.0871154243262,continuing,continuing,1.7177234744871619,1.6919306608452465,1.1481619285609368,1.0543692203071846,1.6046851788335701,1.3681767763700159,0.013350100461150908,1520,True,True,True,-17.955928730319329,0.093792708253752188,0.2365084024635542,3.4096541353324081
1577,2025-2026,2025-09-28,Aston Villa,Fulham,Aston Villa,Fulham,1553.0410553280392,1524.04723911717,1560.5341942597761,1516.5541001854331,continuing,continuing,1.6559104747887621,1.132454369557333,1.2082534444041124,1.0998987745343414,1.0295987192428453,1.2533458208842227,0.013350100461150908,1520,True,True,True,61.758957061883848,0.10835466986977105,-0.22374710164137745,2.7883648443460949
1578,2025-2026,2025-09-28,Newcastle,Arsenal,Newcastle,Arsenal,1563.2429031122083,1634.0587267710425,1553.5541070180693,1643.7475228651815,continuing,continuing,1.241535571141658,1.4785132988175749,1.4746291654500707,1.388090907441226,1.0651415486490228,0.76996051368450635,0.013350100461150908,1520,True,True,True,-62.131017188153692,0.086538258008844737,0.29518103496451642,2.7200488699592329
1579,2025-2026,2025-09-29,Everton,West Ham,Everton,West Ham,1525.9759724092487,1457.4188684187318,1522.4359058091165,1460.9589350188639,continuing,continuing,1.3068485291396943,0.83781376121965823,0.90050019596090403,0.96838099601375138,0.86516956101827602,1.3271913652925593,0.013350100461150908,1520,True,True,True,40.325802697040899,-0.067880800052847357,-0.4620218042742833,2.1446622903593524
1580,2025-2026,2025-10-03,Bournemouth,Fulham,Bournemouth,Fulham,1541.0986408935003,1516.5541001854331,1548.7121724136132,1508.9405686653201,continuing,continuing,1.5132240282764429,1.1608747273682931,1.1041406961045492,1.0998987745343414,1.0554377859542272,1.2533458208842227,0.013350100461150908,1520,True,True,True,6.42218271249385,0.0042419215702078628,-0.19790803492999554,2.674098755644736
1581,2025-2026,2025-10-04,Arsenal,West Ham,Arsenal,West Ham,1643.7475228651815,1460.9589350188639,1647.7114565035579,1456.9950013804876,continuing,continuing,2.0144632603505919,0.74561512913306194,1.388090907441226,0.96838099601375138,0.76996051368450635,1.3271913652925593,0.013350100461150908,1520,True,True,True,144.60702474195205,0.4197099114274746,-0.55723085160805297,2.7600783894836538
1582,2025-2026,2025-10-04,Chelsea,Liverpool,Chelsea,Liverpool,1567.8352730299866,1658.5513459380873,1578.7170565404513,1647.6695624276226,continuing,continuing,1.3896039907973103,1.5590381363665711,1.1856241665957785,1.7018229361163104,0.91609890975168951,1.0718551907945122,0.013350100461150908,1520,True,True,True,-54.994523365797477,-0.5161987695205319,-0.15575628104282269,2.9486421271638816
1583,2025-2026,2025-10-04,Leeds United,Tottenham,Leeds United,Tottenham,1505.0457484783446,1487.9491971060927,1492.8624497457124,1500.1324958387249,returning_after_absence,continuing,1.6678521196560947,2.1737078955438425,0.95051681824397305,1.1481619285609368,1.8932067345834107,1.6046851788335701,0.013350100461150908,1520,True,True,True,38.052768309608609,-0.19764511031696375,0.28852155574984062,3.8415600151999372
1584,2025-2026,2025-10-04,Manchester Utd,Sunderland,Manchester Utd,Sunderland,1490.983461750744,1522.5100235254131,1500.1657601494367,1513.3277251267205,continuing,new_to_dataset,1.0231769534604453,1.2212492547392841,0.9357134133505669,1,1.2212492547392841,1,0.013350100461150908,1520,True,True,False,-10.387346127931551,-0.064286586649433097,0.22124925473928414,2.2444262081997293
1585,2025-2026,2025-10-05,Aston Villa,Burnley,Aston Villa,Burnley,1560.5341942597761,1478.0132488206286,1566.647699326111,1471.8997437542937,continuing,returning_after_absence,2.1156908286075331,0.9083145338610924,1.2082534444041124,0.88220247061792789,1.0295987192428453,1.6013500117852664,0.013350100461150908,1520,True,True,True,75.62429153678022,0.32605097378618453,-0.57175129254242107,3.0240053624686256
1586,2025-2026,2025-10-05,Brentford,Manchester City,Brentford,Manchester City,1517.3789879986537,1617.4724446082407,1508.5278751482424,1626.323557458652,continuing,continuing,1.2296688408959919,1.7694012771463774,1.3204583984591411,1.4747747141237888,1.1997773356167392,0.8516390190157006,0.013350100461150908,1520,True,True,True,-98.457847616284653,-0.15431631566464765,0.34813831660103856,2.9990701180423693
1587,2025-2026,2025-10-05,Everton,Crystal Palace,Everton,Crystal Palace,1522.4359058091165,1571.4866696818924,1532.1208657486548,1561.8017097423542,continuing,continuing,1.1274613313504993,1.0170309390482775,0.90050019596090403,1.1755278790105208,0.86516956101827602,1.145011767090327,0.013350100461150908,1520,True,True,True,-18.788972677397851,-0.27502768304961678,-0.27984220607205101,2.1444922703987768
1588,2025-2026,2025-10-05,Newcastle,Nottingham,Newcastle,Nottingham,1553.5541070180693,1509.9338697219534,1560.6570679101906,1502.8309088298322,continuing,continuing,1.815543566502402,1.2191317531764441,1.4746291654500707,1.1445725262738418,1.0651415486490228,1.1259418494110078,0.013350100461150908,1520,True,True,True,33.081374938049976,0.33005663917622896,-0.06080030076198506,3.0346753196788461
1589,2025-2026,2025-10-05,Wolves,Brighton,Wolves,Brighton,1442.0871154243262,1549.2129469904316,1443.435248384794,1547.8648140299638,continuing,continuing,1.5624290846225337,1.9140936667374968,1.0543692203071846,1.3990104932316441,1.3681767763700159,1.3551884800575287,0.013350100461150908,1520,True,True,True,-69.655720264189085,-0.34464127292445945,0.012988296312487213,3.4765227513600303
1590,2025-2026,2025-10-18,Brighton,Newcastle,Brighton,Newcastle,1547.8648140299638,1560.6570679101906,1556.5143663028741,1552.0075156372802,continuing,continuing,1.6294318158030459,1.9984004573747833,1.3990104932316441,1.4746291654500707,1.3551884800575287,1.0651415486490228,0.013350100461150908,1520,True,True,True,-14.215704560012909,-0.075618672218426664,0.2900469314085059,3.6278322731778294
1591,2025-2026,2025-10-18,Burnley,Leeds United,Burnley,Leeds United,1471.8997437542937,1492.8624497457124,1480.7808645492703,1483.9813289507358,returning_after_absence,returning_after_absence,1.8263087699717135,1.5221101180970802,0.88220247061792789,0.95051681824397305,1.6013500117852664,1.8932067345834107,0.013350100461150908,1520,True,True,True,0,-0.068314347626045158,-0.29185672279814434,3.3484188880687937
1592,2025-2026,2025-10-18,Crystal Palace,Bournemouth,Crystal Palace,Bournemouth,1561.8017097423542,1548.7121724136132,1559.7285169153301,1550.7853652406372,continuing,continuing,1.3566676397381603,1.2642540895630137,1.1755278790105208,1.1041406961045492,1.145011767090327,1.0554377859542272,0.013350100461150908,1520,True,True,True,20.125835878162889,0.071387182905971569,0.089573981136099823,2.6209217293011742
1593,2025-2026,2025-10-18,Fulham,Arsenal,Fulham,Arsenal,1508.9405686653201,1647.7114565035579,1501.1697129049937,1655.4823122638843,continuing,continuing,0.92603854937503582,1.739757937848849,1.0998987745343414,1.388090907441226,1.2533458208842227,0.76996051368450635,0.013350100461150908,1520,True,True,True,-112.04026795817003,-0.28819213290688461,0.4833853071997164,2.6657964872238846
1594,2025-2026,2025-10-18,Manchester City,Everton,Manchester City,Everton,1626.323557458652,1532.1208657486548,1632.1554081418694,1526.2890150654373,continuing,continuing,1.3951946697267572,0.76690110351159047,1.4747747141237888,0.90050019596090403,0.8516390190157006,0.86516956101827602,0.013350100461150908,1520,True,True,True,101.38547836157568,0.57427451816288477,-0.013530542002575419,2.1620957732383479
1595,2025-2026,2025-10-18,Nottingham,Chelsea,Nottingham,Chelsea,1502.8309088298322,1578.7170565404513,1493.2878305340541,1588.2601348362293,continuing,continuing,1.1465515285082994,1.3349438668432356,1.1445725262738418,1.1856241665957785,1.1259418494110078,0.91609890975168951,0.013350100461150908,1520,True,True,True,-49.446073132616903,-0.041051640321936755,0.20984293965931833,2.4814953953515353
1596,2025-2026,2025-10-18,Sunderland,Wolves,Sunderland,Wolves,1513.3277251267205,1443.435248384794,1519.7540859707085,1437.008887540806,new_to_dataset,continuing,1.4960637796448211,1.0543692203071846,1,1.0543692203071846,1,1.3681767763700159,0.013350100461150908,1520,True,False,True,20.096839579289281,-0.054369220307184607,-0.36817677637001589,2.5504329999520055
1597,2025-2026,2025-10-19,Liverpool,Manchester Utd,Liverpool,Manchester Utd,1647.6695624276226,1500.1657601494367,1632.3187072007399,1515.5166153763194,continuing,continuing,2.2726187133139155,1.0029492791958561,1.7018229361163104,0.9357134133505669,1.0718551907945122,1.2212492547392841,0.013350100461150908,1520,True,True,True,145.52115293320867,0.76610952276574351,-0.14939406394477195,3.2755679925097718
1598,2025-2026,2025-10-19,Tottenham,Aston Villa,Tottenham,Aston Villa,1500.1324958387249,1566.647699326111,1490.3199964915516,1576.4601986732844,continuing,continuing,1.2926442839043288,1.9388663945098901,1.1481619285609368,1.2082534444041124,1.6046851788335701,1.0295987192428453,0.013350100461150908,1520,True,True,True,-113.67705984638883,-0.060091515843175625,0.5750864595907248,3.2315106784142191
1599,2025-2026,2025-10-20,West Ham,Brentford,West Ham,Brentford,1456.9950013804876,1508.5278751482424,1446.7513461322862,1518.7715303964437,continuing,continuing,1.2704418920618534,1.7525009846630137,0.96838099601375138,1.3204583984591411,1.3271913652925593,1.1997773356167392,0.013350100461150908,1520,True,True,True,-43.253433442331925,-0.35207740244538976,0.12741402967582016,3.0229428767248674
1600,2025-2026,2025-10-24,Leeds United,West Ham,Leeds United,West Ham,1483.9813289507358,1446.7513461322862,1491.253662910683,1439.479012172339,returning_after_absence,continuing,1.3794350200214822,1.8333454232958251,0.95051681824397305,0.96838099601375138,1.8932067345834107,1.3271913652925593,0.013350100461150908,1520,True,True,True,18.70142230888564,-0.017864177769778333,0.56601536929085139,3.2127804433173073
1601,2025-2026,2025-10-25,Brentford,Liverpool,Brentford,Liverpool,1518.7715303964437,1632.3187072007399,1530.3006539041774,1620.7895836930063,continuing,continuing,1.5476356773741733,2.0418085879850829,1.3204583984591411,1.7018229361163104,1.1997773356167392,1.0718551907945122,0.013350100461150908,1520,True,True,True,-110.58179567183083,-0.38136453765716927,0.12792214482222697,3.5894442653592562
1602,2025-2026,2025-10-25,Chelsea,Sunderland,Chelsea,Sunderland,1588.2601348362293,1519.7540859707085,1574.7213536307129,1533.2928671762249,continuing,new_to_dataset,1.2964475077713313,0.91609890975168951,1.1856241665957785,1,0.91609890975168951,1,0.013350100461150908,1520,True,True,False,80.139283439479641,0.18562416659577852,-0.083901090248310495,2.2125464175230207
1603,2025-2026,2025-10-25,Manchester Utd,Brighton,Manchester Utd,Brighton,1515.5166153763194,1556.5143663028741,1524.9702313758819,1547.0607503033116,continuing,continuing,1.3865976203899535,1.7085405222315837,0.9357134133505669,1.3990104932316441,1.2212492547392841,1.3551884800575287,0.013350100461150908,1520,True,True,True,-59.946226812831355,-0.46329707988107716,-0.13393922531824454,3.0951381426215372
1604,2025-2026,2025-10-25,Newcastle,Fulham,Newcastle,Fulham,1552.0075156372802,1501.1697129049937,1558.9213389111603,1494.2558896311136,continuing,continuing,2.0209782085099359,1.1715478840646707,1.4746291654500707,1.0998987745343414,1.0651415486490228,1.2533458208842227,0.013350100461150908,1520,True,True,True,49.909250770016342,0.37473039091572935,-0.18820427223519998,3.1925260925746066
1605,2025-2026,2025-10-26,Arsenal,Crystal Palace,Arsenal,Crystal Palace,1655.4823122638843,1559.7285169153301,1661.2773436276896,1553.9334855515249,continuing,continuing,1.7379439000223762,0.9051100495733988,1.388090907441226,1.1755278790105208,0.76996051368450635,1.145011767090327,0.013350100461150908,1520,True,True,True,85.492249367513296,0.21256302843070518,-0.37505125340582068,2.643053949595775
1606,2025-2026,2025-10-26,Aston Villa,Manchester City,Aston Villa,Manchester City,1576.4601986732844,1632.1554081418694,1586.3363031818997,1622.2793036332541,continuing,continuing,1.1251786608519712,1.5184261568335862,1.2082534444041124,1.4747747141237888,1.0295987192428453,0.8516390190157006,0.013350100461150908,1520,True,True,True,-47.385567212950718,-0.26652126971967638,0.17795970022714469,2.6436048176855573
1607,2025-2026,2025-10-26,Bournemouth,Nottingham,Bournemouth,Nottingham,1550.7853652406372,1493.2878305340541,1557.5268036761086,1486.5463920985828,continuing,continuing,1.3594031532085362,1.2080250929945,1.1041406961045492,1.1445725262738418,1.0554377859542272,1.1259418494110078,0.013350100461150908,1520,True,True,True,-10.405693119472517,-0.040431830169292526,-0.070504063456780619,2.5674282462030362
1608,2025-2026,2025-10-26,Everton,Tottenham,Everton,Tottenham,1526.2890150654373,1490.3199964915516,1513.5949753421546,1503.0140362148343,continuing,continuing,1.5800889913329481,0.99335475171096288,0.90050019596090403,1.1481619285609368,0.86516956101827602,1.6046851788335701,0.013350100461150908,1520,True,True,True,59.677148697763869,-0.24766173260003277,-0.73951561781529407,2.573443743043911
1609,2025-2026,2025-10-26,Wolves,Burnley,Wolves,Burnley,1437.008887540806,1480.7808645492703,1426.5421468632746,1491.2476052268016,continuing,returning_after_absence,1.8462345790953936,1.2070089323557003,1.0543692203071846,0.88220247061792789,1.3681767763700159,1.6013500117852664,0.013350100461150908,1520,True,True,True,-20.096839579289281,0.17216674968925672,-0.23317323541525048,3.0532435114510941
1610,2025-2026,2025-11-01,Brighton,Leeds United,Brighton,Leeds United,1547.0607503033116,1491.253662910683,1553.8457461430748,1484.4686670709198,continuing,returning_after_absence,2.8961890474890284,1.2881294421851681,1.3990104932316441,0.95051681824397305,1.3551884800575287,1.8932067345834107,0.013350100461150908,1520,True,True,True,49.558880684899805,0.44849367498767101,-0.53801825452588203,4.1843184896741965
1611,2025-2026,2025-11-01,Burnley,Arsenal,Burnley,Arsenal,1491.2476052268016,1661.2773436276896,1484.3127241163402,1668.212224738151,returning_after_absence,continuing,0.74275334699956186,2.2228193909900282,0.88220247061792789,1.388090907441226,1.6013500117852664,0.76996051368450635,0.013350100461150908,1520,True,True,True,-125.90560243306641,-0.50588843682329809,0.83138949810076002,2.9655727379895902
1612,2025-2026,2025-11-01,Crystal Palace,Brentford,Crystal Palace,Brentford,1553.9334855515249,1530.3006539041774,1561.5717791265788,1522.6623603291234,continuing,continuing,1.5422027785852752,1.5119404041889644,1.1755278790105208,1.3204583984591411,1.145011767090327,1.1997773356167392,0.013350100461150908,1520,True,True,True,15.861341932106825,-0.14493051944862034,-0.054765568526412123,3.0541431827742396
1613,2025-2026,2025-11-01,Fulham,Wolves,Fulham,Wolves,1494.2558896311136,1426.5421468632746,1500.737073116022,1420.0609633783663,continuing,continuing,1.6455187178565536,1.3214892559409661,1.0998987745343414,1.0543692203071846,1.2533458208842227,1.3681767763700159,0.013350100461150908,1520,True,True,True,33.962174054185652,0.045529554227156765,-0.11483095548579314,2.9670079737975197
1614,2025-2026,2025-11-01,Liverpool,Aston Villa,Liverpool,Aston Villa,1620.7895836930063,1586.3363031818997,1628.1360514278699,1578.9898354470361,continuing,continuing,1.9159768634248677,1.2950727261798964,1.7018229361163104,1.2082534444041124,1.0718551907945122,1.0295987192428453,0.013350100461150908,1520,True,True,True,59.509515268496898,0.49356949171219799,0.042256471551666897,3.2110495896047642
1615,2025-2026,2025-11-01,Nottingham,Manchester Utd,Nottingham,Manchester Utd,1486.5463920985828,1524.9702313758819,1485.9261773659152,1525.5904461085495,continuing,continuing,1.5284650869091001,1.053558891146624,1.1445725262738418,0.9357134133505669,1.1259418494110078,1.2212492547392841,0.013350100461150908,1520,True,True,True,41.080556434794289,0.20885911292327486,-0.095307405328276307,2.5820239780557239
1616,2025-2026,2025-11-01,Tottenham,Chelsea,Tottenham,Chelsea,1503.0140362148343,1574.7213536307129,1493.3508724201388,1584.3845174254084,continuing,continuing,1.1501471369859011,1.9025535278031493,1.1481619285609368,1.1856241665957785,1.6046851788335701,0.91609890975168951,0.013350100461150908,1520,True,True,True,-118.19205174908825,-0.037462238034841722,0.68858626908188059,3.0527006647890502
1617,2025-2026,2025-11-02,Manchester City,Bournemouth,Manchester City,Bournemouth,1622.2793036332541,1557.5268036761086,1628.8353879480226,1550.9707193613401,continuing,continuing,1.7020260993214045,0.94032929928579112,1.4747747141237888,1.1041406961045492,0.8516390190157006,1.0554377859542272,0.013350100461150908,1520,True,True,True,102.72234156234072,0.37063401801923956,-0.20379876693852661,2.6423553986071955
1618,2025-2026,2025-11-02,West Ham,Newcastle,West Ham,Newcastle,1439.479012172339,1558.9213389111603,1451.1733996910211,1547.2269513924782,continuing,continuing,1.1278763185535186,1.9571150953939067,0.96838099601375138,1.4746291654500707,1.3271913652925593,1.0651415486490228,0.013350100461150908,1520,True,True,True,-82.476007553798354,-0.50624816943631934,0.26204981664353655,3.0849914139474253
1619,2025-2026,2025-11-03,Sunderland,Everton,Sunderland,Everton,1533.2928671762249,1513.5949753421546,1531.0383825656802,1515.8494599526994,new_to_dataset,continuing,0.94603918575840751,0.90050019596090403,1,0.90050019596090403,1,0.86516956101827602,0.013350100461150908,1520,True,False,True,-21.624380388155259,0.099499804039095974,0.13483043898172398,1.8465393817193116
1620,2025-2026,2025-11-08,Chelsea,Wolves,Chelsea,Wolves,1584.3845174254084,1420.0609633783663,1588.6971400656378,1415.7483407381369,continuing,continuing,1.7737693719155214,0.96590649319915078,1.1856241665957785,1.0543692203071846,0.91609890975168951,1.3681767763700159,0.013350100461150908,1520,True,True,True,100.23612301876892,0.13125494628859391,-0.45207786661832638,2.7396758651146724
1621,2025-2026,2025-11-08,Everton,Fulham,Everton,Fulham,1515.8494599526994,1500.737073116022,1523.7206151096191,1492.8659179591023,continuing,continuing,1.2341348695897154,0.95159893992841593,0.90050019596090403,1.0998987745343414,0.86516956101827602,1.2533458208842227,0.013350100461150908,1520,True,True,True,7.7590459132588876,-0.19939857857343735,-0.38817625986594673,2.1857338095181316
1622,2025-2026,2025-11-08,Sunderland,Arsenal,Sunderland,Arsenal,1531.0383825656802,1668.212224738151,1533.2237997609702,1666.026807542861,new_to_dataset,continuing,0.84193070382052937,1.388090907441226,1,1.388090907441226,1,0.76996051368450635,0.013350100461150908,1520,True,False,True,-125.90560243306641,-0.38809090744122599,0.23003948631549365,2.2300216112617552
1623,2025-2026,2025-11-08,Tottenham,Manchester Utd,Tottenham,Manchester Utd,1493.3508724201388,1525.5904461085495,1492.5535591257658,1526.3877594029225,continuing,continuing,1.5332583839285183,1.5015254460394247,1.1481619285609368,0.9357134133505669,1.6046851788335701,1.2212492547392841,0.013350100461150908,1520,True,True,True,-27.665422181677059,0.21244851521036989,0.38343592409428595,3.0347838299679433
1624,2025-2026,2025-11-08,West Ham,Burnley,West Ham,Burnley,1451.1733996910211,1484.3127241163402,1460.4018239324707,1475.0842998748906,continuing,returning_after_absence,1.6956664194527071,1.1708515014438767,0.96838099601375138,0.88220247061792789,1.3271913652925593,1.6013500117852664,0.013350100461150908,1520,True,True,True,-18.70142230888564,0.086178525395823491,-0.27415864649270705,2.8665179208965839
1625,2025-2026,2025-11-09,Aston Villa,Bournemouth,Aston Villa,Bournemouth,1578.9898354470361,1550.9707193613401,1586.5092839173335,1543.4512708910427,continuing,continuing,1.3944359618293316,1.1368218465731477,1.2082534444041124,1.1041406961045492,1.0295987192428453,1.0554377859542272,0.013350100461150908,1520,True,True,True,55.336774349389998,0.10411274829956318,-0.025839066711381919,2.5312578084024793
1626,2025-2026,2025-11-09,Brentford,Newcastle,Brentford,Newcastle,1522.6623603291234,1547.2269513924782,1531.6459690767429,1538.2433426448588,continuing,continuing,1.5379419499017333,1.7692266511464214,1.3204583984591411,1.4746291654500707,1.1997773356167392,1.0651415486490228,0.013350100461150908,1520,True,True,True,-39.222574111466429,-0.15417076699092958,0.13463578696771639,3.3071686010481547
1627,2025-2026,2025-11-09,Crystal Palace,Brighton,Crystal Palace,Brighton,1561.5717791265788,1553.8457461430748,1559.6467877101506,1555.770737559503,continuing,continuing,1.7419694283332461,1.6018834770330748,1.1755278790105208,1.3990104932316441,1.145011767090327,1.3551884800575287,0.013350100461150908,1520,True,True,True,-9.1455276193466943,-0.22348261422112325,-0.21017671296720164,3.3438529053663206
1628,2025-2026,2025-11-09,Manchester City,Liverpool,Manchester City,Liverpool,1628.8353879480226,1628.1360514278699,1637.1058811610235,1619.865558214869,continuing,continuing,1.7285012283087822,1.449338815852514,1.4747747141237888,1.7018229361163104,0.8516390190157006,1.0718551907945122,0.013350100461150908,1520,True,True,True,-12.12394805554618,-0.22704822199252161,-0.22021617177881159,3.1778400441612962
1629,2025-2026,2025-11-09,Nottingham,Leeds United,Nottingham,Leeds United,1485.9261773659152,1484.4686670709198,1494.1755093417889,1476.2193350950461,continuing,returning_after_absence,2.3694592933280294,1.0702266642298859,1.1445725262738418,0.95051681824397305,1.1259418494110078,1.8932067345834107,0.013350100461150908,1520,True,True,True,30.693210306862738,0.19405570802986871,-0.76726488517240288,3.4396859575579155
1630,2025-2026,2025-11-22,Bournemouth,West Ham,Bournemouth,West Ham,1543.4512708910427,1460.4018239324707,1539.5518697735329,1464.3012250499805,continuing,continuing,1.6023812667000852,1.0220658943929031,1.1041406961045492,0.96838099601375138,1.0554377859542272,1.3271913652925593,0.013350100461150908,1520,True,True,True,38.988939496275862,0.13575970009079785,-0.27175357933833211,2.6244471610929883
1631,2025-2026,2025-11-22,Brighton,Brentford,Brighton,Brentford,1555.770737559503,1531.6459690767429,1563.3956662773098,1524.021040358936,continuing,continuing,1.8353948965871254,1.789470009987042,1.3990104932316441,1.3204583984591411,1.3551884800575287,1.1997773356167392,0.013350100461150908,1520,True,True,True,25.006869551453519,0.078552094772502912,0.15541114444078952,3.6248649065741674
1632,2025-2026,2025-11-22,Burnley,Chelsea,Burnley,Chelsea,1475.0842998748906,1588.6971400656378,1466.6152690824188,1597.1661708581096,returning_after_absence,continuing,0.88372782669674343,1.8985992731510466,0.88220247061792789,1.1856241665957785,1.6013500117852664,0.91609890975168951,0.013350100461150908,1520,True,True,True,-80.139283439479641,-0.30342169597785063,0.68525110203357686,2.78232709984779
1633,2025-2026,2025-11-22,Fulham,Sunderland,Fulham,Sunderland,1492.8659179591023,1533.2237997609702,1502.3011738941141,1523.7885438259584,continuing,new_to_dataset,1.202709142763239,1.2533458208842227,1.0998987745343414,1,1.2533458208842227,1,0.013350100461150908,1520,True,True,False,13.865334474896372,0.099898774534341372,0.25334582088422275,2.4560549636474618
1634,2025-2026,2025-11-22,Liverpool,Nottingham,Liverpool,Nottingham,1619.865558214869,1494.1755093417889,1604.9777369025128,1509.0633306541451,continuing,continuing,2.095261476839962,1.2268160035274054,1.7018229361163104,1.1445725262738418,1.0718551907945122,1.1259418494110078,0.013350100461150908,1520,True,True,True,104.44059649841438,0.55725040984246865,-0.054086658616495642,3.3220774803673674
1635,2025-2026,2025-11-22,Newcastle,Manchester City,Newcastle,Manchester City,1538.2433426448588,1637.1058811610235,1549.3572546718015,1625.9919691340808,continuing,continuing,1.3732394286305276,1.5708438229102322,1.4746291654500707,1.4747747141237888,1.0651415486490228,0.8516390190157006,0.013350100461150908,1520,True,True,True,-59.235273504818224,-0.00014554867371807667,0.21350252963332217,2.9440832515407598
1636,2025-2026,2025-11-22,Wolves,Crystal Palace,Wolves,Crystal Palace,1415.7483407381369,1559.6467877101506,1408.1172644689473,1567.2778639793403,continuing,continuing,1.3201113449997932,1.6083299440376964,1.0543692203071846,1.1755278790105208,1.3681767763700159,1.145011767090327,0.013350100461150908,1520,True,True,True,-60.510192644842391,-0.1211586587033362,0.22316500927968885,2.9284412890374893
1637,2025-2026,2025-11-23,Arsenal,Tottenham,Arsenal,Tottenham,1666.026807542861,1492.5535591257658,1670.1639335854172,1488.4164330832095,continuing,continuing,2.4356542859791528,0.88403934830777242,1.388090907441226,1.1481619285609368,0.76996051368450635,1.6046851788335701,0.013350100461150908,1520,True,True,True,163.95837074267502,0.23992897888028919,-0.83472466514906374,3.3196936342869252
1638,2025-2026,2025-11-23,Leeds United,Aston Villa,Leeds United,Aston Villa,1476.2193350950461,1586.5092839173335,1467.6567713852703,1595.0718476271093,returning_after_absence,continuing,1.0701279160144104,2.2874735580294683,0.95051681824397305,1.2082534444041124,1.8932067345834107,1.0295987192428453,0.013350100461150908,1520,True,True,True,-75.62429153678022,-0.25773662616013937,0.86360801534056542,3.3576014740438787
1639,2025-2026,2025-11-24,Manchester Utd,Everton,Manchester Utd,Everton,1526.3877594029225,1523.7206151096191,1514.6033630639706,1535.5050114485709,continuing,continuing,0.88522155566939043,1.0997351932098334,0.9357134133505669,0.90050019596090403,1.2212492547392841,0.86516956101827602,0.013350100461150908,1520,True,True,True,-32.01172651608681,0.035213217389662876,0.35607969372100812,1.9849567488792239
1640,2025-2026,2025-11-29,Brentford,Burnley,Brentford,Burnley,1524.021040358936,1466.6152690824188,1530.7648397166922,1459.8714697246626,continuing,returning_after_absence,2.3121653293159756,1.0584465296724821,1.3204583984591411,0.88220247061792789,1.1997773356167392,1.6013500117852664,0.013350100461150908,1520,True,True,True,24.552011133446285,0.43825592784121326,-0.40157267616852721,3.3706118589884575
1641,2025-2026,2025-11-29,Everton,Newcastle,Everton,Newcastle,1535.5050114485709,1549.3572546718015,1524.1845285255711,1560.6777375948013,continuing,continuing,1.0488153423682882,1.2758042677371844,0.90050019596090403,1.4746291654500707,0.86516956101827602,1.0651415486490228,0.013350100461150908,1520,True,True,True,-42.150204856757455,-0.5741289694891667,-0.19997198763074675,2.3246196101054726
1642,2025-2026,2025-11-29,Manchester City,Leeds United,Manchester City,Leeds United,1625.9919691340808,1467.6567713852703,1630.4223415168674,1463.2263990024837,continuing,returning_after_absence,3.0530338372893557,0.80949721064722224,1.4747747141237888,0.95051681824397305,0.8516390190157006,1.8932067345834107,0.013350100461150908,1520,True,True,True,123.00985874973094,0.52425789587981575,-1.0415677155677101,3.862531047936578
1643,2025-2026,2025-11-29,Sunderland,Bournemouth,Sunderland,Bournemouth,1523.7885438259584,1539.5518697735329,1532.5221459086422,1530.8182676908491,new_to_dataset,continuing,1.1540922711931856,1.1041406961045492,1,1.1041406961045492,1,1.0554377859542272,0.013350100461150908,1520,True,False,True,-20.287517187390222,-0.10414069610454924,-0.055437785954227214,2.2582329672977348
1644,2025-2026,2025-11-29,Tottenham,Fulham,Tottenham,Fulham,1488.4164330832095,1502.3011738941141,1477.0968692177544,1513.6207377595692,continuing,continuing,1.5735550956325917,1.7649912617124641,1.1481619285609368,1.0998987745343414,1.6046851788335701,1.2533458208842227,0.013350100461150908,1520,True,True,True,-51.918102784504981,0.048263154026595423,0.35133935794934734,3.3385463573450558
1645,2025-2026,2025-11-30,Aston Villa,Wolves,Aston Villa,Wolves,1595.0718476271093,1408.1172644689473,1598.9601125995273,1404.2289994965292,continuing,continuing,1.80762421480409,1.0855771988373546,1.2082534444041124,1.0543692203071846,1.0295987192428453,1.3681767763700159,0.013350100461150908,1520,True,True,True,95.7211311160695,0.15388422409692781,-0.3385780571271706,2.8932014136414446
1646,2025-2026,2025-11-30,Chelsea,Arsenal,Chelsea,Arsenal,1597.1661708581096,1670.1639335854172,1597.5401021128703,1669.7900023306565,continuing,continuing,0.99821338904861245,1.2716285669431404,1.1856241665957785,1.388090907441226,0.91609890975168951,0.76996051368450635,0.013350100461150908,1520,True,True,True,-45.766318993586765,-0.20246674084544747,0.14613839606718315,2.2698419559917529
1647,2025-2026,2025-11-30,Crystal Palace,Manchester Utd,Crystal Palace,Manchester Utd,1567.2778639793403,1514.6033630639706,1554.1439362451067,1527.7372907982042,continuing,continuing,1.5698029443404691,1.0714028689106543,1.1755278790105208,0.9357134133505669,1.145011767090327,1.2212492547392841,0.013350100461150908,1520,True,True,True,50.800699193484661,0.2398144656599539,-0.076237487648957103,2.6412058132511236
1648,2025-2026,2025-11-30,Nottingham,Brighton,Nottingham,Brighton,1509.0633306541451,1563.3956662773098,1498.9002166287673,1573.5587803026876,continuing,continuing,1.6960978849412207,1.5752044620946435,1.1445725262738418,1.3990104932316441,1.1259418494110078,1.3551884800575287,0.013350100461150908,1520,True,True,True,-18.865670378037066,-0.2544379669578023,-0.22924663064652084,3.2713023470358644
1649,2025-2026,2025-11-30,West Ham,Liverpool,West Ham,Liverpool,1464.3012250499805,1604.9777369025128,1456.582427929847,1612.6965340226463,continuing,continuing,1.1349853811910098,2.258644706070398,0.96838099601375138,1.7018229361163104,1.3271913652925593,1.0718551907945122,0.013350100461150908,1520,True,True,True,-153.83522911416276,-0.73344194010255903,0.25533617449804713,3.3936300872614078
1650,2025-2026,2025-12-02,Bournemouth,Everton,Bournemouth,Everton,1530.8182676908491,1524.1845285255711,1518.923568258866,1536.0792279575542,continuing,continuing,1.0445603651054689,0.95042193307632428,1.1041406961045492,0.90050019596090403,1.0554377859542272,0.86516956101827602,0.013350100461150908,1520,True,True,True,-1.3368632007650376,0.20364050014364521,0.19026822493595119,1.9949822981817933
1651,2025-2026,2025-12-02,Fulham,Manchester City,Fulham,Manchester City,1513.6207377595692,1630.4223415168674,1505.2412074872452,1638.8018717891914,continuing,continuing,1.024274034504099,1.848402724692775,1.0998987745343414,1.4747747141237888,1.2533458208842227,0.8516390190157006,0.013350100461150908,1520,True,True,True,-109.14452427483457,-0.37487593958944743,0.40170680186852215,2.872676759196874
1652,2025-2026,2025-12-02,Newcastle,Tottenham,Newcastle,Tottenham,1560.6777375948013,1477.0968692177544,1556.7653744173442,1481.0092323952115,continuing,continuing,2.5875011699912061,1.2229549746872448,1.4746291654500707,1.1481619285609368,1.0651415486490228,1.6046851788335701,0.013350100461150908,1520,True,True,True,101.82735355452132,0.32646723688913393,-0.53954363018454732,3.8104561446784508
1653,2025-2026,2025-12-03,Arsenal,Brentford,Arsenal,Brentford,1669.7900023306565,1530.7648397166922,1674.6155795818595,1525.9392624654893,continuing,continuing,1.8210692341782013,1.0167008267766209,1.388090907441226,1.3204583984591411,0.76996051368450635,1.1997773356167392,0.013350100461150908,1520,True,True,True,101.35359129962012,0.067632508982084838,-0.42981682193223281,2.8377700609548224
1654,2025-2026,2025-12-03,Brighton,Aston Villa,Brighton,Aston Villa,1573.5587803026876,1598.9601125995273,1562.5662293951993,1609.9526635070156,continuing,continuing,1.5750591203321558,1.6374111488462828,1.3990104932316441,1.2082534444041124,1.3551884800575287,1.0295987192428453,0.013350100461150908,1520,True,True,True,-26.065410851880415,0.19075704882753164,0.32558976081468338,3.2124702691784384
1655,2025-2026,2025-12-03,Burnley,Crystal Palace,Burnley,Crystal Palace,1459.8714697246626,1554.1439362451067,1450.8547234384225,1563.1606825313468,returning_after_absence,continuing,1.1045518662905127,1.8824315829074068,0.88220247061792789,1.1755278790105208,1.6013500117852664,1.145011767090327,0.013350100461150908,1520,True,True,True,-40.41335306555311,-0.29332540839259291,0.45633824469493933,2.9869834491979192
1656,2025-2026,2025-12-03,Leeds United,Chelsea,Leeds United,Chelsea,1463.2263990024837,1597.5401021128703,1475.3332869835899,1585.4332141317641,returning_after_absence,continuing,0.95216029199859686,2.2446316568839717,0.95051681824397305,1.1856241665957785,1.8932067345834107,0.91609890975168951,0.013350100461150908,1520,True,True,True,-80.139283439479641,-0.23510734835180547,0.97710782483172121,3.1967919488825687
1657,2025-2026,2025-12-03,Liverpool,Sunderland,Liverpool,Sunderland,1612.6965340226463,1532.5221459086422,1608.8675267514298,1536.3511531798588,continuing,new_to_dataset,1.860896704333368,1.0718551907945122,1.7018229361163104,1,1.0718551907945122,1,0.013350100461150908,1520,True,True,False,135.13380680527712,0.70182293611631041,0.071855190794512191,2.9327518951278799
1658,2025-2026,2025-12-03,Wolves,Nottingham,Wolves,Nottingham,1404.2289994965292,1498.9002166287673,1395.2236179300921,1507.9055981952044,continuing,continuing,1.2981251825862365,1.5659775493190302,1.0543692203071846,1.1445725262738418,1.3681767763700159,1.1259418494110078,0.013350100461150908,1520,True,True,True,-50.790049886152019,-0.090203305966657155,0.24223492695900806,2.864102731905267
1659,2025-2026,2025-12-04,Manchester Utd,West Ham,Manchester Utd,West Ham,1527.7372907982042,1456.582427929847,1524.13199871599,1460.1877200120612,continuing,continuing,1.3579516177990498,1.1826345696854796,0.9357134133505669,0.96838099601375138,1.2212492547392841,1.3271913652925593,0.013350100461150908,1520,True,True,True,8.3140761809540891,-0.03266758266318448,-0.10594211055327518,2.5405861874845295
1660,2025-2026,2025-12-06,Aston Villa,Arsenal,Aston Villa,Arsenal,1609.9526635070156,1674.6155795818595,1620.0868649626182,1664.4813781262569,continuing,continuing,1.0172656728407332,1.4291766204941252,1.2082534444041124,1.388090907441226,1.0295987192428453,0.76996051368450635,0.013350100461150908,1520,True,True,True,-50.281310896286186,-0.17983746303711357,0.25963820555833894,2.4464422933348584
1661,2025-2026,2025-12-06,Bournemouth,Chelsea,Bournemouth,Chelsea,1518.923568258866,1585.4332141317641,1519.110909006878,1585.245873383752,continuing,continuing,1.1060497904210624,1.2513525453656744,1.1041406961045492,1.1856241665957785,1.0554377859542272,0.91609890975168951,0.013350100461150908,1520,True,True,True,-59.851766252089419,-0.081483470491229282,0.13933887620253771,2.3574023357867366
1662,2025-2026,2025-12-06,Everton,Nottingham,Everton,Nottingham,1536.0792279575542,1507.9055981952044,1543.5945032734078,1500.3903228793508,continuing,continuing,1.1086837122958879,0.9902493101099189,0.90050019596090403,1.1445725262738418,0.86516956101827602,1.1259418494110078,0.013350100461150908,1520,True,True,True,-9.068829918707479,-0.24407233031293774,-0.26077228839273181,2.0989330224058067
1663,2025-2026,2025-12-06,Leeds United,Liverpool,Leeds United,Liverpool,1475.3332869835899,1608.8675267514298,1477.4187259776213,1606.7820877573984,returning_after_absence,continuing,1.1140477742995507,3.2219026437239124,0.95051681824397305,1.7018229361163104,1.8932067345834107,1.0718551907945122,0.013350100461150908,1520,True,True,True,-135.13380680527712,-0.75130611787233736,0.82135154378889852,4.3359504180234634
1664,2025-2026,2025-12-06,Manchester City,Sunderland,Manchester City,Sunderland,1638.8018717891914,1536.3511531798588,1644.4395273749117,1530.7134975941385,continuing,new_to_dataset,1.6126257008911169,0.8516390190157006,1.4747747141237888,1,0.8516390190157006,1,0.013350100461150908,1520,True,True,False,123.00985874973094,0.4747747141237888,-0.1483609809842994,2.4642647199068177
1665,2025-2026,2025-12-06,Newcastle,Burnley,Newcastle,Burnley,1556.7653744173442,1450.8547234384225,1562.3227476109798,1445.2973502447869,continuing,returning_after_absence,2.5821233246957971,0.93967050577597377,1.4746291654500707,0.88220247061792789,1.0651415486490228,1.6013500117852664,0.013350100461150908,1520,True,True,True,63.774585244912714,0.59242669483214283,-0.5362084631362436,3.5217938304717711
1666,2025-2026,2025-12-06,Tottenham,Brentford,Tottenham,Brentford,1481.0092323952115,1525.9392624654893,1490.5757556043579,1516.3727392563428,continuing,continuing,1.5063007420827468,2.1189200212736963,1.1481619285609368,1.3204583984591411,1.6046851788335701,1.1997773356167392,0.013350100461150908,1520,True,True,True,-62.604779443054895,-0.17229646989820435,0.40490784321683093,3.6252207633564431
1667,2025-2026,2025-12-07,Brighton,West Ham,Brighton,West Ham,1562.5662293951993,1460.1877200120612,1558.2055679713287,1464.5483814359318,continuing,continuing,2.0303102803657236,1.3123387701044715,1.3990104932316441,0.96838099601375138,1.3551884800575287,1.3271913652925593,0.013350100461150908,1520,True,True,True,68.260302993785444,0.43062949721789268,0.027997114764969355,3.3426490504701949
1668,2025-2026,2025-12-07,Fulham,Crystal Palace,Fulham,Crystal Palace,1505.2412074872452,1563.1606825313468,1495.1813258811437,1573.2205641374483,continuing,continuing,1.3771161208510285,1.4733429544907304,1.0998987745343414,1.1755278790105208,1.2533458208842227,1.145011767090327,0.013350100461150908,1520,True,True,True,-26.548018590656739,-0.075629104476179432,0.10833405379389571,2.8504590753417589
1669,2025-2026,2025-12-08,Wolves,Manchester Utd,Wolves,Manchester Utd,1395.2236179300921,1524.13199871599,1387.1813574334483,1532.1742592126338,continuing,continuing,1.408007360789586,1.2802213614841629,1.0543692203071846,0.9357134133505669,1.3681767763700159,1.2212492547392841,0.013350100461150908,1520,True,True,True,-9.70949345135773,0.1186558069566177,0.14692752163073175,2.6882287222737489
1670,2025-2026,2025-12-13,Arsenal,Wolves,Arsenal,Wolves,1664.4813781262569,1387.1813574334483,1666.9907011299501,1384.6720344297551,continuing,continuing,2.07667252947713,0.81182266648085233,1.388090907441226,1.0543692203071846,0.76996051368450635,1.3681767763700159,0.013350100461150908,1520,True,True,True,146.00244201235569,0.33372168713404138,-0.59821626268550954,2.8884951959579821
1671,2025-2026,2025-12-13,Burnley,Fulham,Burnley,Fulham,1445.2973502447869,1495.1813258811437,1435.0062699089713,1505.4724062169594,returning_after_absence,continuing,1.2090578501940163,1.7613229155631676,0.88220247061792789,1.0998987745343414,1.6013500117852664,1.2533458208842227,0.013350100461150908,1520,True,True,True,-13.865334474896372,-0.21769630391641348,0.34800419090104362,2.9703807657571839
1672,2025-2026,2025-12-13,Chelsea,Everton,Chelsea,Everton,1585.245873383752,1543.5945032734078,1592.4008315381298,1536.4395451190301,continuing,continuing,1.1216469211817608,0.82494724775096695,1.1856241665957785,0.90050019596090403,0.91609890975168951,0.86516956101827602,0.013350100461150908,1520,True,True,True,58.514903051324382,0.28512397063487449,0.050929348733413482,1.9465941689327277
1673,2025-2026,2025-12-13,Liverpool,Brighton,Liverpool,Brighton,1606.7820877573984,1558.2055679713287,1613.7549146620956,1551.2327410666314,continuing,continuing,2.5218657762896015,1.4995366591463284,1.7018229361163104,1.3990104932316441,1.0718551907945122,1.3551884800575287,0.013350100461150908,1520,True,True,True,85.574926120377313,0.30281244288466636,-0.28333328926301649,4.0214024354359301
1674,2025-2026,2025-12-14,Brentford,Leeds United,Brentford,Leeds United,1516.3727392563428,1477.4187259776213,1513.5992060154074,1480.1922592185567,continuing,returning_after_absence,2.7335728858247039,1.1404085356516542,1.3204583984591411,0.95051681824397305,1.1997773356167392,1.8932067345834107,0.013350100461150908,1520,True,True,True,24.552011133446285,0.3699415802151681,-0.69342939896667155,3.8739814214763584
1675,2025-2026,2025-12-14,Crystal Palace,Manchester City,Crystal Palace,Manchester City,1573.2205641374483,1644.4395273749117,1563.5433596717974,1654.1167318405626,continuing,continuing,1.0947031774045848,1.6886344014790113,1.1755278790105208,1.4747747141237888,1.145011767090327,0.8516390190157006,0.013350100461150908,1520,True,True,True,-82.596505684177828,-0.29924683511326799,0.29337274807462643,2.7833375788835961
1676,2025-2026,2025-12-14,Nottingham,Tottenham,Nottingham,Tottenham,1500.3903228793508,1490.5757556043579,1508.4075137519294,1482.5585647317794,continuing,continuing,2.0083576401864076,1.2927635652672107,1.1445725262738418,1.1481619285609368,1.1259418494110078,1.6046851788335701,0.013350100461150908,1520,True,True,True,68.745978616471348,-0.0035894022870950337,-0.47874332942256226,3.3011212054536183
1677,2025-2026,2025-12-14,Sunderland,Newcastle,Sunderland,Newcastle,1530.7134975941385,1562.3227476109798,1539.8981600844563,1553.138085120662,new_to_dataset,continuing,1.1647030695524949,1.4746291654500707,1,1.4746291654500707,1,1.0651415486490228,0.013350100461150908,1520,True,False,True,-63.774585244912714,-0.47462916545007072,-0.065141548649022774,2.6393322350025654
1678,2025-2026,2025-12-14,West Ham,Aston Villa,West Ham,Aston Villa,1464.5483814359318,1620.0868649626182,1457.2309249103021,1627.4043214882479,continuing,continuing,1.0902400854796508,1.6035835384981314,0.96838099601375138,1.2082534444041124,1.3271913652925593,1.0295987192428453,0.013350100461150908,1520,True,True,True,-94.325713845665859,-0.23987244839036104,0.29759264604971403,2.6938236239777824
1679,2025-2026,2025-12-15,Manchester Utd,Bournemouth,Manchester Utd,Bournemouth,1532.1742592126338,1519.110909006878,1530.1017877267566,1521.1833804927553,continuing,continuing,1.0798996183996838,1.3484310022449952,0.9357134133505669,1.1041406961045492,1.2212492547392841,1.0554377859542272,0.013350100461150908,1520,True,True,True,-30.674863315321772,-0.16842728275398233,0.16581146878505693,2.4283306206446791
1680,2025-2026,2025-12-20,Bournemouth,Burnley,Bournemouth,Burnley,1521.1833804927553,1435.0062699089713,1517.207915091974,1438.9817353097526,continuing,returning_after_absence,1.9333860416949302,0.93110982235233497,1.1041406961045492,0.88220247061792789,1.0554377859542272,1.6013500117852664,0.013350100461150908,1520,True,True,True,20.287517187390222,0.22193822548662134,-0.54591222583103916,2.8644958640472651
1681,2025-2026,2025-12-20,Brighton,Sunderland,Brighton,Sunderland,1551.2327410666314,1539.8981600844563,1549.2079391493432,1541.9229620017445,continuing,new_to_dataset,1.5297796033491917,1.3551884800575287,1.3990104932316441,1,1.3551884800575287,1,0.013350100461150908,1520,True,True,False,49.558880684899805,0.39901049323164406,0.35518848005752868,2.8849680834067204
1682,2025-2026,2025-12-20,Everton,Arsenal,Everton,Arsenal,1536.4395451190301,1666.9907011299501,1528.4427128724176,1674.9875333765626,continuing,continuing,0.75815876377588853,1.2009340010443859,0.90050019596090403,1.388090907441226,0.86516956101827602,0.76996051368450635,0.013350100461150908,1520,True,True,True,-104.28122204491115,-0.48759071148032196,0.09520904733376967,1.9590927648202743
1683,2025-2026,2025-12-20,Leeds United,Crystal Palace,Leeds United,Crystal Palace,1480.1922592185567,1563.5433596717974,1490.8633477474375,1552.8722711429166,returning_after_absence,continuing,1.1900840912364643,2.2255172972332709,0.95051681824397305,1.1755278790105208,1.8932067345834107,1.145011767090327,0.013350100461150908,1520,True,True,True,-40.41335306555311,-0.22501106076654775,0.74819496749308367,3.4156013884697352
1684,2025-2026,2025-12-20,Manchester City,West Ham,Manchester City,West Ham,1654.1167318405626,1457.2309249103021,1657.8290470082152,1453.5186097426495,continuing,continuing,2.1402629056715519,0.82471104147859831,1.4747747141237888,0.96838099601375138,0.8516390190157006,1.3271913652925593,0.013350100461150908,1520,True,True,True,141.71128105861658,0.50639371811003742,-0.47555234627685872,2.9649739471501499
1685,2025-2026,2025-12-20,Newcastle,Chelsea,Newcastle,Chelsea,1553.138085120662,1592.4008315381298,1552.5419267519194,1592.9969899068724,continuing,continuing,1.4771788460919106,1.2628575609235344,1.4746291654500707,1.1856241665957785,1.0651415486490228,0.91609890975168951,0.013350100461150908,1520,True,True,True,-16.364698194566927,0.28900499885429221,0.14904263889733327,2.7400364070154453
1686,2025-2026,2025-12-20,Tottenham,Liverpool,Tottenham,Liverpool,1482.5585647317794,1613.7549146620956,1474.5795508483188,1621.7339285455562,continuing,continuing,1.3456965900002387,2.730890042584873,1.1481619285609368,1.7018229361163104,1.6046851788335701,1.0718551907945122,0.013350100461150908,1520,True,True,True,-173.18657511488573,-0.55366100755537362,0.5328299880390579,4.0765866325851121
1687,2025-2026,2025-12-20,Wolves,Brentford,Wolves,Brentford,1384.6720344297551,1513.5992060154074,1376.6302940411806,1521.6409464039818,continuing,continuing,1.3832518736869337,1.8066205149345418,1.0543692203071846,1.3204583984591411,1.3681767763700159,1.1997773356167392,0.013350100461150908,1520,True,True,True,-44.648850712735566,-0.26608917815195654,0.16839944075327673,3.1898723886214757
1688,2025-2026,2025-12-21,Aston Villa,Manchester Utd,Aston Villa,Manchester Utd,1627.4043214882479,1530.1017877267566,1633.162727341861,1524.3433818731435,continuing,continuing,1.6135047482936928,0.96340933196409473,1.2082534444041124,0.9357134133505669,1.0295987192428453,1.2212492547392841,0.013350100461150908,1520,True,True,True,86.01163766471177,0.27254003105354552,-0.19165053549643885,2.5769140802577875
1689,2025-2026,2025-12-22,Fulham,Nottingham,Fulham,Nottingham,1505.4724062169594,1508.4075137519294,1513.8445583324717,1500.0353616364171,continuing,continuing,1.3541805565063691,1.4345451925042167,1.0998987745343414,1.1445725262738418,1.2533458208842227,1.1259418494110078,0.013350100461150908,1520,True,True,True,-16.827875831966367,-0.044673751739500389,0.12740397147321492,2.7887257490105859
1690,2025-2026,2025-12-26,Manchester Utd,Newcastle,Manchester Utd,Newcastle,1524.3433818731435,1552.5419267519194,1533.4306100911499,1543.454698533913,continuing,continuing,1.0898282847508478,1.8008897693227115,0.9357134133505669,1.4746291654500707,1.2212492547392841,1.0651415486490228,0.013350100461150908,1520,True,True,True,-74.161931372844265,-0.53891575209950382,0.15610770609026137,2.8907180540735595
1691,2025-2026,2025-12-27,Arsenal,Brighton,Arsenal,Brighton,1674.9875333765626,1549.2079391493432,1680.0977507317427,1544.0977217941631,continuing,continuing,2.0569583824292512,1.0771828380186512,1.388090907441226,1.3990104932316441,0.76996051368450635,1.3551884800575287,0.013350100461150908,1520,True,True,True,76.346721748166601,-0.010919585790418074,-0.58522796637302232,3.1341412204479022
1692,2025-2026,2025-12-27,Brentford,Bournemouth,Brentford,Bournemouth,1521.6409464039818,1517.207915091974,1529.8073871078714,1509.0414743880845,continuing,continuing,1.5239308320938265,1.3247229825183278,1.3204583984591411,1.1041406961045492,1.1997773356167392,1.0554377859542272,0.013350100461150908,1520,True,True,True,4.2644939460560636,0.21631770235459191,0.14433954966251195,2.8486538146121543
1693,2025-2026,2025-12-27,Burnley,Everton,Burnley,Everton,1438.9817353097526,1528.4427128724176,1439.827663890625,1527.5967842915452,returning_after_absence,continuing,0.83459810697743986,1.4420159994146284,0.88220247061792789,0.90050019596090403,1.6013500117852664,0.86516956101827602,0.013350100461150908,1520,True,True,True,-21.624380388155259,-0.018297725342976134,0.73618045076699035,2.2766141063920684
1694,2025-2026,2025-12-27,Chelsea,Aston Villa,Chelsea,Aston Villa,1592.9969899068724,1633.162727341861,1582.4267332934796,1643.7329839552538,continuing,continuing,1.3348206935669413,1.106879663122331,1.1856241665957785,1.2082534444041124,0.91609890975168951,1.0295987192428453,0.013350100461150908,1520,True,True,True,4.5149919026994212,-0.022629277808333903,-0.11349980949115579,2.4417003566892723
1695,2025-2026,2025-12-27,Liverpool,Wolves,Liverpool,Wolves,1621.7339285455562,1376.6302940411806,1624.6789709805632,1373.6852516061736,continuing,continuing,2.5460356540924138,1.1301311218002184,1.7018229361163104,1.0543692203071846,1.0718551907945122,1.3681767763700159,0.013350100461150908,1520,True,True,True,155.2306463845664,0.64745371580912581,-0.2963215855755037,3.6761667758926322
1696,2025-2026,2025-12-27,Nottingham,Manchester City,Nottingham,Manchester City,1500.0353616364171,1657.8290470082152,1492.7780385426049,1665.0863701020273,continuing,continuing,1.0658761937119088,1.6605105690851292,1.1445725262738418,1.4747747141237888,1.1259418494110078,0.8516390190157006,0.013350100461150908,1520,True,True,True,-92.3166484428682,-0.33020218784994704,0.27430283039530723,2.7263867627970377
1697,2025-2026,2025-12-27,West Ham,Fulham,West Ham,Fulham,1453.5186097426495,1513.8445583324717,1443.5279912944472,1523.8351767806739,continuing,continuing,1.3271654571416402,1.4597761562578455,0.96838099601375138,1.0998987745343414,1.3271913652925593,1.2533458208842227,0.013350100461150908,1520,True,True,True,-32.566756783782012,-0.13151777852058999,0.073845544408336572,2.7869416133994855
1698,2025-2026,2025-12-28,Crystal Palace,Tottenham,Crystal Palace,Tottenham,1552.8722711429166,1474.5795508483188,1539.0895778400004,1488.362244151235,continuing,continuing,2.0626743547206687,1.314658918727396,1.1755278790105208,1.1481619285609368,1.145011767090327,1.6046851788335701,0.013350100461150908,1520,True,True,True,78.46612137516172,0.027365950449584009,-0.45967341174324305,3.3773332734480648
1699,2025-2026,2025-12-28,Sunderland,Leeds United,Sunderland,Leeds United,1541.9229620017445,1490.8633477474375,1538.831010232394,1493.955299516788,new_to_dataset,returning_after_absence,2.0701696388273523,0.95051681824397305,1,0.95051681824397305,1,1.8932067345834107,0.013350100461150908,1520,True,False,True,0,0.04948318175602695,-0.89320673458341071,3.0206864570713252
1700,2025-2026,2025-12-30,Arsenal,Aston Villa,Arsenal,Aston Villa,1680.0977507317427,1643.7329839552538,1687.393150413772,1636.4375842732245,continuing,continuing,1.5627654361370367,0.93030744271446453,1.388090907441226,1.2082534444041124,0.76996051368450635,1.0295987192428453,0.013350100461150908,1520,True,True,True,50.281310896286186,0.17983746303711357,-0.25963820555833894,2.4930728788515011
1701,2025-2026,2025-12-30,Burnley,Newcastle,Burnley,Newcastle,1439.827663890625,1543.454698533913,1431.0767925652551,1552.2055698592828,returning_after_absence,continuing,1.0275039254954954,2.3613974314723682,0.88220247061792789,1.4746291654500707,1.6013500117852664,1.0651415486490228,0.013350100461150908,1520,True,True,True,-63.774585244912714,-0.59242669483214283,0.5362084631362436,3.3889013569678639
1702,2025-2026,2025-12-30,Chelsea,Bournemouth,Chelsea,Bournemouth,1582.4267332934796,1509.0414743880845,1578.7657192589224,1512.7024884226416,continuing,continuing,1.3683196872080499,1.011502087913849,1.1856241665957785,1.1041406961045492,0.91609890975168951,1.0554377859542272,0.013350100461150908,1520,True,True,True,59.851766252089419,0.081483470491229282,-0.13933887620253771,2.3798217751218989
1703,2025-2026,2025-12-30,Manchester Utd,Wolves,Manchester Utd,Wolves,1533.4306100911499,1373.6852516061736,1527.8330486914872,1379.2828130058363,continuing,continuing,1.3998869458416059,1.2876476245201893,0.9357134133505669,1.0543692203071846,1.2212492547392841,1.3681767763700159,0.013350100461150908,1520,True,True,True,9.70949345135773,-0.1186558069566177,-0.14692752163073175,2.6875345703617954
1704,2025-2026,2025-12-30,Nottingham,Everton,Nottingham,Everton,1492.7780385426049,1527.5967842915452,1482.0545302002765,1538.3202926338736,continuing,continuing,1.0828104607975488,1.0139108560351953,1.1445725262738418,0.90050019596090403,1.1259418494110078,0.86516956101827602,0.013350100461150908,1520,True,True,True,9.068829918707479,0.24407233031293774,0.26077228839273181,2.0967213168327441
1705,2025-2026,2025-12-30,West Ham,Brighton,West Ham,Brighton,1443.5279912944472,1544.0977217941631,1444.6904036288468,1542.9353094597636,continuing,continuing,1.435006451275969,1.8567546465707225,0.96838099601375138,1.3990104932316441,1.3271913652925593,1.3551884800575287,0.013350100461150908,1520,True,True,True,-68.260302993785444,-0.43062949721789268,-0.027997114764969355,3.2917610978466918
1706,2025-2026,2026-01-01,Brentford,Tottenham,Brentford,Tottenham,1529.8073871078714,1488.362244151235,1526.9678014268911,1491.2018298322153,continuing,continuing,2.316980927130202,1.3775386595054175,1.3204583984591411,1.1481619285609368,1.1997773356167392,1.6046851788335701,0.013350100461150908,1520,True,True,True,62.604779443054895,0.17229646989820435,-0.40490784321683093,3.6945195866356197
1707,2025-2026,2026-01-01,Crystal Palace,Fulham,Crystal Palace,Fulham,1539.0895778400004,1523.8351767806739,1536.9568310833697,1525.9679235373046,continuing,continuing,1.6110601110015859,1.2593970394500513,1.1755278790105208,1.0998987745343414,1.145011767090327,1.2533458208842227,0.013350100461150908,1520,True,True,True,26.548018590656739,0.075629104476179432,-0.10833405379389571,2.870457150451637
1708,2025-2026,2026-01-01,Liverpool,Leeds United,Liverpool,Leeds United,1624.6789709805632,1493.955299516788,1619.681666145937,1498.9526043514143,continuing,returning_after_absence,3.5230621730080065,1.0188163855722865,1.7018229361163104,0.95051681824397305,1.0718551907945122,1.8932067345834107,0.013350100461150908,1520,True,True,True,135.13380680527712,0.75130611787233736,-0.82135154378889852,4.5418785585802928
1709,2025-2026,2026-01-01,Sunderland,Manchester City,Sunderland,Manchester City,1538.831010232394,1665.0863701020273,1540.7152078312117,1663.2021725032096,new_to_dataset,continuing,0.93124390918404365,1.4747747141237888,1,1.4747747141237888,1,0.8516390190157006,0.013350100461150908,1520,True,False,True,-123.00985874973094,-0.4747747141237888,0.1483609809842994,2.4060186233078324
1710,2025-2026,2026-01-03,Aston Villa,Nottingham,Aston Villa,Nottingham,1636.4375842732245,1482.0545302002765,1640.9469186817521,1477.5451957917489,continuing,continuing,1.4875853666048544,1.1784504071320954,1.2082534444041124,1.1445725262738418,1.0295987192428453,1.1259418494110078,0.013350100461150908,1520,True,True,True,44.931081229917481,0.063680918130270658,-0.096343130168162538,2.66603577373695
1711,2025-2026,2026-01-03,Bournemouth,Arsenal,Bournemouth,Arsenal,1512.7024884226416,1687.393150413772,1505.8886509595627,1694.2069878768509,continuing,continuing,0.92960995338819241,1.4650435940529616,1.1041406961045492,1.388090907441226,1.0554377859542272,0.76996051368450635,0.013350100461150908,1520,True,True,True,-105.61808524567618,-0.28395021133667675,0.28547727226972086,2.3946535474411541
1712,2025-2026,2026-01-03,Brighton,Burnley,Brighton,Burnley,1542.9353094597636,1431.0767925652551,1548.3563279893342,1425.6557740356845,continuing,returning_after_absence,2.4497125858520885,1.1955506252597063,1.3990104932316441,0.88220247061792789,1.3551884800575287,1.6013500117852664,0.013350100461150908,1520,True,True,True,49.558880684899805,0.51680802261371617,-0.24616153172773769,3.6452632111117946
1713,2025-2026,2026-01-03,Wolves,West Ham,Wolves,West Ham,1379.2828130058363,1444.6904036288468,1389.4384434084916,1434.5347732261914,continuing,continuing,1.5301505440076917,1.3249163894240796,1.0543692203071846,0.96838099601375138,1.3681767763700159,1.3271913652925593,0.013350100461150908,1520,True,True,True,-1.3954172704036409,0.085988224293433224,0.040985411077456568,2.8550669334317713
1714,2025-2026,2026-01-04,Everton,Brentford,Everton,Brentford,1538.3202926338736,1526.9678014268911,1526.2949963585302,1538.9930977022345,continuing,continuing,1.1813874678127152,1.1424204129377908,0.90050019596090403,1.3204583984591411,0.86516956101827602,1.1997773356167392,0.013350100461150908,1520,True,True,True,-2.927630745291026,-0.41995820249823712,-0.33460777459846314,2.3238078807505058
1715,2025-2026,2026-01-04,Fulham,Liverpool,Fulham,Liverpool,1525.9679235373046,1619.681666145937,1526.9352488520101,1618.7143408312315,continuing,continuing,1.2891300376867956,2.1329726648662954,1.0998987745343414,1.7018229361163104,1.2533458208842227,1.0718551907945122,0.013350100461150908,1520,True,True,True,-121.26847233038075,-0.60192416158196904,0.18149063008971056,3.422102702553091
1716,2025-2026,2026-01-04,Leeds United,Manchester Utd,Leeds United,Manchester Utd,1498.9526043514143,1527.8330486914872,1498.0592991561343,1528.7263538867671,returning_after_absence,continuing,1.26932259673883,1.7714989357953239,0.95051681824397305,0.9357134133505669,1.8932067345834107,1.2212492547392841,0.013350100461150908,1520,True,True,True,10.387346127931551,0.014803404893406147,0.67195747984412657,3.0408215325341539
1717,2025-2026,2026-01-04,Manchester City,Chelsea,Manchester City,Chelsea,1663.2021725032096,1578.7657192589224,1659.268973086173,1582.698918675959,continuing,continuing,1.4773246464239065,1.0097238021609365,1.4747747141237888,1.1856241665957785,0.8516390190157006,0.91609890975168951,0.013350100461150908,1520,True,True,True,42.870575310251297,0.28915054752801028,-0.064459890735988901,2.4870484485848428
1718,2025-2026,2026-01-04,Newcastle,Crystal Palace,Newcastle,Crystal Palace,1552.2055698592828,1536.9568310833697,1560.072978663778,1529.0894222788745,continuing,continuing,1.8462931708221364,1.2521035855293672,1.4746291654500707,1.1755278790105208,1.0651415486490228,1.145011767090327,0.013350100461150908,1520,True,True,True,23.361232179359604,0.29910128643954992,-0.079870218441304264,3.0983967563515034
1719,2025-2026,2026-01-04,Tottenham,Sunderland,Tottenham,Sunderland,1491.2018298322153,1540.7152078312117,1490.9000922115135,1541.0169454519134,continuing,new_to_dataset,1.2554835779661071,1.6046851788335701,1.1481619285609368,1,1.6046851788335701,1,0.013350100461150908,1520,True,True,False,-38.052768309608609,0.1481619285609368,0.60468517883357009,2.860168756799677
1720,2025-2026,2026-01-06,West Ham,Nottingham,West Ham,Nottingham,1434.5347732261914,1477.5451957917489,1424.0461632727058,1488.0338057452345,continuing,continuing,1.192257639024354,1.5190667738217338,0.96838099601375138,1.1445725262738418,1.3271913652925593,1.1259418494110078,0.013350100461150908,1520,True,True,True,-49.394632615748378,-0.17619153026009038,0.20124951588155149,2.7113244128460878
1721,2025-2026,2026-01-07,Bournemouth,Tottenham,Bournemouth,Tottenham,1505.8886509595627,1490.9000922115135,1513.7632089109577,1483.0255342601185,continuing,continuing,1.9374127475184262,1.2118134837972907,1.1041406961045492,1.1481619285609368,1.0554377859542272,1.6046851788335701,0.013350100461150908,1520,True,True,True,58.340285496998831,-0.04402123245638756,-0.54924739287934288,3.1492262313157169
1722,2025-2026,2026-01-07,Brentford,Sunderland,Brentford,Sunderland,1538.9930977022345,1541.0169454519134,1547.3397276253095,1532.6703155288385,continuing,new_to_dataset,1.4438850421827869,1.1997773356167392,1.3204583984591411,1,1.1997773356167392,1,0.013350100461150908,1520,True,True,False,24.552011133446285,0.32045839845914115,0.19977733561673916,2.6436623777995258
1723,2025-2026,2026-01-07,Burnley,Manchester Utd,Burnley,Manchester Utd,1425.6557740356845,1528.7263538867671,1426.889133414729,1527.4929945077226,returning_after_absence,continuing,1.1780954417228799,1.498404685496562,0.88220247061792789,0.9357134133505669,1.6013500117852664,1.2212492547392841,0.013350100461150908,1520,True,True,True,10.387346127931551,-0.053510942732639011,0.38010075704598223,2.676500127219442
1724,2025-2026,2026-01-07,Crystal Palace,Aston Villa,Crystal Palace,Aston Villa,1529.0894222788745,1640.9469186817521,1530.5710150472778,1639.4653259133488,continuing,continuing,1.323453909743953,1.3834644114701269,1.1755278790105208,1.2082534444041124,1.145011767090327,1.0295987192428453,0.013350100461150908,1520,True,True,True,-35.210938471227109,-0.032725565393591616,0.11541304784748174,2.7069183212140802
1725,2025-2026,2026-01-07,Everton,Wolves,Everton,Wolves,1526.2949963585302,1389.4384434084916,1521.1664266162206,1394.5670131508011,continuing,continuing,1.347205726740172,0.91220815548434886,0.90050019596090403,1.0543692203071846,0.86516956101827602,1.3681767763700159,0.013350100461150908,1520,True,True,True,41.72121996744454,-0.15386902434628058,-0.50300721535173987,2.2594138822245209
1726,2025-2026,2026-01-07,Fulham,Chelsea,Fulham,Chelsea,1526.9352488520101,1582.698918675959,1536.8133235103658,1572.8208440176033,continuing,continuing,1.1018005344337922,1.4859970943421585,1.0998987745343414,1.1856241665957785,1.2533458208842227,0.91609890975168951,0.013350100461150908,1520,True,True,True,-66.273948964583269,-0.085725392061437145,0.33724691113253324,2.5877976287759505
1727,2025-2026,2026-01-07,Manchester City,Brighton,Manchester City,Brighton,1659.268973086173,1548.3563279893342,1654.7115346418975,1552.9137664336097,continuing,continuing,2.1854117724923396,1.1914519240484689,1.4747747141237888,1.3990104932316441,0.8516390190157006,1.3551884800575287,0.013350100461150908,1520,True,True,True,73.450978064831133,0.07576422089214474,-0.50354946104182807,3.3768636965408083
1728,2025-2026,2026-01-07,Newcastle,Leeds United,Newcastle,Leeds United,1560.072978663778,1498.0592991561343,1566.6987306332003,1491.4335471867121,continuing,returning_after_absence,3.0527325268440526,1.0124349558013273,1.4746291654500707,0.95051681824397305,1.0651415486490228,1.8932067345834107,0.013350100461150908,1520,True,True,True,63.774585244912714,0.52411234720609767,-0.82806518593438794,4.0651674826453803
1729,2025-2026,2026-01-08,Arsenal,Liverpool,Arsenal,Liverpool,1694.2069878768509,1618.7143408312315,1690.4935650298528,1622.4277636782297,continuing,continuing,1.6269039708494883,1.3103364620921891,1.388090907441226,1.7018229361163104,0.76996051368450635,1.0718551907945122,0.013350100461150908,1520,True,True,True,-9.2282043722107119,-0.31373202867508443,-0.30189467711000584,2.9372404329416772
1730,2025-2026,2026-01-17,Chelsea,Brentford,Chelsea,Brentford,1572.8208440176033,1547.3397276253095,1580.4089703807906,1539.7516012621222,continuing,continuing,1.5554483366408498,1.2096704992008811,1.1856241665957785,1.3204583984591411,0.91609890975168951,1.1997773356167392,0.013350100461150908,1520,True,True,True,55.587272306033356,-0.13483423186336263,-0.28367842586504965,2.7651188358417311
1731,2025-2026,2026-01-17,Leeds United,Fulham,Leeds United,Fulham,1491.4335471867121,1536.8133235103658,1501.0129915279729,1527.233879169105,returning_after_absence,continuing,1.3026826143825587,2.0823357673084555,0.95051681824397305,1.0998987745343414,1.8932067345834107,1.2533458208842227,0.013350100461150908,1520,True,True,True,-13.865334474896372,-0.14938195629036832,0.63986091369918796,3.3850183816910144
1732,2025-2026,2026-01-17,Liverpool,Burnley,Liverpool,Burnley,1622.4277636782297,1426.889133414729,1616.1635812554123,1433.1533158375464,continuing,returning_after_absence,2.9799469594154027,0.94559329746356913,1.7018229361163104,0.88220247061792789,1.0718551907945122,1.6013500117852664,0.013350100461150908,1520,True,True,True,135.13380680527712,0.81962046549838252,-0.52949482099075418,3.9255402568789717
1733,2025-2026,2026-01-17,Manchester Utd,Manchester City,Manchester Utd,Manchester City,1527.4929945077226,1654.7115346418975,1539.4039164288117,1642.8006127208084,continuing,continuing,0.87137741692452686,1.8010675205320179,0.9357134133505669,1.4747747141237888,1.2212492547392841,0.8516390190157006,0.013350100461150908,1520,True,True,True,-133.39720487766249,-0.5390613007732219,0.36961023572358354,2.6724449374565449
1734,2025-2026,2026-01-17,Nottingham,Arsenal,Nottingham,Arsenal,1488.0338057452345,1690.4935650298528,1491.918805505717,1686.6085652693703,continuing,continuing,0.96365075261937694,1.5629096434749781,1.1445725262738418,1.388090907441226,1.1259418494110078,0.76996051368450635,0.013350100461150908,1520,True,True,True,-95.212392126203667,-0.24351838116738422,0.35598133572650148,2.526560396094355
1735,2025-2026,2026-01-17,Sunderland,Crystal Palace,Sunderland,Crystal Palace,1532.6703155288385,1530.5710150472778,1540.9017472506275,1522.3395833254888,new_to_dataset,continuing,1.2520389627982369,1.1755278790105208,1,1.1755278790105208,1,1.145011767090327,0.013350100461150908,1520,True,False,True,-40.41335306555311,-0.1755278790105208,-0.14501176709032704,2.4275668418087575
1736,2025-2026,2026-01-17,Tottenham,West Ham,Tottenham,West Ham,1483.0255342601185,1424.0461632727058,1469.7289039019029,1437.3427936309215,continuing,continuing,1.666266963943225,1.5539466317673574,1.1481619285609368,0.96838099601375138,1.6046851788335701,1.3271913652925593,0.013350100461150908,1520,True,True,True,-19.35134600072297,0.17978093254718541,0.27749381354101077,3.2202135957105824
1737,2025-2026,2026-01-18,Aston Villa,Everton,Aston Villa,Everton,1639.4653259133488,1521.1664266162206,1624.7410913566596,1535.8906611729099,continuing,continuing,1.1430551047338577,0.92715384843927795,1.2082534444041124,0.90050019596090403,1.0295987192428453,0.86516956101827602,0.013350100461150908,1520,True,True,True,53.99991114862496,0.30775324844320839,0.16442915822456927,2.0702089531731356
1738,2025-2026,2026-01-18,Wolves,Newcastle,Wolves,Newcastle,1394.5670131508011,1566.6987306332003,1397.6868458030356,1563.5788979809658,continuing,continuing,1.2280270673334488,2.0175533779266845,1.0543692203071846,1.4746291654500707,1.3681767763700159,1.0651415486490228,0.013350100461150908,1520,True,True,True,-83.871424824201995,-0.42025994514288612,0.30303522772099312,3.2455804452601331
1739,2025-2026,2026-01-19,Brighton,Bournemouth,Brighton,Bournemouth,1552.9137664336097,1513.7632089109577,1550.1350121781456,1516.5419631664217,continuing,continuing,1.6145871975568069,1.4963187517235859,1.3990104932316441,1.1041406961045492,1.3551884800575287,1.0554377859542272,0.013350100461150908,1520,True,True,True,29.271363497509583,0.29486979712709482,0.29975069410330146,3.1109059492803928
1740,2025-2026,2026-01-24,Bournemouth,Liverpool,Bournemouth,Liverpool,1516.5419631664217,1616.1635812554123,1527.6774468847282,1605.0280975371059,continuing,continuing,1.2941017574852669,1.7961682317807208,1.1041406961045492,1.7018229361163104,1.0554377859542272,1.0718551907945122,0.013350100461150908,1520,True,True,True,-114.8462896178869,-0.59768224001176118,-0.016417404840284977,3.0902699892659875
1741,2025-2026,2026-01-24,Burnley,Tottenham,Burnley,Tottenham,1433.1533158375464,1469.7289039019029,1432.4801267672856,1470.4020929721637,returning_after_absence,continuing,1.547982352699717,1.8386091178324504,0.88220247061792789,1.1481619285609368,1.6013500117852664,1.6046851788335701,0.013350100461150908,1520,True,True,True,38.052768309608609,-0.2659594579430089,-0.0033351670483037221,3.3865914705321671
1742,2025-2026,2026-01-24,Fulham,Brighton,Fulham,Brighton,1527.233879169105,1550.1350121781456,1536.1701277599882,1541.1987635872624,continuing,continuing,1.629897575132607,1.7534439550650562,1.0998987745343414,1.3990104932316441,1.2533458208842227,1.3551884800575287,0.013350100461150908,1520,True,True,True,-35.693546210003433,-0.29911171869730269,-0.10184265917330593,3.3833415301976633
1743,2025-2026,2026-01-24,Manchester City,Wolves,Manchester City,Wolves,1642.8006127208084,1397.6868458030356,1645.745508677996,1394.741949845848,continuing,continuing,2.206357032936646,0.89794196846275987,1.4747747141237888,1.0543692203071846,0.8516390190157006,1.3681767763700159,0.013350100461150908,1520,True,True,True,143.10669832902022,0.42040549381660419,-0.51653775735431529,3.1042990013994061
1744,2025-2026,2026-01-24,West Ham,Sunderland,West Ham,Sunderland,1437.3427936309215,1540.9017472506275,1448.5899933039616,1529.6545475775874,continuing,new_to_dataset,1.0588980591209363,1.3271913652925593,0.96838099601375138,1,1.3271913652925593,1,0.013350100461150908,1520,True,True,False,-18.70142230888564,-0.031619003986248617,0.32719136529255932,2.3860894244134956
1745,2025-2026,2026-01-25,Arsenal,Manchester Utd,Arsenal,Manchester Utd,1686.6085652693703,1539.4039164288117,1671.2638579223913,1554.7486237757907,continuing,continuing,1.853660157637119,0.72046238040488531,1.388090907441226,0.9357134133505669,0.76996051368450635,1.2212492547392841,0.013350100461150908,1520,True,True,True,136.29294856099796,0.45237749409065908,-0.45128874105477779,2.5741225380420043
1746,2025-2026,2026-01-25,Brentford,Nottingham,Brentford,Nottingham,1539.7516012621222,1491.918805505717,1526.7438852364735,1504.9265215313658,continuing,continuing,1.6257305947321781,1.37323217599295,1.3204583984591411,1.1445725262738418,1.1997773356167392,1.1259418494110078,0.013350100461150908,1520,True,True,True,-6.141199173416453,0.17588587218529939,0.073835486205731327,2.9989627707251278
1747,2025-2026,2026-01-25,Crystal Palace,Chelsea,Crystal Palace,Chelsea,1522.3395833254888,1580.4089703807906,1512.2840163900748,1590.4645373162045,continuing,continuing,1.177560404032594,1.3575536220988287,1.1755278790105208,1.1856241665957785,1.145011767090327,0.91609890975168951,0.013350100461150908,1520,True,True,True,-39.725930373926531,-0.010096287585257713,0.22891285733863753,2.5351140261314224
1748,2025-2026,2026-01-25,Newcastle,Aston Villa,Newcastle,Aston Villa,1563.5788979809658,1624.7410913566596,1553.6123484704776,1634.7076408671478,continuing,continuing,1.6601934920336263,1.2869609449331123,1.4746291654500707,1.2082534444041124,1.0651415486490228,1.0295987192428453,0.013350100461150908,1520,True,True,True,-11.849706291867506,0.2663757210459583,0.035542829406177479,2.9471544369667386
1749,2025-2026,2026-01-26,Everton,Leeds United,Everton,Leeds United,1535.8906611729099,1501.0129915279729,1533.2257777711673,1503.6778749297155,continuing,returning_after_absence,1.8641881654363446,0.82235821838062662,0.90050019596090403,0.95051681824397305,0.86516956101827602,1.8932067345834107,0.013350100461150908,1520,True,True,True,21.624380388155259,-0.050016622283069023,-1.0280371735651346,2.686546383816971
1750,2025-2026,2026-01-31,Brighton,Everton,Brighton,Everton,1541.1987635872624,1533.2257777711673,1539.266928623277,1535.1576127351527,continuing,continuing,1.3235187478843327,1.2203474918557642,1.3990104932316441,0.90050019596090403,1.3551884800575287,0.86516956101827602,0.013350100461150908,1520,True,True,True,27.934500296744545,0.49851029727074003,0.49001891903925265,2.5438662397400966
1751,2025-2026,2026-01-31,Chelsea,West Ham,Chelsea,West Ham,1590.4645373162045,1448.5899933039616,1595.2303162513901,1443.824214368776,continuing,continuing,1.7206339378691691,0.88713277467245277,1.1856241665957785,0.96838099601375138,0.91609890975168951,1.3271913652925593,0.013350100461150908,1520,True,True,True,98.840705748365281,0.21724317058202713,-0.41109245554086982,2.607766712541622
1752,2025-2026,2026-01-31,Leeds United,Arsenal,Leeds United,Arsenal,1503.6778749297155,1671.2638579223913,1496.6791283721018,1678.2626044800049,returning_after_absence,continuing,0.80026929377739842,2.6279430541817268,0.95051681824397305,1.388090907441226,1.8932067345834107,0.76996051368450635,0.013350100461150908,1520,True,True,True,-125.90560243306641,-0.43757408919725294,1.1232462208989045,3.4282123479591253
1753,2025-2026,2026-01-31,Liverpool,Newcastle,Liverpool,Newcastle,1605.0280975371059,1553.6123484704776,1611.9268782780241,1546.7135677295594,continuing,continuing,1.9821183975295062,1.5805889254846379,1.7018229361163104,1.4746291654500707,1.0718551907945122,1.0651415486490228,0.013350100461150908,1520,True,True,True,71.359221560364404,0.22719377066623969,0.006713642145489418,3.5627073230141439
1754,2025-2026,2026-01-31,Wolves,Bournemouth,Wolves,Bournemouth,1394.741949845848,1527.6774468847282,1386.8108992105306,1535.6084975200456,continuing,continuing,1.216839368140507,1.5106596582552676,1.0543692203071846,1.1041406961045492,1.3681767763700159,1.0554377859542272,0.013350100461150908,1520,True,True,True,-40.384356766679502,-0.049771475797364628,0.31273899041578868,2.7274990263957744
1755,2025-2026,2026-02-01,Aston Villa,Brentford,Aston Villa,Brentford,1634.7076408671478,1526.7438852364735,1620.2177088649412,1541.2338172386801,continuing,continuing,1.5851362204728914,1.3595422758669904,1.2082534444041124,1.3204583984591411,1.0295987192428453,1.1997773356167392,0.013350100461150908,1520,True,True,True,51.072280403333934,-0.11220495405502873,-0.17017861637389387,2.9446784963398818
1756,2025-2026,2026-02-01,Manchester Utd,Fulham,Manchester Utd,Fulham,1554.7486237757907,1536.1701277599882,1562.5247425048881,1528.3940090308909,continuing,continuing,1.2823945586447001,1.3432505586887162,0.9357134133505669,1.0998987745343414,1.2212492547392841,1.2533458208842227,0.013350100461150908,1520,True,True,True,-24.252680602827922,-0.16418536118377447,-0.03209656614493861,2.6256451173334163
1757,2025-2026,2026-02-01,Nottingham,Crystal Palace,Nottingham,Crystal Palace,1504.9265215313658,1512.2840163900748,1503.4228378007481,1513.7877001206925,continuing,continuing,1.4330493986432586,1.3235760341273053,1.1445725262738418,1.1755278790105208,1.1259418494110078,1.145011767090327,0.013350100461150908,1520,True,True,True,-9.7201427586903719,-0.030955352736679043,-0.019069917679319204,2.7566254327705639
1758,2025-2026,2026-02-01,Tottenham,Manchester City,Tottenham,Manchester City,1470.4020929721637,1645.745508677996,1473.6051258882198,1642.5424757619398,continuing,continuing,1.0692188027293774,2.3665491258729592,1.1481619285609368,1.4747747141237888,1.6046851788335701,0.8516390190157006,0.013350100461150908,1520,True,True,True,-161.06262705933955,-0.326612785562852,0.75304615981786949,3.4357679286023366
1759,2025-2026,2026-02-02,Sunderland,Burnley,Sunderland,Burnley,1529.6545475775874,1432.4801267672856,1535.4159778889668,1426.7186964559062,new_to_dataset,returning_after_absence,1.7510323172725997,0.88220247061792789,1,0.88220247061792789,1,1.6013500117852664,0.013350100461150908,1520,True,False,True,0,0.11779752938207211,-0.60135001178526637,2.6332347878905278
1760,2025-2026,2026-02-06,Leeds United,Nottingham,Leeds United,Nottingham,1496.6791283721018,1503.4228378007481,1505.158182523664,1494.9437836491859,returning_after_absence,continuing,1.1702635039694722,2.1669124149607852,0.95051681824397305,1.1445725262738418,1.8932067345834107,1.1259418494110078,0.013350100461150908,1520,True,True,True,-30.693210306862738,-0.19405570802986871,0.76726488517240288,3.3371759189302574
1761,2025-2026,2026-02-07,Arsenal,Sunderland,Arsenal,Sunderland,1678.2626044800049,1535.4159778889668,1683.0080997548157,1530.6704826141561,continuing,new_to_dataset,1.5178393357814934,0.76996051368450635,1.388090907441226,1,0.76996051368450635,1,0.013350100461150908,1520,True,True,False,125.90560243306641,0.38809090744122599,-0.23003948631549365,2.2877998494659999
1762,2025-2026,2026-02-07,Bournemouth,Aston Villa,Bournemouth,Aston Villa,1535.6084975200456,1620.2177088649412,1536.315625394448,1619.5105809905388,continuing,continuing,1.2430835093396349,1.2752363402334455,1.1041406961045492,1.2082534444041124,1.0554377859542272,1.0295987192428453,0.013350100461150908,1520,True,True,True,-55.336774349389998,-0.10411274829956318,0.025839066711381919,2.5183198495730803
1763,2025-2026,2026-02-07,Burnley,West Ham,Burnley,West Ham,1426.7186964559062,1443.824214368776,1415.4903287887682,1455.0525820359139,returning_after_absence,continuing,1.2802940036011916,1.5507169193792487,0.88220247061792789,0.96838099601375138,1.6013500117852664,1.3271913652925593,0.013350100461150908,1520,True,True,True,18.70142230888564,-0.086178525395823491,0.27415864649270705,2.8310109229804405
1764,2025-2026,2026-02-07,Fulham,Everton,Fulham,Everton,1528.3940090308909,1535.1576127351527,1516.873622544709,1546.6779992213346,continuing,continuing,1.0405473410771386,1.1286381573130226,1.0998987745343414,0.90050019596090403,1.2533458208842227,0.86516956101827602,0.013350100461150908,1520,True,True,True,-7.7590459132588876,0.19939857857343735,0.38817625986594673,2.1691854983901613
1765,2025-2026,2026-02-07,Manchester Utd,Tottenham,Manchester Utd,Tottenham,1562.5247425048881,1473.6051258882198,1568.483025961086,1467.6468424320219,continuing,continuing,1.6418768925420621,1.4021918995750633,0.9357134133505669,1.1481619285609368,1.2212492547392841,1.6046851788335701,0.013350100461150908,1520,True,True,True,27.665422181677059,-0.21244851521036989,-0.38343592409428595,3.0440687921171254
1766,2025-2026,2026-02-07,Newcastle,Brentford,Newcastle,Brentford,1546.7135677295594,1541.2338172386801,1534.8509104469456,1553.0964745212939,continuing,continuing,1.9346008180207785,1.4064751034613781,1.4746291654500707,1.3204583984591411,1.0651415486490228,1.1997773356167392,0.013350100461150908,1520,True,True,True,39.222574111466429,0.15417076699092958,-0.13463578696771639,3.3410759214821564
1767,2025-2026,2026-02-07,Wolves,Chelsea,Wolves,Chelsea,1386.8108992105306,1595.2303162513901,1380.8405636505083,1601.2006518114124,continuing,continuing,1.0561922581619585,1.622143450239399,1.0543692203071846,1.1856241665957785,1.3681767763700159,0.91609890975168951,0.013350100461150908,1520,True,True,True,-100.23612301876892,-0.13125494628859391,0.45207786661832638,2.6783357084013577
1768,2025-2026,2026-02-08,Brighton,Crystal Palace,Brighton,Crystal Palace,1539.266928623277,1513.7877001206925,1526.8551061634603,1526.1995225805092,continuing,continuing,1.7516156468895976,1.5930618396215181,1.3990104932316441,1.1755278790105208,1.3551884800575287,1.145011767090327,0.013350100461150908,1520,True,True,True,9.1455276193466943,0.22348261422112325,0.21017671296720164,3.3446774865111157
1769,2025-2026,2026-02-08,Liverpool,Manchester City,Liverpool,Manchester City,1611.9268782780241,1642.5424757619398,1601.0831379731571,1653.3862160668068,continuing,continuing,1.5848122437680199,1.5807449325860758,1.7018229361163104,1.4747747141237888,1.0718551907945122,0.8516390190157006,0.013350100461150908,1520,True,True,True,12.12394805554618,0.22704822199252161,0.22021617177881159,3.1655571763540955
1770,2025-2026,2026-02-10,Chelsea,Leeds United,Chelsea,Leeds United,1601.2006518114124,1505.158182523664,1596.9888459868714,1509.369988348205,continuing,returning_after_absence,2.4544431527465633,0.87076742089394854,1.1856241665957785,0.95051681824397305,0.91609890975168951,1.8932067345834107,0.013350100461150908,1520,True,True,True,80.139283439479641,0.23510734835180547,-0.97710782483172121,3.3252105736405118
1771,2025-2026,2026-02-10,Everton,Bournemouth,Everton,Bournemouth,1546.6779992213346,1536.315625394448,1534.6800475906543,1548.3135770251283,continuing,continuing,1.0392603163664285,0.95526892135118657,0.90050019596090403,1.1041406961045492,0.86516956101827602,1.0554377859542272,0.013350100461150908,1520,True,True,True,1.3368632007650376,-0.20364050014364521,-0.19026822493595119,1.9945292377176149
1772,2025-2026,2026-02-10,Tottenham,Newcastle,Tottenham,Newcastle,1467.6468424320219,1534.8509104469456,1457.8541624664567,1544.6435904125108,continuing,continuing,1.3372677225382354,2.3663155660734452,1.1481619285609368,1.4746291654500707,1.6046851788335701,1.0651415486490228,0.013350100461150908,1520,True,True,True,-101.82735355452132,-0.32646723688913393,0.53954363018454732,3.7035832886116804
1773,2025-2026,2026-02-10,West Ham,Manchester Utd,West Ham,Manchester Utd,1455.0525820359139,1568.483025961086,1456.5784240933031,1566.9571839036969,continuing,continuing,1.2931784655463181,1.2418707625872998,0.96838099601375138,0.9357134133505669,1.3271913652925593,1.2212492547392841,0.013350100461150908,1520,True,True,True,-8.3140761809540891,0.03266758266318448,0.10594211055327518,2.5350492281336177
1774,2025-2026,2026-02-11,Aston Villa,Brighton,Aston Villa,Brighton,1619.5105809905388,1526.8551061634603,1625.3792955008389,1520.9863916531601,continuing,continuing,1.7904641815912816,1.440419412038602,1.2082534444041124,1.3990104932316441,1.0295987192428453,1.3551884800575287,0.013350100461150908,1520,True,True,True,26.065410851880415,-0.19075704882753164,-0.32558976081468338,3.2308835936298834
1775,2025-2026,2026-02-11,Crystal Palace,Burnley,Crystal Palace,Burnley,1526.1995225805092,1415.4903287887682,1511.6467249096183,1430.0431264596591,continuing,returning_after_absence,2.0583873060023365,1.010132209813686,1.1755278790105208,0.88220247061792789,1.145011767090327,1.6013500117852664,0.013350100461150908,1520,True,True,True,40.41335306555311,0.29332540839259291,-0.45633824469493933,3.0685195158160226
1776,2025-2026,2026-02-11,Manchester City,Fulham,Manchester City,Fulham,1653.3862160668068,1516.873622544709,1658.2649460696305,1511.9948925418853,continuing,continuing,2.0211776828623722,0.93671671336099771,1.4747747141237888,1.0998987745343414,0.8516390190157006,1.2533458208842227,0.013350100461150908,1520,True,True,True,109.14452427483457,0.37487593958944743,-0.40170680186852215,2.9578943962233701
1777,2025-2026,2026-02-11,Nottingham,Wolves,Nottingham,Wolves,1494.9437836491859,1380.8405636505083,1490.3138921022446,1385.4704551974496,continuing,continuing,1.7123534997348651,1.1871584298747138,1.1445725262738418,1.0543692203071846,1.1259418494110078,1.3681767763700159,0.013350100461150908,1520,True,True,True,50.790049886152019,0.090203305966657155,-0.24223492695900806,2.899511929609579
1778,2025-2026,2026-02-11,Sunderland,Liverpool,Sunderland,Liverpool,1530.6704826141561,1601.0831379731571,1520.9700932284336,1610.7835273588796,new_to_dataset,continuing,1.1720442531018986,1.7018229361163104,1,1.7018229361163104,1,1.0718551907945122,0.013350100461150908,1520,True,False,True,-135.13380680527712,-0.70182293611631041,-0.071855190794512191,2.8738671892182088
1779,2025-2026,2026-02-12,Brentford,Arsenal,Brentford,Arsenal,1553.0964745212939,1683.0080997548157,1555.0819672231903,1681.0226070529193,continuing,continuing,1.1117344687804338,1.6654000105236557,1.3204583984591411,1.388090907441226,1.1997773356167392,0.76996051368450635,0.013350100461150908,1520,True,True,True,-101.35359129962012,-0.067632508982084838,0.42981682193223281,2.7771344793040895
1780,2025-2026,2026-02-18,Wolves,Arsenal,Wolves,Arsenal,1385.4704551974496,1681.0226070529193,1391.3724595833096,1675.1206026670593,continuing,continuing,0.88770581973993079,1.8991537430514667,1.0543692203071846,1.388090907441226,1.3681767763700159,0.76996051368450635,0.013350100461150908,1520,True,True,True,-146.00244201235569,-0.33372168713404138,0.59821626268550954,2.7868595627913972
1781,2025-2026,2026-02-21,Aston Villa,Leeds United,Aston Villa,Leeds United,1625.3792955008389,1509.369988348205,1620.7064120627051,1514.0428717863388,continuing,returning_after_absence,2.5012895966139657,0.97865089868277899,1.2082534444041124,0.95051681824397305,1.0295987192428453,1.8932067345834107,0.013350100461150908,1520,True,True,True,75.62429153678022,0.25773662616013937,-0.86360801534056542,3.4799404952967445
1782,2025-2026,2026-02-21,Brentford,Brighton,Brentford,Brighton,1555.0819672231903,1520.9863916531601,1542.4380082103312,1533.6303506660192,continuing,continuing,1.9567363756934915,1.678501082069322,1.3204583984591411,1.3990104932316441,1.1997773356167392,1.3551884800575287,0.013350100461150908,1520,True,True,True,-25.006869551453519,-0.078552094772502912,-0.15541114444078952,3.6352374577628135
1783,2025-2026,2026-02-21,Chelsea,Burnley,Chelsea,Burnley,1596.9888459868714,1430.0431264596591,1591.2506281961782,1435.7813442503523,continuing,returning_after_absence,2.0760662318486007,0.80818472151333065,1.1856241665957785,0.88220247061792789,0.91609890975168951,1.6013500117852664,0.013350100461150908,1520,True,True,True,80.139283439479641,0.30342169597785063,-0.68525110203357686,2.8842509533619314
1784,2025-2026,2026-02-21,Manchester City,Newcastle,Manchester City,Newcastle,1658.2649460696305,1544.6435904125108,1663.6459577066005,1539.2625787755408,continuing,continuing,1.7176746364383799,1.2558517358758394,1.4747747141237888,1.4746291654500707,0.8516390190157006,1.0651415486490228,0.013350100461150908,1520,True,True,True,59.235273504818224,0.00014554867371807667,-0.21350252963332217,2.9735263723142191
1785,2025-2026,2026-02-21,West Ham,Bournemouth,West Ham,Bournemouth,1456.5784240933031,1548.3135770251283,1457.4893034112429,1547.4026977071885,continuing,continuing,1.1176010230698294,1.4654059979380736,0.96838099601375138,1.1041406961045492,1.3271913652925593,1.0554377859542272,0.013350100461150908,1520,True,True,True,-38.988939496275862,-0.13575970009079785,0.27175357933833211,2.5830070210079032
1786,2025-2026,2026-02-22,Crystal Palace,Wolves,Crystal Palace,Wolves,1511.6467249096183,1391.3724595833096,1516.8784427911066,1386.1407417018213,continuing,continuing,1.7586646817503395,1.2072651641095797,1.1755278790105208,1.0543692203071846,1.145011767090327,1.3681767763700159,0.013350100461150908,1520,True,True,True,60.510192644842391,0.1211586587033362,-0.22316500927968885,2.965929845859919
1787,2025-2026,2026-02-22,Nottingham,Liverpool,Nottingham,Liverpool,1490.3138921022446,1610.7835273588796,1482.0369845807311,1619.0604348803931,continuing,continuing,1.3414896516775781,1.9161536640608701,1.1445725262738418,1.7018229361163104,1.1259418494110078,1.0718551907945122,0.013350100461150908,1520,True,True,True,-104.44059649841438,-0.55725040984246865,0.054086658616495642,3.2576433157384481
1788,2025-2026,2026-02-22,Sunderland,Fulham,Sunderland,Fulham,1520.9700932284336,1511.9948925418853,1509.010504275929,1523.9544814943899,new_to_dataset,continuing,1.3704992793175321,1.0998987745343414,1,1.0998987745343414,1,1.2533458208842227,0.013350100461150908,1520,True,False,True,-13.865334474896372,-0.099898774534341372,-0.25334582088422275,2.4703980538518735
1789,2025-2026,2026-02-22,Tottenham,Arsenal,Tottenham,Arsenal,1457.8541624664567,1675.1206026670593,1452.0949046209869,1680.8798605125291,continuing,continuing,0.96667278061324591,2.2274489060445761,1.1481619285609368,1.388090907441226,1.6046851788335701,0.76996051368450635,0.013350100461150908,1520,True,True,True,-163.95837074267502,-0.23992897888028919,0.83472466514906374,3.1941216866578221
1790,2025-2026,2026-02-23,Everton,Manchester Utd,Everton,Manchester Utd,1534.6800475906543,1566.9571839036969,1523.8838085718876,1577.7534229224636,continuing,continuing,1.202530271071474,0.80955076306742257,0.90050019596090403,0.9357134133505669,0.86516956101827602,1.2212492547392841,0.013350100461150908,1520,True,True,True,32.01172651608681,-0.035213217389662876,-0.35607969372100812,2.0120810341388964
1791,2025-2026,2026-02-27,Wolves,Aston Villa,Wolves,Aston Villa,1386.1407417018213,1620.7064120627051,1400.781083992011,1606.0660697725154,continuing,continuing,1.187048892539909,1.6531043026027867,1.0543692203071846,1.2082534444041124,1.3681767763700159,1.0295987192428453,0.013350100461150908,1520,True,True,True,-95.7211311160695,-0.15388422409692781,0.3385780571271706,2.8401531951426957
1792,2025-2026,2026-02-28,Bournemouth,Sunderland,Bournemouth,Sunderland,1547.4026977071885,1509.010504275929,1544.644097714139,1511.7691042689785,continuing,new_to_dataset,1.207347567656051,1.0554377859542272,1.1041406961045492,1,1.0554377859542272,1,0.013350100461150908,1520,True,True,False,20.287517187390222,0.10414069610454924,0.055437785954227214,2.262785353610278
1793,2025-2026,2026-02-28,Burnley,Brentford,Burnley,Brentford,1435.7813442503523,1542.4380082103312,1427.1162165008034,1551.1031359598801,returning_after_absence,continuing,1.1573822499275546,2.1145160719344998,0.88220247061792789,1.3204583984591411,1.6013500117852664,1.1997773356167392,0.013350100461150908,1520,True,True,True,-24.552011133446285,-0.43825592784121326,0.40157267616852721,3.2718983218620545
1794,2025-2026,2026-02-28,Leeds United,Manchester City,Leeds United,Manchester City,1514.0428717863388,1663.6459577066005,1506.5661597721423,1671.1226697207969,returning_after_absence,continuing,0.88516299756669659,2.7920534207724814,0.95051681824397305,1.4747747141237888,1.8932067345834107,0.8516390190157006,0.013350100461150908,1520,True,True,True,-123.00985874973094,-0.52425789587981575,1.0415677155677101,3.677216418339178
1795,2025-2026,2026-02-28,Liverpool,West Ham,Liverpool,West Ham,1619.0604348803931,1457.4893034112429,1623.4268949938519,1453.1228432977841,continuing,continuing,2.4697660376926267,1.0379641972440992,1.7018229361163104,0.96838099601375138,1.0718551907945122,1.3271913652925593,0.013350100461150908,1520,True,True,True,153.83522911416276,0.73344194010255903,-0.25533617449804713,3.5077302349367256
1796,2025-2026,2026-02-28,Newcastle,Everton,Newcastle,Everton,1539.2625787755408,1523.8838085718876,1527.1264154716096,1536.0199718758188,continuing,continuing,1.3950569749779849,0.95916017328454584,1.4746291654500707,0.90050019596090403,1.0651415486490228,0.86516956101827602,0.013350100461150908,1520,True,True,True,42.150204856757455,0.5741289694891667,0.19997198763074675,2.3542171482625305
1797,2025-2026,2026-03-01,Arsenal,Chelsea,Arsenal,Chelsea,1680.8798605125291,1591.2506281961782,1686.8210701244759,1585.3094185842315,continuing,continuing,1.3904909606876548,0.91288379234885042,1.388090907441226,1.1856241665957785,0.76996051368450635,0.91609890975168951,0.013350100461150908,1520,True,True,True,45.766318993586765,0.20246674084544747,-0.14613839606718315,2.303374753036505
1798,2025-2026,2026-03-01,Brighton,Nottingham,Brighton,Nottingham,1533.6303506660192,1482.0369845807311,1540.5245115827429,1475.1428236640074,continuing,continuing,1.7224428757862269,1.5511115021966535,1.3990104932316441,1.1445725262738418,1.3551884800575287,1.1259418494110078,0.013350100461150908,1520,True,True,True,18.865670378037066,0.2544379669578023,0.22924663064652084,3.2735543779828804
1799,2025-2026,2026-03-01,Fulham,Tottenham,Fulham,Tottenham,1523.9544814943899,1452.0949046209869,1530.3315554818703,1445.7178306335065,continuing,continuing,1.9299695358397979,1.4390439548602196,1.0998987745343414,1.1481619285609368,1.2533458208842227,1.6046851788335701,0.013350100461150908,1520,True,True,True,51.918102784504981,-0.048263154026595423,-0.35133935794934734,3.3690134907000173
1800,2025-2026,2026-03-01,Manchester Utd,Crystal Palace,Manchester Utd,Crystal Palace,1577.7534229224636,1516.8784427911066,1584.4082497981128,1510.2236159154575,continuing,continuing,1.1715496515278419,1.4356125461668499,0.9357134133505669,1.1755278790105208,1.2212492547392841,1.145011767090327,0.013350100461150908,1520,True,True,True,-50.800699193484661,-0.2398144656599539,0.076237487648957103,2.6071621976946915
1801,2025-2026,2026-03-03,Bournemouth,Brentford,Bournemouth,Brentford,1544.644097714139,1551.1031359598801,1543.1151489077149,1552.6320847663042,continuing,continuing,1.4485482478857277,1.3936616885143807,1.1041406961045492,1.3204583984591411,1.0554377859542272,1.1997773356167392,0.013350100461150908,1520,True,True,True,-4.2644939460560636,-0.21631770235459191,-0.14433954966251195,2.8422099364001081
1802,2025-2026,2026-03-03,Everton,Burnley,Everton,Burnley,1536.0199718758188,1427.1162165008034,1541.5084649911742,1421.627723385448,continuing,returning_after_absence,1.5768049448378521,0.76325472423375118,0.90050019596090403,0.88220247061792789,0.86516956101827602,1.6013500117852664,0.013350100461150908,1520,True,True,True,21.624380388155259,0.018297725342976134,-0.73618045076699035,2.3400596690716031
1803,2025-2026,2026-03-03,Leeds United,Sunderland,Leeds United,Sunderland,1506.5661597721423,1511.7691042689785,1495.0019224911414,1523.3333415499794,returning_after_absence,new_to_dataset,1.0393640706948137,1.8932067345834107,0.95051681824397305,1,1.8932067345834107,1,0.013350100461150908,1520,True,True,False,0,-0.04948318175602695,0.89320673458341071,2.9325708052782247
1804,2025-2026,2026-03-03,Wolves,Liverpool,Wolves,Liverpool,1400.781083992011,1623.4268949938519,1415.1479739255153,1609.0600050603475,continuing,continuing,1.2357673853085653,2.328394618688169,1.0543692203071846,1.7018229361163104,1.3681767763700159,1.0718551907945122,0.013350100461150908,1520,True,True,True,-155.2306463845664,-0.64745371580912581,0.2963215855755037,3.5641620039967341
1805,2025-2026,2026-03-04,Aston Villa,Chelsea,Aston Villa,Chelsea,1606.0660697725154,1585.3094185842315,1593.7826804448498,1597.5928079118971,continuing,continuing,1.2103425529676837,1.2207171234303793,1.2082534444041124,1.1856241665957785,1.0295987192428453,0.91609890975168951,0.013350100461150908,1520,True,True,True,-4.5149919026994212,0.022629277808333903,0.11349980949115579,2.4310596763980632
1806,2025-2026,2026-03-04,Brighton,Arsenal,Brighton,Arsenal,1540.5245115827429,1686.8210701244759,1532.9584776851461,1694.3871040220727,continuing,continuing,1.177869889218824,1.8811248070369508,1.3990104932316441,1.388090907441226,1.3551884800575287,0.76996051368450635,0.013350100461150908,1520,True,True,True,-76.346721748166601,0.010919585790418074,0.58522796637302232,3.058994696255775
1807,2025-2026,2026-03-04,Fulham,West Ham,Fulham,West Ham,1530.3315554818703,1453.1228432977841,1516.5756295714762,1466.8787692081783,continuing,continuing,1.5962251892337869,1.2137162743775365,1.0998987745343414,0.96838099601375138,1.2533458208842227,1.3271913652925593,0.013350100461150908,1520,True,True,True,32.566756783782012,0.13151777852058999,-0.073845544408336572,2.8099414636113234
1808,2025-2026,2026-03-04,Manchester City,Nottingham,Manchester City,Nottingham,1671.1226697207969,1475.1428236640074,1664.8507773921897,1481.4147159926147,continuing,continuing,1.815722764069067,0.97476262346817677,1.4747747141237888,1.1445725262738418,0.8516390190157006,1.1259418494110078,0.013350100461150908,1520,True,True,True,92.3166484428682,0.33020218784994704,-0.27430283039530723,2.7904853875372435
1809,2025-2026,2026-03-04,Newcastle,Manchester Utd,Newcastle,Manchester Utd,1527.1264154716096,1584.4082497981128,1537.0481819707559,1574.4864832989665,continuing,continuing,1.9692235693145412,0.99666723418788605,1.4746291654500707,0.9357134133505669,1.0651415486490228,1.2212492547392841,0.013350100461150908,1520,True,True,True,74.161931372844265,0.53891575209950382,-0.15610770609026137,2.9658908035024272
1810,2025-2026,2026-03-05,Tottenham,Crystal Palace,Tottenham,Crystal Palace,1445.7178306335065,1510.2236159154575,1435.8475102887253,1520.0939362602387,continuing,continuing,1.4375434701598588,1.8863521647538448,1.1481619285609368,1.1755278790105208,1.6046851788335701,1.145011767090327,0.013350100461150908,1520,True,True,True,-78.46612137516172,-0.027365950449584009,0.45967341174324305,3.3238956349137037
1811,2025-2026,2026-03-14,Arsenal,Everton,Arsenal,Everton,1694.3871040220727,1541.5084649911742,1698.9267568760506,1536.9688121371962,continuing,continuing,1.3131883918343463,0.69334959345505631,1.388090907441226,0.90050019596090403,0.76996051368450635,0.86516956101827602,0.013350100461150908,1520,True,True,True,104.28122204491115,0.48759071148032196,-0.09520904733376967,2.0065379852894027
1812,2025-2026,2026-03-14,Burnley,Bournemouth,Burnley,Bournemouth,1421.627723385448,1543.1151489077149,1423.3792260372834,1541.3636462558795,returning_after_absence,continuing,1.0181430529676838,1.7681157167196122,0.88220247061792789,1.1041406961045492,1.6013500117852664,1.0554377859542272,0.013350100461150908,1520,True,True,True,-20.287517187390222,-0.22193822548662134,0.54591222583103916,2.7862587696872962
1813,2025-2026,2026-03-14,Chelsea,Newcastle,Chelsea,Newcastle,1597.5928079118971,1537.0481819707559,1584.2560818270078,1550.3849080556452,continuing,continuing,1.3809001061697219,1.3509061707568535,1.1856241665957785,1.4746291654500707,0.91609890975168951,1.0651415486490228,0.013350100461150908,1520,True,True,True,16.364698194566927,-0.28900499885429221,-0.14904263889733327,2.7318062769265756
1814,2025-2026,2026-03-14,Sunderland,Brighton,Sunderland,Brighton,1523.3333415499794,1532.9584776851461,1511.8935117920544,1544.3983074430712,new_to_dataset,continuing,1.4818614338602647,1.3990104932316441,1,1.3990104932316441,1,1.3551884800575287,0.013350100461150908,1520,True,False,True,-49.558880684899805,-0.39901049323164406,-0.35518848005752868,2.880871927091909
1815,2025-2026,2026-03-14,West Ham,Manchester City,West Ham,Manchester City,1466.8787692081783,1664.8507773921897,1470.6535497328871,1661.0759968674809,continuing,continuing,0.90179890430738363,1.957308266336895,0.96838099601375138,1.4747747141237888,1.3271913652925593,0.8516390190157006,0.013350100461150908,1520,True,True,True,-141.71128105861658,-0.50639371811003742,0.47555234627685872,2.8591071706442786
1816,2025-2026,2026-03-15,Crystal Palace,Leeds United,Crystal Palace,Leeds United,1520.0939362602387,1495.0019224911414,1517.6926132658111,1497.403245485569,continuing,returning_after_absence,2.4335421247226932,1.0883529417066067,1.1755278790105208,0.95051681824397305,1.145011767090327,1.8932067345834107,0.013350100461150908,1520,True,True,True,40.41335306555311,0.22501106076654775,-0.74819496749308367,3.5218950664293001
1817,2025-2026,2026-03-15,Liverpool,Tottenham,Liverpool,Tottenham,1609.0600050603475,1435.8475102887253,1603.2020586158339,1441.7054567332389,continuing,continuing,2.9861533607839919,1.230663323000678,1.7018229361163104,1.1481619285609368,1.0718551907945122,1.6046851788335701,0.013350100461150908,1520,True,True,True,173.18657511488573,0.55366100755537362,-0.5328299880390579,4.2168166837846695
1818,2025-2026,2026-03-15,Manchester Utd,Aston Villa,Manchester Utd,Aston Villa,1574.4864832989665,1593.7826804448498,1583.3202643646691,1584.9488993791472,continuing,continuing,1.0534616808416708,1.4755786185146953,0.9357134133505669,1.2082534444041124,1.2212492547392841,1.0295987192428453,0.013350100461150908,1520,True,True,True,-86.01163766471177,-0.27254003105354552,0.19165053549643885,2.5290402993563661
1819,2025-2026,2026-03-15,Nottingham,Fulham,Nottingham,Fulham,1481.4147159926147,1516.5756295714762,1480.7010051742711,1517.2893403898197,continuing,continuing,1.5686358223849473,1.2384220603640974,1.1445725262738418,1.0998987745343414,1.1259418494110078,1.2533458208842227,0.013350100461150908,1520,True,True,True,16.827875831966367,0.044673751739500389,-0.12740397147321492,2.8070578827490449
1820,2025-2026,2026-03-16,Brentford,Wolves,Brentford,Wolves,1552.6320847663042,1415.1479739255153,1547.4902156480607,1420.2898430437588,continuing,continuing,1.9754899824625298,1.2650082938964526,1.3204583984591411,1.0543692203071846,1.1997773356167392,1.3681767763700159,0.013350100461150908,1520,True,True,True,44.648850712735566,0.26608917815195654,-0.16839944075327673,3.2404982763589825
1821,2025-2026,2026-03-20,Bournemouth,Manchester Utd,Bournemouth,Manchester Utd,1541.3636462558795,1583.3202643646691,1540.8447823603565,1583.8391282601922,continuing,continuing,1.4744723172112399,0.98758729327439498,1.1041406961045492,0.9357134133505669,1.0554377859542272,1.2212492547392841,0.013350100461150908,1520,True,True,True,30.674863315321772,0.16842728275398233,-0.16581146878505693,2.4620596104856349
1822,2025-2026,2026-03-21,Brighton,Liverpool,Brighton,Liverpool,1544.3983074430712,1603.2020586158339,1554.3638767701636,1593.2364892887415,continuing,continuing,1.639702208621401,2.3062908381225036,1.3990104932316441,1.7018229361163104,1.3551884800575287,1.0718551907945122,0.013350100461150908,1520,True,True,True,-85.574926120377313,-0.30281244288466636,0.28333328926301649,3.9459930467439044
1823,2025-2026,2026-03-21,Everton,Chelsea,Everton,Chelsea,1536.9688121371962,1584.2560818270078,1546.6030735532984,1574.6218204109057,continuing,continuing,0.90205718938773205,1.025765939746329,0.90050019596090403,1.1856241665957785,0.86516956101827602,0.91609890975168951,0.013350100461150908,1520,True,True,True,-58.514903051324382,-0.28512397063487449,-0.050929348733413482,1.9278231291340611
1824,2025-2026,2026-03-21,Fulham,Burnley,Fulham,Burnley,1517.2893403898197,1423.3792260372834,1523.1281515387459,1417.5404148883572,continuing,returning_after_absence,1.9259582999381604,1.1057047797227162,1.0998987745343414,0.88220247061792789,1.2533458208842227,1.6013500117852664,0.013350100461150908,1520,True,True,True,13.865334474896372,0.21769630391641348,-0.34800419090104362,3.0316630796608766
1825,2025-2026,2026-03-21,Leeds United,Brentford,Leeds United,Brentford,1497.403245485569,1547.4902156480607,1497.1180029501459,1547.7754581834838,returning_after_absence,continuing,1.2470054554739918,2.4999007327000706,0.95051681824397305,1.3204583984591411,1.8932067345834107,1.1997773356167392,0.013350100461150908,1520,True,True,True,-24.552011133446285,-0.3699415802151681,0.69342939896667155,3.7469061881740622
1826,2025-2026,2026-03-22,Aston Villa,West Ham,Aston Villa,West Ham,1584.9488993791472,1470.6535497328871,1590.3146644001852,1465.2877847118491,continuing,continuing,1.7534746174736395,0.99704383323486934,1.2082534444041124,0.96838099601375138,1.0295987192428453,1.3271913652925593,0.013350100461150908,1520,True,True,True,94.325713845665859,0.23987244839036104,-0.29759264604971403,2.7505184507085088
1827,2025-2026,2026-03-22,Newcastle,Sunderland,Newcastle,Sunderland,1550.3849080556452,1511.8935117920544,1537.6236702671429,1524.6547495805567,continuing,new_to_dataset,1.612466547408405,1.0651415486490228,1.4746291654500707,1,1.0651415486490228,1,0.013350100461150908,1520,True,True,False,63.774585244912714,0.47462916545007072,0.065141548649022774,2.677608096057428
1828,2025-2026,2026-03-22,Tottenham,Nottingham,Tottenham,Nottingham,1441.7054567332389,1480.7010051742711,1431.1016354740436,1491.3048264334664,continuing,continuing,1.4136015016803081,1.8366785690117309,1.1481619285609368,1.1445725262738418,1.6046851788335701,1.1259418494110078,0.013350100461150908,1520,True,True,True,-68.745978616471348,0.0035894022870950337,0.47874332942256226,3.2502800706920389
1829,2025-2026,2026-04-10,West Ham,Wolves,West Ham,Wolves,1465.2877847118491,1420.2898430437588,1472.3544620112555,1413.2231657443524,continuing,continuing,1.4487597330325492,1.3993497250219435,0.96838099601375138,1.0543692203071846,1.3271913652925593,1.3681767763700159,0.013350100461150908,1520,True,True,True,1.3954172704036409,-0.085988224293433224,-0.040985411077456568,2.848109458054493
1830,2025-2026,2026-04-11,Arsenal,Bournemouth,Arsenal,Bournemouth,1698.9267568760506,1540.8447823603565,1683.3621587489845,1556.4093804874226,continuing,continuing,1.6019849879914543,0.85014473755262721,1.388090907441226,1.1041406961045492,0.76996051368450635,1.0554377859542272,0.013350100461150908,1520,True,True,True,105.61808524567618,0.28395021133667675,-0.28547727226972086,2.4521297255440815
1831,2025-2026,2026-04-11,Brentford,Everton,Brentford,Everton,1547.7754581834838,1546.6030735532984,1546.0327463586425,1548.3457853781397,continuing,continuing,1.2492053881061367,1.080399725832325,1.3204583984591411,0.90050019596090403,1.1997773356167392,0.86516956101827602,0.013350100461150908,1520,True,True,True,2.927630745291026,0.41995820249823712,0.33460777459846314,2.3296051139384617
1832,2025-2026,2026-04-11,Burnley,Brighton,Burnley,Brighton,1417.5404148883572,1554.3638767701636,1409.7162268673364,1562.1880647911844,returning_after_absence,continuing,1.3073018180649507,2.2403054698242046,0.88220247061792789,1.3990104932316441,1.6013500117852664,1.3551884800575287,0.013350100461150908,1520,True,True,True,-49.558880684899805,-0.51680802261371617,0.24616153172773769,3.5476072878891554
1833,2025-2026,2026-04-11,Liverpool,Fulham,Liverpool,Fulham,1593.2364892887415,1523.1281515387459,1599.6574318103803,1516.7072090171071,continuing,continuing,2.3323471074734501,1.1789322108331566,1.7018229361163104,1.0998987745343414,1.0718551907945122,1.2533458208842227,0.013350100461150908,1520,True,True,True,121.26847233038075,0.60192416158196904,-0.18149063008971056,3.5112793183066069
1834,2025-2026,2026-04-12,Chelsea,Manchester City,Chelsea,Manchester City,1574.6218204109057,1661.0759968674809,1565.3817647930509,1670.3160524853356,continuing,continuing,1.1041052837237266,1.3510395077381625,1.1856241665957785,1.4747747141237888,0.91609890975168951,0.8516390190157006,0.013350100461150908,1520,True,True,True,-42.870575310251297,-0.28915054752801028,0.064459890735988901,2.4551447914618891
1835,2025-2026,2026-04-12,Crystal Palace,Newcastle,Crystal Palace,Newcastle,1517.6926132658111,1537.6236702671429,1526.5444223673437,1528.7718611656103,continuing,continuing,1.3691409290280876,1.6884677465349198,1.1755278790105208,1.4746291654500707,1.145011767090327,1.0651415486490228,0.013350100461150908,1520,True,True,True,-23.361232179359604,-0.29910128643954992,0.079870218441304264,3.0576086755630074
1836,2025-2026,2026-04-12,Nottingham,Aston Villa,Nottingham,Aston Villa,1491.3048264334664,1590.3146644001852,1492.4229252762289,1589.1965655574227,continuing,continuing,1.2886031985542321,1.3604231177495867,1.1445725262738418,1.2082534444041124,1.1259418494110078,1.0295987192428453,0.013350100461150908,1520,True,True,True,-44.931081229917481,-0.063680918130270658,0.096343130168162538,2.6490263163038188
1837,2025-2026,2026-04-12,Sunderland,Tottenham,Sunderland,Tottenham,1524.6547495805567,1431.1016354740436,1530.5020604361919,1425.2543246184084,new_to_dataset,continuing,1.7546792309654855,1.1481619285609368,1,1.1481619285609368,1,1.6046851788335701,0.013350100461150908,1520,True,False,True,38.052768309608609,-0.1481619285609368,-0.60468517883357009,2.9028411595264223
1838,2025-2026,2026-04-13,Manchester Utd,Leeds United,Manchester Utd,Leeds United,1583.8391282601922,1497.1180029501459,1569.8504877105622,1511.1066434997758,continuing,returning_after_absence,1.937085498961852,1.1608179558976077,0.9357134133505669,0.95051681824397305,1.2212492547392841,1.8932067345834107,0.013350100461150908,1520,True,True,True,-10.387346127931551,-0.014803404893406147,-0.67195747984412657,3.0979034548594599
1839,2025-2026,2026-04-18,Brentford,Fulham,Brentford,Fulham,1546.0327463586425,1516.7072090171071,1543.5169397437796,1519.2230156319699,continuing,continuing,1.8096872834570357,1.3196336211589286,1.3204583984591411,1.0998987745343414,1.1997773356167392,1.2533458208842227,0.013350100461150908,1520,True,True,True,10.686676658549914,0.22055962392479977,-0.05356848526748359,3.1293209046159642
1840,2025-2026,2026-04-18,Chelsea,Manchester Utd,Chelsea,Manchester Utd,1565.3817647930509,1569.8504877105622,1553.7969188398602,1581.435333663753,continuing,continuing,1.5832855526743408,0.85720603781048632,1.1856241665957785,0.9357134133505669,0.91609890975168951,1.2212492547392841,0.013350100461150908,1520,True,True,True,90.526629567411192,0.24991075324521161,-0.30515034498759463,2.440491590484827
1841,2025-2026,2026-04-18,Leeds United,Wolves,Leeds United,Wolves,1511.1066434997758,1413.2231657443524,1516.8513464519986,1407.4784627921297,returning_after_absence,continuing,1.4220337837180477,1.9961389086230217,0.95051681824397305,1.0543692203071846,1.8932067345834107,1.3681767763700159,0.013350100461150908,1520,True,True,True,20.096839579289281,-0.10385240206321156,0.52502995821339482,3.4181726923410691
1842,2025-2026,2026-04-18,Newcastle,Bournemouth,Newcastle,Bournemouth,1528.7718611656103,1556.4093804874226,1517.8430786780286,1567.3381629750043,continuing,continuing,1.7018581227219838,1.1760661309752096,1.4746291654500707,1.1041406961045492,1.0651415486490228,1.0554377859542272,0.013350100461150908,1520,True,True,True,43.487068057522492,0.37048846934552149,0.0097037626947955591,2.8779242536971932
1843,2025-2026,2026-04-18,Tottenham,Brighton,Tottenham,Brighton,1425.2543246184084,1562.1880647911844,1427.4331601876183,1560.0092292219745,continuing,continuing,1.7014168817610766,2.2449714035214616,1.1481619285609368,1.3990104932316441,1.6046851788335701,1.3551884800575287,0.013350100461150908,1520,True,True,True,-87.611648994508414,-0.25084856467070726,0.24949669877604141,3.9463882852825383
1844,2025-2026,2026-04-19,Aston Villa,Sunderland,Aston Villa,Sunderland,1589.1965655574227,1530.5020604361919,1595.9072452128028,1523.7913807808118,continuing,new_to_dataset,1.3211920023960617,1.0295987192428453,1.2082534444041124,1,1.0295987192428453,1,0.013350100461150908,1520,True,True,False,75.62429153678022,0.20825344440411242,0.029598719242845295,2.3507907216389068
1845,2025-2026,2026-04-19,Everton,Liverpool,Everton,Liverpool,1548.3457853781397,1599.6574318103803,1538.0957665751757,1609.9074506133443,continuing,continuing,1.055426079593111,1.4723654025705819,0.90050019596090403,1.7018229361163104,0.86516956101827602,1.0718551907945122,0.013350100461150908,1520,True,True,True,-113.50942641712186,-0.80132274015540639,-0.20668562977623617,2.5277914821636926
1846,2025-2026,2026-04-19,Manchester City,Arsenal,Manchester City,Arsenal,1670.3160524853356,1683.3621587489845,1678.9727786751889,1674.7054325591312,continuing,continuing,1.2416581130389615,1.1821523787178594,1.4747747141237888,1.388090907441226,0.8516390190157006,0.76996051368450635,0.013350100461150908,1520,True,True,True,-2.8957436833354677,0.086683806682562814,0.081678505331194251,2.4238104917568206
1847,2025-2026,2026-04-19,Nottingham,Burnley,Nottingham,Burnley,1492.4229252762289,1409.7162268673364,1498.53189245103,1403.6072596925353,continuing,returning_after_absence,2.0041834829678384,0.99330868132251005,1.1445725262738418,0.88220247061792789,1.1259418494110078,1.6013500117852664,0.013350100461150908,1520,True,True,True,30.693210306862738,0.26237005565591387,-0.47540816237425854,2.9974921642903487
1848,2025-2026,2026-04-20,Crystal Palace,West Ham,Crystal Palace,West Ham,1526.5444223673437,1472.3544620112555,1523.3712141338513,1475.5276702447479,continuing,continuing,1.7059817271980922,1.1088076354623964,1.1755278790105208,0.96838099601375138,1.145011767090327,1.3271913652925593,0.013350100461150908,1520,True,True,True,59.11477537443875,0.20714688299676942,-0.18217959820223228,2.8147893626604885
1849,2025-2026,2026-04-21,Brighton,Chelsea,Brighton,Chelsea,1560.0092292219745,1553.7969188398602,1568.1262267256525,1545.6799213361821,continuing,continuing,1.4014294267885665,1.6067442122484072,1.3990104932316441,1.1856241665957785,1.3551884800575287,0.91609890975168951,0.013350100461150908,1520,True,True,True,-30.580402754579836,0.21338632663586554,0.43908957030583917,3.0081736390369738
1850,2025-2026,2026-04-22,Bournemouth,Leeds United,Bournemouth,Leeds United,1567.3381629750043,1516.8513464519986,1564.2611291091812,1519.9283803178216,continuing,returning_after_absence,2.2857585460693359,1.0032113661596755,1.1041406961045492,0.95051681824397305,1.0554377859542272,1.8932067345834107,0.013350100461150908,1520,True,True,True,20.287517187390222,0.15362387786057619,-0.8377689486291835,3.2889699122290112
1851,2025-2026,2026-04-22,Burnley,Manchester City,Burnley,Manchester City,1403.6072596925353,1678.9727786751889,1399.1176472561224,1683.4623911116018,returning_after_absence,continuing,0.82154567743006057,2.3616305058427423,0.88220247061792789,1.4747747141237888,1.6013500117852664,0.8516390190157006,0.013350100461150908,1520,True,True,True,-123.00985874973094,-0.59257224350586091,0.74971099276956576,3.1831761832728027
1852,2025-2026,2026-04-24,Sunderland,Nottingham,Sunderland,Nottingham,1523.7913807808118,1498.53189245103,1511.3855159629002,1510.9377572689416,new_to_dataset,continuing,1.231186530851152,1.1445725262738418,1,1.1445725262738418,1,1.1259418494110078,0.013350100461150908,1520,True,False,True,-30.693210306862738,-0.14457252627384176,-0.12594184941100783,2.375759057124994
1853,2025-2026,2026-04-25,Arsenal,Newcastle,Arsenal,Newcastle,1674.7054325591312,1517.8430786780286,1679.1651155530099,1513.3833956841499,continuing,continuing,1.6167137407147043,1.1354062297240914,1.388090907441226,1.4746291654500707,0.76996051368450635,1.0651415486490228,0.013350100461150908,1520,True,True,True,62.131017188153692,-0.086538258008844737,-0.29518103496451642,2.7521199704387955
1854,2025-2026,2026-04-25,Fulham,Aston Villa,Fulham,Aston Villa,1519.2230156319699,1595.9072452128028,1529.7028575754161,1585.4274032693565,continuing,continuing,1.2383077930106914,1.5143594051128619,1.0998987745343414,1.2082534444041124,1.2533458208842227,1.0295987192428453,0.013350100461150908,1520,True,True,True,-61.758957061883848,-0.10835466986977105,0.22374710164137745,2.7526671981235533
1855,2025-2026,2026-04-25,Liverpool,Crystal Palace,Liverpool,Crystal Palace,1609.9074506133443,1523.3712141338513,1615.9232859262111,1517.3553788209845,continuing,continuing,2.1307486238013156,1.2599956590410901,1.7018229361163104,1.1755278790105208,1.0718551907945122,1.145011767090327,0.013350100461150908,1520,True,True,True,94.720453739724007,0.52629505710578961,-0.073156576295814846,3.3907442828424057
1856,2025-2026,2026-04-25,West Ham,Everton,West Ham,Everton,1475.5276702447479,1538.0957665751757,1485.6015846527364,1528.0218521671873,continuing,continuing,0.916126368972765,1.1951360845235695,0.96838099601375138,0.90050019596090403,1.3271913652925593,0.86516956101827602,0.013350100461150908,1520,True,True,True,-40.325802697040899,0.067880800052847357,0.4620218042742833,2.1112624534963347
1857,2025-2026,2026-04-25,Wolves,Tottenham,Wolves,Tottenham,1407.4784627921297,1427.4331601876183,1396.3309433538127,1438.5806796259353,continuing,continuing,1.8500797726422893,1.5708884861692829,1.0543692203071846,1.1481619285609368,1.3681767763700159,1.6046851788335701,0.013350100461150908,1520,True,True,True,17.955928730319329,-0.093792708253752188,-0.2365084024635542,3.4209682588115724
1858,2025-2026,2026-04-27,Manchester Utd,Brentford,Manchester Utd,Brentford,1581.435333663753,1543.5169397437796,1588.6893376885439,1536.2629357189887,continuing,continuing,1.2275845190872254,1.6126088350324548,0.9357134133505669,1.3204583984591411,1.2212492547392841,1.1997773356167392,0.013350100461150908,1520,True,True,True,-34.939357261377836,-0.38474498510857424,0.02147191912254498,2.8401933541196804
1859,2025-2026,2026-05-01,Leeds United,Burnley,Leeds United,Burnley,1519.9283803178216,1399.1176472561224,1525.1481768990918,1393.8978506748522,returning_after_absence,returning_after_absence,1.6643856668563226,1.6701916586399845,0.95051681824397305,0.88220247061792789,1.8932067345834107,1.6013500117852664,0.013350100461150908,1520,True,True,True,0,0.068314347626045158,0.29185672279814434,3.3345773254963071
1860,2025-2026,2026-05-02,Arsenal,Fulham,Arsenal,Fulham,1679.1651155530099,1529.7028575754161,1683.774152182732,1525.093820945694,continuing,continuing,1.9023775882754195,0.84687862544142056,1.388090907441226,1.0998987745343414,0.76996051368450635,1.2533458208842227,0.013350100461150908,1520,True,True,True,112.04026795817003,0.28819213290688461,-0.4833853071997164,2.7492562137168401
1861,2025-2026,2026-05-02,Brentford,West Ham,Brentford,West Ham,1536.2629357189887,1485.6015846527364,1543.1813546810963,1478.6831656906288,continuing,continuing,1.9163117604600775,1.1618415712592627,1.3204583984591411,0.96838099601375138,1.1997773356167392,1.3271913652925593,0.013350100461150908,1520,True,True,True,43.253433442331925,0.35207740244538976,-0.12741402967582016,3.0781533317193404
1862,2025-2026,2026-05-02,Newcastle,Brighton,Newcastle,Brighton,1513.3833956841499,1568.1262267256525,1523.2320937452823,1558.2775286645201,continuing,continuing,2.1851960895260074,1.4901442033369865,1.4746291654500707,1.3990104932316441,1.0651415486490228,1.3551884800575287,0.013350100461150908,1520,True,True,True,14.215704560012909,0.075618672218426664,-0.2900469314085059,3.6753402928629937
1863,2025-2026,2026-05-02,Wolves,Sunderland,Wolves,Sunderland,1396.3309433538127,1511.3855159629002,1397.902410375249,1509.8140489414639,continuing,new_to_dataset,1.1529238239659532,1.3681767763700159,1.0543692203071846,1,1.3681767763700159,1,0.013350100461150908,1520,True,True,False,-20.096839579289281,0.054369220307184607,0.36817677637001589,2.5211006003359691
1864,2025-2026,2026-05-03,Aston Villa,Tottenham,Aston Villa,Tottenham,1585.4274032693565,1438.5806796259353,1570.0900590547858,1453.9180238405061,continuing,continuing,2.1200972246384069,1.1821460511297357,1.2082534444041124,1.1481619285609368,1.0295987192428453,1.6046851788335701,0.013350100461150908,1520,True,True,True,113.67705984638883,0.060091515843175625,-0.5750864595907248,3.3022432757681424
1865,2025-2026,2026-05-03,Bournemouth,Crystal Palace,Bournemouth,Crystal Palace,1564.2611291091812,1517.3553788209845,1571.2777012363379,1510.3388066938278,continuing,continuing,1.3824271719340633,1.2406965419503329,1.1041406961045492,1.1755278790105208,1.0554377859542272,1.145011767090327,0.013350100461150908,1520,True,True,True,-20.125835878162889,-0.071387182905971569,-0.089573981136099823,2.6231237138843961
1866,2025-2026,2026-05-03,Manchester Utd,Liverpool,Manchester Utd,Liverpool,1588.6893376885439,1615.9232859262111,1597.7490409402219,1606.8635826745331,continuing,continuing,1.0966975286678933,2.0783499924302644,0.9357134133505669,1.7018229361163104,1.2212492547392841,1.0718551907945122,0.013350100461150908,1520,True,True,True,-145.52115293320867,-0.76610952276574351,0.14939406394477195,3.1750475210981577
1867,2025-2026,2026-05-04,Chelsea,Nottingham,Chelsea,Nottingham,1545.6799213361821,1510.9377572689416,1533.0186615007231,1523.5990171044007,continuing,continuing,1.4597245045643448,1.0485416434512034,1.1856241665957785,1.1445725262738418,0.91609890975168951,1.1259418494110078,0.013350100461150908,1520,True,True,True,49.446073132616903,0.041051640321936755,-0.20984293965931833,2.5082661480155481
1868,2025-2026,2026-05-04,Everton,Manchester City,Everton,Manchester City,1528.0218521671873,1683.4623911116018,1530.7017792335901,1680.782464045199,continuing,continuing,0.83858532270762953,1.2759301920193318,0.90050019596090403,1.4747747141237888,0.86516956101827602,0.8516390190157006,0.013350100461150908,1520,True,True,True,-101.38547836157568,-0.57427451816288477,0.013530542002575419,2.1145155147269614
1869,2025-2026,2026-05-09,Brighton,Wolves,Brighton,Wolves,1558.2775286645201,1397.902410375249,1562.6675332964633,1393.5124057433059,continuing,continuing,2.0930089262668989,1.428869021087535,1.3990104932316441,1.0543692203071846,1.3551884800575287,1.3681767763700159,0.013350100461150908,1520,True,True,True,69.655720264189085,0.34464127292445945,-0.012988296312487213,3.5218779473544339
1870,2025-2026,2026-05-09,Fulham,Bournemouth,Fulham,Bournemouth,1525.093820945694,1571.2777012363379,1514.6963705331414,1581.6751516488905,continuing,continuing,1.2693846747849395,1.3838701271308333,1.0998987745343414,1.1041406961045492,1.2533458208842227,1.0554377859542272,0.013350100461150908,1520,True,True,True,-6.42218271249385,-0.0042419215702078628,0.19790803492999554,2.6532548019157729
1871,2025-2026,2026-05-09,Liverpool,Chelsea,Liverpool,Chelsea,1606.8635826745331,1533.0186615007231,1603.1911172889045,1536.6911268863516,continuing,continuing,1.7047654420003104,1.2708174172971027,1.7018229361163104,1.1856241665957785,1.0718551907945122,0.91609890975168951,0.013350100461150908,1520,True,True,True,54.994523365797477,0.5161987695205319,0.15575628104282269,2.975582859297413
1872,2025-2026,2026-05-09,Manchester City,Brentford,Manchester City,Brentford,1680.782464045199,1543.1813546810963,1685.6381181917807,1538.3257005345147,continuing,continuing,1.9347917667622208,1.124553895114786,1.4747747141237888,1.3204583984591411,0.8516390190157006,1.1997773356167392,0.013350100461150908,1520,True,True,True,98.457847616284653,0.15431631566464765,-0.34813831660103856,3.059345661877007
1873,2025-2026,2026-05-09,Sunderland,Manchester Utd,Sunderland,Manchester Utd,1509.8140489414639,1597.7490409402219,1510.6163544992232,1596.9467353824625,new_to_dataset,continuing,1.3354025645583345,0.9357134133505669,1,0.9357134133505669,1,1.2212492547392841,0.013350100461150908,1520,True,False,True,10.387346127931551,0.064286586649433097,-0.22124925473928414,2.2711159779089014
1874,2025-2026,2026-05-10,Burnley,Aston Villa,Burnley,Aston Villa,1393.8978506748522,1570.0900590547858,1397.1227902236603,1566.8651195059776,returning_after_absence,continuing,0.99321703021440821,1.9348366674361142,0.88220247061792789,1.2082534444041124,1.6013500117852664,1.0295987192428453,0.013350100461150908,1520,True,True,True,-75.62429153678022,-0.32605097378618453,0.57175129254242107,2.9280536976505225
1875,2025-2026,2026-05-10,Crystal Palace,Everton,Crystal Palace,Everton,1510.3388066938278,1530.7017792335901,1509.2028851787422,1531.8377007486756,continuing,continuing,1.1120954374954211,1.0310833206423804,1.1755278790105208,0.90050019596090403,1.145011767090327,0.86516956101827602,0.013350100461150908,1520,True,True,True,18.788972677397851,0.27502768304961678,0.27984220607205101,2.1431787581378012
1876,2025-2026,2026-05-10,Nottingham,Newcastle,Nottingham,Newcastle,1523.5990171044007,1523.2320937452823,1521.8787932844673,1524.9523175652157,continuing,continuing,1.3330871346765971,1.6603466897422636,1.1445725262738418,1.4746291654500707,1.1259418494110078,1.0651415486490228,0.013350100461150908,1520,True,True,True,-33.081374938049976,-0.33005663917622896,0.06080030076198506,2.9934338244188607
1877,2025-2026,2026-05-10,West Ham,Arsenal,West Ham,Arsenal,1478.6831656906288,1683.774152182732,1472.6322778778617,1689.8250399954991,continuing,continuing,0.81530969354028293,1.8422622665971082,0.96838099601375138,1.388090907441226,1.3271913652925593,0.76996051368450635,0.013350100461150908,1520,True,True,True,-144.60702474195205,-0.4197099114274746,0.55723085160805297,2.6575719601373913
1878,2025-2026,2026-05-11,Tottenham,Leeds United,Tottenham,Leeds United,1453.9180238405061,1525.1481768990918,1454.2411411078758,1524.8250596317221,continuing,returning_after_absence,2.3768899649643109,1.525280250468146,1.1481619285609368,0.95051681824397305,1.6046851788335701,1.8932067345834107,0.013350100461150908,1520,True,True,True,-38.052768309608609,0.19764511031696375,-0.28852155574984062,3.9021702154324567
1879,2025-2026,2026-05-13,Manchester City,Crystal Palace,Manchester City,Crystal Palace,1685.6381181917807,1509.2028851787422,1689.7195752441801,1505.1214281263428,continuing,continuing,1.846475403432615,1.0011254097061271,1.4747747141237888,1.1755278790105208,0.8516390190157006,1.145011767090327,0.013350100461150908,1520,True,True,True,82.596505684177828,0.29924683511326799,-0.29337274807462643,2.847600813138742
1880,2025-2026,2026-05-15,Aston Villa,Liverpool,Aston Villa,Liverpool,1566.8651195059776,1603.1911172889045,1576.1847795527333,1593.8714572421488,continuing,continuing,1.4161265058044143,1.7521947154034518,1.2082534444041124,1.7018229361163104,1.0295987192428453,1.0718551907945122,0.013350100461150908,1520,True,True,True,-59.509515268496898,-0.49356949171219799,-0.042256471551666897,3.168321221207866
1881,2025-2026,2026-05-17,Brentford,Crystal Palace,Brentford,Crystal Palace,1538.3257005345147,1505.1214281263428,1535.7056180998027,1507.7415105610548,continuing,continuing,1.6532653636250041,1.4103717066224393,1.3204583984591411,1.1755278790105208,1.1997773356167392,1.145011767090327,0.013350100461150908,1520,True,True,True,-15.861341932106825,0.14493051944862034,0.054765568526412123,3.0636370702474434
1882,2025-2026,2026-05-17,Everton,Sunderland,Everton,Sunderland,1531.8377007486756,1510.6163544992232,1519.5416376548051,1522.9124175930938,continuing,new_to_dataset,0.98467226604629021,0.86516956101827602,0.90050019596090403,1,0.86516956101827602,1,0.013350100461150908,1520,True,True,False,21.624380388155259,-0.099499804039095974,-0.13483043898172398,1.8498418270645662
1883,2025-2026,2026-05-17,Leeds United,Brighton,Leeds United,Brighton,1524.8250596317221,1562.6675332964633,1534.1881779633018,1553.3044149648836,returning_after_absence,continuing,1.4085342151913105,2.6486160875390077,0.95051681824397305,1.3990104932316441,1.8932067345834107,1.3551884800575287,0.013350100461150908,1520,True,True,True,-49.558880684899805,-0.44849367498767101,0.53801825452588203,4.0571503027303182
1884,2025-2026,2026-05-17,Manchester Utd,Nottingham,Manchester Utd,Nottingham,1596.9467353824625,1521.8787932844673,1603.2438556786915,1515.5816729882383,continuing,continuing,1.1520377512539743,1.3978083447069889,0.9357134133505669,1.1445725262738418,1.2212492547392841,1.1259418494110078,0.013350100461150908,1520,True,True,True,-41.080556434794289,-0.20885911292327486,0.095307405328276307,2.5498460959609632
1885,2025-2026,2026-05-17,Newcastle,West Ham,Newcastle,West Ham,1524.9523175652157,1472.6322778778617,1531.8275929737736,1465.7570024693039,continuing,continuing,2.1400516785435402,1.0314628337763703,1.4746291654500707,0.96838099601375138,1.0651415486490228,1.3271913652925593,0.013350100461150908,1520,True,True,True,82.476007553798354,0.50624816943631934,-0.26204981664353655,3.1715145123199102
1886,2025-2026,2026-05-17,Wolves,Fulham,Wolves,Fulham,1393.5124057433059,1514.6963705331414,1395.2554407474727,1512.9533355289745,continuing,continuing,1.4450122565655847,1.5048559596757261,1.0543692203071846,1.0998987745343414,1.3681767763700159,1.2533458208842227,0.013350100461150908,1520,True,True,True,-33.962174054185652,-0.045529554227156765,0.11483095548579314,2.9498682162413106
1887,2025-2026,2026-05-18,Arsenal,Burnley,Arsenal,Burnley,1689.8250399954991,1397.1227902236603,1692.1461672227692,1394.8016629963902,continuing,returning_after_absence,2.4305920382418353,0.67926106745072035,1.388090907441226,0.88220247061792789,0.76996051368450635,1.6013500117852664,0.013350100461150908,1520,True,True,True,125.90560243306641,0.50588843682329809,-0.83138949810076002,3.1098531056925558
1888,2025-2026,2026-05-19,Bournemouth,Manchester City,Bournemouth,Manchester City,1581.6751516488905,1689.7195752441801,1583.0492339809141,1688.3454929121565,continuing,continuing,1.0282242981295915,1.5565329590560901,1.1041406961045492,1.4747747141237888,1.0554377859542272,0.8516390190157006,0.013350100461150908,1520,True,True,True,-102.72234156234072,-0.37063401801923956,0.20379876693852661,2.5847572571856814
1889,2025-2026,2026-05-19,Chelsea,Tottenham,Chelsea,Tottenham,1536.6911268863516,1454.2411411078758,1542.8063659747402,1448.1259020194873,continuing,continuing,2.0803901008563752,1.0518298909730714,1.1856241665957785,1.1481619285609368,0.91609890975168951,1.6046851788335701,0.013350100461150908,1520,True,True,True,118.19205174908825,0.037462238034841722,-0.68858626908188059,3.1322199918294467
1890,2025-2026,2026-05-24,Brighton,Manchester Utd,Brighton,Manchester Utd,1553.3044149648836,1603.2438556786915,1543.0149296971176,1613.5333409464574,continuing,continuing,1.8682422005055581,1.2680680384079968,1.3990104932316441,0.9357134133505669,1.3551884800575287,1.2212492547392841,0.013350100461150908,1520,True,True,True,59.946226812831355,0.46329707988107716,0.13393922531824454,3.1363102389135546
1891,2025-2026,2026-05-24,Burnley,Wolves,Burnley,Wolves,1394.8016629963902,1395.2554407474727,1393.1043711233094,1396.9527326205534,returning_after_absence,continuing,1.3198311626046564,1.6884141633649321,0.88220247061792789,1.0543692203071846,1.6013500117852664,1.3681767763700159,0.013350100461150908,1520,True,True,True,20.096839579289281,-0.17216674968925672,0.23317323541525048,3.0082453259695887
1892,2025-2026,2026-05-24,Crystal Palace,Arsenal,Crystal Palace,Arsenal,1507.7415105610548,1692.1461672227692,1501.1765989181179,1698.7110788657062,continuing,continuing,0.98971301453598182,1.5893804228112938,1.1755278790105208,1.388090907441226,1.145011767090327,0.76996051368450635,0.013350100461150908,1520,True,True,True,-85.492249367513296,-0.21256302843070518,0.37505125340582068,2.5790934373472756
1893,2025-2026,2026-05-24,Fulham,Newcastle,Fulham,Newcastle,1512.9533355289745,1531.8275929737736,1521.7751390680628,1523.0057894346853,continuing,continuing,1.2810554788971751,1.8482203018708352,1.0998987745343414,1.4746291654500707,1.2533458208842227,1.0651415486490228,0.013350100461150908,1520,True,True,True,-49.909250770016342,-0.37473039091572935,0.18820427223519998,3.1292757807680101
1894,2025-2026,2026-05-24,Liverpool,Brentford,Liverpool,Brentford,1593.8714572421488,1535.7056180998027,1590.5957135728122,1538.9813617691393,continuing,continuing,2.2326616897830589,1.4153401886166388,1.7018229361163104,1.3204583984591411,1.0718551907945122,1.1997773356167392,0.013350100461150908,1520,True,True,True,110.58179567183083,0.38136453765716927,-0.12792214482222697,3.6480018783996977
1895,2025-2026,2026-05-24,Manchester City,Aston Villa,Manchester City,Aston Villa,1688.3454929121565,1576.1847795527333,1673.7596399644758,1590.770632500414,continuing,continuing,1.6603573562555896,1.0289957781146597,1.4747747141237888,1.2082534444041124,0.8516390190157006,1.0295987192428453,0.013350100461150908,1520,True,True,True,47.385567212950718,0.26652126971967638,-0.17795970022714469,2.6893531343702493
1896,2025-2026,2026-05-24,Nottingham,Bournemouth,Nottingham,Bournemouth,1515.5816729882383,1583.0492339809141,1515.7965735798666,1582.8343333892858,continuing,continuing,1.3209423063926999,1.2431982173819138,1.1445725262738418,1.1041406961045492,1.1259418494110078,1.0554377859542272,0.013350100461150908,1520,True,True,True,10.405693119472517,0.040431830169292526,0.070504063456780619,2.564140523774614
1897,2025-2026,2026-05-24,Sunderland,Chelsea,Sunderland,Chelsea,1522.9124175930938,1542.8063659747402,1531.7631727164689,1533.955610851365,new_to_dataset,continuing,1.0017290317468133,1.1856241665957785,1,1.1856241665957785,1,0.91609890975168951,0.013350100461150908,1520,True,False,True,-80.139283439479641,-0.18562416659577852,0.083901090248310495,2.187353198342592
1898,2025-2026,2026-05-24,Tottenham,Everton,Tottenham,Everton,1448.1259020194873,1519.5416376548051,1458.4543551134143,1509.2131845608781,continuing,continuing,1.0862061760145916,1.4450193179951882,1.1481619285609368,0.90050019596090403,1.6046851788335701,0.86516956101827602,0.013350100461150908,1520,True,True,True,-59.677148697763869,0.24766173260003277,0.73951561781529407,2.5312254940097798
1899,2025-2026,2026-05-24,West Ham,Leeds United,West Ham,Leeds United,1465.7570024693039,1534.1881779633018,1475.9996235837834,1523.9455568488222,continuing,returning_after_absence,2.0047129367650594,1.2615177137387581,0.96838099601375138,0.95051681824397305,1.3271913652925593,1.8932067345834107,0.013350100461150908,1520,True,True,True,-18.70142230888564,0.017864177769778333,-0.56601536929085139,3.2662306505038172
