match_id,home_finishing_last5,home_sot_window,home_match_number,away_finishing_last5,away_sot_window,away_match_number,rel_finishing_diff,rel_sot_window_diff,home_finishing_available,away_finishing_available,rel_finishing_available,c_used
0,,,1,,,1,,,False,False,False,0.32478442930464319
1,,,1,,,1,,,False,False,False,0.32478442930464319
2,,,1,,,1,,,False,False,False,0.32478442930464319
3,,,1,,,1,,,False,False,False,0.32478442930464319
4,,,1,,,1,,,False,False,False,0.32478442930464319
5,,,1,,,1,,,False,False,False,0.32478442930464319
6,,,1,,,1,,,False,False,False,0.32478442930464319
7,,,1,,,1,,,False,False,False,0.32478442930464319
8,,,1,,,1,,,False,False,False,0.32478442930464319
9,,,1,,,1,,,False,False,False,0.32478442930464319
10,,,2,,,2,,,False,False,False,0.32478442930464319
11,,,2,,,2,,,False,False,False,0.32478442930464319
12,,,2,,,2,,,False,False,False,0.32478442930464319
13,,,2,,,2,,,False,False,False,0.32478442930464319
14,,,2,,,2,,,False,False,False,0.32478442930464319
15,,,2,,,2,,,False,False,False,0.32478442930464319
16,,,2,,,2,,,False,False,False,0.32478442930464319
17,,,2,,,2,,,False,False,False,0.32478442930464319
18,,,2,,,2,,,False,False,False,0.32478442930464319
19,,,2,,,2,,,False,False,False,0.32478442930464319
20,,,3,,,3,,,False,False,False,0.32478442930464319
21,,,3,,,3,,,False,False,False,0.32478442930464319
22,,,3,,,3,,,False,False,False,0.32478442930464319
23,,,3,,,3,,,False,False,False,0.32478442930464319
24,,,3,,,3,,,False,False,False,0.32478442930464319
25,,,3,,,3,,,False,False,False,0.32478442930464319
26,,,3,,,3,,,False,False,False,0.32478442930464319
27,,,3,,,3,,,False,False,False,0.32478442930464319
28,,,3,,,3,,,False,False,False,0.32478442930464319
29,,,3,,,3,,,False,False,False,0.32478442930464319
30,,,4,,,4,,,False,False,False,0.32478442930464319
31,,,4,,,4,,,False,False,False,0.32478442930464319
32,,,4,,,4,,,False,False,False,0.32478442930464319
33,,,4,,,4,,,False,False,False,0.32478442930464319
34,,,4,,,4,,,False,False,False,0.32478442930464319
35,,,4,,,4,,,False,False,False,0.32478442930464319
36,,,4,,,4,,,False,False,False,0.32478442930464319
37,,,4,,,4,,,False,False,False,0.32478442930464319
38,,,4,,,4,,,False,False,False,0.32478442930464319
39,,,4,,,4,,,False,False,False,0.32478442930464319
40,,,5,,,5,,,False,False,False,0.32478442930464319
41,,,5,,,5,,,False,False,False,0.32478442930464319
42,,,5,,,5,,,False,False,False,0.32478442930464319
43,,,5,,,5,,,False,False,False,0.32478442930464319
44,,,5,,,5,,,False,False,False,0.32478442930464319
45,,,5,,,5,,,False,False,False,0.32478442930464319
46,,,5,,,5,,,False,False,False,0.32478442930464319
47,,,5,,,5,,,False,False,False,0.32478442930464319
48,,,5,,,5,,,False,False,False,0.32478442930464319
49,,,5,,,5,,,False,False,False,0.32478442930464319
50,0.6649568858609286,-0.20000000000000001,6,0.38120719589399843,5.5999999999999996,6,0.28374968996693017,-5.7999999999999998,True,True,True,0.32478442930464319
51,1.6153880272516425,1.8,6,0.63590539692049863,4.2000000000000002,6,0.97948263033114391,-2.4000000000000004,True,True,True,0.32478442930464319
52,0.14530179897349954,1.3999999999999999,6,-1.295732940364213,-3.3999999999999999,6,1.4410347393377125,4.7999999999999998,True,True,True,0.32478442930464319
53,-0.55556048380792755,-2.6000000000000001,6,0.28034491311257093,1.6000000000000001,6,-0.83590539692049848,-4.2000000000000002,True,True,True,0.32478442930464319
54,0.3093964020530009,-2.7999999999999998,6,-0.55043114139071359,-2,6,0.85982754344371448,-0.79999999999999982,True,True,True,0.32478442930464319
55,0.95556048380792769,2.6000000000000001,6,0.0051293424172141056,0.59999999999999998,6,0.95043114139071361,2,True,True,True,0.32478442930464319
56,-0.20512934241721412,-0.59999999999999998,6,-0.49060359794699904,-2.7999999999999998,6,0.28547425552978489,2.1999999999999997,True,True,True,0.32478442930464319
57,-1.0752155706953568,-1,6,-0.21025868483442817,-1.2,6,-0.86495688586092867,0.19999999999999996,True,True,True,0.32478442930464319
58,-0.27008622827814277,-0.40000000000000002,6,-0.6649568858609286,0.20000000000000001,6,0.39487065758278583,-0.60000000000000009,True,True,True,0.32478442930464319
59,0.24443951619207238,-2.6000000000000001,6,0.080344913112570859,1.6000000000000001,6,0.16409460307950152,-4.2000000000000002,True,True,True,0.32478442930464319
60,0.14017245655628546,0.80000000000000004,7,-0.4051293424172141,-0.59999999999999998,7,0.54530179897349962,1.3999999999999999,True,True,True,0.32478442930464319
61,-0.54530179897349962,-1.3999999999999999,7,-1.2906035979469994,-2.7999999999999998,7,0.7453017989734998,1.3999999999999999,True,True,True,0.32478442930464319
62,1.3999999999999999,0,7,-0.45982754344371457,0.80000000000000004,7,1.8598275434437146,-0.80000000000000004,True,True,True,0.32478442930464319
63,-0.15043114139071367,-2,7,0.049568858609286393,-2,7,-0.20000000000000007,0,True,True,True,0.32478442930464319
64,0.2153880272516423,1.8,7,0.21025868483442817,1.2,7,0.0051293424172141333,0.60000000000000009,True,True,True,0.32478442930464319
65,-0.20000000000000001,0,7,-0.61025868483442824,-1.2,7,0.41025868483442823,1.2,True,True,True,0.32478442930464319
66,0.58461197274835774,-1.8,7,0.10939640205300083,-2.7999999999999998,7,0.47521557069535691,0.99999999999999978,True,True,True,0.32478442930464319
67,-0.023922146523215781,5,7,0.84103473933771267,4.7999999999999998,7,-0.86495688586092845,0.20000000000000018,True,True,True,0.32478442930464319
68,-0.68034491311257084,-1.6000000000000001,7,0.14530179897349954,1.3999999999999999,7,-0.82564671208607043,-3,True,True,True,0.32478442930464319
69,0.34017245655628542,0.80000000000000004,7,0.32991377172185732,-0.40000000000000002,7,0.0102586848344281,1.2000000000000002,True,True,True,0.32478442930464319
70,-0.06495688586092864,0.20000000000000001,8,0.13504311413907139,0.20000000000000001,8,-0.20000000000000001,0,True,True,True,0.32478442930464319
71,0.52991377172185727,-0.40000000000000002,8,1.0752155706953568,1,8,-0.54530179897349951,-1.3999999999999999,True,True,True,0.32478442930464319
72,0.25469820102650043,-1.3999999999999999,8,0.020517369668856422,2.3999999999999999,8,0.234180831357644,-3.7999999999999998,True,True,True,0.32478442930464319
73,0.1658191686423558,3.7999999999999998,8,-0.6649568858609286,0.20000000000000001,8,0.8307760545032844,3.5999999999999996,True,True,True,0.32478442930464319
74,-0.42051736966885633,-2.3999999999999999,8,-0.12991377172185728,0.40000000000000002,8,-0.29060359794699908,-2.7999999999999998,True,True,True,0.32478442930464319
75,-0.47008622827814273,-0.40000000000000002,8,-0.4051293424172141,-0.59999999999999998,8,-0.064956885860928626,0.19999999999999996,True,True,True,0.32478442930464319
76,0.31452574447021509,-2.2000000000000002,8,-0.099137717218572785,4,8,0.41366346168878787,-6.2000000000000002,True,True,True,0.32478442930464319
77,0.72991377172185723,-0.40000000000000002,8,-0.0051293424172141056,-0.59999999999999998,8,0.73504311413907131,0.19999999999999996,True,True,True,0.32478442930464319
78,-0.41025868483442823,-1.2,8,-1.0051293424172141,-0.59999999999999998,8,0.59487065758278579,-0.59999999999999998,True,True,True,0.32478442930464319
79,-0.13504311413907139,-0.20000000000000001,8,0.58461197274835774,-1.8,8,-0.71965508688742919,1.6000000000000001,True,True,True,0.32478442930464319
80,0.2153880272516423,1.8,9,-0.13504311413907139,-0.20000000000000001,9,0.35043114139071369,2,True,True,True,0.32478442930464319
81,0.14017245655628546,0.80000000000000004,9,-0.044439516192072315,2.6000000000000001,9,0.18461197274835778,-1.8,True,True,True,0.32478442930464319
82,1.4051293424172142,0.59999999999999998,9,-0.15556048380792764,-2.6000000000000001,9,1.5606898262251419,3.2000000000000002,True,True,True,0.32478442930464319
83,0.45469820102650044,-1.3999999999999999,9,-0.48034491311257088,-1.6000000000000001,9,0.93504311413907137,0.20000000000000018,True,True,True,0.32478442930464319
84,0.38974131516557181,-1.2,9,-0.48547425552978485,-2.2000000000000002,9,0.8752155706953566,1.0000000000000002,True,True,True,0.32478442930464319
85,-0.34530179897349961,-1.3999999999999999,9,0.79487065758278586,-0.59999999999999998,9,-1.1401724565562854,-0.79999999999999993,True,True,True,0.32478442930464319
86,-0.52991377172185727,0.40000000000000002,9,-0.7401724565562855,-0.80000000000000004,9,0.21025868483442822,1.2000000000000002,True,True,True,0.32478442930464319
87,-0.25469820102650043,1.3999999999999999,9,0.06495688586092864,-0.20000000000000001,9,-0.31965508688742905,1.5999999999999999,True,True,True,0.32478442930464319
88,-0.44956885860928636,2,9,0.77094851105956996,4.4000000000000004,9,-1.2205173696688563,-2.4000000000000004,True,True,True,0.32478442930464319
89,0.19487065758278591,-0.59999999999999998,9,-0.8102586848344282,-1.2,9,1.0051293424172141,0.59999999999999998,True,True,True,0.32478442930464319
90,-0.4051293424172141,-0.59999999999999998,10,-0.25469820102650043,1.3999999999999999,10,-0.15043114139071367,-2,True,True,True,0.32478442930464319
91,-0.054698201026500415,1.3999999999999999,10,0.48034491311257088,1.6000000000000001,10,-0.53504311413907124,-0.20000000000000018,True,True,True,0.32478442930464319
92,1.2359053969204987,4.2000000000000002,10,-0.010258684834428211,-1.2,10,1.2461640817549269,5.4000000000000004,True,True,True,0.32478442930464319
93,0.22564671208607034,3,10,-0.015388027251642233,-1.8,10,0.24103473933771258,4.7999999999999998,True,True,True,0.32478442930464319
94,-0.075215570695356837,-1,10,1.295732940364213,3.3999999999999999,10,-1.3709485110595698,-4.4000000000000004,True,True,True,0.32478442930464319
95,-0.60512934241721417,-0.59999999999999998,10,-1.5299137717218572,0.40000000000000002,10,0.924784429304643,-1,True,True,True,0.32478442930464319
96,0.059827543443714548,-0.80000000000000004,10,-0.46495688586092865,0.20000000000000001,10,0.5247844293046432,-1,True,True,True,0.32478442930464319
97,0.51965508688742912,-1.6000000000000001,10,0.39487065758278594,-0.59999999999999998,10,0.12478442930464317,-1,True,True,True,0.32478442930464319
98,-0.96581916864235606,-3.7999999999999998,10,-0.070086228278142731,-0.40000000000000002,10,-0.89573294036421336,-3.3999999999999999,True,True,True,0.32478442930464319
99,0.58974131516557182,-1.2,10,-0.35043114139071363,-2,10,0.94017245655628545,0.80000000000000004,True,True,True,0.32478442930464319
100,-0.0051293424172141056,-0.59999999999999998,11,-0.16068982622514172,-3.2000000000000002,11,0.15556048380792761,2.6000000000000001,True,True,True,0.32478442930464319
101,-0.79487065758278586,0.59999999999999998,11,-0.76581916864235589,-3.7999999999999998,11,-0.02905148894042997,4.3999999999999995,True,True,True,0.32478442930464319
102,-0.27521557069535679,-1,11,-0.48034491311257088,-1.6000000000000001,11,0.20512934241721409,0.60000000000000009,True,True,True,0.32478442930464319
103,1.4906035979469991,2.7999999999999998,11,0.12991377172185728,-0.40000000000000002,11,1.3606898262251419,3.1999999999999997,True,True,True,0.32478442930464319
104,0.46495688586092865,-0.20000000000000001,11,1.0598275434437145,-0.80000000000000004,11,-0.5948706575827859,0.60000000000000009,True,True,True,0.32478442930464319
105,-1,0,11,-0.23931017377485819,3.2000000000000002,11,-0.76068982622514181,-3.2000000000000002,True,True,True,0.32478442930464319
106,0.87521557069535683,1,11,-0.54017245655628554,-0.80000000000000004,11,1.4153880272516424,1.8,True,True,True,0.32478442930464319
107,-0.14530179897349954,-1.3999999999999999,11,-0.86495688586092867,0.20000000000000001,11,0.71965508688742919,-1.5999999999999999,True,True,True,0.32478442930464319
108,0.06495688586092864,-0.20000000000000001,11,-0.57948263033114356,2.3999999999999999,11,0.64443951619207218,-2.6000000000000001,True,True,True,0.32478442930464319
109,0.41538802725164226,1.8,11,1.3504311413907137,2,11,-0.93504311413907149,-0.19999999999999996,True,True,True,0.32478442930464319
110,-0.62564671208607048,-3,12,-0.47008622827814273,-0.40000000000000002,12,-0.15556048380792775,-2.6000000000000001,True,True,True,0.32478442930464319
111,0.12991377172185728,-0.40000000000000002,12,0.54017245655628554,0.80000000000000004,12,-0.41025868483442829,-1.2000000000000002,True,True,True,0.32478442930464319
112,-0.31965508688742911,1.6000000000000001,12,1.3008622827814273,4,12,-1.6205173696688564,-2.3999999999999999,True,True,True,0.32478442930464319
113,1.1504311413907136,2,12,0.54530179897349962,1.3999999999999999,12,0.60512934241721394,0.60000000000000009,True,True,True,0.32478442930464319
114,-0.090603597946999126,-2.7999999999999998,12,-1.2546982010265004,1.3999999999999999,12,1.1640946030795014,-4.1999999999999993,True,True,True,0.32478442930464319
115,-0.1658191686423558,-3.7999999999999998,12,0.58974131516557182,-1.2,12,-0.75556048380792762,-2.5999999999999996,True,True,True,0.32478442930464319
116,-0.54530179897349962,-1.3999999999999999,12,-0.87521557069535683,-1,12,0.32991377172185721,-0.39999999999999991,True,True,True,0.32478442930464319
117,0.5247844293046432,-1,12,0.67521557069535687,1,12,-0.15043114139071367,-2,True,True,True,0.32478442930464319
118,-0.039310173774858237,3.2000000000000002,12,-0.54530179897349962,-1.3999999999999999,12,0.50599162519864138,4.5999999999999996,True,True,True,0.32478442930464319
119,-0.52991377172185727,0.40000000000000002,12,0.0051293424172141056,0.59999999999999998,12,-0.53504311413907135,-0.19999999999999996,True,True,True,0.32478442930464319
120,0.13504311413907139,0.20000000000000001,13,-0.28034491311257093,-1.6000000000000001,13,0.41538802725164231,1.8,True,True,True,0.32478442930464319
121,-0.67521557069535687,-1,13,-0.39487065758278594,0.59999999999999998,13,-0.28034491311257093,-1.6000000000000001,True,True,True,0.32478442930464319
122,0.54017245655628554,0.80000000000000004,13,-0.54530179897349962,-1.3999999999999999,13,1.0854742555297852,2.2000000000000002,True,True,True,0.32478442930464319
123,1.6256467120860705,3,13,0.27008622827814277,0.40000000000000002,13,1.3555604838079276,2.6000000000000001,True,True,True,0.32478442930464319
124,-0.030776054503284467,-3.6000000000000001,13,0.45982754344371457,-0.80000000000000004,13,-0.49060359794699904,-2.7999999999999998,True,True,True,0.32478442930464319
125,-1.0649568858609286,0.20000000000000001,13,-1.0153880272516425,-1.8,13,-0.04956885860928617,2,True,True,True,0.32478442930464319
126,1.695732940364213,3.3999999999999999,13,-0.95556048380792769,-2.6000000000000001,13,2.6512934241721409,6,True,True,True,0.32478442930464319
127,-0.5948706575827859,0.59999999999999998,13,-0.20000000000000001,0,13,-0.39487065758278589,0.59999999999999998,True,True,True,0.32478442930464319
128,0.10599162519864147,4.5999999999999996,13,0.7401724565562855,0.80000000000000004,13,-0.63418083135764403,3.7999999999999998,True,True,True,0.32478442930464319
129,-0.51965508688742912,1.6000000000000001,14,0.34017245655628542,0.80000000000000004,14,-0.85982754344371459,0.80000000000000004,True,True,True,0.32478442930464319
130,-0.61025868483442824,-1.2,14,-0.16068982622514172,-3.2000000000000002,14,-0.44956885860928653,2,True,True,True,0.32478442930464319
131,-0.080344913112570859,-1.6000000000000001,14,-0.22392214652321596,5,14,0.1435772334106451,-6.5999999999999996,True,True,True,0.32478442930464319
132,-1.2102586848344283,-1.2,14,1.6205173696688564,2.3999999999999999,14,-2.8307760545032847,-3.5999999999999996,True,True,True,0.32478442930464319
133,-0.21025868483442817,-1.2,14,-0.46495688586092865,0.20000000000000001,14,0.25469820102650048,-1.3999999999999999,True,True,True,0.32478442930464319
134,0.20512934241721412,0.59999999999999998,14,0.84616408175492674,5.4000000000000004,14,-0.6410347393377126,-4.8000000000000007,True,True,True,0.32478442930464319
135,0.85982754344371459,-0.80000000000000004,14,-0.67521557069535687,-1,14,1.5350431141390715,0.19999999999999996,True,True,True,0.32478442930464319
136,0.32478442930464319,-1,14,0.19487065758278591,-0.59999999999999998,13,0.12991377172185728,-0.40000000000000002,True,True,True,0.32478442930464319
137,-0.62051736966885629,-2.3999999999999999,14,0.47008622827814273,0.40000000000000002,14,-1.090603597946999,-2.7999999999999998,True,True,True,0.32478442930464319
138,-0.010258684834428211,-1.2,13,-0.21025868483442817,-1.2,14,0.19999999999999996,0,True,True,True,0.32478442930464319
139,-0.35043114139071363,-2,15,0.40000000000000002,0,14,-0.75043114139071365,-2,True,True,True,0.32478442930464319
140,-0.34017245655628542,-0.80000000000000004,15,-0.46495688586092865,0.20000000000000001,15,0.12478442930464323,-1,True,True,True,0.32478442930464319
141,-0.46495688586092865,0.20000000000000001,15,-0.29913771721857274,4,15,-0.16581916864235591,-3.7999999999999998,True,True,True,0.32478442930464319
142,0.46495688586092865,-0.20000000000000001,15,0.55556048380792755,2.6000000000000001,15,-0.090603597946998904,-2.8000000000000003,True,True,True,0.32478442930464319
143,0.25982754344371456,-0.80000000000000004,15,1.1555604838079276,2.6000000000000001,15,-0.89573294036421314,-3.4000000000000004,True,True,True,0.32478442930464319
144,0.054698201026500415,-1.3999999999999999,15,-0.53504311413907135,-0.20000000000000001,15,0.58974131516557171,-1.2,True,True,True,0.32478442930464319
145,-0.44956885860928636,2,15,-0.2153880272516423,-1.8,15,-0.23418083135764406,3.7999999999999998,True,True,True,0.32478442930464319
146,0.1897413151655718,-1.2,15,0.3350431141390714,0.20000000000000001,15,-0.1453017989734996,-1.3999999999999999,True,True,True,0.32478442930464319
147,0.12478442930464317,-1,14,0.13504311413907139,0.20000000000000001,15,-0.010258684834428211,-1.2,True,True,True,0.32478442930464319
148,-1.1453017989734997,-1.3999999999999999,15,0.32478442930464319,-1,15,-1.4700862282781428,-0.39999999999999991,True,True,True,0.32478442930464319
149,0.31452574447021509,-2.2000000000000002,16,0.11452574447021513,-2.2000000000000002,16,0.19999999999999996,0,True,True,True,0.32478442930464319
150,-0.34017245655628542,-0.80000000000000004,16,-0.73504311413907142,-0.20000000000000001,16,0.394870657582786,-0.60000000000000009,True,True,True,0.32478442930464319
151,-0.049568858609286393,2,16,-0.64956885860928637,2,16,0.59999999999999998,0,True,True,True,0.32478442930464319
152,0.90086228278142744,4,16,0.52991377172185727,-0.40000000000000002,16,0.37094851105957016,4.4000000000000004,True,True,True,0.32478442930464319
153,-0.08374968996693033,5.7999999999999998,16,0.054698201026500415,-1.3999999999999999,16,-0.13844789099343074,7.1999999999999993,True,True,True,0.32478442930464319
154,-0.070086228278142731,-0.40000000000000002,16,-0.015388027251642233,-1.8,16,-0.054698201026500498,1.3999999999999999,True,True,True,0.32478442930464319
155,0.45982754344371457,-0.80000000000000004,15,0.58461197274835774,-1.8,16,-0.12478442930464317,1,True,True,True,0.32478442930464319
156,-0.20000000000000001,0,16,-0.8102586848344282,-1.2,16,0.61025868483442824,1.2,True,True,True,0.32478442930464319
157,-0.20512934241721412,-0.59999999999999998,16,-0.070086228278142731,-0.40000000000000002,16,-0.13504311413907139,-0.19999999999999996,True,True,True,0.32478442930464319
158,-0.60853411927157364,6.7999999999999998,17,-0.65469820102650045,1.3999999999999999,17,0.046164081754926811,5.4000000000000004,True,True,True,0.32478442930464319
159,-0.59999999999999998,0,17,0.85469820102650051,-1.3999999999999999,17,-1.4546982010265004,1.3999999999999999,True,True,True,0.32478442930464319
160,0.44956885860928636,-2,17,0.12478442930464317,-1,17,0.32478442930464319,-1,True,True,True,0.32478442930464319
161,-0.27008622827814277,-0.40000000000000002,16,0.57948263033114356,-2.3999999999999999,17,-0.84956885860928633,2,True,True,True,0.32478442930464319
162,0.059827543443714548,-0.80000000000000004,17,-1.6000000000000001,0,17,1.6598275434437146,-0.80000000000000004,True,True,True,0.32478442930464319
163,0.2153880272516423,1.8,17,-1.0803449131125711,-1.6000000000000001,17,1.2957329403642133,3.4000000000000004,True,True,True,0.32478442930464319
164,1.1059916251986415,4.5999999999999996,17,-1,0,17,2.1059916251986417,4.5999999999999996,True,True,True,0.32478442930464319
165,-0.88034491311257079,-1.6000000000000001,18,0.80512934241721412,0.59999999999999998,18,-1.685474255529785,-2.2000000000000002,True,True,True,0.32478442930464319
166,-0.6854742555297848,-2.2000000000000002,18,-0.19827543443714557,8,18,-0.48719882109263923,-10.199999999999999,True,True,True,0.32478442930464319
167,0.53504311413907135,0.20000000000000001,15,0.70599162519864156,4.5999999999999996,18,-0.17094851105957021,-4.3999999999999995,True,True,True,0.32478442930464319
168,0.51452574447021515,-2.2000000000000002,18,-0.57948263033114356,2.3999999999999999,18,1.0940083748013587,-4.5999999999999996,True,True,True,0.32478442930464319
169,0.85469820102650051,-1.3999999999999999,18,-0.31965508688742911,1.6000000000000001,19,1.1743532879139296,-3,True,True,True,0.32478442930464319
170,-0.015388027251642233,-1.8,17,0.64956885860928637,-2,17,-0.6649568858609286,0.19999999999999996,True,True,True,0.32478442930464319
171,0.40172456556285452,8,19,0.3350431141390714,0.20000000000000001,17,0.066681451423783122,7.7999999999999998,True,True,True,0.32478442930464319
172,-1.0700862282781427,-0.40000000000000002,18,0.42051736966885633,2.3999999999999999,19,-1.4906035979469991,-2.7999999999999998,True,True,True,0.32478442930464319
173,0.94017245655628545,0.80000000000000004,16,-0.13504311413907139,-0.20000000000000001,18,1.0752155706953568,1,True,True,True,0.32478442930464319
174,0.24956885860928635,-2,18,-1.205129342417214,-0.59999999999999998,18,1.4546982010265004,-1.3999999999999999,True,True,True,0.32478442930464319
175,-0.76068982622514181,-3.2000000000000002,19,0.32478442930464319,-1,17,-1.0854742555297849,-2.2000000000000002,True,True,True,0.32478442930464319
176,-0.14530179897349954,-1.3999999999999999,19,-1.6803449131125712,-1.6000000000000001,19,1.5350431141390717,0.20000000000000018,True,True,True,0.32478442930464319
177,0.14017245655628546,0.80000000000000004,18,0.035905396920498545,4.2000000000000002,19,0.10426705963578692,-3.4000000000000004,True,True,True,0.32478442930464319
178,-0.46495688586092865,0.20000000000000001,19,1.0205173696688563,2.3999999999999999,17,-1.4854742555297848,-2.1999999999999997,True,True,True,0.32478442930464319
179,-0.015388027251642233,-1.8,17,-0.075215570695356837,-1,19,0.059827543443714604,-0.80000000000000004,True,True,True,0.32478442930464319
180,-0.14017245655628546,-0.80000000000000004,18,0.99659522314564031,7.4000000000000004,20,-1.1367676797019257,-8.2000000000000011,True,True,True,0.32478442930464319
181,-0.44443951619207234,2.6000000000000001,20,0.65469820102650045,-1.3999999999999999,18,-1.0991377172185728,4,True,True,True,0.32478442930464319
182,0.92478442930464322,-1,18,0.25469820102650043,-1.3999999999999999,16,0.67008622827814279,0.39999999999999991,True,True,True,0.32478442930464319
183,1.2307760545032844,3.6000000000000001,20,1.3162503100330698,5.7999999999999998,21,-0.085474255529785381,-2.1999999999999997,True,True,True,0.32478442930464319
184,0.32991377172185732,-0.40000000000000002,20,0.65469820102650045,-1.3999999999999999,20,-0.32478442930464313,0.99999999999999989,True,True,True,0.32478442930464319
185,-0.89060359794699917,-2.7999999999999998,18,0.041034739337712844,4.7999999999999998,18,-0.93163833728471201,-7.5999999999999996,True,True,True,0.32478442930464319
186,-0.54017245655628554,-0.80000000000000004,19,0.44956885860928636,-2,19,-0.98974131516557184,1.2,True,True,True,0.32478442930464319
187,-0.049568858609286393,2,21,-0.63418083135764414,3.7999999999999998,20,0.58461197274835774,-1.7999999999999998,True,True,True,0.32478442930464319
188,-0.41538802725164226,-1.8,18,0.58974131516557182,-1.2,19,-1.0051293424172141,-0.60000000000000009,True,True,True,0.32478442930464319
189,-0.83077605450328451,-3.6000000000000001,19,-0.080344913112570859,-1.6000000000000001,17,-0.75043114139071365,-2,True,True,True,0.32478442930464319
190,0.87008622827814275,0.40000000000000002,19,0.38461197274835773,-1.8,19,0.48547425552978501,2.2000000000000002,True,True,True,0.32478442930464319
191,0.18461197274835772,-1.8,20,-0.13504311413907139,-0.20000000000000001,20,0.31965508688742911,-1.6000000000000001,True,True,True,0.32478442930464319
192,0.58974131516557182,-1.2,21,-1.7606898262251416,-3.2000000000000002,20,2.3504311413907133,2,True,True,True,0.32478442930464319
193,0.65982754344371464,-0.80000000000000004,20,0.20000000000000001,0,21,0.45982754344371463,-0.80000000000000004,True,True,True,0.32478442930464319
194,0.12478442930464317,-1,20,0.85982754344371459,-0.80000000000000004,20,-0.73504311413907142,-0.19999999999999996,True,True,True,0.32478442930464319
195,1.9008622827814274,4,22,-0.18461197274835772,1.8,22,2.0854742555297854,2.2000000000000002,True,True,True,0.32478442930464319
196,-1.3453017989734997,-1.3999999999999999,20,-0.56068982622514185,-3.2000000000000002,19,-0.78461197274835781,1.8000000000000003,True,True,True,0.32478442930464319
197,-1.8205173696688566,-2.3999999999999999,21,-0.41538802725164226,-1.8,19,-1.4051293424172142,-0.59999999999999987,True,True,True,0.32478442930464319
198,0.38974131516557181,-1.2,20,0.65469820102650045,-1.3999999999999999,21,-0.26495688586092864,0.19999999999999996,True,True,True,0.32478442930464319
199,-0.57435328791392959,3,21,-0.80000000000000004,0,21,0.22564671208607046,3,True,True,True,0.32478442930464319
200,0.98974131516557184,-1.2,22,-0.82564671208607043,-3,20,1.8153880272516423,1.8,True,True,True,0.32478442930464319
201,0.46495688586092865,-0.20000000000000001,21,0.39487065758278594,-0.59999999999999998,23,0.070086228278142704,0.39999999999999997,True,True,True,0.32478442930464319
202,-0.62564671208607048,-3,22,0.91965508688742914,-1.6000000000000001,21,-1.5453017989734996,-1.3999999999999999,True,True,True,0.32478442930464319
203,0.32991377172185732,-0.40000000000000002,19,-0.22392214652321596,5,19,0.55383591824507328,-5.4000000000000004,True,True,True,0.32478442930464319
204,-0.49060359794699904,-2.7999999999999998,20,-1.2906035979469994,-2.7999999999999998,22,0.80000000000000038,0,True,True,True,0.32478442930464319
205,-0.75556048380792773,-2.6000000000000001,23,1.0546982010265005,-1.3999999999999999,21,-1.8102586848344282,-1.2000000000000002,True,True,True,0.32478442930464319
206,-0.47008622827814273,-0.40000000000000002,20,-0.3350431141390714,-0.20000000000000001,21,-0.13504311413907133,-0.20000000000000001,True,True,True,0.32478442930464319
207,-0.4307760545032846,-3.6000000000000001,21,-1.0906035979469992,-2.7999999999999998,21,0.65982754344371464,-0.80000000000000027,True,True,True,0.32478442930464319
208,1.314525744470215,-2.2000000000000002,22,0.73504311413907142,0.20000000000000001,23,0.57948263033114356,-2.4000000000000004,True,True,True,0.32478442930464319
209,0.5948706575827859,-0.59999999999999998,22,1.1555604838079276,2.6000000000000001,23,-0.56068982622514174,-3.2000000000000002,True,True,True,0.32478442930464319
210,1.1008622827814272,4,21,-0.090603597946999126,-2.7999999999999998,18,1.1914658807284262,6.7999999999999998,True,True,True,0.32478442930464319
211,0.32991377172185732,-0.40000000000000002,24,-0.62392214652321587,5,20,0.95383591824507319,-5.4000000000000004,True,True,True,0.32478442930464319
212,-0.0051293424172141056,-0.59999999999999998,22,-0.62905148894043017,4.4000000000000004,22,0.62392214652321609,-5,True,True,True,0.32478442930464319
213,0.45469820102650044,-1.3999999999999999,20,0.53504311413907135,0.20000000000000001,22,-0.080344913112570915,-1.5999999999999999,True,True,True,0.32478442930464319
214,0.10426705963578686,-3.3999999999999999,19,-1.4051293424172142,-0.59999999999999998,21,1.5093964020530011,-2.7999999999999998,True,True,True,0.32478442930464319
215,0.30426705963578682,-3.3999999999999999,20,1.1247844293046432,-1,23,-0.82051736966885636,-2.3999999999999999,True,True,True,0.32478442930464319
216,-0.15556048380792764,-2.6000000000000001,22,-0.61025868483442824,-1.2,21,0.4546982010265006,-1.4000000000000001,True,True,True,0.32478442930464319
217,0.80000000000000004,0,24,-1.5948706575827858,0.59999999999999998,22,2.3948706575827856,-0.59999999999999998,True,True,True,0.32478442930464319
218,-0.38974131516557181,1.2,22,-0.56068982622514185,-3.2000000000000002,22,0.17094851105957004,4.4000000000000004,True,True,True,0.32478442930464319
219,0.61538802725164221,1.8,24,-0.75556048380792773,-2.6000000000000001,24,1.3709485110595701,4.4000000000000004,True,True,True,0.32478442930464319
220,-0.3555604838079276,-2.6000000000000001,23,-0.14530179897349954,-1.3999999999999999,23,-0.21025868483442806,-1.2000000000000002,True,True,True,0.32478442930464319
221,-0.82905148894043024,4.4000000000000004,21,0.5948706575827859,-0.59999999999999998,23,-1.4239221465232161,5,True,True,True,0.32478442930464319
222,-0.36922394549671544,3.6000000000000001,23,0.71965508688742919,-1.6000000000000001,21,-1.0888790323841446,5.2000000000000002,True,True,True,0.32478442930464319
223,0.80512934241721412,0.59999999999999998,22,0.17607785347678417,5,22,0.62905148894042995,-4.4000000000000004,True,True,True,0.32478442930464319
224,-1.0957329403642133,-3.3999999999999999,25,-0.19487065758278591,0.59999999999999998,24,-0.90086228278142744,-4,True,True,True,0.32478442930464319
225,-0.22051736966885638,-2.3999999999999999,22,-0.20000000000000001,0,23,-0.020517369668856367,-2.3999999999999999,True,True,True,0.32478442930464319
226,0.78974131516557189,-1.2,24,0.20512934241721412,0.59999999999999998,24,0.58461197274835774,-1.7999999999999998,True,True,True,0.32478442930464319
227,0.6444395161920724,-2.6000000000000001,24,0.15556048380792764,2.6000000000000001,25,0.48887903238414476,-5.2000000000000002,True,True,True,0.32478442930464319
228,-1.1299137717218573,0.40000000000000002,23,0.070086228278142731,0.40000000000000002,23,-1.2,0,True,True,True,0.32478442930464319
229,0.30426705963578682,-3.3999999999999999,21,-0.55383591824507339,5.4000000000000004,24,0.85810297788086021,-8.8000000000000007,True,True,True,0.32478442930464319
230,0.29913771721857274,-4,22,0.3350431141390714,0.20000000000000001,25,-0.035905396920498656,-4.2000000000000002,True,True,True,0.32478442930464319
231,-0.13504311413907139,-0.20000000000000001,23,-0.3350431141390714,-0.20000000000000001,23,0.20000000000000001,0,True,True,True,0.32478442930464319
232,-0.78461197274835781,1.8,22,0.47008622827814273,0.40000000000000002,23,-1.2546982010265006,1.3999999999999999,True,True,True,0.32478442930464319
233,0.47008622827814273,0.40000000000000002,25,0.21025868483442817,1.2,24,0.25982754344371456,-0.79999999999999993,True,True,True,0.32478442930464319
234,0.56068982622514185,3.2000000000000002,23,-0.56068982622514185,-3.2000000000000002,26,1.1213796524502837,6.4000000000000004,True,True,True,0.32478442930464319
235,-0.26495688586092864,0.20000000000000001,24,-1.3299137717218572,0.40000000000000002,24,1.0649568858609286,-0.20000000000000001,True,True,True,0.32478442930464319
236,-0.19487065758278591,0.59999999999999998,25,0.24443951619207238,-2.6000000000000001,22,-0.43931017377485826,3.2000000000000002,True,True,True,0.32478442930464319
237,-0.6649568858609286,0.20000000000000001,25,0.26495688586092864,-0.20000000000000001,25,-0.9299137717218573,0.40000000000000002,True,True,True,0.32478442930464319
238,0.10599162519864147,4.5999999999999996,25,0.63931017377485821,-3.2000000000000002,25,-0.53331854857621674,7.7999999999999998,True,True,True,0.32478442930464319
239,0.4307760545032846,3.6000000000000001,26,-0.59999999999999998,0,23,1.0307760545032845,3.6000000000000001,True,True,True,0.32478442930464319
240,-0.1196550868874291,1.6000000000000001,25,-0.72478442930464326,1,23,0.60512934241721417,0.60000000000000009,True,True,True,0.32478442930464319
241,0.0051293424172141056,0.59999999999999998,26,0.41025868483442823,1.2,24,-0.4051293424172141,-0.59999999999999998,True,True,True,0.32478442930464319
242,-0.20000000000000001,0,24,0.41538802725164226,1.8,26,-0.61538802725164232,-1.8,True,True,True,0.32478442930464319
243,0.87008622827814275,0.40000000000000002,24,0.89913771721857272,-4,23,-0.02905148894042997,4.4000000000000004,True,True,True,0.32478442930464319
244,0.72478442930464326,-1,23,-0.34017245655628542,-0.80000000000000004,24,1.0649568858609286,-0.19999999999999996,True,True,True,0.32478442930464319
245,0.051293424172140778,6,26,-0.48034491311257088,-1.6000000000000001,25,0.53163833728471166,7.5999999999999996,True,True,True,0.32478442930464319
246,-1.0649568858609286,0.20000000000000001,25,-0.4051293424172141,-0.59999999999999998,26,-0.65982754344371453,0.80000000000000004,True,True,True,0.32478442930464319
247,0.42051736966885633,2.3999999999999999,24,1.3897413151655718,-1.2,25,-0.96922394549671542,3.5999999999999996,True,True,True,0.32478442930464319
248,-0.90426705963578691,3.3999999999999999,26,0.96409460307950134,-4.2000000000000002,26,-1.8683616627152881,7.5999999999999996,True,True,True,0.32478442930464319
249,-0.55043114139071359,-2,27,0.67008622827814279,0.40000000000000002,25,-1.2205173696688565,-2.3999999999999999,True,True,True,0.32478442930464319
250,-0.4051293424172141,-0.59999999999999998,26,-0.0051293424172141056,-0.59999999999999998,25,-0.40000000000000002,0,True,True,True,0.32478442930464319
251,-0.25982754344371456,0.80000000000000004,27,0.53504311413907135,0.20000000000000001,24,-0.79487065758278597,0.60000000000000009,True,True,True,0.32478442930464319
252,-0.14530179897349954,-1.3999999999999999,24,0.095732940364213093,3.3999999999999999,27,-0.24103473933771263,-4.7999999999999998,True,True,True,0.32478442930464319
253,-1.0359053969204985,-4.2000000000000002,26,-0.22051736966885638,-2.3999999999999999,25,-0.81538802725164217,-1.8000000000000003,True,True,True,0.32478442930464319
254,0.025646712086070389,3,27,-0.67521557069535687,-1,26,0.70086228278142726,4,True,True,True,0.32478442930464319
255,-0.26495688586092864,0.20000000000000001,27,0.65982754344371464,-0.80000000000000004,26,-0.92478442930464322,1,True,True,True,0.32478442930464319
256,0.53504311413907135,0.20000000000000001,25,0.044439516192072315,-2.6000000000000001,24,0.49060359794699904,2.8000000000000003,True,True,True,0.32478442930464319
257,0.39487065758278594,-0.59999999999999998,26,-0.29913771721857274,4,27,0.69400837480135869,-4.5999999999999996,True,True,True,0.32478442930464319
258,0.26495688586092864,-0.20000000000000001,26,0.20512934241721412,0.59999999999999998,26,0.05982754344371452,-0.80000000000000004,True,True,True,0.32478442930464319
259,-0.0051293424172141056,-0.59999999999999998,25,-1.0512934241721408,-6,27,1.0461640817549267,5.4000000000000004,True,True,True,0.32478442930464319
260,0.58633653831121224,6.2000000000000002,27,-0.059827543443714548,0.80000000000000004,28,0.64616408175492679,5.4000000000000004,True,True,True,0.32478442930464319
261,0.16068982622514172,3.2000000000000002,26,-0.67521557069535687,-1,27,0.83590539692049859,4.2000000000000002,True,True,True,0.32478442930464319
262,0.75383591824507334,-5.4000000000000004,27,0.29400837480135866,-4.5999999999999996,28,0.45982754344371468,-0.80000000000000071,True,True,True,0.32478442930464319
263,0.51965508688742912,-1.6000000000000001,27,-0.18461197274835772,1.8,28,0.70426705963578684,-3.4000000000000004,True,True,True,0.32478442930464319
264,0.030776054503284467,3.6000000000000001,28,-0.10939640205300083,2.7999999999999998,28,0.1401724565562853,0.80000000000000027,True,True,True,0.32478442930464319
265,-0.41538802725164226,-1.8,27,-0.31452574447021509,2.2000000000000002,25,-0.10086228278142717,-4,True,True,True,0.32478442930464319
266,0.20000000000000001,0,26,0.37435328791392963,-3,25,-0.17435328791392962,3,True,True,True,0.32478442930464319
267,-0.99146588072842645,-6.7999999999999998,28,0.60512934241721417,0.59999999999999998,27,-1.5965952231456406,-7.3999999999999995,True,True,True,0.32478442930464319
268,-0.44103473933771276,-4.7999999999999998,28,0.74530179897349957,1.3999999999999999,27,-1.1863365383112123,-6.1999999999999993,True,True,True,0.32478442930464319
269,-0.70939640205300081,2.7999999999999998,28,0.095732940364213093,3.3999999999999999,27,-0.8051293424172139,-0.60000000000000009,True,True,True,0.32478442930464319
270,0.6444395161920724,-2.6000000000000001,28,-0.7401724565562855,-0.80000000000000004,28,1.3846119727483579,-1.8,True,True,True,0.32478442930464319
271,0.89400837480135864,-4.5999999999999996,29,-0.010258684834428211,-1.2,27,0.90426705963578691,-3.3999999999999995,True,True,True,0.32478442930464319
272,-0.87521557069535683,-1,28,0.51625031003306954,5.7999999999999998,28,-1.3914658807284264,-6.7999999999999998,True,True,True,0.32478442930464319
273,-0.059827543443714548,0.80000000000000004,29,0.49060359794699904,2.7999999999999998,27,-0.55043114139071359,-1.9999999999999998,True,True,True,0.32478442930464319
274,0.28034491311257093,1.6000000000000001,26,0.19487065758278591,-0.59999999999999998,26,0.08547425552978502,2.2000000000000002,True,True,True,0.32478442930464319
275,0.76068982622514181,3.2000000000000002,28,0.35043114139071363,2,28,0.41025868483442818,1.2000000000000002,True,True,True,0.32478442930464319
276,-0.10086228278142717,-4,26,0.71965508688742919,-1.6000000000000001,29,-0.82051736966885636,-2.3999999999999999,True,True,True,0.32478442930464319
277,-1.1213796524502837,-6.4000000000000004,29,-0.84103473933771267,-4.7999999999999998,29,-0.28034491311257104,-1.6000000000000005,True,True,True,0.32478442930464319
278,-0.71965508688742919,1.6000000000000001,29,-1.1401724565562854,-0.80000000000000004,29,0.42051736966885622,2.4000000000000004,True,True,True,0.32478442930464319
279,-0.1897413151655718,1.2,29,0.4256467120860703,3,28,-0.6153880272516421,-1.8,True,True,True,0.32478442930464319
280,0.28034491311257093,1.6000000000000001,29,0.2410347393377128,4.7999999999999998,29,0.039310173774858126,-3.1999999999999997,True,True,True,0.32478442930464319
281,0.61538802725164221,1.8,27,0.77607785347678404,5,29,-0.16068982622514183,-3.2000000000000002,True,True,True,0.32478442930464319
282,-0.96068982622514176,-3.2000000000000002,29,0.88547425552978498,2.2000000000000002,28,-1.8461640817549267,-5.4000000000000004,True,True,True,0.32478442930464319
283,-0.22564671208607034,-3,27,0.080344913112570859,1.6000000000000001,29,-0.3059916251986412,-4.5999999999999996,True,True,True,0.32478442930464319
284,0.39487065758278594,-0.59999999999999998,30,-0.91112096761585537,-5.2000000000000002,30,1.3059916251986414,4.6000000000000005,True,True,True,0.32478442930464319
285,0.1658191686423558,3.7999999999999998,29,-0.049568858609286393,2,28,0.21538802725164219,1.7999999999999998,True,True,True,0.32478442930464319
286,-0.12991377172185728,0.40000000000000002,27,1.1743532879139296,-3,30,-1.3042670596357868,3.3999999999999999,True,True,True,0.32478442930464319
287,0.69573294036421318,3.3999999999999999,29,0.13504311413907139,0.20000000000000001,30,0.56068982622514185,3.1999999999999997,True,True,True,0.32478442930464319
288,-0.76581916864235589,-3.7999999999999998,30,-0.43590539692049868,-4.2000000000000002,30,-0.32991377172185721,0.40000000000000036,True,True,True,0.32478442930464319
289,-0.62051736966885629,-2.3999999999999999,28,-0.029051488940430303,4.4000000000000004,30,-0.59146588072842599,-6.8000000000000007,True,True,True,0.32478442930464319
290,0.96068982622514176,3.2000000000000002,29,0.77948263033114362,-2.3999999999999999,31,0.18120719589399814,5.5999999999999996,True,True,True,0.32478442930464319
291,-0.22564671208607034,-3,31,-1.3093964020530009,2.7999999999999998,30,1.0837496899669306,-5.7999999999999998,True,True,True,0.32478442930464319
292,0.84616408175492674,5.4000000000000004,30,-0.81538802725164217,-1.8,30,1.661552109006569,7.2000000000000002,True,True,True,0.32478442930464319
293,0.20512934241721412,0.59999999999999998,30,0.13504311413907139,0.20000000000000001,28,0.070086228278142731,0.39999999999999997,True,True,True,0.32478442930464319
294,0.070086228278142731,0.40000000000000002,31,0.10086228278142717,4,30,-0.030776054503284439,-3.6000000000000001,True,True,True,0.32478442930464319
295,0.9709485110595697,4.4000000000000004,30,-0.31452574447021509,2.2000000000000002,30,1.2854742555297847,2.2000000000000002,True,True,True,0.32478442930464319
296,-0.0051293424172141056,-0.59999999999999998,31,0.21879280410600166,-5.5999999999999996,28,-0.22392214652321576,5,True,True,True,0.32478442930464319
297,0.54017245655628554,0.80000000000000004,30,0.21025868483442817,1.2,29,0.32991377172185737,-0.39999999999999991,True,True,True,0.32478442930464319
298,-0.76581916864235589,-3.7999999999999998,29,-0.10086228278142717,-4,29,-0.66495688586092871,0.20000000000000018,True,True,True,0.32478442930464319
299,-0.54017245655628554,-0.80000000000000004,31,0.27521557069535679,1,32,-0.81538802725164228,-1.8,True,True,True,0.32478442930464319
300,-0.26495688586092864,0.20000000000000001,30,-0.62051736966885629,-2.3999999999999999,31,0.35556048380792765,2.6000000000000001,True,True,True,0.32478442930464319
301,-0.30426705963578682,3.3999999999999999,31,1.1658191686423558,3.7999999999999998,31,-1.4700862282781426,-0.39999999999999991,True,True,True,0.32478442930464319
302,-0.49060359794699904,-2.7999999999999998,30,-0.06495688586092864,0.20000000000000001,31,-0.42564671208607041,-3,True,True,True,0.32478442930464319
303,-1.1897413151655718,1.2,31,0.090603597946999126,2.7999999999999998,30,-1.2803449131125708,-1.5999999999999999,True,True,True,0.32478442930464319
304,-0.8102586848344282,-1.2,31,0.24956885860928635,-2,32,-1.0598275434437145,0.80000000000000004,True,True,True,0.32478442930464319
305,1.3196550868874293,-1.6000000000000001,32,0,0,32,1.3196550868874293,-1.6000000000000001,True,True,True,0.32478442930464319
306,0.72478442930464326,-1,29,1.0153880272516425,1.8,31,-0.29060359794699919,-2.7999999999999998,True,True,True,0.32478442930464319
307,-0.36409460307950137,4.2000000000000002,31,1.2359053969204987,4.2000000000000002,31,-1.6000000000000001,0,True,True,True,0.32478442930464319
308,-0.23077605450328442,-3.6000000000000001,31,-0.76068982622514181,-3.2000000000000002,30,0.52991377172185739,-0.39999999999999991,True,True,True,0.32478442930464319
309,-0.53504311413907135,-0.20000000000000001,32,-0.080344913112570859,-1.6000000000000001,32,-0.45469820102650049,1.4000000000000001,True,True,True,0.32478442930464319
310,-1.4256467120860703,-3,32,-0.92478442930464322,1,31,-0.50086228278142708,-4,True,True,True,0.32478442930464319
311,1.6153880272516425,1.8,32,-0.15043114139071367,-2,32,1.7658191686423561,3.7999999999999998,True,True,True,0.32478442930464319
312,-1.2153880272516422,-1.8,32,1.0803449131125711,1.6000000000000001,33,-2.2957329403642133,-3.4000000000000004,True,True,True,0.32478442930464319
313,-0.67008622827814279,-0.40000000000000002,32,0.78461197274835781,-1.8,30,-1.4546982010265006,1.3999999999999999,True,True,True,0.32478442930464319
314,-0.015388027251642233,-1.8,33,-0.89060359794699917,-2.7999999999999998,31,0.87521557069535694,0.99999999999999978,True,True,True,0.32478442930464319
315,0.94530179897349953,1.3999999999999999,32,-0.5948706575827859,0.59999999999999998,33,1.5401724565562853,0.79999999999999993,True,True,True,0.32478442930464319
316,0.44103473933771276,4.7999999999999998,31,-1.3948706575827858,0.59999999999999998,32,1.8359053969204986,4.2000000000000002,True,True,True,0.32478442930464319
317,0.31965508688742911,-1.6000000000000001,31,0.70939640205300081,-2.7999999999999998,31,-0.3897413151655717,1.1999999999999997,True,True,True,0.32478442930464319
318,-0.29400837480135866,4.5999999999999996,32,-0.075215570695356837,-1,33,-0.21879280410600183,5.5999999999999996,True,True,True,0.32478442930464319
319,-1.0598275434437145,0.80000000000000004,33,0.47521557069535686,1,32,-1.5350431141390715,-0.19999999999999996,True,True,True,0.32478442930464319
320,0.10426705963578686,-3.3999999999999999,32,-0.75043114139071354,-2,33,0.8546982010265004,-1.3999999999999999,True,True,True,0.32478442930464319
321,-0.78974131516557189,1.2,33,-1.0546982010265005,1.3999999999999999,34,0.26495688586092858,-0.19999999999999996,True,True,True,0.32478442930464319
322,0.75043114139071354,2,34,1.7453017989734998,1.3999999999999999,33,-0.99487065758278626,0.60000000000000009,True,True,True,0.32478442930464319
323,0.78461197274835781,-1.8,32,-1.5794826303311438,2.3999999999999999,32,2.3640946030795016,-4.2000000000000002,True,True,True,0.32478442930464319
324,0.23590539692049872,4.2000000000000002,33,-0.95556048380792769,-2.6000000000000001,33,1.1914658807284264,6.8000000000000007,True,True,True,0.32478442930464319
325,0.50939640205300085,-2.7999999999999998,33,-0.85469820102650051,1.3999999999999999,34,1.3640946030795014,-4.1999999999999993,True,True,True,0.32478442930464319
326,-0.4051293424172141,-0.59999999999999998,34,-0.69060359794699921,-2.7999999999999998,34,0.28547425552978511,2.1999999999999997,True,True,True,0.32478442930464319
327,0.51452574447021515,-2.2000000000000002,33,0.41025868483442823,1.2,33,0.10426705963578692,-3.4000000000000004,True,True,True,0.32478442930464319
328,-0.36922394549671544,3.6000000000000001,32,-0.27008622827814277,-0.40000000000000002,34,-0.099137717218572674,4,True,True,True,0.32478442930464319
329,1.2854742555297849,2.2000000000000002,33,0.45469820102650044,-1.3999999999999999,32,0.83077605450328451,3.6000000000000001,True,True,True,0.32478442930464319
330,0.59999999999999998,0,33,0.78974131516557189,-1.2,33,-0.18974131516557191,1.2,True,True,True,0.32478442930464319
331,-1.3299137717218572,0.40000000000000002,35,-0.50426705963578689,3.3999999999999999,33,-0.82564671208607032,-3,True,True,True,0.32478442930464319
332,-1.724784429304643,1,33,0.37435328791392963,-3,34,-2.0991377172185728,4,True,True,True,0.32478442930464319
333,1.1948706575827859,-0.59999999999999998,34,0.56581916864235593,3.7999999999999998,34,0.62905148894042995,-4.3999999999999995,True,True,True,0.32478442930464319
334,-0.18461197274835772,1.8,35,1.480344913112571,1.6000000000000001,34,-1.6649568858609287,0.19999999999999996,True,True,True,0.32478442930464319
335,-0.36068982622514167,-3.2000000000000002,35,0.070086228278142731,0.40000000000000002,34,-0.43077605450328438,-3.6000000000000001,True,True,True,0.32478442930464319
336,-0.89060359794699917,-2.7999999999999998,34,0.72478442930464326,-1,34,-1.6153880272516425,-1.7999999999999998,True,True,True,0.32478442930464319
337,-0.20000000000000001,0,34,-0.45982754344371457,0.80000000000000004,35,0.25982754344371456,-0.80000000000000004,True,True,True,0.32478442930464319
338,-0.14530179897349954,-1.3999999999999999,33,-0.83418083135764409,3.7999999999999998,34,0.6888790323841445,-5.1999999999999993,True,True,True,0.32478442930464319
339,1.9299137717218573,-0.40000000000000002,34,0.51965508688742912,-1.6000000000000001,33,1.4102586848344281,1.2000000000000002,True,True,True,0.32478442930464319
340,-0.67008622827814279,-0.40000000000000002,35,-0.58974131516557182,1.2,34,-0.08034491311257097,-1.6000000000000001,True,True,True,0.32478442930464319
341,-1.0051293424172141,-0.59999999999999998,36,0.41538802725164226,1.8,35,-1.4205173696688562,-2.3999999999999999,True,True,True,0.32478442930464319
342,0.21025868483442817,1.2,36,-0.23590539692049872,-4.2000000000000002,36,0.44616408175492689,5.4000000000000004,True,True,True,0.32478442930464319
343,-0.1196550868874291,1.6000000000000001,36,-0.20512934241721412,-0.59999999999999998,37,0.08547425552978502,2.2000000000000002,True,True,True,0.32478442930464319
344,0.40000000000000002,0,35,-1.1247844293046432,1,34,1.5247844293046433,-1,True,True,True,0.32478442930464319
345,-0.36922394549671544,3.6000000000000001,35,-0.41538802725164226,-1.8,35,0.046164081754926811,5.4000000000000004,True,True,True,0.32478442930464319
346,-0.054698201026500415,1.3999999999999999,35,-1.0957329403642133,-3.3999999999999999,35,1.0410347393377128,4.7999999999999998,True,True,True,0.32478442930464319
347,0.82564671208607043,3,35,1.8,0,35,-0.97435328791392961,3,True,True,True,0.32478442930464319
348,-0.17948263033114364,2.3999999999999999,35,0.64956885860928637,-2,35,-0.82905148894043001,4.4000000000000004,True,True,True,0.32478442930464319
349,0.31452574447021509,-2.2000000000000002,34,0.12478442930464317,-1,34,0.18974131516557191,-1.2000000000000002,True,True,True,0.32478442930464319
350,1.3008622827814273,4,35,0.61025868483442824,1.2,36,0.6906035979469991,2.7999999999999998,True,True,True,0.32478442930464319
351,0.17435328791392957,-3,35,-0.4051293424172141,-0.59999999999999998,36,0.57948263033114367,-2.3999999999999999,True,True,True,0.32478442930464319
352,-0.71965508688742919,1.6000000000000001,35,0.49060359794699904,2.7999999999999998,36,-1.2102586848344283,-1.1999999999999997,True,True,True,0.32478442930464319
353,0.57435328791392959,-3,36,-0.85469820102650051,1.3999999999999999,36,1.4290514889404302,-4.4000000000000004,True,True,True,0.32478442930464319
354,-0.41025868483442823,-1.2,35,-0.69060359794699921,-2.7999999999999998,36,0.28034491311257098,1.5999999999999999,True,True,True,0.32478442930464319
355,-0.57094851105956979,-4.4000000000000004,36,0.84956885860928644,-2,35,-1.4205173696688562,-2.4000000000000004,True,True,True,0.32478442930464319
356,0.044439516192072315,-2.6000000000000001,36,1.8359053969204988,4.2000000000000002,36,-1.7914658807284265,-6.8000000000000007,True,True,True,0.32478442930464319
357,1.3247844293046431,-1,36,-0.16922394549671549,3.6000000000000001,36,1.4940083748013586,-4.5999999999999996,True,True,True,0.32478442930464319
358,-0.58974131516557182,1.2,36,-0.71452574447021511,2.2000000000000002,36,0.12478442930464329,-1.0000000000000002,True,True,True,0.32478442930464319
359,0.25982754344371456,-0.80000000000000004,36,0.015388027251642233,1.8,37,0.24443951619207233,-2.6000000000000001,True,True,True,0.32478442930464319
360,0.039310173774858237,-3.2000000000000002,37,0.35043114139071363,2,37,-0.31112096761585539,-5.2000000000000002,True,True,True,0.32478442930464319
361,0.80000000000000004,0,37,0.3350431141390714,0.20000000000000001,36,0.46495688586092865,-0.20000000000000001,True,True,True,0.32478442930464319
362,0.094008374801358707,-4.5999999999999996,37,-0.12991377172185728,0.40000000000000002,36,0.22392214652321599,-5,True,True,True,0.32478442930464319
363,0.19487065758278591,-0.59999999999999998,37,2.5709485110595698,4.4000000000000004,37,-2.3760778534767839,-5,True,True,True,0.32478442930464319
364,-0.82564671208607043,-3,37,-1.365819168642356,-3.7999999999999998,37,0.54017245655628554,0.79999999999999982,True,True,True,0.32478442930464319
365,-0.070086228278142731,-0.40000000000000002,37,-0.24443951619207238,2.6000000000000001,37,0.17435328791392965,-3,True,True,True,0.32478442930464319
366,-0.41538802725164226,-1.8,37,0.49573294036421323,3.3999999999999999,37,-0.91112096761585548,-5.2000000000000002,True,True,True,0.32478442930464319
367,0.4051293424172141,0.59999999999999998,37,0.13504311413907139,0.20000000000000001,37,0.27008622827814271,0.39999999999999997,True,True,True,0.32478442930464319
368,-0.24443951619207238,2.6000000000000001,37,0.54017245655628554,0.80000000000000004,37,-0.78461197274835792,1.8,True,True,True,0.32478442930464319
369,0.1897413151655718,-1.2,37,-0.51452574447021515,2.2000000000000002,37,0.70426705963578695,-3.4000000000000004,True,True,True,0.32478442930464319
370,-0.78461197274835781,1.8,38,0.52991377172185727,-0.40000000000000002,38,-1.314525744470215,2.2000000000000002,True,True,True,0.32478442930464319
371,0.075215570695356837,1,38,-0.23590539692049872,-4.2000000000000002,38,0.31112096761585556,5.2000000000000002,True,True,True,0.32478442930464319
372,0.41025868483442823,1.2,38,0.5948706575827859,-0.59999999999999998,38,-0.18461197274835767,1.7999999999999998,True,True,True,0.32478442930464319
373,0.1897413151655718,-1.2,38,0.32478442930464319,-1,38,-0.13504311413907139,-0.19999999999999996,True,True,True,0.32478442930464319
374,-0.63931017377485821,3.2000000000000002,38,-0.44103473933771276,-4.7999999999999998,38,-0.19827543443714546,8,True,True,True,0.32478442930464319
375,-0.57948263033114356,2.3999999999999999,38,-0.81538802725164217,-1.8,38,0.23590539692049861,4.2000000000000002,True,True,True,0.32478442930464319
376,0.86495688586092867,-0.20000000000000001,38,-0.81538802725164217,-1.8,38,1.6803449131125707,1.6000000000000001,True,True,True,0.32478442930464319
377,-0.039310173774858237,3.2000000000000002,38,-0.88547425552978498,-2.2000000000000002,38,0.84616408175492674,5.4000000000000004,True,True,True,0.32478442930464319
378,1.8410347393377127,4.7999999999999998,38,0.21025868483442817,1.2,38,1.6307760545032846,3.5999999999999996,True,True,True,0.32478442930464319
379,-1.3606898262251417,-3.2000000000000002,38,0.42051736966885633,2.3999999999999999,38,-1.7812071958939981,-5.5999999999999996,True,True,True,0.32478442930464319
380,,,1,,,1,,,False,False,False,0.32478442930464319
381,,,1,,,1,,,False,False,False,0.32478442930464319
382,,,1,,,1,,,False,False,False,0.32478442930464319
383,,,1,,,1,,,False,False,False,0.32478442930464319
384,,,1,,,1,,,False,False,False,0.32478442930464319
385,,,1,,,1,,,False,False,False,0.32478442930464319
386,,,1,,,1,,,False,False,False,0.32478442930464319
387,,,1,,,1,,,False,False,False,0.32478442930464319
388,,,1,,,1,,,False,False,False,0.32478442930464319
389,,,1,,,1,,,False,False,False,0.32478442930464319
390,,,2,,,2,,,False,False,False,0.32478442930464319
391,,,2,,,2,,,False,False,False,0.32478442930464319
392,,,2,,,2,,,False,False,False,0.32478442930464319
393,,,2,,,2,,,False,False,False,0.32478442930464319
394,,,2,,,2,,,False,False,False,0.32478442930464319
395,,,2,,,2,,,False,False,False,0.32478442930464319
396,,,2,,,2,,,False,False,False,0.32478442930464319
397,,,2,,,2,,,False,False,False,0.32478442930464319
398,,,2,,,2,,,False,False,False,0.32478442930464319
399,,,2,,,2,,,False,False,False,0.32478442930464319
400,,,3,,,3,,,False,False,False,0.32478442930464319
401,,,3,,,3,,,False,False,False,0.32478442930464319
402,,,3,,,3,,,False,False,False,0.32478442930464319
403,,,3,,,3,,,False,False,False,0.32478442930464319
404,,,3,,,3,,,False,False,False,0.32478442930464319
405,,,3,,,3,,,False,False,False,0.32478442930464319
406,,,3,,,3,,,False,False,False,0.32478442930464319
407,,,3,,,3,,,False,False,False,0.32478442930464319
408,,,3,,,3,,,False,False,False,0.32478442930464319
409,,,3,,,3,,,False,False,False,0.32478442930464319
410,,,4,,,4,,,False,False,False,0.32478442930464319
411,,,4,,,4,,,False,False,False,0.32478442930464319
412,,,4,,,4,,,False,False,False,0.32478442930464319
413,,,4,,,4,,,False,False,False,0.32478442930464319
414,,,4,,,4,,,False,False,False,0.32478442930464319
415,,,4,,,4,,,False,False,False,0.32478442930464319
416,,,4,,,4,,,False,False,False,0.32478442930464319
417,,,4,,,4,,,False,False,False,0.32478442930464319
418,,,4,,,4,,,False,False,False,0.32478442930464319
419,,,4,,,4,,,False,False,False,0.32478442930464319
420,,,5,,,5,,,False,False,False,0.32478442930464319
421,,,5,,,5,,,False,False,False,0.32478442930464319
422,,,5,,,5,,,False,False,False,0.32478442930464319
423,,,5,,,5,,,False,False,False,0.32478442930464319
424,,,5,,,5,,,False,False,False,0.32478442930464319
425,,,5,,,5,,,False,False,False,0.32478442930464319
426,,,5,,,5,,,False,False,False,0.32478442930464319
427,,,5,,,5,,,False,False,False,0.32478442930464319
428,,,5,,,5,,,False,False,False,0.32478442930464319
429,,,5,,,5,,,False,False,False,0.32478442930464319
430,-0.35043114139071363,-2,6,1.3709485110595696,4.4000000000000004,6,-1.7213796524502833,-6.4000000000000004,True,True,True,0.32478442930464319
431,0.98974131516557184,-1.2,6,0.4051293424172141,0.59999999999999998,6,0.58461197274835774,-1.7999999999999998,True,True,True,0.32478442930464319
432,0.1196550868874291,-1.6000000000000001,6,-0.67008622827814279,-0.40000000000000002,6,0.78974131516557189,-1.2000000000000002,True,True,True,0.32478442930464319
433,-0.40000000000000002,0,6,0.69573294036421318,3.3999999999999999,6,-1.0957329403642131,-3.3999999999999999,True,True,True,0.32478442930464319
434,0.32991377172185732,-0.40000000000000002,6,-0.46495688586092865,0.20000000000000001,6,0.79487065758278597,-0.60000000000000009,True,True,True,0.32478442930464319
435,-0.11112096761585533,-5.2000000000000002,6,-1.3709485110595696,-4.4000000000000004,6,1.2598275434437143,-0.79999999999999982,True,True,True,0.32478442930464319
436,0.22564671208607034,3,6,0.26495688586092864,-0.20000000000000001,6,-0.039310173774858292,3.2000000000000002,True,True,True,0.32478442930464319
437,-0.3350431141390714,-0.20000000000000001,6,-0.20512934241721412,-0.59999999999999998,6,-0.12991377172185728,0.39999999999999997,True,True,True,0.32478442930464319
438,0.14530179897349954,1.3999999999999999,6,-0.80512934241721412,-0.59999999999999998,6,0.95043114139071361,2,True,True,True,0.32478442930464319
439,-0.27008622827814277,-0.40000000000000002,6,0.43590539692049868,4.2000000000000002,6,-0.70599162519864145,-4.6000000000000005,True,True,True,0.32478442930464319
440,0.17948263033114364,-2.3999999999999999,7,-0.12991377172185728,0.40000000000000002,7,0.3093964020530009,-2.7999999999999998,True,True,True,0.32478442930464319
441,-0.56068982622514185,-3.2000000000000002,7,0.45469820102650044,-1.3999999999999999,7,-1.0153880272516422,-1.8000000000000003,True,True,True,0.32478442930464319
442,0.77435328791392966,-3,7,-1.5059916251986414,-4.5999999999999996,7,2.2803449131125708,1.5999999999999996,True,True,True,0.32478442930464319
443,-0.23931017377485819,3.2000000000000002,7,-0.82051736966885647,-2.3999999999999999,7,0.58120719589399827,5.5999999999999996,True,True,True,0.32478442930464319
444,0.12991377172185728,-0.40000000000000002,7,0.84103473933771267,4.7999999999999998,7,-0.71112096761585541,-5.2000000000000002,True,True,True,0.32478442930464319
445,1.3299137717218572,-0.40000000000000002,7,-0.16922394549671549,3.6000000000000001,7,1.4991377172185727,-4,True,True,True,0.32478442930464319
446,-0.0051293424172141056,-0.59999999999999998,7,-0.53504311413907135,-0.20000000000000001,7,0.52991377172185727,-0.39999999999999997,True,True,True,0.32478442930464319
447,0.030776054503284467,3.6000000000000001,8,0.4307760545032846,3.6000000000000001,8,-0.40000000000000013,0,True,True,True,0.32478442930464319
448,-0.83590539692049881,-4.2000000000000002,8,0.44956885860928636,-2,8,-1.2854742555297851,-2.2000000000000002,True,True,True,0.32478442930464319
449,-0.25982754344371456,0.80000000000000004,7,0.24956885860928635,-2,7,-0.50939640205300085,2.7999999999999998,True,True,True,0.32478442930464319
450,0.5247844293046432,-1,8,0.12478442930464317,-1,8,0.40000000000000002,0,True,True,True,0.32478442930464319
451,0.43590539692049868,4.2000000000000002,7,0.025646712086070389,3,7,0.41025868483442829,1.2000000000000002,True,True,True,0.32478442930464319
452,-0.26495688586092864,0.20000000000000001,8,0.5247844293046432,-1,8,-0.78974131516557189,1.2,True,True,True,0.32478442930464319
453,-0.72991377172185723,0.40000000000000002,8,-0.21025868483442817,-1.2,8,-0.51965508688742901,1.6000000000000001,True,True,True,0.32478442930464319
454,-0.39487065758278594,0.59999999999999998,7,0.049568858609286393,-2,8,-0.44443951619207234,2.6000000000000001,True,True,True,0.32478442930464319
455,0.64103473933771293,4.7999999999999998,8,0.20000000000000001,0,7,0.44103473933771292,4.7999999999999998,True,True,True,0.32478442930464319
456,-1.2854742555297849,-2.2000000000000002,8,-0.63590539692049863,-4.2000000000000002,8,-0.64956885860928626,2,True,True,True,0.32478442930464319
457,-0.36581916864235597,-3.7999999999999998,9,-0.67521557069535687,-1,9,0.3093964020530009,-2.7999999999999998,True,True,True,0.32478442930464319
458,0.48034491311257088,1.6000000000000001,8,0.28547425552978489,2.2000000000000002,9,0.19487065758278599,-0.60000000000000009,True,True,True,0.32478442930464319
459,0.31965508688742911,-1.6000000000000001,8,-0.41025868483442823,-1.2,9,0.72991377172185734,-0.40000000000000013,True,True,True,0.32478442930464319
460,1.3709485110595696,4.4000000000000004,9,-0.59999999999999998,0,9,1.9709485110595697,4.4000000000000004,True,True,True,0.32478442930464319
461,-0.1196550868874291,1.6000000000000001,9,0.19487065758278591,-0.59999999999999998,9,-0.31452574447021497,2.2000000000000002,True,True,True,0.32478442930464319
462,-0.23418083135764411,3.7999999999999998,9,0.43590539692049868,4.2000000000000002,8,-0.67008622827814279,-0.40000000000000036,True,True,True,0.32478442930464319
463,-0.5247844293046432,1,8,0.059827543443714548,-0.80000000000000004,8,-0.58461197274835774,1.8,True,True,True,0.32478442930464319
464,0.98461197274835777,-1.8,9,0.3350431141390714,0.20000000000000001,8,0.64956885860928637,-2,True,True,True,0.32478442930464319
465,0.070086228278142731,0.40000000000000002,9,0.56922394549671551,-3.6000000000000001,9,-0.49913771721857281,4,True,True,True,0.32478442930464319
466,-1.3709485110595696,-4.4000000000000004,9,-0.20000000000000001,0,9,-1.1709485110595697,-4.4000000000000004,True,True,True,0.32478442930464319
467,-0.54017245655628554,-0.80000000000000004,10,-0.24956885860928635,2,9,-0.29060359794699919,-2.7999999999999998,True,True,True,0.32478442930464319
468,0.43418083135764407,-3.7999999999999998,10,1.0495688586092864,-2,10,-0.61538802725164232,-1.7999999999999998,True,True,True,0.32478442930464319
469,-0.61025868483442824,-1.2,10,-0.52991377172185727,0.40000000000000002,9,-0.08034491311257097,-1.6000000000000001,True,True,True,0.32478442930464319
470,0.54017245655628554,0.80000000000000004,10,1.0444395161920723,-2.6000000000000001,10,-0.50426705963578677,3.4000000000000004,True,True,True,0.32478442930464319
471,-0.81538802725164217,-1.8,10,-1.4256467120860703,-3,10,0.61025868483442813,1.2,True,True,True,0.32478442930464319
472,0.12991377172185728,-0.40000000000000002,10,1,0,9,-0.87008622827814275,-0.40000000000000002,True,True,True,0.32478442930464319
473,-0.48034491311257088,-1.6000000000000001,9,-0.16922394549671549,3.6000000000000001,10,-0.31112096761585539,-5.2000000000000002,True,True,True,0.32478442930464319
474,0.76068982622514181,3.2000000000000002,9,1.4461640817549268,5.4000000000000004,10,-0.68547425552978503,-2.2000000000000002,True,True,True,0.32478442930464319
475,0.14017245655628546,0.80000000000000004,9,0.61538802725164221,1.8,10,-0.47521557069535675,-1,True,True,True,0.32478442930464319
476,-0.74530179897349957,-1.3999999999999999,10,-0.18461197274835772,1.8,10,-0.56068982622514185,-3.2000000000000002,True,True,True,0.32478442930464319
477,-0.97948263033114369,2.3999999999999999,10,-0.94530179897349953,-1.3999999999999999,11,-0.034180831357644159,3.7999999999999998,True,True,True,0.32478442930464319
478,-0.06495688586092864,0.20000000000000001,10,-0.48547425552978485,-2.2000000000000002,11,0.42051736966885622,2.4000000000000004,True,True,True,0.32478442930464319
479,0.78974131516557189,-1.2,11,-1.0102586848344282,-1.2,11,1.8,0,True,True,True,0.32478442930464319
480,0.054698201026500415,-1.3999999999999999,11,1.2649568858609286,-0.20000000000000001,10,-1.2102586848344281,-1.2,True,True,True,0.32478442930464319
481,0.070086228278142731,0.40000000000000002,10,0.075215570695356837,1,11,-0.0051293424172141056,-0.59999999999999998,True,True,True,0.32478442930464319
482,0.0051293424172141056,0.59999999999999998,10,0.48547425552978485,2.2000000000000002,11,-0.48034491311257077,-1.6000000000000001,True,True,True,0.32478442930464319
483,0.55556048380792755,2.6000000000000001,11,0.90426705963578691,-3.3999999999999999,11,-0.34870657582785936,6,True,True,True,0.32478442930464319
484,0.29913771721857274,-4,11,-0.65469820102650045,1.3999999999999999,11,0.95383591824507319,-5.4000000000000004,True,True,True,0.32478442930464319
485,-0.67008622827814279,-0.40000000000000002,11,-0.61025868483442824,-1.2,10,-0.059827543443714548,0.79999999999999993,True,True,True,0.32478442930464319
486,1.2700862282781427,0.40000000000000002,11,-0.31452574447021509,2.2000000000000002,11,1.5846119727483576,-1.8000000000000003,True,True,True,0.32478442930464319
487,0.63931017377485821,-3.2000000000000002,12,0.20000000000000001,0,11,0.4393101737748582,-3.2000000000000002,True,True,True,0.32478442930464319
488,0.30599162519864143,4.5999999999999996,11,-1.1692239454967155,3.6000000000000001,11,1.4752155706953569,0.99999999999999956,True,True,True,0.32478442930464319
489,-0.29060359794699908,-2.7999999999999998,12,0.070086228278142731,0.40000000000000002,11,-0.36068982622514179,-3.1999999999999997,True,True,True,0.32478442930464319
490,-1.3196550868874293,1.6000000000000001,12,-0.41538802725164226,-1.8,12,-0.90426705963578702,3.4000000000000004,True,True,True,0.32478442930464319
491,-0.88034491311257079,-1.6000000000000001,11,0.51452574447021515,-2.2000000000000002,12,-1.3948706575827861,0.60000000000000009,True,True,True,0.32478442930464319
492,-0.67521557069535687,-1,12,0.22051736966885638,2.3999999999999999,11,-0.89573294036421325,-3.3999999999999999,True,True,True,0.32478442930464319
493,0.85982754344371459,-0.80000000000000004,12,0.30086228278142735,4,12,0.55896526066228724,-4.7999999999999998,True,True,True,0.32478442930464319
494,-0.82051736966885647,-2.3999999999999999,12,-0.059827543443714548,0.80000000000000004,12,-0.76068982622514192,-3.2000000000000002,True,True,True,0.32478442930464319
495,0.3350431141390714,0.20000000000000001,12,0.38974131516557181,-1.2,12,-0.054698201026500415,1.3999999999999999,True,True,True,0.32478442930464319
496,-0.20512934241721412,-0.59999999999999998,13,0.1196550868874291,-1.6000000000000001,13,-0.32478442930464324,1,True,True,True,0.32478442930464319
497,-0.42051736966885633,-2.3999999999999999,13,-1.4752155706953569,-1,13,1.0546982010265005,-1.3999999999999999,True,True,True,0.32478442930464319
498,-1.5846119727483576,1.8,12,1.3299137717218572,-0.40000000000000002,12,-2.9145257444702146,2.2000000000000002,True,True,True,0.32478442930464319
499,0.054698201026500415,-1.3999999999999999,12,-0.60512934241721417,-0.59999999999999998,13,0.65982754344371464,-0.79999999999999993,True,True,True,0.32478442930464319
500,0.77435328791392966,-3,13,0.64956885860928637,-2,13,0.12478442930464329,-1,True,True,True,0.32478442930464319
501,1.3453017989734997,1.3999999999999999,13,0.77094851105956996,4.4000000000000004,12,0.5743532879139297,-3.0000000000000004,True,True,True,0.32478442930464319
502,0.19487065758278591,-0.59999999999999998,12,-0.61025868483442824,-1.2,12,0.80512934241721412,0.59999999999999998,True,True,True,0.32478442930464319
503,0.76068982622514181,3.2000000000000002,13,-1.1093964020530009,2.7999999999999998,13,1.8700862282781427,0.40000000000000036,True,True,True,0.32478442930464319
504,0.4256467120860703,3,12,-0.15043114139071367,-2,13,0.57607785347678397,5,True,True,True,0.32478442930464319
505,-0.77948263033114362,2.3999999999999999,12,1,0,13,-1.7794826303311435,2.3999999999999999,True,True,True,0.32478442930464319
506,0.51452574447021515,-2.2000000000000002,14,0.60512934241721417,0.59999999999999998,14,-0.090603597946999015,-2.8000000000000003,True,True,True,0.32478442930464319
507,-0.54017245655628554,-0.80000000000000004,13,-0.4051293424172141,-0.59999999999999998,14,-0.13504311413907144,-0.20000000000000007,True,True,True,0.32478442930464319
508,0.76068982622514181,3.2000000000000002,13,0.65982754344371464,-0.80000000000000004,14,0.10086228278142717,4,True,True,True,0.32478442930464319
509,-0.090603597946999126,-2.7999999999999998,14,-0.16068982622514172,-3.2000000000000002,14,0.070086228278142593,0.40000000000000036,True,True,True,0.32478442930464319
510,-1.205129342417214,-0.59999999999999998,14,-1.1794826303311436,2.3999999999999999,13,-0.025646712086070389,-3,True,True,True,0.32478442930464319
511,-1.0649568858609286,0.20000000000000001,14,0.020517369668856422,2.3999999999999999,13,-1.0854742555297849,-2.1999999999999997,True,True,True,0.32478442930464319
512,0.65982754344371464,-0.80000000000000004,13,0.63077605450328456,3.6000000000000001,13,0.029051488940430081,-4.4000000000000004,True,True,True,0.32478442930464319
513,-0.60512934241721417,-0.59999999999999998,14,1.0906035979469992,2.7999999999999998,14,-1.6957329403642134,-3.3999999999999999,True,True,True,0.32478442930464319
514,0.13504311413907139,0.20000000000000001,14,-0.20000000000000001,0,13,0.3350431141390714,0.20000000000000001,True,True,True,0.32478442930464319
515,0.3350431141390714,0.20000000000000001,14,0.51965508688742912,-1.6000000000000001,13,-0.18461197274835772,1.8,True,True,True,0.32478442930464319
516,-1,0,15,0.57435328791392959,-3,15,-1.5743532879139295,3,True,True,True,0.32478442930464319
517,-0.12478442930464317,1,14,-0.98974131516557184,1.2,15,0.86495688586092867,-0.19999999999999996,True,True,True,0.32478442930464319
518,0.29573294036421305,3.3999999999999999,14,0.76922394549671547,-3.6000000000000001,15,-0.47349100513250242,7,True,True,True,0.32478442930464319
519,1.1504311413907136,2,15,0.24956885860928635,-2,14,0.90086228278142721,4,True,True,True,0.32478442930464319
520,-0.35043114139071363,-2,15,0.32478442930464319,-1,14,-0.67521557069535687,-1,True,True,True,0.32478442930464319
521,-0.26495688586092864,0.20000000000000001,15,-0.075215570695356837,-1,14,-0.1897413151655718,1.2,True,True,True,0.32478442930464319
522,0.38461197274835773,-1.8,15,0.88034491311257079,1.6000000000000001,15,-0.49573294036421306,-3.4000000000000004,True,True,True,0.32478442930464319
523,-0.93504311413907137,-0.20000000000000001,15,0.75556048380792773,2.6000000000000001,14,-1.6906035979469991,-2.8000000000000003,True,True,True,0.32478442930464319
524,-0.90939640205300087,2.7999999999999998,14,-0.79487065758278586,0.59999999999999998,15,-0.11452574447021502,2.1999999999999997,True,True,True,0.32478442930464319
525,0.6649568858609286,-0.20000000000000001,15,-0.38461197274835773,1.8,14,1.0495688586092864,-2,True,True,True,0.32478442930464319
526,1.0854742555297849,2.2000000000000002,15,-0.27521557069535679,-1,16,1.3606898262251417,3.2000000000000002,True,True,True,0.32478442930464319
527,0,0,16,-0.31452574447021509,2.2000000000000002,15,0.31452574447021509,-2.2000000000000002,True,True,True,0.32478442930464319
528,0.17948263033114364,-2.3999999999999999,16,-0.20512934241721412,-0.59999999999999998,16,0.38461197274835779,-1.7999999999999998,True,True,True,0.32478442930464319
529,-0.0051293424172141056,-0.59999999999999998,15,0.46495688586092865,-0.20000000000000001,16,-0.47008622827814273,-0.39999999999999997,True,True,True,0.32478442930464319
530,0.3093964020530009,-2.7999999999999998,16,-1.4051293424172142,-0.59999999999999998,16,1.7145257444702151,-2.1999999999999997,True,True,True,0.32478442930464319
531,1.5401724565562855,0.80000000000000004,16,1.2854742555297849,2.2000000000000002,16,0.25469820102650065,-1.4000000000000001,True,True,True,0.32478442930464319
532,-1,0,16,-0.44956885860928636,2,15,-0.5504311413907137,-2,True,True,True,0.32478442930464319
533,-0.48034491311257088,-1.6000000000000001,15,-0.65982754344371464,0.80000000000000004,16,0.17948263033114376,-2.4000000000000004,True,True,True,0.32478442930464319
534,-0.31452574447021509,2.2000000000000002,15,-0.080344913112570859,-1.6000000000000001,16,-0.23418083135764423,3.8000000000000003,True,True,True,0.32478442930464319
535,0.1196550868874291,-1.6000000000000001,15,-0.054698201026500415,1.3999999999999999,15,0.17435328791392951,-3,True,True,True,0.32478442930464319
536,-0.049568858609286393,2,16,0.67008622827814279,0.40000000000000002,17,-0.71965508688742919,1.6000000000000001,True,True,True,0.32478442930464319
537,-0.67008622827814279,-0.40000000000000002,17,0.37435328791392963,-3,17,-1.0444395161920723,2.6000000000000001,True,True,True,0.32478442930464319
538,-0.79487065758278586,0.59999999999999998,17,-0.090603597946999126,-2.7999999999999998,16,-0.70426705963578673,3.3999999999999999,True,True,True,0.32478442930464319
539,0.4051293424172141,0.59999999999999998,16,1.2205173696688565,2.3999999999999999,16,-0.81538802725164239,-1.7999999999999998,True,True,True,0.32478442930464319
540,-0.1196550868874291,1.6000000000000001,17,-1.6000000000000001,0,17,1.480344913112571,1.6000000000000001,True,True,True,0.32478442930464319
541,0.28547425552978489,2.2000000000000002,16,-0.080344913112570859,-1.6000000000000001,17,0.36581916864235575,3.8000000000000003,True,True,True,0.32478442930464319
542,1.7504311413907137,2,17,0.70426705963578684,-3.3999999999999999,16,1.0461640817549269,5.4000000000000004,True,True,True,0.32478442930464319
543,-0.87521557069535683,-1,17,0.080344913112570859,1.6000000000000001,16,-0.95556048380792769,-2.6000000000000001,True,True,True,0.32478442930464319
544,-0.8102586848344282,-1.2,17,-0.14530179897349954,-1.3999999999999999,16,-0.66495688586092871,0.19999999999999996,True,True,True,0.32478442930464319
545,-0.51965508688742912,1.6000000000000001,17,0.26495688586092864,-0.20000000000000001,17,-0.78461197274835781,1.8,True,True,True,0.32478442930464319
546,0.98974131516557184,-1.2,18,0.15556048380792764,2.6000000000000001,17,0.8341808313576442,-3.7999999999999998,True,True,True,0.32478442930464319
547,1.4906035979469991,2.7999999999999998,17,1.2906035979469994,2.7999999999999998,18,0.19999999999999973,0,True,True,True,0.32478442930464319
548,-0.29060359794699908,-2.7999999999999998,18,0.4051293424172141,0.59999999999999998,17,-0.69573294036421318,-3.3999999999999999,True,True,True,0.32478442930464319
549,-0.20000000000000001,0,18,-0.054698201026500415,1.3999999999999999,18,-0.1453017989734996,-1.3999999999999999,True,True,True,0.32478442930464319
550,0.34530179897349961,1.3999999999999999,17,-0.59999999999999998,0,18,0.94530179897349953,1.3999999999999999,True,True,True,0.32478442930464319
551,0.25469820102650043,-1.3999999999999999,18,-0.015388027251642233,-1.8,18,0.27008622827814266,0.40000000000000013,True,True,True,0.32478442930464319
552,0.38974131516557181,-1.2,17,-0.58974131516557182,1.2,18,0.97948263033114369,-2.3999999999999999,True,True,True,0.32478442930464319
553,1.1640946030795014,-4.2000000000000002,17,-1.3401724565562856,-0.80000000000000004,18,2.504267059635787,-3.4000000000000004,True,True,True,0.32478442930464319
554,-1.8649568858609287,0.20000000000000001,18,-1.205129342417214,-0.59999999999999998,18,-0.65982754344371464,0.80000000000000004,True,True,True,0.32478442930464319
555,-0.21025868483442817,-1.2,17,-0.11452574447021513,2.2000000000000002,17,-0.095732940364213037,-3.4000000000000004,True,True,True,0.32478442930464319
556,0.53504311413907135,0.20000000000000001,19,0.12478442930464317,-1,18,0.41025868483442818,1.2,True,True,True,0.32478442930464319
557,0.53504311413907135,0.20000000000000001,19,0.44443951619207234,-2.6000000000000001,18,0.090603597946999015,2.8000000000000003,True,True,True,0.32478442930464319
558,1.2598275434437145,-0.80000000000000004,19,-1.0649568858609286,0.20000000000000001,19,2.3247844293046431,-1,True,True,True,0.32478442930464319
559,0.27521557069535679,1,18,0.28034491311257093,1.6000000000000001,18,-0.0051293424172141333,-0.60000000000000009,True,True,True,0.32478442930464319
560,-0.76068982622514181,-3.2000000000000002,19,-1.7350431141390714,-0.20000000000000001,19,0.97435328791392961,-3,True,True,True,0.32478442930464319
561,0.48547425552978485,2.2000000000000002,18,-0.17948263033114364,2.3999999999999999,18,0.66495688586092849,-0.19999999999999973,True,True,True,0.32478442930464319
562,-0.58974131516557182,1.2,19,-0.45982754344371457,0.80000000000000004,19,-0.12991377172185725,0.39999999999999991,True,True,True,0.32478442930464319
563,0.11452574447021513,-2.2000000000000002,19,-0.75043114139071354,-2,19,0.86495688586092867,-0.20000000000000018,True,True,True,0.32478442930464319
564,-0.39487065758278594,0.59999999999999998,19,-0.54530179897349962,-1.3999999999999999,18,0.15043114139071367,2,True,True,True,0.32478442930464319
565,1.1401724565562854,0.80000000000000004,19,1.1948706575827859,-0.59999999999999998,20,-0.05469820102650047,1.3999999999999999,True,True,True,0.32478442930464319
566,0.075215570695356837,1,19,0.81538802725164217,1.8,18,-0.74017245655628527,-0.80000000000000004,True,True,True,0.32478442930464319
567,-0.6854742555297848,-2.2000000000000002,19,0.82564671208607043,3,19,-1.5111209676158552,-5.2000000000000002,True,True,True,0.32478442930464319
568,-0.1897413151655718,1.2,19,-0.31965508688742911,1.6000000000000001,20,0.12991377172185731,-0.40000000000000013,True,True,True,0.32478442930464319
569,-1.0051293424172141,-0.59999999999999998,20,-0.12478442930464317,1,20,-0.8803449131125709,-1.6000000000000001,True,True,True,0.32478442930464319
570,-0.68034491311257084,-1.6000000000000001,20,0.35043114139071363,2,20,-1.0307760545032845,-3.6000000000000001,True,True,True,0.32478442930464319
571,-0.61025868483442824,-1.2,20,0.41538802725164226,1.8,19,-1.0256467120860706,-3,True,True,True,0.32478442930464319
572,0,0,19,-0.059827543443714548,0.80000000000000004,20,0.059827543443714548,-0.80000000000000004,True,True,True,0.32478442930464319
573,-0.93504311413907137,-0.20000000000000001,20,0.3350431141390714,0.20000000000000001,20,-1.2700862282781427,-0.40000000000000002,True,True,True,0.32478442930464319
574,-1.0102586848344282,-1.2,20,-0.88547425552978498,-2.2000000000000002,20,-0.12478442930464317,1.0000000000000002,True,True,True,0.32478442930464319
575,1.2102586848344283,1.2,19,0.82051736966885647,2.3999999999999999,20,0.38974131516557187,-1.2,True,True,True,0.32478442930464319
576,-0.020517369668856422,-2.3999999999999999,19,1.205129342417214,0.59999999999999998,20,-1.2256467120860703,-3,True,True,True,0.32478442930464319
577,0.085474255529784937,2.2000000000000002,20,0.31965508688742911,-1.6000000000000001,20,-0.23418083135764417,3.8000000000000003,True,True,True,0.32478442930464319
578,1.3897413151655718,-1.2,21,-0.52991377172185727,0.40000000000000002,21,1.9196550868874289,-1.6000000000000001,True,True,True,0.32478442930464319
579,-0.32991377172185732,0.40000000000000002,21,1.1743532879139296,-3,22,-1.504267059635787,3.3999999999999999,True,True,True,0.32478442930464319
580,0.3350431141390714,0.20000000000000001,21,-0.88034491311257079,-1.6000000000000001,21,1.2153880272516422,1.8,True,True,True,0.32478442930464319
581,1.4598275434437145,-0.80000000000000004,21,-0.86495688586092867,0.20000000000000001,21,2.3247844293046431,-1,True,True,True,0.32478442930464319
582,0.48547425552978485,2.2000000000000002,20,-1.1504311413907136,-2,21,1.6359053969204984,4.2000000000000002,True,True,True,0.32478442930464319
583,-0.94530179897349953,-1.3999999999999999,21,1.0752155706953568,1,20,-2.0205173696688563,-2.3999999999999999,True,True,True,0.32478442930464319
584,0.41025868483442823,1.2,21,-0.4051293424172141,-0.59999999999999998,21,0.81538802725164228,1.7999999999999998,True,True,True,0.32478442930464319
585,-0.17435328791392957,3,21,-0.34017245655628542,-0.80000000000000004,21,0.16581916864235585,3.7999999999999998,True,True,True,0.32478442930464319
586,0.3794826303311436,-2.3999999999999999,21,-0.3350431141390714,-0.20000000000000001,20,0.714525744470215,-2.1999999999999997,True,True,True,0.32478442930464319
587,-0.25982754344371456,0.80000000000000004,21,-0.34017245655628542,-0.80000000000000004,20,0.080344913112570859,1.6000000000000001,True,True,True,0.32478442930464319
588,-0.0051293424172141056,-0.59999999999999998,22,0.41538802725164226,1.8,21,-0.42051736966885633,-2.3999999999999999,True,True,True,0.32478442930464319
589,0.47521557069535686,1,22,-0.78974131516557189,1.2,21,1.2649568858609288,-0.19999999999999996,True,True,True,0.32478442930464319
590,0.60512934241721417,0.59999999999999998,21,1.9948706575827859,-0.59999999999999998,22,-1.3897413151655718,1.2,True,True,True,0.32478442930464319
591,-0.75556048380792773,-2.6000000000000001,22,-0.6444395161920724,2.6000000000000001,22,-0.11112096761585533,-5.2000000000000002,True,True,True,0.32478442930464319
592,-0.61538802725164221,-1.8,22,0.025646712086070389,3,21,-0.6410347393377126,-4.7999999999999998,True,True,True,0.32478442930464319
593,0.84443951619207236,-2.6000000000000001,23,0.34530179897349961,1.3999999999999999,22,0.49913771721857275,-4,True,True,True,0.32478442930464319
594,-0.14017245655628546,-0.80000000000000004,22,0.5948706575827859,-0.59999999999999998,23,-0.73504311413907142,-0.20000000000000007,True,True,True,0.32478442930464319
595,-1.1948706575827859,0.59999999999999998,22,0.51965508688742912,-1.6000000000000001,22,-1.7145257444702149,2.2000000000000002,True,True,True,0.32478442930464319
596,0.059827543443714548,-0.80000000000000004,22,-0.45982754344371457,0.80000000000000004,22,0.51965508688742912,-1.6000000000000001,True,True,True,0.32478442930464319
597,-0.72478442930464326,1,22,-0.31965508688742911,1.6000000000000001,23,-0.40512934241721416,-0.60000000000000009,True,True,True,0.32478442930464319
598,0.2153880272516423,1.8,22,0.20512934241721412,0.59999999999999998,22,0.010258684834428183,1.2000000000000002,True,True,True,0.32478442930464319
599,-1.0102586848344282,-1.2,21,-0.48034491311257088,-1.6000000000000001,22,-0.52991377172185727,0.40000000000000013,True,True,True,0.32478442930464319
600,0.010258684834428211,1.2,22,0.025646712086070389,3,23,-0.015388027251642178,-1.8,True,True,True,0.32478442930464319
601,-0.010258684834428211,-1.2,23,0.12991377172185728,-0.40000000000000002,23,-0.14017245655628549,-0.79999999999999993,True,True,True,0.32478442930464319
602,1.9846119727483575,-1.8,23,0.44443951619207234,-2.6000000000000001,23,1.5401724565562853,0.80000000000000004,True,True,True,0.32478442930464319
603,-0.094008374801358707,4.5999999999999996,22,0.65469820102650045,-1.3999999999999999,24,-0.74870657582785916,6,True,True,True,0.32478442930464319
604,-0.45469820102650044,1.3999999999999999,23,-1.1299137717218573,0.40000000000000002,23,0.67521557069535687,0.99999999999999989,True,True,True,0.32478442930464319
605,-0.6854742555297848,-2.2000000000000002,23,-0.9299137717218573,0.40000000000000002,23,0.24443951619207249,-2.6000000000000001,True,True,True,0.32478442930464319
606,-0.51452574447021515,2.2000000000000002,23,-0.94017245655628545,-0.80000000000000004,22,0.4256467120860703,3,True,True,True,0.32478442930464319
607,0.27008622827814277,0.40000000000000002,23,0.10599162519864147,4.5999999999999996,24,0.1640946030795013,-4.1999999999999993,True,True,True,0.32478442930464319
608,0.72478442930464326,-1,23,-0.48547425552978485,-2.2000000000000002,23,1.2102586848344281,1.2000000000000002,True,True,True,0.32478442930464319
609,0.14017245655628546,0.80000000000000004,24,0.27008622827814277,0.40000000000000002,23,-0.12991377172185731,0.40000000000000002,True,True,True,0.32478442930464319
610,-0.48034491311257088,-1.6000000000000001,24,0.5247844293046432,-1,23,-1.0051293424172141,-0.60000000000000009,True,True,True,0.32478442930464319
611,0.5247844293046432,-1,25,0.26495688586092864,-0.20000000000000001,24,0.25982754344371456,-0.80000000000000004,True,True,True,0.32478442930464319
612,0.3794826303311436,-2.3999999999999999,24,-0.42392214652321591,5,25,0.80340477685435951,-7.4000000000000004,True,True,True,0.32478442930464319
613,0.70939640205300081,-2.7999999999999998,24,-0.40000000000000002,0,23,1.1093964020530009,-2.7999999999999998,True,True,True,0.32478442930464319
614,-0.53504311413907135,-0.20000000000000001,24,-0.34530179897349961,-1.3999999999999999,24,-0.18974131516557174,1.2,True,True,True,0.32478442930464319
615,-0.60512934241721417,-0.59999999999999998,24,-0.79487065758278586,0.59999999999999998,24,0.18974131516557169,-1.2,True,True,True,0.32478442930464319
616,0.45469820102650044,-1.3999999999999999,24,0,0,24,0.45469820102650044,-1.3999999999999999,True,True,True,0.32478442930464319
617,0.1897413151655718,-1.2,24,0.45982754344371457,-0.80000000000000004,24,-0.27008622827814277,-0.39999999999999991,True,True,True,0.32478442930464319
618,0.12478442930464317,-1,25,0,0,24,0.12478442930464317,-1,True,True,True,0.32478442930464319
619,-0.06495688586092864,0.20000000000000001,25,-0.80000000000000004,0,25,0.73504311413907142,0.20000000000000001,True,True,True,0.32478442930464319
620,-0.51452574447021515,2.2000000000000002,24,0.25982754344371456,-0.80000000000000004,25,-0.77435328791392966,3,True,True,True,0.32478442930464319
621,0.87008622827814275,0.40000000000000002,26,0.24443951619207238,-2.6000000000000001,25,0.62564671208607037,3,True,True,True,0.32478442930464319
622,-0.080344913112570859,-1.6000000000000001,25,1.0341808313576442,-3.7999999999999998,25,-1.114525744470215,2.1999999999999997,True,True,True,0.32478442930464319
623,-0.95896526066228727,4.7999999999999998,23,1.0598275434437145,-0.80000000000000004,25,-2.0187928041060017,5.5999999999999996,True,True,True,0.32478442930464319
624,-0.53504311413907135,-0.20000000000000001,25,-0.21025868483442817,-1.2,25,-0.32478442930464319,1,True,True,True,0.32478442930464319
625,-0.22905148894043026,4.4000000000000004,26,-0.91452574447021506,2.2000000000000002,24,0.6854742555297848,2.2000000000000002,True,True,True,0.32478442930464319
626,-1,0,25,0.5247844293046432,-1,25,-1.5247844293046433,1,True,True,True,0.32478442930464319
627,0.39487065758278594,-0.59999999999999998,26,0.6649568858609286,-0.20000000000000001,26,-0.27008622827814266,-0.39999999999999997,True,True,True,0.32478442930464319
628,-0.37435328791392963,3,25,0.35043114139071363,2,25,-0.72478442930464326,1,True,True,True,0.32478442930464319
629,-0.35043114139071363,-2,25,-1.3299137717218572,0.40000000000000002,26,0.97948263033114358,-2.3999999999999999,True,True,True,0.32478442930464319
630,1.5846119727483576,-1.8,24,0.20512934241721412,0.59999999999999998,26,1.3794826303311436,-2.3999999999999999,True,True,True,0.32478442930464319
631,0.30426705963578682,-3.3999999999999999,26,1.2359053969204987,4.2000000000000002,26,-0.9316383372847119,-7.5999999999999996,True,True,True,0.32478442930464319
632,0.50939640205300085,-2.7999999999999998,26,0.43590539692049868,4.2000000000000002,27,0.073491005132502174,-7,True,True,True,0.32478442930464319
633,-1.3999999999999999,0,27,1.4495688586092865,-2,25,-2.8495688586092864,2,True,True,True,0.32478442930464319
634,-0.015388027251642233,-1.8,26,-0.7589652606622872,4.7999999999999998,24,0.74357723341064497,-6.5999999999999996,True,True,True,0.32478442930464319
635,0.51965508688742912,-1.6000000000000001,26,-0.46495688586092865,0.20000000000000001,26,0.98461197274835777,-1.8,True,True,True,0.32478442930464319
636,0.070086228278142731,0.40000000000000002,27,-0.35043114139071363,-2,26,0.42051736966885633,2.3999999999999999,True,True,True,0.32478442930464319
637,0.40000000000000002,0,27,1.0700862282781427,0.40000000000000002,27,-0.67008622827814268,-0.40000000000000002,True,True,True,0.32478442930464319
638,-0.65469820102650045,1.3999999999999999,26,-0.92478442930464322,1,26,0.27008622827814277,0.39999999999999991,True,True,True,0.32478442930464319
639,-1.1247844293046432,1,25,0.1897413151655718,-1.2,27,-1.314525744470215,2.2000000000000002,True,True,True,0.32478442930464319
640,0.44443951619207234,-2.6000000000000001,26,-0.14530179897349954,-1.3999999999999999,26,0.58974131516557193,-1.2000000000000002,True,True,True,0.32478442930464319
641,-0.4991377172185727,4,25,0.63931017377485821,-3.2000000000000002,27,-1.1384478909934308,7.2000000000000002,True,True,True,0.32478442930464319
642,-0.19487065758278591,0.59999999999999998,27,1.0546982010265005,-1.3999999999999999,26,-1.2495688586092863,2,True,True,True,0.32478442930464319
643,-0.95043114139071372,-2,27,-0.79487065758278586,0.59999999999999998,26,-0.15556048380792786,-2.6000000000000001,True,True,True,0.32478442930464319
644,0.31965508688742911,-1.6000000000000001,27,0.70426705963578684,-3.3999999999999999,27,-0.38461197274835773,1.7999999999999998,True,True,True,0.32478442930464319
645,0.46495688586092865,-0.20000000000000001,27,-0.28034491311257093,-1.6000000000000001,27,0.74530179897349957,1.4000000000000001,True,True,True,0.32478442930464319
646,-0.06495688586092864,0.20000000000000001,27,-1.2546982010265004,1.3999999999999999,28,1.1897413151655718,-1.2,True,True,True,0.32478442930464319
647,-0.13504311413907139,-0.20000000000000001,28,0.010258684834428211,1.2,28,-0.1453017989734996,-1.3999999999999999,True,True,True,0.32478442930464319
648,0.049568858609286393,-2,28,-0.47008622827814273,-0.40000000000000002,27,0.51965508688742912,-1.6000000000000001,True,True,True,0.32478442930464319
649,1.4205173696688567,2.3999999999999999,28,0.17948263033114364,-2.3999999999999999,28,1.241034739337713,4.7999999999999998,True,True,True,0.32478442930464319
650,1.5555604838079276,2.6000000000000001,29,0.65469820102650045,-1.3999999999999999,28,0.9008622827814271,4,True,True,True,0.32478442930464319
651,0.36409460307950137,-4.2000000000000002,28,0.1897413151655718,-1.2,28,0.17435328791392957,-3,True,True,True,0.32478442930464319
652,-0.36922394549671544,3.6000000000000001,26,0.075215570695356837,1,28,-0.44443951619207228,2.6000000000000001,True,True,True,0.32478442930464319
653,-0.19487065758278591,0.59999999999999998,28,0.47521557069535686,1,28,-0.67008622827814279,-0.40000000000000002,True,True,True,0.32478442930464319
654,-0.42051736966885633,-2.3999999999999999,29,-0.62051736966885629,-2.3999999999999999,28,0.19999999999999996,0,True,True,True,0.32478442930464319
655,0.4307760545032846,3.6000000000000001,28,0.70086228278142726,4,27,-0.27008622827814266,-0.39999999999999991,True,True,True,0.32478442930464319
656,-0.81538802725164217,-1.8,28,-0.2153880272516423,-1.8,29,-0.59999999999999987,0,True,True,True,0.32478442930464319
657,-0.5948706575827859,0.59999999999999998,27,-0.72478442930464326,1,27,0.12991377172185736,-0.40000000000000002,True,True,True,0.32478442930464319
658,0.24956885860928635,-2,27,-0.5948706575827859,0.59999999999999998,29,0.84443951619207225,-2.6000000000000001,True,True,True,0.32478442930464319
659,-0.80512934241721412,-0.59999999999999998,29,0.67521557069535687,1,29,-1.480344913112571,-1.6000000000000001,True,True,True,0.32478442930464319
660,-0.15556048380792764,-2.6000000000000001,29,-0.62905148894043017,4.4000000000000004,27,0.47349100513250253,-7,True,True,True,0.32478442930464319
661,-0.78461197274835781,1.8,29,0.35043114139071363,2,28,-1.1350431141390716,-0.19999999999999996,True,True,True,0.32478442930464319
662,-0.070086228278142731,-0.40000000000000002,29,-1.5299137717218572,0.40000000000000002,29,1.4598275434437145,-0.80000000000000004,True,True,True,0.32478442930464319
663,-0.090603597946999126,-2.7999999999999998,29,1.6649568858609287,-0.20000000000000001,29,-1.755560483807928,-2.5999999999999996,True,True,True,0.32478442930464319
664,-0.47521557069535686,-1,28,0.78974131516557189,-1.2,29,-1.2649568858609288,0.19999999999999996,True,True,True,0.32478442930464319
665,0.38461197274835773,-1.8,28,-0.38974131516557181,1.2,28,0.77435328791392954,-3,True,True,True,0.32478442930464319
666,1.3999999999999999,0,30,-0.73504311413907142,-0.20000000000000001,30,2.1350431141390711,0.20000000000000001,True,True,True,0.32478442930464319
667,0.58461197274835774,-1.8,30,0.22564671208607034,3,29,0.3589652606622874,-4.7999999999999998,True,True,True,0.32478442930464319
668,0.044439516192072315,-2.6000000000000001,29,0.049568858609286393,-2,29,-0.0051293424172140778,-0.60000000000000009,True,True,True,0.32478442930464319
669,-0.15556048380792764,-2.6000000000000001,30,0.044439516192072315,-2.6000000000000001,30,-0.19999999999999996,0,True,True,True,0.32478442930464319
670,-0.87008622827814275,-0.40000000000000002,29,-0.6649568858609286,0.20000000000000001,30,-0.20512934241721414,-0.60000000000000009,True,True,True,0.32478442930464319
671,-0.78974131516557189,1.2,30,0.5008622827814273,4,29,-1.2906035979469992,-2.7999999999999998,True,True,True,0.32478442930464319
672,0.85982754344371459,-0.80000000000000004,30,0.10086228278142717,4,28,0.75896526066228742,-4.7999999999999998,True,True,True,0.32478442930464319
673,-0.020517369668856422,-2.3999999999999999,30,-0.38461197274835773,1.8,30,0.36409460307950131,-4.2000000000000002,True,True,True,0.32478442930464319
674,-0.26495688586092864,0.20000000000000001,30,-0.93504311413907137,-0.20000000000000001,30,0.67008622827814279,0.40000000000000002,True,True,True,0.32478442930464319
675,0.54530179897349962,1.3999999999999999,29,2.0205173696688563,2.3999999999999999,30,-1.4752155706953567,-1,True,True,True,0.32478442930464319
676,1.6000000000000001,0,31,0.89060359794699917,2.7999999999999998,30,0.70939640205300092,-2.7999999999999998,True,True,True,0.32478442930464319
677,-0.5247844293046432,1,31,-0.50939640205300085,2.7999999999999998,29,-0.015388027251642344,-1.7999999999999998,True,True,True,0.32478442930464319
678,0.38461197274835773,-1.8,31,-0.55043114139071359,-2,30,0.93504311413907137,0.19999999999999996,True,True,True,0.32478442930464319
679,0.9709485110595697,4.4000000000000004,30,-0.28547425552978489,-2.2000000000000002,31,1.2564227665893546,6.6000000000000005,True,True,True,0.32478442930464319
680,-0.8102586848344282,-1.2,31,-0.06495688586092864,0.20000000000000001,31,-0.74530179897349957,-1.3999999999999999,True,True,True,0.32478442930464319
681,0.78974131516557189,-1.2,31,-0.075215570695356837,-1,31,0.86495688586092867,-0.19999999999999996,True,True,True,0.32478442930464319
682,0.059827543443714548,-0.80000000000000004,31,0.32478442930464319,-1,31,-0.26495688586092864,0.19999999999999996,True,True,True,0.32478442930464319
683,-1.0051293424172141,-0.59999999999999998,31,-1.3948706575827858,0.59999999999999998,30,0.38974131516557176,-1.2,True,True,True,0.32478442930464319
684,-0.55043114139071359,-2,30,1.2854742555297849,2.2000000000000002,31,-1.8359053969204986,-4.2000000000000002,True,True,True,0.32478442930464319
685,-0.86495688586092867,0.20000000000000001,31,0.4051293424172141,0.59999999999999998,30,-1.2700862282781427,-0.39999999999999997,True,True,True,0.32478442930464319
686,1.2803449131125708,1.6000000000000001,32,-1.3401724565562856,-0.80000000000000004,32,2.6205173696688564,2.4000000000000004,True,True,True,0.32478442930464319
687,0.17435328791392957,-3,32,1.8102586848344284,1.2,32,-1.6359053969204989,-4.2000000000000002,True,True,True,0.32478442930464319
688,0.4051293424172141,0.59999999999999998,32,-0.080344913112570859,-1.6000000000000001,32,0.48547425552978496,2.2000000000000002,True,True,True,0.32478442930464319
689,0.044439516192072315,-2.6000000000000001,31,-1.4752155706953569,-1,32,1.5196550868874292,-1.6000000000000001,True,True,True,0.32478442930464319
690,-0.22051736966885638,-2.3999999999999999,32,-0.19487065758278591,0.59999999999999998,32,-0.025646712086070472,-3,True,True,True,0.32478442930464319
691,0.0051293424172141056,0.59999999999999998,31,-0.61538802725164221,-1.8,32,0.62051736966885629,2.3999999999999999,True,True,True,0.32478442930464319
692,-0.20512934241721412,-0.59999999999999998,32,-0.075215570695356837,-1,31,-0.12991377172185728,0.40000000000000002,True,True,True,0.32478442930464319
693,0.61025868483442824,1.2,31,0.72478442930464326,-1,32,-0.11452574447021502,2.2000000000000002,True,True,True,0.32478442930464319
694,1.794870657582786,-0.59999999999999998,33,0.18461197274835772,-1.8,32,1.6102586848344282,1.2000000000000002,True,True,True,0.32478442930464319
695,-2.1401724565562854,-0.80000000000000004,33,-0.41025868483442823,-1.2,33,-1.7299137717218571,0.39999999999999991,True,True,True,0.32478442930464319
696,-0.12991377172185728,0.40000000000000002,33,0.67008622827814279,0.40000000000000002,33,-0.80000000000000004,0,True,True,True,0.32478442930464319
697,-0.67008622827814279,-0.40000000000000002,32,0.044439516192072315,-2.6000000000000001,33,-0.71452574447021511,2.2000000000000002,True,True,True,0.32478442930464319
698,0.96581916864235606,3.7999999999999998,31,1.0051293424172141,0.59999999999999998,33,-0.039310173774858015,3.1999999999999997,True,True,True,0.32478442930464319
699,-0.61538802725164221,-1.8,33,-0.95896526066228727,4.7999999999999998,30,0.34357723341064506,-6.5999999999999996,True,True,True,0.32478442930464319
700,0.52991377172185727,-0.40000000000000002,32,0.59999999999999998,0,32,-0.070086228278142704,-0.40000000000000002,True,True,True,0.32478442930464319
701,-0.34530179897349961,-1.3999999999999999,33,1.1504311413907136,2,32,-1.4957329403642132,-3.3999999999999999,True,True,True,0.32478442930464319
702,-1.2,0,33,-0.47008622827814273,-0.40000000000000002,33,-0.72991377172185723,0.40000000000000002,True,True,True,0.32478442930464319
703,-0.22051736966885638,-2.3999999999999999,33,-0.37435328791392963,3,31,0.15383591824507326,-5.4000000000000004,True,True,True,0.32478442930464319
704,-0.010258684834428211,-1.2,34,0.30426705963578682,-3.3999999999999999,34,-0.31452574447021503,2.2000000000000002,True,True,True,0.32478442930464319
705,-1.5589652606622872,4.7999999999999998,31,0.99487065758278592,-0.59999999999999998,34,-2.5538359182450732,5.3999999999999995,True,True,True,0.32478442930464319
706,0.7401724565562855,0.80000000000000004,34,0.19487065758278591,-0.59999999999999998,33,0.54530179897349962,1.3999999999999999,True,True,True,0.32478442930464319
707,-0.14530179897349954,-1.3999999999999999,34,-1.6051293424172142,-0.59999999999999998,34,1.4598275434437147,-0.79999999999999993,True,True,True,0.32478442930464319
708,0.45469820102650044,-1.3999999999999999,33,0.77607785347678404,5,32,-0.3213796524502836,-6.4000000000000004,True,True,True,0.32478442930464319
709,0.81538802725164217,1.8,33,-0.41538802725164226,-1.8,34,1.2307760545032844,3.6000000000000001,True,True,True,0.32478442930464319
710,-0.43931017377485826,3.2000000000000002,32,1.0102586848344282,1.2,34,-1.4495688586092865,2,True,True,True,0.32478442930464319
711,1.480344913112571,1.6000000000000001,33,-1.1401724565562854,-0.80000000000000004,34,2.6205173696688564,2.4000000000000004,True,True,True,0.32478442930464319
712,-0.6649568858609286,0.20000000000000001,34,-1.0102586848344282,-1.2,34,0.34530179897349955,1.3999999999999999,True,True,True,0.32478442930464319
713,0.32478442930464319,-1,34,-1.0051293424172141,-0.59999999999999998,33,1.3299137717218572,-0.40000000000000002,True,True,True,0.32478442930464319
714,1.275215570695357,1,34,0.64956885860928637,-2,34,0.62564671208607059,3,True,True,True,0.32478442930464319
715,0.51625031003306954,5.7999999999999998,33,0.53504311413907135,0.20000000000000001,34,-0.018792804106001815,5.5999999999999996,True,True,True,0.32478442930464319
716,-0.099137717218572785,4,32,-0.48887903238414476,5.2000000000000002,33,0.38974131516557198,-1.2000000000000002,True,True,True,0.32478442930464319
717,0.5948706575827859,-0.59999999999999998,35,-0.22564671208607034,-3,34,0.82051736966885624,2.3999999999999999,True,True,True,0.32478442930464319
718,1.5401724565562855,0.80000000000000004,35,-0.06495688586092864,0.20000000000000001,35,1.6051293424172142,0.60000000000000009,True,True,True,0.32478442930464319
719,0.64616408175492657,5.4000000000000004,34,-2.0153880272516425,-1.8,35,2.661552109006569,7.2000000000000002,True,True,True,0.32478442930464319
720,-1.0700862282781427,-0.40000000000000002,35,1.0649568858609286,-0.20000000000000001,35,-2.1350431141390711,-0.20000000000000001,True,True,True,0.32478442930464319
721,-0.20512934241721412,-0.59999999999999998,35,1,0,35,-1.205129342417214,-0.59999999999999998,True,True,True,0.32478442930464319
722,1.3401724565562856,0.80000000000000004,34,-0.20000000000000001,0,35,1.5401724565562855,0.80000000000000004,True,True,True,0.32478442930464319
723,0.1897413151655718,-1.2,35,-0.69400837480135857,4.5999999999999996,34,0.88374968996693037,-5.7999999999999998,True,True,True,0.32478442930464319
724,-0.16922394549671549,3.6000000000000001,33,-0.88034491311257079,-1.6000000000000001,35,0.7111209676158553,5.2000000000000002,True,True,True,0.32478442930464319
725,0.51965508688742912,-1.6000000000000001,35,-0.40000000000000002,0,35,0.91965508688742914,-1.6000000000000001,True,True,True,0.32478442930464319
726,0.30426705963578682,-3.3999999999999999,35,-1.1453017989734997,-1.3999999999999999,35,1.4495688586092865,-2,True,True,True,0.32478442930464319
727,0.40000000000000002,0,36,-1.2,0,36,1.6000000000000001,0,True,True,True,0.32478442930464319
728,0.044439516192072315,-2.6000000000000001,35,0.90426705963578691,-3.3999999999999999,36,-0.85982754344371459,0.79999999999999982,True,True,True,0.32478442930464319
729,0.19487065758278591,-0.59999999999999998,36,0.25469820102650043,-1.3999999999999999,36,-0.05982754344371452,0.79999999999999993,True,True,True,0.32478442930464319
730,-1.2205173696688565,-2.3999999999999999,36,0.67521557069535687,1,35,-1.8957329403642134,-3.3999999999999999,True,True,True,0.32478442930464319
731,-0.6444395161920724,2.6000000000000001,35,0.054698201026500415,-1.3999999999999999,36,-0.69913771721857287,4,True,True,True,0.32478442930464319
732,-1.2649568858609286,0.20000000000000001,36,0.64956885860928637,-2,36,-1.9145257444702151,2.2000000000000002,True,True,True,0.32478442930464319
733,0.070086228278142731,0.40000000000000002,36,-0.70426705963578684,3.3999999999999999,34,0.77435328791392954,-3,True,True,True,0.32478442930464319
734,0.32478442930464319,-1,36,0.25982754344371456,-0.80000000000000004,36,0.064956885860928626,-0.19999999999999996,True,True,True,0.32478442930464319
735,-0.32991377172185732,0.40000000000000002,36,0.44103473933771276,4.7999999999999998,35,-0.77094851105957007,-4.3999999999999995,True,True,True,0.32478442930464319
736,-0.92478442930464322,1,36,0.7401724565562855,0.80000000000000004,36,-1.6649568858609287,0.19999999999999996,True,True,True,0.32478442930464319
737,0.95043114139071372,2,36,-0.044439516192072315,2.6000000000000001,35,0.99487065758278603,-0.60000000000000009,True,True,True,0.32478442930464319
738,-0.15043114139071367,-2,37,-0.70939640205300081,2.7999999999999998,36,0.55896526066228713,-4.7999999999999998,True,True,True,0.32478442930464319
739,0.84956885860928644,-2,37,-0.25982754344371456,0.80000000000000004,37,1.1093964020530009,-2.7999999999999998,True,True,True,0.32478442930464319
740,1.1401724565562854,0.80000000000000004,37,0.12991377172185728,-0.40000000000000002,37,1.0102586848344282,1.2000000000000002,True,True,True,0.32478442930464319
741,1.0444395161920723,-2.6000000000000001,37,-0.14017245655628546,-0.80000000000000004,37,1.1846119727483577,-1.8,True,True,True,0.32478442930464319
742,-0.94017245655628545,-0.80000000000000004,37,0.34530179897349961,1.3999999999999999,37,-1.2854742555297851,-2.2000000000000002,True,True,True,0.32478442930464319
743,0.22905148894043026,-4.4000000000000004,37,-0.46495688586092865,0.20000000000000001,37,0.69400837480135891,-4.6000000000000005,True,True,True,0.32478442930464319
744,0.34017245655628542,0.80000000000000004,36,-0.94017245655628545,-0.80000000000000004,37,1.2803449131125708,1.6000000000000001,True,True,True,0.32478442930464319
745,0.57607785347678431,5,36,-0.21025868483442817,-1.2,36,0.78633653831121242,6.2000000000000002,True,True,True,0.32478442930464319
746,-0.22564671208607034,-3,37,-0.41538802725164226,-1.8,37,0.18974131516557191,-1.2,True,True,True,0.32478442930464319
747,0.42051736966885633,2.3999999999999999,37,-1.0598275434437145,0.80000000000000004,37,1.480344913112571,1.5999999999999999,True,True,True,0.32478442930464319
748,-0.5247844293046432,1,37,0.89060359794699917,2.7999999999999998,37,-1.4153880272516424,-1.7999999999999998,True,True,True,0.32478442930464319
749,-0.50939640205300085,2.7999999999999998,37,-0.98974131516557184,1.2,37,0.48034491311257099,1.5999999999999999,True,True,True,0.32478442930464319
750,-0.4051293424172141,-0.59999999999999998,38,0.039310173774858237,-3.2000000000000002,38,-0.44443951619207234,2.6000000000000001,True,True,True,0.32478442930464319
751,0.06495688586092864,-0.20000000000000001,38,-0.85469820102650051,1.3999999999999999,38,0.91965508688742914,-1.5999999999999999,True,True,True,0.32478442930464319
752,1.2,0,38,1.4051293424172142,0.59999999999999998,38,-0.20512934241721426,-0.59999999999999998,True,True,True,0.32478442930464319
753,-0.73504311413907142,-0.20000000000000001,38,-0.17948263033114364,2.3999999999999999,38,-0.55556048380792777,-2.6000000000000001,True,True,True,0.32478442930464319
754,-0.51965508688742912,1.6000000000000001,38,1.4444395161920722,-2.6000000000000001,38,-1.9640946030795012,4.2000000000000002,True,True,True,0.32478442930464319
755,-0.20512934241721412,-0.59999999999999998,38,0.1897413151655718,-1.2,38,-0.39487065758278594,0.59999999999999998,True,True,True,0.32478442930464319
756,-0.42051736966885633,-2.3999999999999999,38,-0.92478442930464322,1,38,0.50426705963578689,-3.3999999999999999,True,True,True,0.32478442930464319
757,-0.7401724565562855,-0.80000000000000004,38,-0.14530179897349954,-1.3999999999999999,38,-0.59487065758278601,0.59999999999999987,True,True,True,0.32478442930464319
758,-0.044439516192072315,2.6000000000000001,38,0.91965508688742914,-1.6000000000000001,38,-0.96409460307950146,4.2000000000000002,True,True,True,0.32478442930464319
759,-0.88547425552978498,-2.2000000000000002,38,0.94017245655628545,0.80000000000000004,38,-1.8256467120860704,-3,True,True,True,0.32478442930464319
760,,,1,,,1,,,False,False,False,0.32478442930464319
761,,,1,,,1,,,False,False,False,0.32478442930464319
762,,,1,,,1,,,False,False,False,0.32478442930464319
763,,,1,,,1,,,False,False,False,0.32478442930464319
764,,,1,,,1,,,False,False,False,0.32478442930464319
765,,,1,,,1,,,False,False,False,0.32478442930464319
766,,,1,,,1,,,False,False,False,0.32478442930464319
767,,,1,,,1,,,False,False,False,0.32478442930464319
768,,,1,,,1,,,False,False,False,0.32478442930464319
769,,,1,,,1,,,False,False,False,0.32478442930464319
770,,,2,,,2,,,False,False,False,0.32478442930464319
771,,,2,,,2,,,False,False,False,0.32478442930464319
772,,,2,,,2,,,False,False,False,0.32478442930464319
773,,,2,,,2,,,False,False,False,0.32478442930464319
774,,,2,,,2,,,False,False,False,0.32478442930464319
775,,,2,,,2,,,False,False,False,0.32478442930464319
776,,,2,,,2,,,False,False,False,0.32478442930464319
777,,,2,,,2,,,False,False,False,0.32478442930464319
778,,,2,,,2,,,False,False,False,0.32478442930464319
779,,,3,,,2,,,False,False,False,0.32478442930464319
780,,,3,,,3,,,False,False,False,0.32478442930464319
781,,,3,,,3,,,False,False,False,0.32478442930464319
782,,,3,,,3,,,False,False,False,0.32478442930464319
783,,,3,,,3,,,False,False,False,0.32478442930464319
784,,,3,,,3,,,False,False,False,0.32478442930464319
785,,,3,,,3,,,False,False,False,0.32478442930464319
786,,,2,,,3,,,False,False,False,0.32478442930464319
787,,,3,,,3,,,False,False,False,0.32478442930464319
788,,,3,,,3,,,False,False,False,0.32478442930464319
789,,,3,,,4,,,False,False,False,0.32478442930464319
790,,,4,,,4,,,False,False,False,0.32478442930464319
791,,,4,,,4,,,False,False,False,0.32478442930464319
792,,,3,,,4,,,False,False,False,0.32478442930464319
793,,,4,,,4,,,False,False,False,0.32478442930464319
794,,,4,,,4,,,False,False,False,0.32478442930464319
795,,,4,,,4,,,False,False,False,0.32478442930464319
796,,,4,,,4,,,False,False,False,0.32478442930464319
797,,,4,,,4,,,False,False,False,0.32478442930464319
798,,,4,,,4,,,False,False,False,0.32478442930464319
799,,,5,,,5,,,False,False,False,0.32478442930464319
800,,,5,,,4,,,False,False,False,0.32478442930464319
801,,,5,,,5,,,False,False,False,0.32478442930464319
802,,,5,,,5,,,False,False,False,0.32478442930464319
803,,,5,,,5,,,False,False,False,0.32478442930464319
804,,,5,,,5,,,False,False,False,0.32478442930464319
805,,,5,,,5,,,False,False,False,0.32478442930464319
806,,,5,,,5,,,False,False,False,0.32478442930464319
807,,,5,,,5,,,False,False,False,0.32478442930464319
808,,,5,,,4,,,False,False,False,0.32478442930464319
809,0.14017245655628546,0.80000000000000004,6,-1.5299137717218572,0.40000000000000002,6,1.6700862282781426,0.40000000000000002,True,True,True,0.32478442930464319
810,,,5,-0.47521557069535686,-1,6,,,False,True,False,0.32478442930464319
811,-1.1743532879139296,3,6,0.42905148894043021,-4.4000000000000004,6,-1.6034047768543598,7.4000000000000004,True,True,True,0.32478442930464319
812,,,5,-0.16068982622514172,-3.2000000000000002,6,,,False,True,False,0.32478442930464319
813,0.25129342417214096,6,6,0.45469820102650044,-1.3999999999999999,6,-0.20340477685435948,7.4000000000000004,True,True,True,0.32478442930464319
814,-0.29913771721857274,4,6,0.69060359794699921,2.7999999999999998,6,-0.98974131516557196,1.2000000000000002,True,True,True,0.32478442930464319
815,-0.15383591824507326,5.4000000000000004,6,-0.15043114139071367,-2,6,-0.0034047768543595813,7.4000000000000004,True,True,True,0.32478442930464319
816,-0.58461197274835774,1.8,6,0.0051293424172141056,0.59999999999999998,6,-0.58974131516557182,1.2000000000000002,True,True,True,0.32478442930464319
817,1.4051293424172142,0.59999999999999998,6,1.7042670596357867,-3.3999999999999999,6,-0.29913771721857252,4,True,True,True,0.32478442930464319
818,0.36922394549671544,-3.6000000000000001,6,-0.059827543443714548,0.80000000000000004,6,0.42905148894042999,-4.4000000000000004,True,True,True,0.32478442930464319
819,0.3555604838079276,2.6000000000000001,7,0.23077605450328442,3.6000000000000001,7,0.12478442930464317,-1,True,True,True,0.32478442930464319
820,-0.42051736966885633,-2.3999999999999999,7,-0.23931017377485819,3.2000000000000002,7,-0.18120719589399814,-5.5999999999999996,True,True,True,0.32478442930464319
821,-0.73504311413907142,-0.20000000000000001,7,-0.49573294036421323,-3.3999999999999999,6,-0.23931017377485819,3.1999999999999997,True,True,True,0.32478442930464319
822,-0.67008622827814279,-0.40000000000000002,7,-0.78974131516557189,1.2,7,0.1196550868874291,-1.6000000000000001,True,True,True,0.32478442930464319
823,0.28547425552978489,2.2000000000000002,7,-0.63077605450328456,-3.6000000000000001,6,0.91625031003306945,5.8000000000000007,True,True,True,0.32478442930464319
824,0.75556048380792773,2.6000000000000001,7,1.4153880272516424,1.8,7,-0.65982754344371464,0.80000000000000004,True,True,True,0.32478442930464319
825,1.3692239454967154,-3.6000000000000001,7,-0.57607785347678431,-5,7,1.9453017989734998,1.3999999999999999,True,True,True,0.32478442930464319
826,0.29913771721857274,-4,7,0.44103473933771276,4.7999999999999998,7,-0.14189702211914001,-8.8000000000000007,True,True,True,0.32478442930464319
827,-0.0051293424172141056,-0.59999999999999998,7,0,0,7,-0.0051293424172141056,-0.59999999999999998,True,True,True,0.32478442930464319
828,-0.3555604838079276,-2.6000000000000001,7,-0.39487065758278594,0.59999999999999998,7,0.039310173774858348,-3.2000000000000002,True,True,True,0.32478442930464319
829,-0.085474255529784937,-2.2000000000000002,7,-0.49573294036421323,-3.3999999999999999,7,0.41025868483442829,1.1999999999999997,True,True,True,0.32478442930464319
830,-0.22051736966885638,-2.3999999999999999,8,0.21025868483442817,1.2,8,-0.43077605450328454,-3.5999999999999996,True,True,True,0.32478442930464319
831,-0.32478442930464319,1,8,0.1196550868874291,-1.6000000000000001,8,-0.44443951619207228,2.6000000000000001,True,True,True,0.32478442930464319
832,-0.65469820102650045,1.3999999999999999,8,-0.69060359794699921,-2.7999999999999998,8,0.035905396920498767,4.1999999999999993,True,True,True,0.32478442930464319
833,-0.48034491311257088,-1.6000000000000001,8,-0.38633653831121206,-6.2000000000000002,8,-0.094008374801358818,4.5999999999999996,True,True,True,0.32478442930464319
834,-0.075215570695356837,-1,8,0.29573294036421305,3.3999999999999999,8,-0.37094851105956989,-4.4000000000000004,True,True,True,0.32478442930464319
835,-0.59999999999999998,0,8,-0.47008622827814273,-0.40000000000000002,8,-0.12991377172185725,0.40000000000000002,True,True,True,0.32478442930464319
836,-0.029051488940430303,4.4000000000000004,8,-0.21879280410600166,5.5999999999999996,8,0.18974131516557136,-1.1999999999999993,True,True,True,0.32478442930464319
837,-0.78461197274835781,1.8,8,1.3999999999999999,0,8,-2.1846119727483577,1.8,True,True,True,0.32478442930464319
838,1.0444395161920723,-2.6000000000000001,8,0.30086228278142735,4,8,0.74357723341064497,-6.5999999999999996,True,True,True,0.32478442930464319
839,1.3589652606622873,-4.7999999999999998,8,0.49060359794699904,2.7999999999999998,8,0.86836166271528825,-7.5999999999999996,True,True,True,0.32478442930464319
840,-0.82564671208607043,-3,9,0.89913771721857272,-4,9,-1.724784429304643,1,True,True,True,0.32478442930464319
841,-0.60512934241721417,-0.59999999999999998,9,-0.48034491311257088,-1.6000000000000001,9,-0.12478442930464329,1,True,True,True,0.32478442930464319
842,0.53504311413907135,0.20000000000000001,9,0.62564671208607048,3,9,-0.090603597946999126,-2.7999999999999998,True,True,True,0.32478442930464319
843,0.87521557069535683,1,9,0.21025868483442817,1.2,9,0.66495688586092871,-0.19999999999999996,True,True,True,0.32478442930464319
844,-0.099137717218572785,4,9,0.13504311413907139,0.20000000000000001,9,-0.23418083135764417,3.7999999999999998,True,True,True,0.32478442930464319
845,0.76068982622514181,3.2000000000000002,9,0.12991377172185728,-0.40000000000000002,9,0.63077605450328456,3.6000000000000001,True,True,True,0.32478442930464319
846,-0.20000000000000001,0,9,-0.075215570695356837,-1,9,-0.12478442930464317,1,True,True,True,0.32478442930464319
847,-0.78120719589399834,-5.5999999999999996,9,-0.59999999999999998,0,9,-0.18120719589399836,-5.5999999999999996,True,True,True,0.32478442930464319
848,0.28547425552978489,2.2000000000000002,9,0.1897413151655718,-1.2,9,0.095732940364213093,3.4000000000000004,True,True,True,0.32478442930464319
849,0.16068982622514172,3.2000000000000002,9,-0.85982754344371459,0.80000000000000004,9,1.0205173696688563,2.4000000000000004,True,True,True,0.32478442930464319
850,-0.15556048380792764,-2.6000000000000001,10,0.22051736966885638,2.3999999999999999,10,-0.37607785347678402,-5,True,True,True,0.32478442930464319
851,0.55043114139071359,2,10,-0.91625031003306945,-5.7999999999999998,10,1.4666814514237831,7.7999999999999998,True,True,True,0.32478442930464319
852,-0.96068982622514176,-3.2000000000000002,10,-0.56068982622514185,-3.2000000000000002,10,-0.39999999999999991,0,True,True,True,0.32478442930464319
853,0.54017245655628554,0.80000000000000004,10,-0.45982754344371457,0.80000000000000004,10,1,0,True,True,True,0.32478442930464319
854,0.64956885860928637,-2,10,1.4410347393377128,4.7999999999999998,10,-0.79146588072842639,-6.7999999999999998,True,True,True,0.32478442930464319
855,1.2256467120860706,3,10,0.38461197274835773,-1.8,10,0.84103473933771289,4.7999999999999998,True,True,True,0.32478442930464319
856,-0.010258684834428211,-1.2,10,-0.39487065758278594,0.59999999999999998,10,0.38461197274835773,-1.7999999999999998,True,True,True,0.32478442930464319
857,0.41538802725164226,1.8,10,-0.5948706575827859,0.59999999999999998,10,1.0102586848344282,1.2000000000000002,True,True,True,0.32478442930464319
858,-0.12991377172185728,0.40000000000000002,10,-0.82905148894043024,4.4000000000000004,10,0.69913771721857298,-4,True,True,True,0.32478442930464319
859,-0.28547425552978489,-2.2000000000000002,10,0.0051293424172141056,0.59999999999999998,10,-0.29060359794699897,-2.8000000000000003,True,True,True,0.32478442930464319
860,-0.054698201026500415,1.3999999999999999,11,-0.73504311413907142,-0.20000000000000001,11,0.68034491311257095,1.5999999999999999,True,True,True,0.32478442930464319
861,-0.36581916864235597,-3.7999999999999998,11,-0.2153880272516423,-1.8,11,-0.15043114139071367,-1.9999999999999998,True,True,True,0.32478442930464319
862,0.080344913112570859,1.6000000000000001,11,-0.28034491311257093,-1.6000000000000001,11,0.36068982622514179,3.2000000000000002,True,True,True,0.32478442930464319
863,-0.46495688586092865,0.20000000000000001,11,-0.13504311413907139,-0.20000000000000001,11,-0.32991377172185726,0.40000000000000002,True,True,True,0.32478442930464319
864,-0.30426705963578682,3.3999999999999999,11,-1.0854742555297849,-2.2000000000000002,11,0.78120719589399812,5.5999999999999996,True,True,True,0.32478442930464319
865,1.3059916251986412,4.5999999999999996,11,1.0256467120860704,3,11,0.28034491311257081,1.5999999999999996,True,True,True,0.32478442930464319
866,-1.5213796524502836,-6.4000000000000004,11,0.72478442930464326,-1,11,-2.2461640817549267,-5.4000000000000004,True,True,True,0.32478442930464319
867,0.37435328791392963,-3,11,0.42051736966885633,2.3999999999999999,11,-0.0461640817549267,-5.4000000000000004,True,True,True,0.32478442930464319
868,-0.67521557069535687,-1,11,1.0307760545032847,3.6000000000000001,11,-1.7059916251986416,-4.5999999999999996,True,True,True,0.32478442930464319
869,0.67521557069535687,1,11,0.46495688586092865,-0.20000000000000001,11,0.21025868483442822,1.2,True,True,True,0.32478442930464319
870,0.95556048380792769,2.6000000000000001,12,-0.88547425552978498,-2.2000000000000002,12,1.8410347393377127,4.8000000000000007,True,True,True,0.32478442930464319
871,-1.2307760545032844,-3.6000000000000001,12,0.75043114139071354,2,12,-1.9812071958939979,-5.5999999999999996,True,True,True,0.32478442930464319
872,0.18461197274835772,-1.8,12,-0.1897413151655718,1.2,12,0.37435328791392952,-3,True,True,True,0.32478442930464319
873,-0.26495688586092864,0.20000000000000001,12,0.044439516192072315,-2.6000000000000001,12,-0.30939640205300095,2.8000000000000003,True,True,True,0.32478442930464319
874,0.39487065758278594,-0.59999999999999998,12,0.20512934241721412,0.59999999999999998,12,0.18974131516557183,-1.2,True,True,True,0.32478442930464319
875,0.62564671208607048,3,12,-0.4051293424172141,-0.59999999999999998,12,1.0307760545032845,3.6000000000000001,True,True,True,0.32478442930464319
876,-0.55043114139071359,-2,12,-0.56581916864235593,-3.7999999999999998,12,0.015388027251642344,1.7999999999999998,True,True,True,0.32478442930464319
877,0.87521557069535683,1,12,-0.094008374801358707,4.5999999999999996,12,0.96922394549671553,-3.5999999999999996,True,True,True,0.32478442930464319
878,0.15043114139071367,2,12,0.15556048380792764,2.6000000000000001,12,-0.0051293424172139668,-0.60000000000000009,True,True,True,0.32478442930464319
879,-0.59999999999999998,0,12,0.059827543443714548,-0.80000000000000004,12,-0.65982754344371453,0.80000000000000004,True,True,True,0.32478442930464319
880,0.27008622827814277,0.40000000000000002,13,0.94530179897349953,1.3999999999999999,13,-0.67521557069535676,-0.99999999999999989,True,True,True,0.32478442930464319
881,-1.3555604838079278,-2.6000000000000001,13,-0.41025868483442823,-1.2,13,-0.94530179897349953,-1.4000000000000001,True,True,True,0.32478442930464319
882,-0.020517369668856422,-2.3999999999999999,13,-0.34530179897349961,-1.3999999999999999,13,0.32478442930464319,-1,True,True,True,0.32478442930464319
883,0.49573294036421323,3.3999999999999999,13,0.23590539692049872,4.2000000000000002,13,0.2598275434437145,-0.80000000000000027,True,True,True,0.32478442930464319
884,0.6649568858609286,-0.20000000000000001,13,0.60512934241721417,0.59999999999999998,13,0.059827543443714437,-0.80000000000000004,True,True,True,0.32478442930464319
885,-0.3350431141390714,-0.20000000000000001,13,-0.26495688586092864,0.20000000000000001,13,-0.070086228278142759,-0.40000000000000002,True,True,True,0.32478442930464319
886,-0.29573294036421305,-3.3999999999999999,13,-0.8102586848344282,-1.2,13,0.51452574447021515,-2.2000000000000002,True,True,True,0.32478442930464319
887,0.4051293424172141,0.59999999999999998,13,0.26495688586092864,-0.20000000000000001,13,0.14017245655628546,0.80000000000000004,True,True,True,0.32478442930464319
888,0.19487065758278591,-0.59999999999999998,13,0.35043114139071363,2,13,-0.15556048380792772,-2.6000000000000001,True,True,True,0.32478442930464319
889,-0.4051293424172141,-0.59999999999999998,13,-0.1897413151655718,1.2,13,-0.2153880272516423,-1.7999999999999998,True,True,True,0.32478442930464319
890,0.94530179897349953,1.3999999999999999,14,-0.45469820102650044,1.3999999999999999,14,1.3999999999999999,0,True,True,True,0.32478442930464319
891,0.010258684834428211,1.2,14,0.57435328791392959,-3,14,-0.56409460307950132,4.2000000000000002,True,True,True,0.32478442930464319
892,-1.2153880272516422,-1.8,14,0.029051488940430303,-4.4000000000000004,14,-1.2444395161920725,2.6000000000000005,True,True,True,0.32478442930464319
893,1.2,0,14,1.1196550868874291,-1.6000000000000001,14,0.080344913112570859,1.6000000000000001,True,True,True,0.32478442930464319
894,-0.34017245655628542,-0.80000000000000004,14,-0.6649568858609286,0.20000000000000001,14,0.32478442930464319,-1,True,True,True,0.32478442930464319
895,-0.65469820102650045,1.3999999999999999,14,0.8102586848344282,1.2,14,-1.4649568858609285,0.19999999999999996,True,True,True,0.32478442930464319
896,-0.40000000000000002,0,14,-0.12991377172185728,0.40000000000000002,14,-0.27008622827814277,-0.40000000000000002,True,True,True,0.32478442930464319
897,0.4307760545032846,3.6000000000000001,14,-0.34530179897349961,-1.3999999999999999,14,0.77607785347678426,5,True,True,True,0.32478442930464319
898,0.5008622827814273,4,14,-0.27008622827814277,-0.40000000000000002,14,0.77094851105957007,4.4000000000000004,True,True,True,0.32478442930464319
899,-0.080344913112570859,-1.6000000000000001,14,-1.0649568858609286,0.20000000000000001,14,0.98461197274835777,-1.8,True,True,True,0.32478442930464319
900,0.23931017377485819,-3.2000000000000002,15,0.82051736966885647,2.3999999999999999,15,-0.58120719589399827,-5.5999999999999996,True,True,True,0.32478442930464319
901,-0.46495688586092865,0.20000000000000001,15,-0.45982754344371457,0.80000000000000004,15,-0.0051293424172140778,-0.60000000000000009,True,True,True,0.32478442930464319
902,0.6649568858609286,-0.20000000000000001,15,0.49573294036421323,3.3999999999999999,15,0.16922394549671538,-3.6000000000000001,True,True,True,0.32478442930464319
903,-0.58461197274835774,1.8,15,0.070086228278142731,0.40000000000000002,15,-0.65469820102650045,1.3999999999999999,True,True,True,0.32478442930464319
904,-0.45982754344371457,0.80000000000000004,15,-0.90939640205300087,2.7999999999999998,15,0.4495688586092863,-1.9999999999999998,True,True,True,0.32478442930464319
905,0.17948263033114364,-2.3999999999999999,15,-0.2153880272516423,-1.8,15,0.39487065758278594,-0.59999999999999987,True,True,True,0.32478442930464319
906,0.84956885860928644,-2,15,0.1897413151655718,-1.2,15,0.65982754344371464,-0.80000000000000004,True,True,True,0.32478442930464319
907,-0.44616408175492683,-5.4000000000000004,15,0.10086228278142717,4,15,-0.547026364536354,-9.4000000000000004,True,True,True,0.32478442930464319
908,-0.45469820102650044,1.3999999999999999,15,0.6649568858609286,-0.20000000000000001,15,-1.1196550868874291,1.5999999999999999,True,True,True,0.32478442930464319
909,-0.54017245655628554,-0.80000000000000004,15,0.25982754344371456,-0.80000000000000004,15,-0.80000000000000004,0,True,True,True,0.32478442930464319
910,0.46495688586092865,-0.20000000000000001,16,0.2153880272516423,1.8,16,0.24956885860928635,-2,True,True,True,0.32478442930464319
911,-0.57948263033114356,2.3999999999999999,16,-0.58974131516557182,1.2,16,0.010258684834428267,1.2,True,True,True,0.32478442930464319
912,-0.46495688586092865,0.20000000000000001,16,-0.099137717218572785,4,16,-0.36581916864235586,-3.7999999999999998,True,True,True,0.32478442930464319
913,0.80512934241721412,0.59999999999999998,16,-0.57948263033114356,2.3999999999999999,16,1.3846119727483577,-1.7999999999999998,True,True,True,0.32478442930464319
914,0.088879032384144629,-5.2000000000000002,16,-0.010258684834428211,-1.2,16,0.099137717218572841,-4,True,True,True,0.32478442930464319
915,-0.26495688586092864,0.20000000000000001,16,-0.74530179897349957,-1.3999999999999999,16,0.48034491311257094,1.5999999999999999,True,True,True,0.32478442930464319
916,-0.1196550868874291,1.6000000000000001,16,0.58461197274835774,-1.8,16,-0.70426705963578684,3.4000000000000004,True,True,True,0.32478442930464319
917,0.72478442930464326,-1,16,0.65982754344371464,-0.80000000000000004,16,0.064956885860928626,-0.19999999999999996,True,True,True,0.32478442930464319
918,0.43931017377485826,-3.2000000000000002,16,0.47521557069535686,1,16,-0.0359053969204986,-4.2000000000000002,True,True,True,0.32478442930464319
919,-1.2,0,16,0.19487065758278591,-0.59999999999999998,16,-1.3948706575827858,0.59999999999999998,True,True,True,0.32478442930464319
920,-1.0153880272516425,-1.8,17,-0.77948263033114362,2.3999999999999999,17,-0.23590539692049883,-4.2000000000000002,True,True,True,0.32478442930464319
921,0.45982754344371457,-0.80000000000000004,17,0.34530179897349961,1.3999999999999999,17,0.11452574447021496,-2.2000000000000002,True,True,True,0.32478442930464319
922,-0.15556048380792764,-2.6000000000000001,17,0.023922146523215781,-5,17,-0.17948263033114342,2.3999999999999999,True,True,True,0.32478442930464319
923,-0.12991377172185728,0.40000000000000002,17,-1.3247844293046431,1,17,1.1948706575827859,-0.59999999999999998,True,True,True,0.32478442930464319
924,0.044439516192072315,-2.6000000000000001,17,1.6000000000000001,0,17,-1.5555604838079278,-2.6000000000000001,True,True,True,0.32478442930464319
925,0.020517369668856422,2.3999999999999999,17,-1.2290514889404303,4.4000000000000004,17,1.2495688586092868,-2.0000000000000004,True,True,True,0.32478442930464319
926,-0.28034491311257093,-1.6000000000000001,17,1.1948706575827859,-0.59999999999999998,17,-1.4752155706953567,-1,True,True,True,0.32478442930464319
927,0.29573294036421305,3.3999999999999999,17,0.20000000000000001,0,17,0.095732940364213037,3.3999999999999999,True,True,True,0.32478442930464319
928,-0.075215570695356837,-1,17,-0.12991377172185728,0.40000000000000002,17,0.054698201026500443,-1.3999999999999999,True,True,True,0.32478442930464319
929,-0.67008622827814279,-0.40000000000000002,18,-0.78461197274835781,1.8,18,0.11452574447021502,-2.2000000000000002,True,True,True,0.32478442930464319
930,0.9299137717218573,-0.40000000000000002,18,-0.37607785347678413,-5,18,1.3059916251986414,4.5999999999999996,True,True,True,0.32478442930464319
931,1.724784429304643,-1,18,0.65469820102650045,-1.3999999999999999,18,1.0700862282781425,0.39999999999999991,True,True,True,0.32478442930464319
932,-0.30426705963578682,3.3999999999999999,18,-0.43418083135764407,3.7999999999999998,18,0.12991377172185725,-0.39999999999999991,True,True,True,0.32478442930464319
933,0.43418083135764407,-3.7999999999999998,17,0.32991377172185732,-0.40000000000000002,18,0.10426705963578675,-3.3999999999999999,True,True,True,0.32478442930464319
934,-0.95556048380792769,-2.6000000000000001,18,0.5008622827814273,4,17,-1.456422766589355,-6.5999999999999996,True,True,True,0.32478442930464319
935,-0.63418083135764414,3.7999999999999998,18,0.28547425552978489,2.2000000000000002,18,-0.91965508688742903,1.5999999999999996,True,True,True,0.32478442930464319
936,0.32478442930464319,-1,18,0.45469820102650044,-1.3999999999999999,18,-0.12991377172185725,0.39999999999999991,True,True,True,0.32478442930464319
937,-0.73504311413907142,-0.20000000000000001,18,-0.14530179897349954,-1.3999999999999999,18,-0.58974131516557193,1.2,True,True,True,0.32478442930464319
938,0.49573294036421323,3.3999999999999999,18,0.9299137717218573,-0.40000000000000002,19,-0.43418083135764407,3.7999999999999998,True,True,True,0.32478442930464319
939,1.5794826303311438,-2.3999999999999999,19,-0.4991377172185727,4,19,2.0786203475497165,-6.4000000000000004,True,True,True,0.32478442930464319
940,-0.54530179897349962,-1.3999999999999999,19,0.4051293424172141,0.59999999999999998,19,-0.95043114139071372,-2,True,True,True,0.32478442930464319
941,-0.21025868483442817,-1.2,19,-0.82564671208607043,-3,19,0.61538802725164232,1.8,True,True,True,0.32478442930464319
942,-0.4307760545032846,-3.6000000000000001,19,0.63931017377485821,-3.2000000000000002,18,-1.0700862282781429,-0.39999999999999991,True,True,True,0.32478442930464319
943,-0.20512934241721412,-0.59999999999999998,18,-0.40000000000000002,0,19,0.19487065758278591,-0.59999999999999998,True,True,True,0.32478442930464319
944,0.25469820102650043,-1.3999999999999999,19,0.049568858609286393,-2,19,0.20512934241721403,0.60000000000000009,True,True,True,0.32478442930464319
945,0.6854742555297848,2.2000000000000002,19,-0.51965508688742912,1.6000000000000001,18,1.205129342417214,0.60000000000000009,True,True,True,0.32478442930464319
946,-0.50426705963578689,3.3999999999999999,19,0.26495688586092864,-0.20000000000000001,19,-0.76922394549671558,3.6000000000000001,True,True,True,0.32478442930464319
947,-1.1794826303311436,2.3999999999999999,19,0.090603597946999126,2.7999999999999998,19,-1.2700862282781427,-0.39999999999999991,True,True,True,0.32478442930464319
948,0.14017245655628546,0.80000000000000004,20,1.0888790323841446,-5.2000000000000002,20,-0.94870657582785922,6,True,True,True,0.32478442930464319
949,-0.28034491311257093,-1.6000000000000001,20,-0.60512934241721417,-0.59999999999999998,19,0.32478442930464324,-1,True,True,True,0.32478442930464319
950,0.44443951619207234,-2.6000000000000001,19,0.059827543443714548,-0.80000000000000004,20,0.38461197274835779,-1.8,True,True,True,0.32478442930464319
951,-0.44443951619207234,2.6000000000000001,19,-0.020517369668856422,-2.3999999999999999,20,-0.42392214652321591,5,True,True,True,0.32478442930464319
952,-0.22564671208607034,-3,20,-0.53504311413907135,-0.20000000000000001,20,0.30939640205300101,-2.7999999999999998,True,True,True,0.32478442930464319
953,0.14017245655628546,0.80000000000000004,20,0.60512934241721417,0.59999999999999998,20,-0.4649568858609287,0.20000000000000007,True,True,True,0.32478442930464319
954,0.14017245655628546,0.80000000000000004,20,-1.2341808313576441,3.7999999999999998,20,1.3743532879139295,-3,True,True,True,0.32478442930464319
955,0.080344913112570859,1.6000000000000001,20,1.2153880272516422,1.8,19,-1.1350431141390713,-0.19999999999999996,True,True,True,0.32478442930464319
956,-0.49400837480135862,4.5999999999999996,20,-0.68034491311257084,-1.6000000000000001,20,0.18633653831121222,6.1999999999999993,True,True,True,0.32478442930464319
957,1.0546982010265005,-1.3999999999999999,20,-0.70939640205300081,2.7999999999999998,20,1.7640946030795013,-4.1999999999999993,True,True,True,0.32478442930464319
958,1.1538359182450733,-5.4000000000000004,21,0.44956885860928636,-2,20,0.70426705963578695,-3.4000000000000004,True,True,True,0.32478442930464319
959,-0.059827543443714548,0.80000000000000004,21,-0.40000000000000002,0,21,0.34017245655628547,0.80000000000000004,True,True,True,0.32478442930464319
960,0.10426705963578686,-3.3999999999999999,21,-0.17435328791392957,3,20,0.27862034754971643,-6.4000000000000004,True,True,True,0.32478442930464319
961,-0.010258684834428211,-1.2,21,0.3350431141390714,0.20000000000000001,21,-0.34530179897349961,-1.3999999999999999,True,True,True,0.32478442930464319
962,-0.7401724565562855,-0.80000000000000004,21,0.68034491311257084,1.6000000000000001,21,-1.4205173696688562,-2.4000000000000004,True,True,True,0.32478442930464319
963,-1.2444395161920725,2.6000000000000001,21,0.32478442930464319,-1,21,-1.5692239454967156,3.6000000000000001,True,True,True,0.32478442930464319
964,-0.95043114139071372,-2,20,0.84443951619207236,-2.6000000000000001,21,-1.794870657582786,0.60000000000000009,True,True,True,0.32478442930464319
965,1.205129342417214,0.59999999999999998,20,-0.81879280410600175,5.5999999999999996,21,2.0239221465232156,-5,True,True,True,0.32478442930464319
966,-0.34530179897349961,-1.3999999999999999,21,1.1145257444702152,-2.2000000000000002,21,-1.4598275434437149,0.80000000000000027,True,True,True,0.32478442930464319
967,-0.97435328791392961,3,21,0.2153880272516423,1.8,21,-1.189741315165572,1.2,True,True,True,0.32478442930464319
968,-0.1897413151655718,1.2,22,0.3093964020530009,-2.7999999999999998,22,-0.4991377172185727,4,True,True,True,0.32478442930464319
969,-0.28034491311257093,-1.6000000000000001,22,-0.61025868483442824,-1.2,22,0.32991377172185732,-0.40000000000000013,True,True,True,0.32478442930464319
970,-1.4700862282781428,-0.40000000000000002,22,-0.15043114139071367,-2,22,-1.3196550868874293,1.6000000000000001,True,True,True,0.32478442930464319
971,0.45469820102650044,-1.3999999999999999,21,-0.51965508688742912,1.6000000000000001,22,0.97435328791392961,-3,True,True,True,0.32478442930464319
972,0.6444395161920724,-2.6000000000000001,22,0.020517369668856422,2.3999999999999999,22,0.62392214652321598,-5,True,True,True,0.32478442930464319
973,-0.73844789099343089,7.2000000000000002,22,0.54017245655628554,0.80000000000000004,22,-1.2786203475497164,6.4000000000000004,True,True,True,0.32478442930464319
974,-0.48887903238414476,5.2000000000000002,21,0.50426705963578689,-3.3999999999999999,22,-0.99314609201993165,8.5999999999999996,True,True,True,0.32478442930464319
975,0.4051293424172141,0.59999999999999998,22,-1.0051293424172141,-0.59999999999999998,21,1.4102586848344281,1.2,True,True,True,0.32478442930464319
976,1.9846119727483575,-1.8,22,0.45982754344371457,-0.80000000000000004,21,1.5247844293046429,-1,True,True,True,0.32478442930464319
977,0.41025868483442823,1.2,22,0.054698201026500415,-1.3999999999999999,22,0.35556048380792782,2.5999999999999996,True,True,True,0.32478442930464319
978,-1.0495688586092864,2,23,-0.47008622827814273,-0.40000000000000002,23,-0.57948263033114367,2.3999999999999999,True,True,True,0.32478442930464319
979,0.3093964020530009,-2.7999999999999998,23,-1.3897413151655718,1.2,23,1.6991377172185727,-4,True,True,True,0.32478442930464319
980,-0.16068982622514172,-3.2000000000000002,23,0.52991377172185727,-0.40000000000000002,23,-0.69060359794699899,-2.8000000000000003,True,True,True,0.32478442930464319
981,0.56409460307950132,-4.2000000000000002,23,0.80512934241721412,0.59999999999999998,22,-0.2410347393377128,-4.7999999999999998,True,True,True,0.32478442930464319
982,-0.80000000000000004,0,23,-0.72478442930464326,1,23,-0.075215570695356782,-1,True,True,True,0.32478442930464319
983,0.34017245655628542,0.80000000000000004,23,-0.33331854857621668,7.7999999999999998,23,0.67349100513250204,-7,True,True,True,0.32478442930464319
984,-0.14017245655628546,-0.80000000000000004,22,0.51965508688742912,-1.6000000000000001,23,-0.65982754344371464,0.80000000000000004,True,True,True,0.32478442930464319
985,0.51452574447021515,-2.2000000000000002,23,0.8102586848344282,1.2,23,-0.29573294036421305,-3.4000000000000004,True,True,True,0.32478442930464319
986,-0.26495688586092864,0.20000000000000001,23,1.5145257444702152,-2.2000000000000002,23,-1.7794826303311437,2.4000000000000004,True,True,True,0.32478442930464319
987,-1.0051293424172141,-0.59999999999999998,22,-0.094008374801358707,4.5999999999999996,22,-0.91112096761585537,-5.1999999999999993,True,True,True,0.32478442930464319
988,-0.98974131516557184,1.2,24,0.049568858609286393,-2,23,-1.0393101737748582,3.2000000000000002,True,True,True,0.32478442930464319
989,-0.27862034754971643,6.4000000000000004,24,-0.090603597946999126,-2.7999999999999998,24,-0.1880167496027173,9.1999999999999993,True,True,True,0.32478442930464319
990,0.67008622827814279,0.40000000000000002,23,-1.6051293424172142,-0.59999999999999998,24,2.275215570695357,1,True,True,True,0.32478442930464319
991,-0.018792804106001704,5.5999999999999996,23,0.23418083135764411,-3.7999999999999998,24,-0.25297363546364582,9.3999999999999986,True,True,True,0.32478442930464319
992,0.32991377172185732,-0.40000000000000002,24,0.69913771721857276,-4,24,-0.36922394549671544,3.6000000000000001,True,True,True,0.32478442930464319
993,0.13504311413907139,0.20000000000000001,24,-0.31965508688742911,1.6000000000000001,24,0.45469820102650049,-1.4000000000000001,True,True,True,0.32478442930464319
994,1.0102586848344282,1.2,24,-0.55556048380792755,-2.6000000000000001,23,1.5658191686423557,3.7999999999999998,True,True,True,0.32478442930464319
995,0.080344913112570859,1.6000000000000001,24,0.47521557069535686,1,24,-0.394870657582786,0.60000000000000009,True,True,True,0.32478442930464319
996,0.77435328791392966,-3,24,0.28547425552978489,2.2000000000000002,24,0.48887903238414476,-5.2000000000000002,True,True,True,0.32478442930464319
997,-1.2,0,24,0.31452574447021509,-2.2000000000000002,24,-1.5145257444702152,2.2000000000000002,True,True,True,0.32478442930464319
998,0.31452574447021509,-2.2000000000000002,24,-0.018792804106001704,5.5999999999999996,25,0.33331854857621679,-7.7999999999999998,True,True,True,0.32478442930464319
999,-0.35043114139071363,-2,25,1.4957329403642132,3.3999999999999999,25,-1.8461640817549267,-5.4000000000000004,True,True,True,0.32478442930464319
1000,-0.18461197274835772,1.8,25,-0.43931017377485826,3.2000000000000002,25,0.25469820102650054,-1.4000000000000001,True,True,True,0.32478442930464319
1001,0.30599162519864143,4.5999999999999996,24,0.38461197274835773,-1.8,25,-0.078620347549716307,6.3999999999999995,True,True,True,0.32478442930464319
1002,1.2341808313576441,-3.7999999999999998,25,-0.75556048380792773,-2.6000000000000001,24,1.9897413151655718,-1.1999999999999997,True,True,True,0.32478442930464319
1003,-0.20512934241721412,-0.59999999999999998,25,-0.43590539692049868,-4.2000000000000002,25,0.23077605450328456,3.6000000000000001,True,True,True,0.32478442930464319
1004,0.15043114139071367,2,25,0.14017245655628546,0.80000000000000004,25,0.010258684834428211,1.2,True,True,True,0.32478442930464319
1005,-0.1897413151655718,1.2,24,0.99487065758278592,-0.59999999999999998,25,-1.1846119727483577,1.7999999999999998,True,True,True,0.32478442930464319
1006,-0.74530179897349957,-1.3999999999999999,25,-0.3350431141390714,-0.20000000000000001,25,-0.41025868483442818,-1.2,True,True,True,0.32478442930464319
1007,-0.090603597946999126,-2.7999999999999998,25,-1.2700862282781427,-0.40000000000000002,25,1.1794826303311434,-2.3999999999999999,True,True,True,0.32478442930464319
1008,0.10086228278142717,4,25,0.11452574447021513,-2.2000000000000002,25,-0.013663461688787959,6.2000000000000002,True,True,True,0.32478442930464319
1009,0.83077605450328451,3.6000000000000001,26,0.0051293424172141056,0.59999999999999998,25,0.82564671208607043,3,True,True,True,0.32478442930464319
1010,2.1760778534767837,5,26,0.98461197274835777,-1.8,26,1.191465880728426,6.7999999999999998,True,True,True,0.32478442930464319
1011,-0.24443951619207238,2.6000000000000001,26,-0.5247844293046432,1,26,0.28034491311257081,1.6000000000000001,True,True,True,0.32478442930464319
1012,-0.61538802725164221,-1.8,25,-0.094008374801358707,4.5999999999999996,26,-0.5213796524502835,-6.3999999999999995,True,True,True,0.32478442930464319
1013,0.47008622827814273,0.40000000000000002,26,0.1196550868874291,-1.6000000000000001,26,0.35043114139071363,2,True,True,True,0.32478442930464319
1014,-1.5401724565562855,-0.80000000000000004,26,-0.82564671208607043,-3,26,-0.71452574447021511,2.2000000000000002,True,True,True,0.32478442930464319
1015,1.2649568858609286,-0.20000000000000001,26,-0.58461197274835774,1.8,26,1.8495688586092864,-2,True,True,True,0.32478442930464319
1016,-0.06495688586092864,0.20000000000000001,26,-0.89060359794699917,-2.7999999999999998,26,0.82564671208607054,3,True,True,True,0.32478442930464319
1017,-0.90086228278142744,-4,26,0.42905148894043021,-4.4000000000000004,26,-1.3299137717218577,0.40000000000000036,True,True,True,0.32478442930464319
1018,0.099137717218572785,-4,27,0.24956885860928635,-2,26,-0.15043114139071356,-2,True,True,True,0.32478442930464319
1019,0.18461197274835772,-1.8,27,-0.43590539692049868,-4.2000000000000002,27,0.6205173696688564,2.4000000000000004,True,True,True,0.32478442930464319
1020,0.14017245655628546,0.80000000000000004,27,0.27521557069535679,1,27,-0.13504311413907133,-0.19999999999999996,True,True,True,0.32478442930464319
1021,-0.075215570695356837,-1,26,0.15556048380792764,2.6000000000000001,27,-0.23077605450328448,-3.6000000000000001,True,True,True,0.32478442930464319
1022,0.58461197274835774,-1.8,27,0.20000000000000001,0,27,0.38461197274835773,-1.8,True,True,True,0.32478442930464319
1023,-0.65982754344371464,0.80000000000000004,27,0.37094851105956983,4.4000000000000004,27,-1.0307760545032845,-3.6000000000000005,True,True,True,0.32478442930464319
1024,-0.12478442930464317,1,26,-0.39487065758278594,0.59999999999999998,27,0.27008622827814277,0.40000000000000002,True,True,True,0.32478442930464319
1025,-0.90599162519864129,-4.5999999999999996,27,-0.27521557069535679,-1,26,-0.63077605450328456,-3.5999999999999996,True,True,True,0.32478442930464319
1026,-0.35896526066228729,4.7999999999999998,27,0.54530179897349962,1.3999999999999999,27,-0.90426705963578691,3.3999999999999999,True,True,True,0.32478442930464319
1027,-1.1555604838079276,-2.6000000000000001,27,1.4512934241721407,6,27,-2.6068539079800681,-8.5999999999999996,True,True,True,0.32478442930464319
1028,1.8017245655628549,8,28,-0.2153880272516423,-1.8,28,2.0171125928144971,9.8000000000000007,True,True,True,0.32478442930464319
1029,0.38461197274835773,-1.8,27,-1.4410347393377128,-4.7999999999999998,28,1.8256467120860704,3,True,True,True,0.32478442930464319
1030,-0.73504311413907142,-0.20000000000000001,28,-0.49060359794699904,-2.7999999999999998,27,-0.24443951619207238,2.5999999999999996,True,True,True,0.32478442930464319
1031,0.46495688586092865,-0.20000000000000001,28,-0.73504311413907142,-0.20000000000000001,28,1.2000000000000002,0,True,True,True,0.32478442930464319
1032,-0.0051293424172141056,-0.59999999999999998,28,0.87008622827814275,0.40000000000000002,28,-0.87521557069535683,-1,True,True,True,0.32478442930464319
1033,0.62564671208607048,3,28,0.21025868483442817,1.2,27,0.41538802725164231,1.8,True,True,True,0.32478442930464319
1034,0.085474255529784937,2.2000000000000002,28,-0.65982754344371464,0.80000000000000004,28,0.74530179897349957,1.4000000000000001,True,True,True,0.32478442930464319
1035,0.62051736966885629,2.3999999999999999,28,-0.034180831357644159,3.7999999999999998,28,0.65469820102650045,-1.3999999999999999,True,True,True,0.32478442930464319
1036,0.28887903238414481,-5.2000000000000002,28,-1.1658191686423558,-3.7999999999999998,28,1.4546982010265006,-1.4000000000000004,True,True,True,0.32478442930464319
1037,-0.080344913112570859,-1.6000000000000001,27,0.45982754344371457,-0.80000000000000004,28,-0.54017245655628543,-0.80000000000000004,True,True,True,0.32478442930464319
1038,-0.070086228278142731,-0.40000000000000002,28,-0.23077605450328442,-3.6000000000000001,28,0.16068982622514169,3.2000000000000002,True,True,True,0.32478442930464319
1039,-1.3606898262251417,-3.2000000000000002,29,-0.62051736966885629,-2.3999999999999999,29,-0.74017245655628539,-0.80000000000000027,True,True,True,0.32478442930464319
1040,0.67008622827814279,0.40000000000000002,29,0.55043114139071359,2,28,0.11965508688742921,-1.6000000000000001,True,True,True,0.32478442930464319
1041,0.48887903238414476,-5.2000000000000002,29,-0.6649568858609286,0.20000000000000001,29,1.1538359182450733,-5.4000000000000004,True,True,True,0.32478442930464319
1042,0.7589652606622872,-4.7999999999999998,29,-0.58974131516557182,1.2,29,1.3487065758278591,-6,True,True,True,0.32478442930464319
1043,-0.06495688586092864,0.20000000000000001,30,0.054698201026500415,-1.3999999999999999,29,-0.11965508688742905,1.5999999999999999,True,True,True,0.32478442930464319
1044,0.010258684834428211,1.2,29,-1.0700862282781427,-0.40000000000000002,29,1.0803449131125709,1.6000000000000001,True,True,True,0.32478442930464319
1045,-0.28547425552978489,-2.2000000000000002,30,0.26495688586092864,-0.20000000000000001,29,-0.55043114139071347,-2,True,True,True,0.32478442930464319
1046,-0.25469820102650043,1.3999999999999999,28,-1.2153880272516422,-1.8,30,0.96068982622514176,3.2000000000000002,True,True,True,0.32478442930464319
1047,0.45469820102650044,-1.3999999999999999,29,1.2444395161920725,-2.6000000000000001,30,-0.78974131516557211,1.2000000000000002,True,True,True,0.32478442930464319
1048,-0.72478442930464326,1,30,-0.32991377172185732,0.40000000000000002,29,-0.39487065758278594,0.59999999999999998,True,True,True,0.32478442930464319
1049,-0.57094851105956979,-4.4000000000000004,29,0.87008622827814275,0.40000000000000002,30,-1.4410347393377125,-4.8000000000000007,True,True,True,0.32478442930464319
1050,0.14530179897349954,1.3999999999999999,29,0.49400837480135862,-4.5999999999999996,30,-0.34870657582785908,6,True,True,True,0.32478442930464319
1051,0.63077605450328456,3.6000000000000001,29,-0.18461197274835772,1.8,29,0.81538802725164228,1.8,True,True,True,0.32478442930464319
1052,-0.30426705963578682,3.3999999999999999,29,1.8615521090065692,7.2000000000000002,29,-2.165819168642356,-3.8000000000000003,True,True,True,0.32478442930464319
1053,0.27521557069535679,1,30,0.13504311413907139,0.20000000000000001,30,0.14017245655628541,0.80000000000000004,True,True,True,0.32478442930464319
1054,-0.28034491311257093,-1.6000000000000001,31,0.1196550868874291,-1.6000000000000001,30,-0.40000000000000002,0,True,True,True,0.32478442930464319
1055,0.25982754344371456,-0.80000000000000004,30,-0.93504311413907137,-0.20000000000000001,30,1.1948706575827859,-0.60000000000000009,True,True,True,0.32478442930464319
1056,-0.9299137717218573,0.40000000000000002,31,0.8102586848344282,1.2,31,-1.7401724565562855,-0.79999999999999993,True,True,True,0.32478442930464319
1057,1.4444395161920722,-2.6000000000000001,31,0.27521557069535679,1,30,1.1692239454967155,-3.6000000000000001,True,True,True,0.32478442930464319
1058,1.3111209676158553,5.2000000000000002,30,0.3093964020530009,-2.7999999999999998,31,1.0017245655628544,8,True,True,True,0.32478442930464319
1059,-0.67008622827814279,-0.40000000000000002,31,-0.054698201026500415,1.3999999999999999,30,-0.61538802725164232,-1.7999999999999998,True,True,True,0.32478442930464319
1060,-0.30426705963578682,3.3999999999999999,30,-0.059827543443714548,0.80000000000000004,31,-0.24443951619207227,2.5999999999999996,True,True,True,0.32478442930464319
1061,-0.3093964020530009,2.7999999999999998,29,-0.25982754344371456,0.80000000000000004,30,-0.049568858609286337,1.9999999999999998,True,True,True,0.32478442930464319
1062,0.49573294036421323,3.3999999999999999,30,-0.77607785347678404,-5,30,1.2718107938409973,8.4000000000000004,True,True,True,0.32478442930464319
1063,-0.34530179897349961,-1.3999999999999999,32,0.1196550868874291,-1.6000000000000001,32,-0.4649568858609287,0.20000000000000018,True,True,True,0.32478442930464319
1064,-0.72991377172185723,0.40000000000000002,31,0.9709485110595697,4.4000000000000004,31,-1.700862282781427,-4,True,True,True,0.32478442930464319
1065,0.19487065758278591,-0.59999999999999998,31,0.16068982622514172,3.2000000000000002,31,0.034180831357644187,-3.8000000000000003,True,True,True,0.32478442930464319
1066,-0.7401724565562855,-0.80000000000000004,31,-0.32991377172185732,0.40000000000000002,32,-0.41025868483442818,-1.2000000000000002,True,True,True,0.32478442930464319
1067,0.015388027251642233,1.8,32,-0.06495688586092864,0.20000000000000001,31,0.080344913112570873,1.6000000000000001,True,True,True,0.32478442930464319
1068,0.10939640205300083,-2.7999999999999998,32,0.28547425552978489,2.2000000000000002,31,-0.17607785347678406,-5,True,True,True,0.32478442930464319
1069,0.37435328791392963,-3,31,0.91452574447021506,-2.2000000000000002,32,-0.54017245655628543,-0.79999999999999982,True,True,True,0.32478442930464319
1070,-0.010258684834428211,-1.2,31,0.035905396920498545,4.2000000000000002,31,-0.046164081754926756,-5.4000000000000004,True,True,True,0.32478442930464319
1071,-0.37094851105956983,-4.4000000000000004,31,-0.76922394549671547,3.6000000000000001,30,0.39827543443714564,-8,True,True,True,0.32478442930464319
1072,0.28034491311257093,1.6000000000000001,31,-0.38974131516557181,1.2,32,0.67008622827814279,0.40000000000000013,True,True,True,0.32478442930464319
1073,0.010258684834428211,1.2,32,0.57948263033114356,-2.3999999999999999,32,-0.5692239454967154,3.5999999999999996,True,True,True,0.32478442930464319
1074,0.054698201026500415,-1.3999999999999999,33,-0.23590539692049872,-4.2000000000000002,32,0.29060359794699914,2.8000000000000003,True,True,True,0.32478442930464319
1075,0.19487065758278591,-0.59999999999999998,33,-0.74530179897349957,-1.3999999999999999,32,0.94017245655628545,0.79999999999999993,True,True,True,0.32478442930464319
1076,0.23077605450328442,3.6000000000000001,32,-0.34017245655628542,-0.80000000000000004,33,0.57094851105956979,4.4000000000000004,True,True,True,0.32478442930464319
1077,0.28034491311257093,1.6000000000000001,32,0.54017245655628554,0.80000000000000004,32,-0.25982754344371461,0.80000000000000004,True,True,True,0.32478442930464319
1078,-0.5247844293046432,1,33,-0.35043114139071363,-2,32,-0.17435328791392957,3,True,True,True,0.32478442930464319
1079,1.0359053969204985,4.2000000000000002,32,-0.35043114139071363,-2,33,1.3863365383112121,6.2000000000000002,True,True,True,0.32478442930464319
1080,-0.044439516192072315,2.6000000000000001,32,-0.15556048380792764,-2.6000000000000001,32,0.11112096761585533,5.2000000000000002,True,True,True,0.32478442930464319
1081,0.51965508688742912,-1.6000000000000001,33,-0.71965508688742919,1.6000000000000001,33,1.2393101737748582,-3.2000000000000002,True,True,True,0.32478442930464319
1082,-0.50939640205300085,2.7999999999999998,31,-0.9299137717218573,0.40000000000000002,32,0.42051736966885644,2.3999999999999999,True,True,True,0.32478442930464319
1083,-0.61538802725164221,-1.8,34,0.32991377172185732,-0.40000000000000002,34,-0.94530179897349953,-1.3999999999999999,True,True,True,0.32478442930464319
1084,0.10939640205300083,-2.7999999999999998,33,0.51965508688742912,-1.6000000000000001,34,-0.41025868483442829,-1.1999999999999997,True,True,True,0.32478442930464319
1085,0.31452574447021509,-2.2000000000000002,33,-0.044439516192072315,2.6000000000000001,33,0.3589652606622874,-4.8000000000000007,True,True,True,0.32478442930464319
1086,0.71965508688742919,-1.6000000000000001,34,0.010258684834428211,1.2,33,0.70939640205300103,-2.7999999999999998,True,True,True,0.32478442930464319
1087,0.18461197274835772,-1.8,33,0.50939640205300085,-2.7999999999999998,34,-0.32478442930464313,0.99999999999999978,True,True,True,0.32478442930464319
1088,-0.82051736966885647,-2.3999999999999999,33,-0.58461197274835774,1.8,34,-0.23590539692049872,-4.2000000000000002,True,True,True,0.32478442930464319
1089,-0.31452574447021509,2.2000000000000002,34,-0.50939640205300085,2.7999999999999998,33,0.19487065758278577,-0.59999999999999964,True,True,True,0.32478442930464319
1090,-0.10426705963578686,3.3999999999999999,34,0.23590539692049872,4.2000000000000002,32,-0.34017245655628559,-0.80000000000000027,True,True,True,0.32478442930464319
1091,0.5247844293046432,-1,34,0.54530179897349962,1.3999999999999999,33,-0.020517369668856422,-2.3999999999999999,True,True,True,0.32478442930464319
1092,-0.2153880272516423,-1.8,34,-0.23931017377485819,3.2000000000000002,34,0.023922146523215893,-5,True,True,True,0.32478442930464319
1093,0.71965508688742919,-1.6000000000000001,33,-0.81538802725164217,-1.8,34,1.5350431141390715,0.19999999999999996,True,True,True,0.32478442930464319
1094,-0.090603597946999126,-2.7999999999999998,34,-0.32991377172185732,0.40000000000000002,34,0.23931017377485819,-3.1999999999999997,True,True,True,0.32478442930464319
1095,-0.47008622827814273,-0.40000000000000002,33,0.37094851105956983,4.4000000000000004,33,-0.84103473933771256,-4.8000000000000007,True,True,True,0.32478442930464319
1096,1.2495688586092863,-2,35,-0.054698201026500415,1.3999999999999999,33,1.3042670596357868,-3.3999999999999999,True,True,True,0.32478442930464319
1097,0.38461197274835773,-1.8,35,0.87521557069535683,1,35,-0.49060359794699909,-2.7999999999999998,True,True,True,0.32478442930464319
1098,-1.0546982010265005,1.3999999999999999,35,0.47008622827814273,0.40000000000000002,35,-1.5247844293046433,0.99999999999999989,True,True,True,0.32478442930464319
1099,0.26495688586092864,-0.20000000000000001,34,1.1145257444702152,-2.2000000000000002,35,-0.84956885860928666,2,True,True,True,0.32478442930464319
1100,0.34530179897349961,1.3999999999999999,34,-0.95556048380792769,-2.6000000000000001,35,1.3008622827814273,4,True,True,True,0.32478442930464319
1101,0.29913771721857274,-4,35,-0.57948263033114356,2.3999999999999999,35,0.8786203475497163,-6.4000000000000004,True,True,True,0.32478442930464319
1102,0.10939640205300083,-2.7999999999999998,35,-1.1555604838079276,-2.6000000000000001,35,1.2649568858609284,-0.19999999999999973,True,True,True,0.32478442930464319
1103,-0.39487065758278594,0.59999999999999998,35,-1.3401724565562856,-0.80000000000000004,34,0.94530179897349964,1.3999999999999999,True,True,True,0.32478442930464319
1104,-0.78974131516557189,1.2,35,0.97607785347678422,5,34,-1.7658191686423561,-3.7999999999999998,True,True,True,0.32478442930464319
1105,-0.60512934241721417,-0.59999999999999998,33,0.37607785347678413,5,35,-0.9812071958939983,-5.5999999999999996,True,True,True,0.32478442930464319
1106,0.27008622827814277,0.40000000000000002,34,-0.27008622827814277,-0.40000000000000002,34,0.54017245655628554,0.80000000000000004,True,True,True,0.32478442930464319
1107,-1.2854742555297849,-2.2000000000000002,36,0.58461197274835774,-1.8,36,-1.8700862282781427,-0.40000000000000013,True,True,True,0.32478442930464319
1108,0.30599162519864143,4.5999999999999996,36,-0.059827543443714548,0.80000000000000004,36,0.36581916864235597,3.7999999999999998,True,True,True,0.32478442930464319
1109,0.48034491311257088,1.6000000000000001,36,-0.59999999999999998,0,36,1.0803449131125709,1.6000000000000001,True,True,True,0.32478442930464319
1110,0.91965508688742914,-1.6000000000000001,36,1.1401724565562854,0.80000000000000004,35,-0.22051736966885627,-2.4000000000000004,True,True,True,0.32478442930464319
1111,1.1162503100330696,5.7999999999999998,35,0.11452574447021513,-2.2000000000000002,36,1.0017245655628546,8,True,True,True,0.32478442930464319
1112,-1.6153880272516425,-1.8,36,-0.86495688586092867,0.20000000000000001,36,-0.75043114139071387,-2,True,True,True,0.32478442930464319
1113,-1.7401724565562855,-0.80000000000000004,35,1.0444395161920723,-2.6000000000000001,36,-2.7846119727483578,1.8,True,True,True,0.32478442930464319
1114,0.6649568858609286,-0.20000000000000001,35,0.17435328791392957,-3,36,0.49060359794699904,2.7999999999999998,True,True,True,0.32478442930464319
1115,-0.58974131516557182,1.2,36,-0.67521557069535687,-1,35,0.085474255529785048,2.2000000000000002,True,True,True,0.32478442930464319
1116,0.28034491311257093,1.6000000000000001,36,0.070086228278142731,0.40000000000000002,35,0.21025868483442819,1.2000000000000002,True,True,True,0.32478442930464319
1117,-0.5247844293046432,1,37,0.22051736966885638,2.3999999999999999,37,-0.74530179897349957,-1.3999999999999999,True,True,True,0.32478442930464319
1118,0.6444395161920724,-2.6000000000000001,37,-1.885474255529785,-2.2000000000000002,37,2.5299137717218576,-0.39999999999999991,True,True,True,0.32478442930464319
1119,-0.26495688586092864,0.20000000000000001,37,1.1213796524502837,6.4000000000000004,36,-1.3863365383112123,-6.2000000000000002,True,True,True,0.32478442930464319
1120,1.5453017989734996,1.3999999999999999,36,-1.7350431141390714,-0.20000000000000001,36,3.2803449131125708,1.5999999999999999,True,True,True,0.32478442930464319
1121,-0.73504311413907142,-0.20000000000000001,37,0.69060359794699921,2.7999999999999998,36,-1.4256467120860705,-3,True,True,True,0.32478442930464319
1122,-0.62051736966885629,-2.3999999999999999,36,0.96922394549671553,-3.6000000000000001,37,-1.5897413151655719,1.2000000000000002,True,True,True,0.32478442930464319
1123,-0.0461640817549267,-5.4000000000000004,37,-1.2102586848344283,-1.2,37,1.1640946030795016,-4.2000000000000002,True,True,True,0.32478442930464319
1124,0.42392214652321591,-5,37,0.70086228278142726,4,37,-0.27694013625821134,-9,True,True,True,0.32478442930464319
1125,-0.3350431141390714,-0.20000000000000001,36,0.17607785347678417,5,37,-0.51112096761585557,-5.2000000000000002,True,True,True,0.32478442930464319
1126,1.3794826303311436,-2.3999999999999999,37,-0.51452574447021515,2.2000000000000002,37,1.8940083748013588,-4.5999999999999996,True,True,True,0.32478442930464319
1127,-1.1453017989734997,-1.3999999999999999,37,1.2615521090065691,7.2000000000000002,37,-2.4068539079800688,-8.5999999999999996,True,True,True,0.32478442930464319
1128,-1.2649568858609286,0.20000000000000001,37,0.14530179897349954,1.3999999999999999,37,-1.4102586848344281,-1.2,True,True,True,0.32478442930464319
1129,-0.47008622827814273,-0.40000000000000002,37,1.2153880272516422,1.8,37,-1.685474255529785,-2.2000000000000002,True,True,True,0.32478442930464319
1130,0.71112096761585519,5.2000000000000002,38,1.2,0,38,-0.48887903238414476,5.2000000000000002,True,True,True,0.32478442930464319
1131,0.3555604838079276,2.6000000000000001,38,0.41025868483442823,1.2,38,-0.054698201026500637,1.4000000000000001,True,True,True,0.32478442930464319
1132,-0.88034491311257079,-1.6000000000000001,38,-0.46495688586092865,0.20000000000000001,38,-0.41538802725164214,-1.8,True,True,True,0.32478442930464319
1133,1.2290514889404303,-4.4000000000000004,38,-0.53504311413907135,-0.20000000000000001,38,1.7640946030795015,-4.2000000000000002,True,True,True,0.32478442930464319
1134,0.5008622827814273,4,38,-0.46495688586092865,0.20000000000000001,38,0.96581916864235595,3.7999999999999998,True,True,True,0.32478442930464319
1135,1.0957329403642133,3.3999999999999999,38,1.5093964020530009,-2.7999999999999998,38,-0.41366346168878754,6.1999999999999993,True,True,True,0.32478442930464319
1136,-0.3794826303311436,2.3999999999999999,38,-0.56068982622514185,-3.2000000000000002,38,0.18120719589399825,5.5999999999999996,True,True,True,0.32478442930464319
1137,-0.83590539692049881,-4.2000000000000002,38,-0.41025868483442823,-1.2,38,-0.42564671208607058,-3,True,True,True,0.32478442930464319
1138,1.5760778534767843,5,38,-0.49573294036421323,-3.3999999999999999,38,2.0718107938409975,8.4000000000000004,True,True,True,0.32478442930464319
1139,-1.5555604838079276,-2.6000000000000001,38,-0.94017245655628545,-0.80000000000000004,38,-0.6153880272516421,-1.8,True,True,True,0.32478442930464319
1140,,,1,,,1,,,False,False,False,0.32478442930464319
1141,,,1,,,1,,,False,False,False,0.32478442930464319
1142,,,1,,,1,,,False,False,False,0.32478442930464319
1143,,,1,,,1,,,False,False,False,0.32478442930464319
1144,,,1,,,1,,,False,False,False,0.32478442930464319
1145,,,1,,,1,,,False,False,False,0.32478442930464319
1146,,,1,,,1,,,False,False,False,0.32478442930464319
1147,,,1,,,1,,,False,False,False,0.32478442930464319
1148,,,1,,,1,,,False,False,False,0.32478442930464319
1149,,,1,,,1,,,False,False,False,0.32478442930464319
1150,,,2,,,2,,,False,False,False,0.32478442930464319
1151,,,2,,,2,,,False,False,False,0.32478442930464319
1152,,,2,,,2,,,False,False,False,0.32478442930464319
1153,,,2,,,2,,,False,False,False,0.32478442930464319
1154,,,2,,,2,,,False,False,False,0.32478442930464319
1155,,,2,,,2,,,False,False,False,0.32478442930464319
1156,,,2,,,2,,,False,False,False,0.32478442930464319
1157,,,2,,,2,,,False,False,False,0.32478442930464319
1158,,,2,,,2,,,False,False,False,0.32478442930464319
1159,,,2,,,2,,,False,False,False,0.32478442930464319
1160,,,3,,,3,,,False,False,False,0.32478442930464319
1161,,,3,,,3,,,False,False,False,0.32478442930464319
1162,,,3,,,3,,,False,False,False,0.32478442930464319
1163,,,3,,,3,,,False,False,False,0.32478442930464319
1164,,,3,,,3,,,False,False,False,0.32478442930464319
1165,,,3,,,3,,,False,False,False,0.32478442930464319
1166,,,3,,,3,,,False,False,False,0.32478442930464319
1167,,,3,,,3,,,False,False,False,0.32478442930464319
1168,,,3,,,3,,,False,False,False,0.32478442930464319
1169,,,3,,,3,,,False,False,False,0.32478442930464319
1170,,,4,,,4,,,False,False,False,0.32478442930464319
1171,,,4,,,4,,,False,False,False,0.32478442930464319
1172,,,4,,,4,,,False,False,False,0.32478442930464319
1173,,,4,,,4,,,False,False,False,0.32478442930464319
1174,,,4,,,4,,,False,False,False,0.32478442930464319
1175,,,4,,,4,,,False,False,False,0.32478442930464319
1176,,,4,,,4,,,False,False,False,0.32478442930464319
1177,,,4,,,4,,,False,False,False,0.32478442930464319
1178,,,4,,,4,,,False,False,False,0.32478442930464319
1179,,,4,,,4,,,False,False,False,0.32478442930464319
1180,,,5,,,5,,,False,False,False,0.32478442930464319
1181,,,5,,,5,,,False,False,False,0.32478442930464319
1182,,,5,,,5,,,False,False,False,0.32478442930464319
1183,,,5,,,5,,,False,False,False,0.32478442930464319
1184,,,5,,,5,,,False,False,False,0.32478442930464319
1185,,,5,,,5,,,False,False,False,0.32478442930464319
1186,,,5,,,5,,,False,False,False,0.32478442930464319
1187,,,5,,,5,,,False,False,False,0.32478442930464319
1188,,,5,,,5,,,False,False,False,0.32478442930464319
1189,,,5,,,5,,,False,False,False,0.32478442930464319
1190,1.1299137717218573,-0.40000000000000002,6,0.31452574447021509,-2.2000000000000002,6,0.81538802725164217,1.8000000000000003,True,True,True,0.32478442930464319
1191,0.3794826303311436,-2.3999999999999999,6,-0.47521557069535686,-1,6,0.85469820102650051,-1.3999999999999999,True,True,True,0.32478442930464319
1192,1.2,0,6,0.34530179897349961,1.3999999999999999,6,0.85469820102650029,-1.3999999999999999,True,True,True,0.32478442930464319
1193,-1.0205173696688563,-2.3999999999999999,6,-0.21025868483442817,-1.2,6,-0.8102586848344282,-1.2,True,True,True,0.32478442930464319
1194,0.91452574447021506,-2.2000000000000002,6,0.17094851105956987,4.4000000000000004,6,0.74357723341064519,-6.6000000000000005,True,True,True,0.32478442930464319
1195,-0.31452574447021509,2.2000000000000002,6,-0.1196550868874291,1.6000000000000001,6,-0.19487065758278599,0.60000000000000009,True,True,True,0.32478442930464319
1196,-1.1504311413907136,-2,6,0.63077605450328456,3.6000000000000001,6,-1.7812071958939981,-5.5999999999999996,True,True,True,0.32478442930464319
1197,-0.41538802725164226,-1.8,6,0.14530179897349954,1.3999999999999999,6,-0.56068982622514185,-3.2000000000000002,True,True,True,0.32478442930464319
1198,-0.64956885860928637,2,6,-0.36922394549671544,3.6000000000000001,6,-0.28034491311257093,-1.6000000000000001,True,True,True,0.32478442930464319
1199,-0.015388027251642233,-1.8,6,-0.49060359794699904,-2.7999999999999998,6,0.4752155706953568,0.99999999999999978,True,True,True,0.32478442930464319
1200,0.48034491311257088,1.6000000000000001,7,-0.30086228278142735,-4,7,0.78120719589399823,5.5999999999999996,True,True,True,0.32478442930464319
1201,0.11452574447021513,-2.2000000000000002,7,-0.95043114139071372,-2,7,1.0649568858609288,-0.20000000000000018,True,True,True,0.32478442930464319
1202,-0.34017245655628542,-0.80000000000000004,7,0.4307760545032846,3.6000000000000001,7,-0.77094851105956996,-4.4000000000000004,True,True,True,0.32478442930464319
1203,-0.28547425552978489,-2.2000000000000002,7,0.64956885860928637,-2,7,-0.93504311413907126,-0.20000000000000018,True,True,True,0.32478442930464319
1204,0.4991377172185727,-4,7,-0.070086228278142731,-0.40000000000000002,7,0.5692239454967154,-3.6000000000000001,True,True,True,0.32478442930464319
1205,-0.22905148894043026,4.4000000000000004,7,0.020517369668856422,2.3999999999999999,7,-0.24956885860928668,2.0000000000000004,True,True,True,0.32478442930464319
1206,-0.27521557069535679,-1,7,-0.34017245655628542,-0.80000000000000004,7,0.064956885860928626,-0.19999999999999996,True,True,True,0.32478442930464319
1207,0.075215570695356837,1,7,-0.73504311413907142,-0.20000000000000001,7,0.8102586848344282,1.2,True,True,True,0.32478442930464319
1208,-0.26495688586092864,0.20000000000000001,7,-0.029051488940430303,4.4000000000000004,7,-0.23590539692049833,-4.2000000000000002,True,True,True,0.32478442930464319
1209,1.7401724565562855,0.80000000000000004,7,-0.1897413151655718,1.2,7,1.9299137717218573,-0.39999999999999991,True,True,True,0.32478442930464319
1210,-0.3350431141390714,-0.20000000000000001,8,0.28547425552978489,2.2000000000000002,8,-0.62051736966885629,-2.4000000000000004,True,True,True,0.32478442930464319
1211,-0.054698201026500415,1.3999999999999999,8,0.60512934241721417,0.59999999999999998,8,-0.65982754344371464,0.79999999999999993,True,True,True,0.32478442930464319
1212,0.11452574447021513,-2.2000000000000002,8,0.1897413151655718,-1.2,8,-0.075215570695356671,-1.0000000000000002,True,True,True,0.32478442930464319
1213,-0.79487065758278586,0.59999999999999998,8,0.13504311413907139,0.20000000000000001,8,-0.9299137717218573,0.39999999999999997,True,True,True,0.32478442930464319
1214,0.64956885860928637,-2,8,-0.26495688586092864,0.20000000000000001,8,0.91452574447021506,-2.2000000000000002,True,True,True,0.32478442930464319
1215,-0.69573294036421318,-3.3999999999999999,8,0.76922394549671547,-3.6000000000000001,8,-1.4649568858609285,0.20000000000000018,True,True,True,0.32478442930464319
1216,-0.57435328791392959,3,8,-0.72478442930464326,1,8,0.15043114139071367,2,True,True,True,0.32478442930464319
1217,0.6854742555297848,2.2000000000000002,8,1.2649568858609286,-0.20000000000000001,8,-0.57948263033114378,2.4000000000000004,True,True,True,0.32478442930464319
1218,-0.42051736966885633,-2.3999999999999999,8,-0.56409460307950132,4.2000000000000002,8,0.14357723341064499,-6.5999999999999996,True,True,True,0.32478442930464319
1219,0,0,8,-0.27008622827814277,-0.40000000000000002,8,0.27008622827814277,0.40000000000000002,True,True,True,0.32478442930464319
1220,1.2341808313576441,-3.7999999999999998,9,0.39487065758278594,-0.59999999999999998,9,0.83931017377485817,-3.1999999999999997,True,True,True,0.32478442930464319
1221,0.87008622827814275,0.40000000000000002,9,-0.39487065758278594,0.59999999999999998,9,1.2649568858609288,-0.19999999999999996,True,True,True,0.32478442930464319
1222,0.18461197274835772,-1.8,9,0.10426705963578686,-3.3999999999999999,9,0.080344913112570859,1.5999999999999999,True,True,True,0.32478442930464319
1223,-0.19487065758278591,0.59999999999999998,9,-0.4256467120860703,-3,9,0.23077605450328439,3.6000000000000001,True,True,True,0.32478442930464319
1224,0.46495688586092865,-0.20000000000000001,9,-0.38974131516557181,1.2,9,0.85469820102650051,-1.3999999999999999,True,True,True,0.32478442930464319
1225,-0.69913771721857276,4,9,-0.75556048380792773,-2.6000000000000001,9,0.056422766589354967,6.5999999999999996,True,True,True,0.32478442930464319
1226,0.27521557069535679,1,9,0.090603597946999126,2.7999999999999998,9,0.18461197274835767,-1.7999999999999998,True,True,True,0.32478442930464319
1227,1.519655086887429,-1.6000000000000001,9,-0.010258684834428211,-1.2,9,1.5299137717218572,-0.40000000000000013,True,True,True,0.32478442930464319
1228,-0.79487065758278586,0.59999999999999998,9,0.22564671208607034,3,9,-1.0205173696688563,-2.3999999999999999,True,True,True,0.32478442930464319
1229,-1.1196550868874291,1.6000000000000001,9,-0.57948263033114356,2.3999999999999999,9,-0.54017245655628554,-0.79999999999999982,True,True,True,0.32478442930464319
1230,0.38974131516557181,-1.2,10,-0.95896526066228727,4.7999999999999998,10,1.3487065758278591,-6,True,True,True,0.32478442930464319
1231,-0.16068982622514172,-3.2000000000000002,10,1.0940083748013585,-4.5999999999999996,10,-1.2546982010265002,1.3999999999999995,True,True,True,0.32478442930464319
1232,0.3555604838079276,2.6000000000000001,10,0.19487065758278591,-0.59999999999999998,10,0.16068982622514169,3.2000000000000002,True,True,True,0.32478442930464319
1233,-0.085474255529784937,-2.2000000000000002,10,0.075215570695356837,1,10,-0.16068982622514177,-3.2000000000000002,True,True,True,0.32478442930464319
1234,0.20512934241721412,0.59999999999999998,10,-0.91965508688742914,1.6000000000000001,10,1.1247844293046432,-1,True,True,True,0.32478442930464319
1235,-0.3555604838079276,-2.6000000000000001,10,0.14530179897349954,1.3999999999999999,10,-0.50086228278142708,-4,True,True,True,0.32478442930464319
1236,-0.3555604838079276,-2.6000000000000001,10,-0.78974131516557189,1.2,10,0.43418083135764429,-3.7999999999999998,True,True,True,0.32478442930464319
1237,-1.1196550868874291,1.6000000000000001,10,1,0,10,-2.1196550868874291,1.6000000000000001,True,True,True,0.32478442930464319
1238,0.48547425552978485,2.2000000000000002,10,0.73504311413907142,0.20000000000000001,10,-0.24956885860928657,2,True,True,True,0.32478442930464319
1239,-0.12991377172185728,0.40000000000000002,10,0.19487065758278591,-0.59999999999999998,10,-0.32478442930464319,1,True,True,True,0.32478442930464319
1240,0.78461197274835781,-1.8,11,0.60512934241721417,0.59999999999999998,11,0.17948263033114364,-2.3999999999999999,True,True,True,0.32478442930464319
1241,0.1897413151655718,-1.2,11,-0.50939640205300085,2.7999999999999998,11,0.69913771721857265,-4,True,True,True,0.32478442930464319
1242,-0.98461197274835777,1.8,11,-0.5247844293046432,1,11,-0.45982754344371457,0.80000000000000004,True,True,True,0.32478442930464319
1243,0.2153880272516423,1.8,11,0.059827543443714548,-0.80000000000000004,11,0.15556048380792775,2.6000000000000001,True,True,True,0.32478442930464319
1244,-0.52991377172185727,0.40000000000000002,11,-0.054698201026500415,1.3999999999999999,11,-0.47521557069535686,-0.99999999999999989,True,True,True,0.32478442930464319
1245,0.10939640205300083,-2.7999999999999998,11,-0.15556048380792764,-2.6000000000000001,11,0.26495688586092847,-0.19999999999999973,True,True,True,0.32478442930464319
1246,0.3350431141390714,0.20000000000000001,11,-0.44956885860928636,2,11,0.78461197274835781,-1.8,True,True,True,0.32478442930464319
1247,-1.0546982010265005,1.3999999999999999,11,0.63931017377485821,-3.2000000000000002,11,-1.6940083748013586,4.5999999999999996,True,True,True,0.32478442930464319
1248,0.54530179897349962,1.3999999999999999,11,-0.13504311413907139,-0.20000000000000001,11,0.68034491311257095,1.5999999999999999,True,True,True,0.32478442930464319
1249,0.62051736966885629,2.3999999999999999,11,0.29400837480135866,-4.5999999999999996,11,0.32650899486749763,7,True,True,True,0.32478442930464319
1250,-0.0051293424172141056,-0.59999999999999998,12,0.47521557069535686,1,12,-0.48034491311257099,-1.6000000000000001,True,True,True,0.32478442930464319
1251,-0.27521557069535679,-1,12,-0.85982754344371459,0.80000000000000004,12,0.58461197274835786,-1.8,True,True,True,0.32478442930464319
1252,0.39487065758278594,-0.59999999999999998,12,0.78974131516557189,-1.2,12,-0.39487065758278594,0.59999999999999998,True,True,True,0.32478442930464319
1253,-0.31965508688742911,1.6000000000000001,12,0.78974131516557189,-1.2,12,-1.1093964020530009,2.7999999999999998,True,True,True,0.32478442930464319
1254,-0.38974131516557181,1.2,12,0.25469820102650043,-1.3999999999999999,12,-0.64443951619207218,2.5999999999999996,True,True,True,0.32478442930464319
1255,-0.53504311413907135,-0.20000000000000001,12,0.06495688586092864,-0.20000000000000001,12,-0.59999999999999998,0,True,True,True,0.32478442930464319
1256,-0.70939640205300081,2.7999999999999998,12,0.21025868483442817,1.2,12,-0.91965508688742892,1.5999999999999999,True,True,True,0.32478442930464319
1257,0.75383591824507334,-5.4000000000000004,12,-0.24443951619207238,2.6000000000000001,12,0.99827543443714573,-8,True,True,True,0.32478442930464319
1258,-0.090603597946999126,-2.7999999999999998,12,0.41538802725164226,1.8,12,-0.50599162519864138,-4.5999999999999996,True,True,True,0.32478442930464319
1259,-0.059827543443714548,0.80000000000000004,12,-0.65982754344371464,0.80000000000000004,12,0.60000000000000009,0,True,True,True,0.32478442930464319
1260,0.91965508688742914,-1.6000000000000001,13,0.23931017377485819,-3.2000000000000002,13,0.68034491311257095,1.6000000000000001,True,True,True,0.32478442930464319
1261,0.97435328791392961,-3,13,-0.54530179897349962,-1.3999999999999999,13,1.5196550868874292,-1.6000000000000001,True,True,True,0.32478442930464319
1262,-0.65982754344371464,0.80000000000000004,13,-0.13504311413907139,-0.20000000000000001,13,-0.52478442930464331,1,True,True,True,0.32478442930464319
1263,0.39487065758278594,-0.59999999999999998,13,0.50939640205300085,-2.7999999999999998,13,-0.11452574447021491,2.1999999999999997,True,True,True,0.32478442930464319
1264,-0.4051293424172141,-0.59999999999999998,13,0,0,13,-0.4051293424172141,-0.59999999999999998,True,True,True,0.32478442930464319
1265,0.73504311413907142,0.20000000000000001,13,0.32991377172185732,-0.40000000000000002,13,0.4051293424172141,0.60000000000000009,True,True,True,0.32478442930464319
1266,-0.1897413151655718,1.2,13,-0.4051293424172141,-0.59999999999999998,13,0.2153880272516423,1.7999999999999998,True,True,True,0.32478442930464319
1267,-0.039310173774858237,3.2000000000000002,13,-1.3846119727483579,1.8,13,1.3453017989734997,1.4000000000000001,True,True,True,0.32478442930464319
1268,0.080344913112570859,1.6000000000000001,13,-0.57948263033114356,2.3999999999999999,13,0.65982754344371441,-0.79999999999999982,True,True,True,0.32478442930464319
1269,1.0153880272516425,1.8,13,-0.85469820102650051,1.3999999999999999,13,1.870086228278143,0.40000000000000013,True,True,True,0.32478442930464319
1270,0.44956885860928636,-2,14,-0.65469820102650045,1.3999999999999999,14,1.1042670596357869,-3.3999999999999999,True,True,True,0.32478442930464319
1271,-1.3453017989734997,-1.3999999999999999,14,-0.47008622827814273,-0.40000000000000002,14,-0.87521557069535694,-0.99999999999999989,True,True,True,0.32478442930464319
1272,0.67521557069535687,1,14,1.0700862282781427,0.40000000000000002,14,-0.39487065758278583,0.59999999999999998,True,True,True,0.32478442930464319
1273,-1.0803449131125711,-1.6000000000000001,14,0.99487065758278592,-0.59999999999999998,14,-2.0752155706953568,-1,True,True,True,0.32478442930464319
1274,-1.1948706575827859,0.59999999999999998,14,0.53504311413907135,0.20000000000000001,14,-1.7299137717218573,0.39999999999999997,True,True,True,0.32478442930464319
1275,-1.3350431141390713,-0.20000000000000001,14,0.20000000000000001,0,14,-1.5350431141390712,-0.20000000000000001,True,True,True,0.32478442930464319
1276,0.38974131516557181,-1.2,14,0.030776054503284467,3.6000000000000001,14,0.35896526066228734,-4.7999999999999998,True,True,True,0.32478442930464319
1277,0.82905148894043024,-4.4000000000000004,14,0.15556048380792764,2.6000000000000001,14,0.6734910051325026,-7,True,True,True,0.32478442930464319
1278,0.20000000000000001,0,14,0.80512934241721412,0.59999999999999998,14,-0.60512934241721417,-0.59999999999999998,True,True,True,0.32478442930464319
1279,-0.71452574447021511,2.2000000000000002,14,0.45982754344371457,-0.80000000000000004,14,-1.1743532879139296,3,True,True,True,0.32478442930464319
1280,-0.94017245655628545,-0.80000000000000004,15,0.42392214652321591,-5,15,-1.3640946030795014,4.2000000000000002,True,True,True,0.32478442930464319
1281,1.2393101737748582,-3.2000000000000002,15,0.26495688586092864,-0.20000000000000001,15,0.97435328791392961,-3,True,True,True,0.32478442930464319
1282,-0.5247844293046432,1,15,-0.80512934241721412,-0.59999999999999998,15,0.28034491311257093,1.6000000000000001,True,True,True,0.32478442930464319
1283,1.2598275434437145,-0.80000000000000004,15,-0.28034491311257093,-1.6000000000000001,15,1.5401724565562853,0.80000000000000004,True,True,True,0.32478442930464319
1284,-0.3794826303311436,2.3999999999999999,15,0.75043114139071354,2,15,-1.1299137717218573,0.39999999999999991,True,True,True,0.32478442930464319
1285,0.25469820102650043,-1.3999999999999999,15,-0.18461197274835772,1.8,15,0.43931017377485815,-3.2000000000000002,True,True,True,0.32478442930464319
1286,-0.54530179897349962,-1.3999999999999999,15,-0.070086228278142731,-0.40000000000000002,15,-0.47521557069535691,-0.99999999999999989,True,True,True,0.32478442930464319
1287,0.87008622827814275,0.40000000000000002,15,0.4307760545032846,3.6000000000000001,15,0.43931017377485815,-3.2000000000000002,True,True,True,0.32478442930464319
1288,-1.4598275434437145,0.80000000000000004,15,-0.070086228278142731,-0.40000000000000002,15,-1.3897413151655718,1.2000000000000002,True,True,True,0.32478442930464319
1289,0.62564671208607048,3,16,-0.39487065758278594,0.59999999999999998,15,1.0205173696688563,2.3999999999999999,True,True,True,0.32478442930464319
1290,0.16068982622514172,3.2000000000000002,15,0.20000000000000001,0,16,-0.039310173774858292,3.2000000000000002,True,True,True,0.32478442930464319
1291,0.18461197274835772,-1.8,16,-0.025646712086070389,-3,16,0.21025868483442811,1.2,True,True,True,0.32478442930464319
1292,-0.16068982622514172,-3.2000000000000002,16,-0.78974131516557189,1.2,16,0.62905148894043017,-4.4000000000000004,True,True,True,0.32478442930464319
1293,-0.40000000000000002,0,16,-0.14017245655628546,-0.80000000000000004,16,-0.25982754344371456,0.80000000000000004,True,True,True,0.32478442930464319
1294,-0.32478442930464319,1,16,-0.39487065758278594,0.59999999999999998,16,0.070086228278142759,0.40000000000000002,True,True,True,0.32478442930464319
1295,0.37094851105956983,4.4000000000000004,16,0.86495688586092867,-0.20000000000000001,16,-0.49400837480135884,4.6000000000000005,True,True,True,0.32478442930464319
1296,-0.80000000000000004,0,16,0.86495688586092867,-0.20000000000000001,16,-1.6649568858609287,0.20000000000000001,True,True,True,0.32478442930464319
1297,0.15383591824507326,-5.4000000000000004,16,0.58974131516557182,-1.2,16,-0.43590539692049857,-4.2000000000000002,True,True,True,0.32478442930464319
1298,-0.1196550868874291,1.6000000000000001,16,-0.85469820102650051,1.3999999999999999,16,0.73504311413907142,0.20000000000000018,True,True,True,0.32478442930464319
1299,-0.5247844293046432,1,17,-0.67008622827814279,-0.40000000000000002,17,0.1453017989734996,1.3999999999999999,True,True,True,0.32478442930464319
1300,0.91965508688742914,-1.6000000000000001,17,-0.015388027251642233,-1.8,17,0.93504311413907137,0.19999999999999996,True,True,True,0.32478442930464319
1301,0.27521557069535679,1,17,0.30086228278142735,4,17,-0.025646712086070556,-3,True,True,True,0.32478442930464319
1302,-0.20512934241721412,-0.59999999999999998,17,0.12991377172185728,-0.40000000000000002,17,-0.3350431141390714,-0.19999999999999996,True,True,True,0.32478442930464319
1303,-0.3350431141390714,-0.20000000000000001,17,-1.0546982010265005,1.3999999999999999,17,0.71965508688742907,-1.5999999999999999,True,True,True,0.32478442930464319
1304,0.32478442930464319,-1,16,0.31112096761585528,5.2000000000000002,17,0.013663461688787903,-6.2000000000000002,True,True,True,0.32478442930464319
1305,-0.0051293424172141056,-0.59999999999999998,17,-0.3162503100330698,-5.7999999999999998,17,0.31112096761585573,5.2000000000000002,True,True,True,0.32478442930464319
1306,0.55383591824507339,-5.4000000000000004,17,-0.80512934241721412,-0.59999999999999998,17,1.3589652606622875,-4.8000000000000007,True,True,True,0.32478442930464319
1307,0.3350431141390714,0.20000000000000001,17,-0.50426705963578689,3.3999999999999999,17,0.83931017377485828,-3.1999999999999997,True,True,True,0.32478442930464319
1308,1.5299137717218572,-0.40000000000000002,17,0.090603597946999126,2.7999999999999998,16,1.4393101737748579,-3.1999999999999997,True,True,True,0.32478442930464319
1309,0.49060359794699904,2.7999999999999998,18,-0.45982754344371457,0.80000000000000004,18,0.95043114139071361,1.9999999999999998,True,True,True,0.32478442930464319
1310,0.43590539692049868,4.2000000000000002,18,0.20512934241721412,0.59999999999999998,18,0.23077605450328456,3.6000000000000001,True,True,True,0.32478442930464319
1311,0.030776054503284467,3.6000000000000001,17,-0.30086228278142735,-4,18,0.33163833728471181,7.5999999999999996,True,True,True,0.32478442930464319
1312,-0.20000000000000001,0,18,0.25982754344371456,-0.80000000000000004,17,-0.45982754344371457,0.80000000000000004,True,True,True,0.32478442930464319
1313,0.74530179897349957,1.3999999999999999,18,-0.38974131516557181,1.2,18,1.1350431141390713,0.19999999999999996,True,True,True,0.32478442930464319
1314,0.3350431141390714,0.20000000000000001,18,0.71452574447021511,-2.2000000000000002,18,-0.37948263033114371,2.4000000000000004,True,True,True,0.32478442930464319
1315,-0.24616408175492666,-5.4000000000000004,18,-0.34530179897349961,-1.3999999999999999,18,0.099137717218572952,-4,True,True,True,0.32478442930464319
1316,-0.61025868483442824,-1.2,18,-0.5247844293046432,1,18,-0.085474255529785048,-2.2000000000000002,True,True,True,0.32478442930464319
1317,0.95556048380792769,2.6000000000000001,18,-0.55043114139071359,-2,18,1.5059916251986412,4.5999999999999996,True,True,True,0.32478442930464319
1318,-1.4495688586092865,2,18,0.51965508688742912,-1.6000000000000001,18,-1.9692239454967155,3.6000000000000001,True,True,True,0.32478442930464319
1319,-0.20000000000000001,0,19,-0.83590539692049881,-4.2000000000000002,19,0.63590539692049886,4.2000000000000002,True,True,True,0.32478442930464319
1320,0.58461197274835774,-1.8,18,0.52991377172185727,-0.40000000000000002,19,0.05469820102650047,-1.3999999999999999,True,True,True,0.32478442930464319
1321,0.6649568858609286,-0.20000000000000001,19,0.41538802725164226,1.8,19,0.24956885860928635,-2,True,True,True,0.32478442930464319
1322,0.094008374801358707,-4.5999999999999996,19,-0.25469820102650043,1.3999999999999999,19,0.34870657582785913,-6,True,True,True,0.32478442930464319
1323,0.25469820102650043,-1.3999999999999999,19,-0.13504311413907139,-0.20000000000000001,19,0.38974131516557181,-1.2,True,True,True,0.32478442930464319
1324,0.51965508688742912,-1.6000000000000001,19,0.23077605450328442,3.6000000000000001,18,0.2888790323841447,-5.2000000000000002,True,True,True,0.32478442930464319
1325,-0.19487065758278591,0.59999999999999998,19,-1.5145257444702152,2.2000000000000002,19,1.3196550868874293,-1.6000000000000001,True,True,True,0.32478442930464319
1326,-0.3555604838079276,-2.6000000000000001,19,-0.16922394549671549,3.6000000000000001,19,-0.18633653831121211,-6.2000000000000002,True,True,True,0.32478442930464319
1327,-1.5299137717218572,0.40000000000000002,19,0.63077605450328456,3.6000000000000001,19,-2.1606898262251417,-3.2000000000000002,True,True,True,0.32478442930464319
1328,0.37435328791392963,-3,19,0.36068982622514167,3.2000000000000002,19,0.013663461688787959,-6.2000000000000002,True,True,True,0.32478442930464319
1329,-0.010258684834428211,-1.2,20,-0.90086228278142744,-4,20,0.89060359794699928,2.7999999999999998,True,True,True,0.32478442930464319
1330,0.28034491311257093,1.6000000000000001,20,1.1145257444702152,-2.2000000000000002,19,-0.83418083135764431,3.8000000000000003,True,True,True,0.32478442930464319
1331,-1.0495688586092864,2,20,0.4256467120860703,3,20,-1.4752155706953567,-1,True,True,True,0.32478442930464319
1332,-0.58974131516557182,1.2,20,-0.71965508688742919,1.6000000000000001,20,0.12991377172185736,-0.40000000000000013,True,True,True,0.32478442930464319
1333,-0.25982754344371456,0.80000000000000004,20,1.023922146523216,-5,20,-1.2837496899669305,5.7999999999999998,True,True,True,0.32478442930464319
1334,-0.36581916864235597,-3.7999999999999998,20,-0.015388027251642233,-1.8,20,-0.35043114139071374,-1.9999999999999998,True,True,True,0.32478442930464319
1335,0.19487065758278591,-0.59999999999999998,20,0.83590539692049881,4.2000000000000002,20,-0.64103473933771293,-4.7999999999999998,True,True,True,0.32478442930464319
1336,0.39487065758278594,-0.59999999999999998,20,0.11452574447021513,-2.2000000000000002,20,0.28034491311257081,1.6000000000000001,True,True,True,0.32478442930464319
1337,0.31112096761585528,5.2000000000000002,19,-1.5299137717218572,0.40000000000000002,20,1.8410347393377124,4.7999999999999998,True,True,True,0.32478442930464319
1338,0.53504311413907135,0.20000000000000001,20,0.94530179897349953,1.3999999999999999,20,-0.41025868483442818,-1.2,True,True,True,0.32478442930464319
1339,0.25982754344371456,-0.80000000000000004,21,0.21025868483442817,1.2,21,0.049568858609286393,-2,True,True,True,0.32478442930464319
1340,-0.40000000000000002,0,21,-0.17435328791392957,3,21,-0.22564671208607046,-3,True,True,True,0.32478442930464319
1341,1.2803449131125708,1.6000000000000001,21,0.11625031003306963,5.7999999999999998,20,1.1640946030795012,-4.1999999999999993,True,True,True,0.32478442930464319
1342,0.35383591824507343,-5.4000000000000004,21,0.20000000000000001,0,21,0.15383591824507342,-5.4000000000000004,True,True,True,0.32478442930464319
1343,0.62051736966885629,2.3999999999999999,21,0,0,21,0.62051736966885629,2.3999999999999999,True,True,True,0.32478442930464319
1344,0.76409460307950139,-4.2000000000000002,20,0.1196550868874291,-1.6000000000000001,21,0.64443951619207229,-2.6000000000000001,True,True,True,0.32478442930464319
1345,-1.1658191686423558,-3.7999999999999998,21,-0.97948263033114369,2.3999999999999999,21,-0.18633653831121211,-6.1999999999999993,True,True,True,0.32478442930464319
1346,1.1111209676158551,5.2000000000000002,21,0.0051293424172141056,0.59999999999999998,21,1.105991625198641,4.6000000000000005,True,True,True,0.32478442930464319
1347,0.31452574447021509,-2.2000000000000002,21,-0.85469820102650051,1.3999999999999999,21,1.1692239454967157,-3.6000000000000001,True,True,True,0.32478442930464319
1348,-0.94017245655628545,-0.80000000000000004,21,-0.84103473933771267,-4.7999999999999998,21,-0.099137717218572785,4,True,True,True,0.32478442930464319
1349,1.0153880272516425,1.8,22,0.25982754344371456,-0.80000000000000004,22,0.75556048380792795,2.6000000000000001,True,True,True,0.32478442930464319
1350,0.32991377172185732,-0.40000000000000002,22,-0.078620347549716474,6.4000000000000004,21,0.40853411927157379,-6.8000000000000007,True,True,True,0.32478442930464319
1351,-1.4153880272516424,-1.8,22,-0.19487065758278591,0.59999999999999998,22,-1.2205173696688565,-2.3999999999999999,True,True,True,0.32478442930464319
1352,1.6906035979469993,2.7999999999999998,22,0.67008622827814279,0.40000000000000002,22,1.0205173696688565,2.3999999999999999,True,True,True,0.32478442930464319
1353,0.29400837480135866,-4.5999999999999996,22,-0.97948263033114369,2.3999999999999999,22,1.2734910051325024,-7,True,True,True,0.32478442930464319
1354,0.23931017377485819,-3.2000000000000002,21,-0.68034491311257084,-1.6000000000000001,22,0.91965508688742903,-1.6000000000000001,True,True,True,0.32478442930464319
1355,-0.22051736966885638,-2.3999999999999999,22,0.28034491311257093,1.6000000000000001,22,-0.5008622827814273,-4,True,True,True,0.32478442930464319
1356,-1,0,22,-0.18461197274835772,1.8,22,-0.81538802725164228,-1.8,True,True,True,0.32478442930464319
1357,1.6000000000000001,0,22,-0.37094851105956983,-4.4000000000000004,22,1.9709485110595699,4.4000000000000004,True,True,True,0.32478442930464319
1358,-0.79487065758278586,0.59999999999999998,22,-0.45982754344371457,0.80000000000000004,22,-0.33504311413907129,-0.20000000000000007,True,True,True,0.32478442930464319
1359,0.2153880272516423,1.8,23,1.5299137717218572,-0.40000000000000002,23,-1.314525744470215,2.2000000000000002,True,True,True,0.32478442930464319
1360,0.2153880272516423,1.8,23,0.37435328791392963,-3,22,-0.15896526066228733,4.7999999999999998,True,True,True,0.32478442930464319
1361,0.0461640817549267,5.4000000000000004,22,-0.62051736966885629,-2.3999999999999999,23,0.66668145142378299,7.8000000000000007,True,True,True,0.32478442930464319
1362,1.3555604838079278,2.6000000000000001,23,-0.5247844293046432,1,23,1.8803449131125709,1.6000000000000001,True,True,True,0.32478442930464319
1363,-0.76581916864235589,-3.7999999999999998,23,0.94017245655628545,0.80000000000000004,23,-1.7059916251986413,-4.5999999999999996,True,True,True,0.32478442930464319
1364,-1.3299137717218572,0.40000000000000002,23,0.085474255529784937,2.2000000000000002,23,-1.4153880272516421,-1.8000000000000003,True,True,True,0.32478442930464319
1365,0.1897413151655718,-1.2,23,0.21879280410600166,-5.5999999999999996,23,-0.029051488940429859,4.3999999999999995,True,True,True,0.32478442930464319
1366,-0.23418083135764411,3.7999999999999998,23,0.26495688586092864,-0.20000000000000001,23,-0.49913771721857275,4,True,True,True,0.32478442930464319
1367,0.5948706575827859,-0.59999999999999998,23,-0.54017245655628554,-0.80000000000000004,23,1.1350431141390716,0.20000000000000007,True,True,True,0.32478442930464319
1368,-0.73504311413907142,-0.20000000000000001,23,-1.2803449131125708,-1.6000000000000001,23,0.5453017989734994,1.4000000000000001,True,True,True,0.32478442930464319
1369,0.82564671208607043,3,24,0.44103473933771276,4.7999999999999998,23,0.38461197274835768,-1.7999999999999998,True,True,True,0.32478442930464319
1370,0.44443951619207234,-2.6000000000000001,23,-0.87521557069535683,-1,24,1.3196550868874293,-1.6000000000000001,True,True,True,0.32478442930464319
1371,-1.1504311413907136,-2,24,-0.51112096761585546,-5.2000000000000002,24,-0.6393101737748581,3.2000000000000002,True,True,True,0.32478442930464319
1372,0.93504311413907137,0.20000000000000001,24,0,0,24,0.93504311413907137,0.20000000000000001,True,True,True,0.32478442930464319
1373,0.65469820102650045,-1.3999999999999999,24,0.27521557069535679,1,24,0.37948263033114366,-2.3999999999999999,True,True,True,0.32478442930464319
1374,-1.9948706575827859,0.59999999999999998,24,0.3350431141390714,0.20000000000000001,24,-2.3299137717218574,0.39999999999999997,True,True,True,0.32478442930464319
1375,0.47521557069535686,1,24,1.7555604838079277,2.6000000000000001,24,-1.2803449131125708,-1.6000000000000001,True,True,True,0.32478442930464319
1376,0.14017245655628546,0.80000000000000004,24,-0.86495688586092867,0.20000000000000001,24,1.0051293424172141,0.60000000000000009,True,True,True,0.32478442930464319
1377,0.1897413151655718,-1.2,24,-0.36922394549671544,3.6000000000000001,24,0.55896526066228724,-4.7999999999999998,True,True,True,0.32478442930464319
1378,-0.52991377172185727,0.40000000000000002,24,-0.17607785347678417,-5,24,-0.3538359182450731,5.4000000000000004,True,True,True,0.32478442930464319
1379,0.9299137717218573,-0.40000000000000002,24,0.4256467120860703,3,24,0.504267059635787,-3.3999999999999999,True,True,True,0.32478442930464319
1380,-0.86495688586092867,0.20000000000000001,25,0.13504311413907139,0.20000000000000001,25,-1,0,True,True,True,0.32478442930464319
1381,0.06495688586092864,-0.20000000000000001,25,-1.8153880272516423,-1.8,25,1.8803449131125709,1.6000000000000001,True,True,True,0.32478442930464319
1382,0.22051736966885638,2.3999999999999999,25,0.67521557069535687,1,25,-0.45469820102650049,1.3999999999999999,True,True,True,0.32478442930464319
1383,0.0051293424172141056,0.59999999999999998,25,1.7196550868874292,-1.6000000000000001,25,-1.7145257444702151,2.2000000000000002,True,True,True,0.32478442930464319
1384,-0.95043114139071372,-2,25,0.87521557069535683,1,25,-1.8256467120860704,-3,True,True,True,0.32478442930464319
1385,0.81538802725164217,1.8,25,0.5948706575827859,-0.59999999999999998,25,0.22051736966885627,2.3999999999999999,True,True,True,0.32478442930464319
1386,-0.43590539692049868,-4.2000000000000002,25,0.88034491311257079,1.6000000000000001,25,-1.3162503100330696,-5.8000000000000007,True,True,True,0.32478442930464319
1387,-0.35043114139071363,-2,25,-0.18461197274835772,1.8,25,-0.16581916864235591,-3.7999999999999998,True,True,True,0.32478442930464319
1388,0.49060359794699904,2.7999999999999998,25,-1.724784429304643,1,25,2.2153880272516422,1.7999999999999998,True,True,True,0.32478442930464319
1389,-0.3350431141390714,-0.20000000000000001,25,-0.0051293424172141056,-0.59999999999999998,25,-0.32991377172185732,0.39999999999999997,True,True,True,0.32478442930464319
1390,-0.13504311413907139,-0.20000000000000001,26,1.0153880272516425,1.8,26,-1.1504311413907138,-2,True,True,True,0.32478442930464319
1391,-1.1504311413907136,-2,26,-0.46495688586092865,0.20000000000000001,26,-0.68547425552978491,-2.2000000000000002,True,True,True,0.32478442930464319
1392,1.0153880272516425,1.8,26,-0.015388027251642233,-1.8,26,1.0307760545032847,3.6000000000000001,True,True,True,0.32478442930464319
1393,-0.40000000000000002,0,27,-0.46495688586092865,0.20000000000000001,26,0.064956885860928626,-0.20000000000000001,True,True,True,0.32478442930464319
1394,1.4051293424172142,0.59999999999999998,26,-1.1948706575827859,0.59999999999999998,26,2.6000000000000001,0,True,True,True,0.32478442930464319
1395,1.0752155706953568,1,26,-0.27008622827814277,-0.40000000000000002,26,1.3453017989734994,1.3999999999999999,True,True,True,0.32478442930464319
1396,-0.24956885860928635,2,26,0.34530179897349961,1.3999999999999999,26,-0.59487065758278601,0.60000000000000009,True,True,True,0.32478442930464319
1397,-1.6854742555297848,-2.2000000000000002,26,0,0,26,-1.6854742555297848,-2.2000000000000002,True,True,True,0.32478442930464319
1398,-0.29060359794699908,-2.7999999999999998,26,-0.5247844293046432,1,26,0.23418083135764411,-3.7999999999999998,True,True,True,0.32478442930464319
1399,0.82051736966885647,2.3999999999999999,26,0.8102586848344282,1.2,27,0.010258684834428267,1.2,True,True,True,0.32478442930464319
1400,-0.015388027251642233,-1.8,26,1.2444395161920725,-2.6000000000000001,26,-1.2598275434437147,0.80000000000000004,True,True,True,0.32478442930464319
1401,-0.70939640205300081,2.7999999999999998,27,0.88034491311257079,1.6000000000000001,27,-1.5897413151655715,1.1999999999999997,True,True,True,0.32478442930464319
1402,-0.27521557069535679,-1,27,-0.23590539692049872,-4.2000000000000002,27,-0.03931017377485807,3.2000000000000002,True,True,True,0.32478442930464319
1403,0.020517369668856422,2.3999999999999999,27,-0.26495688586092864,0.20000000000000001,28,0.28547425552978506,2.1999999999999997,True,True,True,0.32478442930464319
1404,-0.39487065758278594,0.59999999999999998,27,0.0051293424172141056,0.59999999999999998,27,-0.40000000000000002,0,True,True,True,0.32478442930464319
1405,0.010258684834428211,1.2,27,0.55043114139071359,2,27,-0.54017245655628532,-0.80000000000000004,True,True,True,0.32478442930464319
1406,0.87008622827814275,0.40000000000000002,28,-0.54530179897349962,-1.3999999999999999,27,1.4153880272516424,1.7999999999999998,True,True,True,0.32478442930464319
1407,-0.085474255529784937,-2.2000000000000002,27,-1.9504311413907138,-2,27,1.8649568858609289,-0.20000000000000018,True,True,True,0.32478442930464319
1408,0.78461197274835781,-1.8,27,0.74530179897349957,1.3999999999999999,27,0.039310173774858237,-3.2000000000000002,True,True,True,0.32478442930464319
1409,0.60512934241721417,0.59999999999999998,27,0.48547425552978485,2.2000000000000002,27,0.11965508688742932,-1.6000000000000001,True,True,True,0.32478442930464319
1410,-0.14530179897349954,-1.3999999999999999,27,-1.3555604838079278,-2.6000000000000001,27,1.2102586848344283,1.2000000000000002,True,True,True,0.32478442930464319
1411,0.34530179897349961,1.3999999999999999,28,-0.60512934241721417,-0.59999999999999998,29,0.95043114139071383,2,True,True,True,0.32478442930464319
1412,-0.71452574447021511,2.2000000000000002,28,-0.32478442930464319,1,28,-0.38974131516557192,1.2000000000000002,True,True,True,0.32478442930464319
1413,0.41538802725164226,1.8,28,-1.0803449131125711,-1.6000000000000001,28,1.4957329403642134,3.4000000000000004,True,True,True,0.32478442930464319
1414,0.93504311413907137,0.20000000000000001,29,-0.38120719589399843,-5.5999999999999996,28,1.3162503100330698,5.7999999999999998,True,True,True,0.32478442930464319
1415,0.58461197274835774,-1.8,28,-0.12478442930464317,1,28,0.70939640205300092,-2.7999999999999998,True,True,True,0.32478442930464319
1416,-0.38974131516557181,1.2,28,0.28547425552978489,2.2000000000000002,28,-0.67521557069535665,-1.0000000000000002,True,True,True,0.32478442930464319
1417,-0.20000000000000001,0,28,-1.2256467120860706,-3,28,1.0256467120860706,3,True,True,True,0.32478442930464319
1418,0.1897413151655718,-1.2,28,0.94017245655628545,0.80000000000000004,28,-0.75043114139071365,-2,True,True,True,0.32478442930464319
1419,0.54017245655628554,0.80000000000000004,28,0.34017245655628542,0.80000000000000004,28,0.20000000000000012,0,True,True,True,0.32478442930464319
1420,0.20000000000000001,0,28,-0.47521557069535686,-1,28,0.67521557069535687,1,True,True,True,0.32478442930464319
1421,-0.52991377172185727,0.40000000000000002,29,0.075215570695356837,1,29,-0.60512934241721417,-0.59999999999999998,True,True,True,0.32478442930464319
1422,-0.1897413151655718,1.2,29,0.06495688586092864,-0.20000000000000001,29,-0.25469820102650043,1.3999999999999999,True,True,True,0.32478442930464319
1423,-1.1350431141390713,-0.20000000000000001,29,1.3299137717218572,-0.40000000000000002,29,-2.4649568858609285,0.20000000000000001,True,True,True,0.32478442930464319
1424,-0.52991377172185727,0.40000000000000002,29,-0.50939640205300085,2.7999999999999998,29,-0.020517369668856422,-2.3999999999999999,True,True,True,0.32478442930464319
1425,-0.44616408175492683,-5.4000000000000004,29,-0.059827543443714548,0.80000000000000004,29,-0.38633653831121229,-6.2000000000000002,True,True,True,0.32478442930464319
1426,0.67521557069535687,1,29,0.010258684834428211,1.2,29,0.66495688586092871,-0.19999999999999996,True,True,True,0.32478442930464319
1427,0,0,29,1.1948706575827859,-0.59999999999999998,29,-1.1948706575827859,0.59999999999999998,True,True,True,0.32478442930464319
1428,-1.5606898262251419,-3.2000000000000002,29,-0.14017245655628546,-0.80000000000000004,29,-1.4205173696688564,-2.4000000000000004,True,True,True,0.32478442930464319
1429,0.14017245655628546,0.80000000000000004,30,0.20000000000000001,0,30,-0.059827543443714548,0.80000000000000004,True,True,True,0.32478442930464319
1430,0.45982754344371457,-0.80000000000000004,30,0.6649568858609286,-0.20000000000000001,30,-0.20512934241721403,-0.60000000000000009,True,True,True,0.32478442930464319
1431,-0.12991377172185728,0.40000000000000002,30,0.39487065758278594,-0.59999999999999998,30,-0.5247844293046432,1,True,True,True,0.32478442930464319
1432,-0.65469820102650045,1.3999999999999999,30,-1.0752155706953568,-1,30,0.42051736966885633,2.3999999999999999,True,True,True,0.32478442930464319
1433,0.63077605450328456,3.6000000000000001,30,-0.20000000000000001,0,30,0.83077605450328451,3.6000000000000001,True,True,True,0.32478442930464319
1434,1.205129342417214,0.59999999999999998,30,-0.25469820102650043,1.3999999999999999,30,1.4598275434437145,-0.79999999999999993,True,True,True,0.32478442930464319
1435,0.075215570695356837,1,30,-1.6205173696688564,-2.3999999999999999,30,1.6957329403642132,3.3999999999999999,True,True,True,0.32478442930464319
1436,-0.48034491311257088,-1.6000000000000001,29,0.87008622827814275,0.40000000000000002,30,-1.3504311413907137,-2,True,True,True,0.32478442930464319
1437,-0.97607785347678422,-5,30,1.0102586848344282,1.2,29,-1.9863365383112124,-6.2000000000000002,True,True,True,0.32478442930464319
1438,-0.38974131516557181,1.2,30,0.26495688586092864,-0.20000000000000001,30,-0.65469820102650045,1.3999999999999999,True,True,True,0.32478442930464319
1439,0.52991377172185727,-0.40000000000000002,31,0.59999999999999998,0,31,-0.070086228278142704,-0.40000000000000002,True,True,True,0.32478442930464319
1440,0.61025868483442824,1.2,30,-0.17948263033114364,2.3999999999999999,31,0.78974131516557189,-1.2,True,True,True,0.32478442930464319
1441,-0.45982754344371457,0.80000000000000004,31,0.070086228278142731,0.40000000000000002,31,-0.52991377172185727,0.40000000000000002,True,True,True,0.32478442930464319
1442,-0.74530179897349957,-1.3999999999999999,31,0.27008622827814277,0.40000000000000002,31,-1.0153880272516425,-1.7999999999999998,True,True,True,0.32478442930464319
1443,0.32991377172185732,-0.40000000000000002,31,-1.3846119727483579,1.8,31,1.7145257444702153,-2.2000000000000002,True,True,True,0.32478442930464319
1444,0.6649568858609286,-0.20000000000000001,31,-0.10939640205300083,2.7999999999999998,31,0.77435328791392943,-3,True,True,True,0.32478442930464319
1445,0.38461197274835773,-1.8,31,0.94530179897349953,1.3999999999999999,31,-0.56068982622514185,-3.2000000000000002,True,True,True,0.32478442930464319
1446,0.34017245655628542,0.80000000000000004,31,-0.25982754344371456,0.80000000000000004,31,0.59999999999999998,0,True,True,True,0.32478442930464319
1447,0.12478442930464317,-1,31,-0.70599162519864156,-4.5999999999999996,31,0.83077605450328473,3.5999999999999996,True,True,True,0.32478442930464319
1448,-1.4906035979469991,-2.7999999999999998,31,-0.14530179897349954,-1.3999999999999999,30,-1.3453017989734997,-1.3999999999999999,True,True,True,0.32478442930464319
1449,0.075215570695356837,1,32,0.25469820102650043,-1.3999999999999999,32,-0.17948263033114359,2.3999999999999999,True,True,True,0.32478442930464319
1450,-0.5948706575827859,0.59999999999999998,32,-1.2906035979469994,-2.7999999999999998,32,0.69573294036421351,3.3999999999999999,True,True,True,0.32478442930464319
1451,0.010258684834428211,1.2,32,1.1401724565562854,0.80000000000000004,31,-1.1299137717218573,0.39999999999999991,True,True,True,0.32478442930464319
1452,0.92478442930464322,-1,32,0.059827543443714548,-0.80000000000000004,32,0.86495688586092867,-0.19999999999999996,True,True,True,0.32478442930464319
1453,-0.76068982622514181,-3.2000000000000002,32,0.47008622827814273,0.40000000000000002,32,-1.2307760545032846,-3.6000000000000001,True,True,True,0.32478442930464319
1454,-0.039310173774858237,3.2000000000000002,32,-0.085474255529784937,-2.2000000000000002,32,0.0461640817549267,5.4000000000000004,True,True,True,0.32478442930464319
1455,0.68034491311257084,1.6000000000000001,32,0.19487065758278591,-0.59999999999999998,32,0.48547425552978496,2.2000000000000002,True,True,True,0.32478442930464319
1456,0.67008622827814279,0.40000000000000002,31,0.21025868483442817,1.2,32,0.45982754344371463,-0.79999999999999993,True,True,True,0.32478442930464319
1457,0.075215570695356837,1,32,-0.27008622827814277,-0.40000000000000002,32,0.34530179897349961,1.3999999999999999,True,True,True,0.32478442930464319
1458,-1.3794826303311436,2.3999999999999999,32,0.65982754344371464,-0.80000000000000004,32,-2.039310173774858,3.2000000000000002,True,True,True,0.32478442930464319
1459,1.0051293424172141,0.59999999999999998,32,0.85469820102650051,-1.3999999999999999,32,0.15043114139071356,2,True,True,True,0.32478442930464319
1460,0.28547425552978489,2.2000000000000002,33,2.0153880272516425,1.8,33,-1.7299137717218576,0.40000000000000013,True,True,True,0.32478442930464319
1461,0.25469820102650043,-1.3999999999999999,33,-0.92478442930464322,1,33,1.1794826303311436,-2.3999999999999999,True,True,True,0.32478442930464319
1462,-0.29060359794699908,-2.7999999999999998,33,-0.65469820102650045,1.3999999999999999,33,0.36409460307950137,-4.1999999999999993,True,True,True,0.32478442930464319
1463,0.32478442930464319,-1,33,-0.044439516192072315,2.6000000000000001,33,0.3692239454967155,-3.6000000000000001,True,True,True,0.32478442930464319
1464,-0.27521557069535679,-1,33,-0.56068982622514185,-3.2000000000000002,33,0.28547425552978506,2.2000000000000002,True,True,True,0.32478442930464319
1465,0,0,33,-0.6444395161920724,2.6000000000000001,33,0.6444395161920724,-2.6000000000000001,True,True,True,0.32478442930464319
1466,0.24443951619207238,-2.6000000000000001,33,-0.054698201026500415,1.3999999999999999,33,0.2991377172185728,-4,True,True,True,0.32478442930464319
1467,-0.82564671208607043,-3,33,0.28547425552978489,2.2000000000000002,33,-1.1111209676158553,-5.2000000000000002,True,True,True,0.32478442930464319
1468,-0.32991377172185732,0.40000000000000002,33,0.61025868483442824,1.2,33,-0.94017245655628556,-0.79999999999999993,True,True,True,0.32478442930464319
1469,-0.34017245655628542,-0.80000000000000004,33,0.78974131516557189,-1.2,33,-1.1299137717218573,0.39999999999999991,True,True,True,0.32478442930464319
1470,0.23077605450328442,3.6000000000000001,34,0.83590539692049881,4.2000000000000002,34,-0.60512934241721439,-0.60000000000000009,True,True,True,0.32478442930464319
1471,0.29060359794699908,2.7999999999999998,34,-0.49060359794699904,-2.7999999999999998,34,0.78120719589399812,5.5999999999999996,True,True,True,0.32478442930464319
1472,-1.0051293424172141,-0.59999999999999998,34,-0.14017245655628546,-0.80000000000000004,34,-0.86495688586092867,0.20000000000000007,True,True,True,0.32478442930464319
1473,-0.83931017377485828,3.2000000000000002,34,0.24956885860928635,-2,34,-1.0888790323841446,5.2000000000000002,True,True,True,0.32478442930464319
1474,1.6700862282781428,0.40000000000000002,34,0.35896526066228729,-4.7999999999999998,34,1.3111209676158555,5.2000000000000002,True,True,True,0.32478442930464319
1475,-0.3555604838079276,-2.6000000000000001,34,0.25982754344371456,-0.80000000000000004,34,-0.6153880272516421,-1.8,True,True,True,0.32478442930464319
1476,0.74530179897349957,1.3999999999999999,34,-0.43590539692049868,-4.2000000000000002,34,1.1812071958939983,5.5999999999999996,True,True,True,0.32478442930464319
1477,-0.65469820102650045,1.3999999999999999,34,-0.52991377172185727,0.40000000000000002,34,-0.12478442930464317,0.99999999999999989,True,True,True,0.32478442930464319
1478,-0.36922394549671544,3.6000000000000001,34,-0.99487065758278592,0.59999999999999998,34,0.62564671208607048,3,True,True,True,0.32478442930464319
1479,1.0495688586092864,-2,34,0.46495688586092865,-0.20000000000000001,34,0.58461197274835774,-1.8,True,True,True,0.32478442930464319
1480,0.23590539692049872,4.2000000000000002,35,0.88547425552978498,2.2000000000000002,35,-0.64956885860928626,2,True,True,True,0.32478442930464319
1481,0.090603597946999126,2.7999999999999998,35,-0.06495688586092864,0.20000000000000001,35,0.15556048380792775,2.5999999999999996,True,True,True,0.32478442930464319
1482,0.69573294036421318,3.3999999999999999,35,-0.070086228278142731,-0.40000000000000002,35,0.76581916864235589,3.7999999999999998,True,True,True,0.32478442930464319
1483,0.3093964020530009,-2.7999999999999998,35,0.35383591824507343,-5.4000000000000004,35,-0.044439516192072537,2.6000000000000005,True,True,True,0.32478442930464319
1484,-0.30599162519864143,-4.5999999999999996,35,-0.22564671208607034,-3,35,-0.080344913112571081,-1.5999999999999996,True,True,True,0.32478442930464319
1485,0.72991377172185723,-0.40000000000000002,35,-1.3247844293046431,1,35,2.0546982010265005,-1.3999999999999999,True,True,True,0.32478442930464319
1486,-1.1299137717218573,0.40000000000000002,35,1.8102586848344284,1.2,35,-2.9401724565562857,-0.79999999999999993,True,True,True,0.32478442930464319
1487,-0.82905148894043024,4.4000000000000004,35,-0.099137717218572785,4,35,-0.72991377172185745,0.40000000000000036,True,True,True,0.32478442930464319
1488,-0.015388027251642233,-1.8,35,-1.0700862282781427,-0.40000000000000002,35,1.0546982010265005,-1.3999999999999999,True,True,True,0.32478442930464319
1489,-0.29573294036421305,-3.3999999999999999,35,0.24956885860928635,-2,35,-0.5453017989734994,-1.3999999999999999,True,True,True,0.32478442930464319
1490,0.78974131516557189,-1.2,36,0.36068982622514167,3.2000000000000002,36,0.42905148894043021,-4.4000000000000004,True,True,True,0.32478442930464319
1491,-0.13504311413907139,-0.20000000000000001,36,0.44443951619207234,-2.6000000000000001,36,-0.57948263033114378,2.3999999999999999,True,True,True,0.32478442930464319
1492,-0.30086228278142735,-4,36,1,0,36,-1.3008622827814273,-4,True,True,True,0.32478442930464319
1493,-0.56068982622514185,-3.2000000000000002,36,0.29573294036421305,3.3999999999999999,36,-0.8564227665893549,-6.5999999999999996,True,True,True,0.32478442930464319
1494,0.61538802725164221,1.8,36,-0.40000000000000002,0,36,1.0153880272516422,1.8,True,True,True,0.32478442930464319
1495,-0.17948263033114364,2.3999999999999999,36,-0.37435328791392963,3,36,0.19487065758278599,-0.60000000000000009,True,True,True,0.32478442930464319
1496,-1,0,36,0.1196550868874291,-1.6000000000000001,36,-1.1196550868874291,1.6000000000000001,True,True,True,0.32478442930464319
1497,1.2102586848344283,1.2,36,-0.7589652606622872,4.7999999999999998,36,1.9692239454967155,-3.5999999999999996,True,True,True,0.32478442930464319
1498,-0.27521557069535679,-1,36,0.039310173774858237,-3.2000000000000002,36,-0.31452574447021503,2.2000000000000002,True,True,True,0.32478442930464319
1499,-1.0649568858609286,0.20000000000000001,36,-0.56068982622514185,-3.2000000000000002,36,-0.50426705963578677,3.4000000000000004,True,True,True,0.32478442930464319
1500,0.75043114139071354,2,37,-1.0205173696688563,-2.3999999999999999,37,1.77094851105957,4.4000000000000004,True,True,True,0.32478442930464319
1501,-0.76922394549671547,3.6000000000000001,37,-1.6598275434437144,0.80000000000000004,37,0.89060359794699895,2.7999999999999998,True,True,True,0.32478442930464319
1502,-0.3093964020530009,2.7999999999999998,37,0.88034491311257079,1.6000000000000001,37,-1.1897413151655716,1.1999999999999997,True,True,True,0.32478442930464319
1503,0.94017245655628545,0.80000000000000004,37,-0.67008622827814279,-0.40000000000000002,37,1.6102586848344282,1.2000000000000002,True,True,True,0.32478442930464319
1504,0.58461197274835774,-1.8,37,-0.095732940364213093,-3.3999999999999999,37,0.68034491311257084,1.5999999999999999,True,True,True,0.32478442930464319
1505,0.31452574447021509,-2.2000000000000002,37,-0.56068982622514185,-3.2000000000000002,37,0.87521557069535694,1,True,True,True,0.32478442930464319
1506,0.51965508688742912,-1.6000000000000001,37,-0.27008622827814277,-0.40000000000000002,37,0.78974131516557189,-1.2000000000000002,True,True,True,0.32478442930464319
1507,0.39487065758278594,-0.59999999999999998,37,0.15043114139071367,2,37,0.24443951619207227,-2.6000000000000001,True,True,True,0.32478442930464319
1508,-0.53504311413907135,-0.20000000000000001,37,0.27521557069535679,1,37,-0.8102586848344282,-1.2,True,True,True,0.32478442930464319
1509,0.1658191686423558,3.7999999999999998,37,0.58974131516557182,-1.2,37,-0.42392214652321603,5,True,True,True,0.32478442930464319
1510,-0.075215570695356837,-1,38,0.58461197274835774,-1.8,38,-0.65982754344371464,0.80000000000000004,True,True,True,0.32478442930464319
1511,-0.075215570695356837,-1,38,0.16068982622514172,3.2000000000000002,38,-0.23590539692049856,-4.2000000000000002,True,True,True,0.32478442930464319
1512,-1.2205173696688565,-2.3999999999999999,38,0.38974131516557181,-1.2,38,-1.6102586848344282,-1.2,True,True,True,0.32478442930464319
1513,0.3350431141390714,0.20000000000000001,38,0.2153880272516423,1.8,38,0.1196550868874291,-1.6000000000000001,True,True,True,0.32478442930464319
1514,-1.1948706575827859,0.59999999999999998,38,0.68034491311257084,1.6000000000000001,38,-1.8752155706953566,-1,True,True,True,0.32478442930464319
1515,-0.1897413151655718,1.2,38,0.58974131516557182,-1.2,38,-0.77948263033114362,2.3999999999999999,True,True,True,0.32478442930464319
1516,0.12991377172185728,-0.40000000000000002,38,-0.37435328791392963,3,38,0.50426705963578689,-3.3999999999999999,True,True,True,0.32478442930464319
1517,-0.22051736966885638,-2.3999999999999999,38,0.020517369668856422,2.3999999999999999,38,-0.2410347393377128,-4.7999999999999998,True,True,True,0.32478442930464319
1518,-0.69573294036421318,-3.3999999999999999,38,0.20512934241721412,0.59999999999999998,38,-0.90086228278142733,-4,True,True,True,0.32478442930464319
1519,-0.0051293424172141056,-0.59999999999999998,38,0.7401724565562855,0.80000000000000004,38,-0.74530179897349957,-1.3999999999999999,True,True,True,0.32478442930464319
1520,,,1,,,1,,,False,False,False,0.32478442930464319
1521,,,1,,,1,,,False,False,False,0.32478442930464319
1522,,,1,,,1,,,False,False,False,0.32478442930464319
1523,,,1,,,1,,,False,False,False,0.32478442930464319
1524,,,1,,,1,,,False,False,False,0.32478442930464319
1525,,,1,,,1,,,False,False,False,0.32478442930464319
1526,,,1,,,1,,,False,False,False,0.32478442930464319
1527,,,1,,,1,,,False,False,False,0.32478442930464319
1528,,,1,,,1,,,False,False,False,0.32478442930464319
1529,,,1,,,1,,,False,False,False,0.32478442930464319
1530,,,2,,,2,,,False,False,False,0.32478442930464319
1531,,,2,,,2,,,False,False,False,0.32478442930464319
1532,,,2,,,2,,,False,False,False,0.32478442930464319
1533,,,2,,,2,,,False,False,False,0.32478442930464319
1534,,,2,,,2,,,False,False,False,0.32478442930464319
1535,,,2,,,2,,,False,False,False,0.32478442930464319
1536,,,2,,,2,,,False,False,False,0.32478442930464319
1537,,,2,,,2,,,False,False,False,0.32478442930464319
1538,,,2,,,2,,,False,False,False,0.32478442930464319
1539,,,2,,,2,,,False,False,False,0.32478442930464319
1540,,,3,,,3,,,False,False,False,0.32478442930464319
1541,,,3,,,3,,,False,False,False,0.32478442930464319
1542,,,3,,,3,,,False,False,False,0.32478442930464319
1543,,,3,,,3,,,False,False,False,0.32478442930464319
1544,,,3,,,3,,,False,False,False,0.32478442930464319
1545,,,3,,,3,,,False,False,False,0.32478442930464319
1546,,,3,,,3,,,False,False,False,0.32478442930464319
1547,,,3,,,3,,,False,False,False,0.32478442930464319
1548,,,3,,,3,,,False,False,False,0.32478442930464319
1549,,,3,,,3,,,False,False,False,0.32478442930464319
1550,,,4,,,4,,,False,False,False,0.32478442930464319
1551,,,4,,,4,,,False,False,False,0.32478442930464319
1552,,,4,,,4,,,False,False,False,0.32478442930464319
1553,,,4,,,4,,,False,False,False,0.32478442930464319
1554,,,4,,,4,,,False,False,False,0.32478442930464319
1555,,,4,,,4,,,False,False,False,0.32478442930464319
1556,,,4,,,4,,,False,False,False,0.32478442930464319
1557,,,4,,,4,,,False,False,False,0.32478442930464319
1558,,,4,,,4,,,False,False,False,0.32478442930464319
1559,,,4,,,4,,,False,False,False,0.32478442930464319
1560,,,5,,,5,,,False,False,False,0.32478442930464319
1561,,,5,,,5,,,False,False,False,0.32478442930464319
1562,,,5,,,5,,,False,False,False,0.32478442930464319
1563,,,5,,,5,,,False,False,False,0.32478442930464319
1564,,,5,,,5,,,False,False,False,0.32478442930464319
1565,,,5,,,5,,,False,False,False,0.32478442930464319
1566,,,5,,,5,,,False,False,False,0.32478442930464319
1567,,,5,,,5,,,False,False,False,0.32478442930464319
1568,,,5,,,5,,,False,False,False,0.32478442930464319
1569,,,5,,,5,,,False,False,False,0.32478442930464319
1570,-0.60512934241721417,-0.59999999999999998,6,-0.72478442930464326,1,6,0.1196550868874291,-1.6000000000000001,True,True,True,0.32478442930464319
1571,0.7401724565562855,0.80000000000000004,6,-0.72478442930464326,1,6,1.4649568858609288,-0.19999999999999996,True,True,True,0.32478442930464319
1572,0.15043114139071367,2,6,0.22564671208607034,3,6,-0.075215570695356671,-1,True,True,True,0.32478442930464319
1573,-0.27521557069535679,-1,6,-0.12478442930464317,1,6,-0.15043114139071362,-2,True,True,True,0.32478442930464319
1574,0.80000000000000004,0,6,0.11452574447021513,-2.2000000000000002,6,0.68547425552978491,2.2000000000000002,True,True,True,0.32478442930464319
1575,-0.34530179897349961,-1.3999999999999999,6,0.72478442930464326,-1,6,-1.0700862282781429,-0.39999999999999991,True,True,True,0.32478442930464319
1576,1.5299137717218572,-0.40000000000000002,6,-1.6051293424172142,-0.59999999999999998,6,3.1350431141390711,0.19999999999999996,True,True,True,0.32478442930464319
1577,-0.60512934241721417,-0.59999999999999998,6,0.45982754344371457,-0.80000000000000004,6,-1.0649568858609286,0.20000000000000007,True,True,True,0.32478442930464319
1578,0,0,6,1.4700862282781428,0.40000000000000002,6,-1.4700862282781428,-0.40000000000000002,True,True,True,0.32478442930464319
1579,0.39487065758278594,-0.59999999999999998,6,-1.6000000000000001,0,6,1.9948706575827861,-0.59999999999999998,True,True,True,0.32478442930464319
1580,0.015388027251642233,1.8,7,-0.070086228278142731,-0.40000000000000002,7,0.085474255529784965,2.2000000000000002,True,True,True,0.32478442930464319
1581,0.95043114139071372,2,7,-0.87008622827814275,-0.40000000000000002,7,1.8205173696688566,2.3999999999999999,True,True,True,0.32478442930464319
1582,0.27521557069535679,1,7,0.27521557069535679,1,7,0,0,True,True,True,0.32478442930464319
1583,-0.54017245655628554,-0.80000000000000004,7,1.0598275434437145,-0.80000000000000004,7,-1.6000000000000001,0,True,True,True,0.32478442930464319
1584,-0.53504311413907135,-0.20000000000000001,7,0.58461197274835774,-1.8,7,-1.1196550868874291,1.6000000000000001,True,True,True,0.32478442930464319
1585,-0.20512934241721412,-0.59999999999999998,7,0.17435328791392957,-3,7,-0.37948263033114371,2.3999999999999999,True,True,True,0.32478442930464319
1586,-0.06495688586092864,0.20000000000000001,7,0.47521557069535686,1,7,-0.54017245655628554,-0.80000000000000004,True,True,True,0.32478442930464319
1587,0.27008622827814277,0.40000000000000002,7,0.22051736966885638,2.3999999999999999,7,0.049568858609286393,-2,True,True,True,0.32478442930464319
1588,0.059827543443714548,-0.80000000000000004,7,-1.0102586848344282,-1.2,7,1.0700862282781427,0.39999999999999991,True,True,True,0.32478442930464319
1589,-0.87008622827814275,-0.40000000000000002,7,-0.19487065758278591,0.59999999999999998,7,-0.67521557069535687,-1,True,True,True,0.32478442930464319
1590,0.075215570695356837,1,8,0.27008622827814277,0.40000000000000002,8,-0.19487065758278593,0.59999999999999998,True,True,True,0.32478442930464319
1591,-0.035905396920498545,-4.2000000000000002,8,-0.06495688586092864,0.20000000000000001,8,0.029051488940430095,-4.4000000000000004,True,True,True,0.32478442930464319
1592,0.15043114139071367,2,8,0.28034491311257093,1.6000000000000001,8,-0.12991377172185725,0.39999999999999991,True,True,True,0.32478442930464319
1593,-0.27521557069535679,-1,8,0.28547425552978489,2.2000000000000002,8,-0.56068982622514163,-3.2000000000000002,True,True,True,0.32478442930464319
1594,0.81538802725164217,1.8,8,0.070086228278142731,0.40000000000000002,8,0.74530179897349946,1.3999999999999999,True,True,True,0.32478442930464319
1595,-1.2803449131125708,-1.6000000000000001,8,-0.38974131516557181,1.2,8,-0.89060359794699906,-2.7999999999999998,True,True,True,0.32478442930464319
1596,0.71452574447021511,-2.2000000000000002,8,-0.67008622827814279,-0.40000000000000002,8,1.3846119727483579,-1.8000000000000003,True,True,True,0.32478442930464319
1597,0.20000000000000001,0,8,-0.39487065758278594,0.59999999999999998,8,0.59487065758278601,-0.59999999999999998,True,True,True,0.32478442930464319
1598,0.98974131516557184,-1.2,8,-0.12991377172185728,0.40000000000000002,8,1.1196550868874291,-1.6000000000000001,True,True,True,0.32478442930464319
1599,-0.34017245655628542,-0.80000000000000004,8,-0.27008622827814277,-0.40000000000000002,8,-0.070086228278142648,-0.40000000000000002,True,True,True,0.32478442930464319
1600,-0.5948706575827859,0.59999999999999998,9,-0.62564671208607048,-3,9,0.030776054503284578,3.6000000000000001,True,True,True,0.32478442930464319
1601,0.0051293424172141056,0.59999999999999998,9,-0.20000000000000001,0,9,0.20512934241721412,0.59999999999999998,True,True,True,0.32478442930464319
1602,-0.25469820102650043,1.3999999999999999,9,0.91452574447021506,-2.2000000000000002,9,-1.1692239454967155,3.6000000000000001,True,True,True,0.32478442930464319
1603,-0.070086228278142731,-0.40000000000000002,9,0.20512934241721412,0.59999999999999998,9,-0.27521557069535685,-1,True,True,True,0.32478442930464319
1604,0.26495688586092864,-0.20000000000000001,9,0.054698201026500415,-1.3999999999999999,9,0.21025868483442822,1.2,True,True,True,0.32478442930464319
1605,0.23077605450328442,3.6000000000000001,9,-0.57948263033114356,2.3999999999999999,9,0.81025868483442798,1.2000000000000002,True,True,True,0.32478442930464319
1606,0.73504311413907142,0.20000000000000001,9,0.76581916864235589,3.7999999999999998,9,-0.030776054503284467,-3.5999999999999996,True,True,True,0.32478442930464319
1607,0.53504311413907135,0.20000000000000001,9,-1.3453017989734997,-1.3999999999999999,9,1.8803449131125709,1.5999999999999999,True,True,True,0.32478442930464319
1608,-0.14017245655628546,-0.80000000000000004,9,0.59999999999999998,0,9,-0.7401724565562855,-0.80000000000000004,True,True,True,0.32478442930464319
1609,-0.93504311413907137,-0.20000000000000001,9,0.43418083135764407,-3.7999999999999998,9,-1.3692239454967154,3.5999999999999996,True,True,True,0.32478442930464319
1610,0.070086228278142731,0.40000000000000002,10,-0.32478442930464319,1,10,0.39487065758278594,-0.59999999999999998,True,True,True,0.32478442930464319
1611,0.57435328791392959,-3,10,-0.039310173774858237,3.2000000000000002,10,0.61366346168878783,-6.2000000000000002,True,True,True,0.32478442930464319
1612,-0.25982754344371456,0.80000000000000004,10,-0.1196550868874291,1.6000000000000001,10,-0.14017245655628546,-0.80000000000000004,True,True,True,0.32478442930464319
1613,-0.2153880272516423,-1.8,10,-1,0,10,0.7846119727483577,-1.8,True,True,True,0.32478442930464319
1614,-0.14530179897349954,-1.3999999999999999,10,0.93504311413907137,0.20000000000000001,10,-1.0803449131125709,-1.5999999999999999,True,True,True,0.32478442930464319
1615,-1.3401724565562856,-0.80000000000000004,10,0.41025868483442823,1.2,10,-1.7504311413907139,-2,True,True,True,0.32478442930464319
1616,0.53504311413907135,0.20000000000000001,10,-0.51965508688742912,1.6000000000000001,10,1.0546982010265005,-1.4000000000000001,True,True,True,0.32478442930464319
1617,0.16068982622514172,3.2000000000000002,10,0.86495688586092867,-0.20000000000000001,10,-0.70426705963578695,3.4000000000000004,True,True,True,0.32478442930464319
1618,-0.16068982622514172,-3.2000000000000002,10,0.20000000000000001,0,10,-0.36068982622514173,-3.2000000000000002,True,True,True,0.32478442930464319
1619,0.91965508688742914,-1.6000000000000001,10,-0.54530179897349962,-1.3999999999999999,10,1.4649568858609288,-0.20000000000000018,True,True,True,0.32478442930464319
1620,-0.83418083135764409,3.7999999999999998,11,-0.8102586848344282,-1.2,11,-0.023922146523215893,5,True,True,True,0.32478442930464319
1621,-0.34530179897349961,-1.3999999999999999,11,-0.27521557069535679,-1,11,-0.070086228278142815,-0.39999999999999991,True,True,True,0.32478442930464319
1622,0.98461197274835777,-1.8,11,-0.15896526066228733,4.7999999999999998,11,1.1435772334106451,-6.5999999999999996,True,True,True,0.32478442930464319
1623,0.78974131516557189,-1.2,11,0.14530179897349954,1.3999999999999999,11,0.6444395161920724,-2.5999999999999996,True,True,True,0.32478442930464319
1624,0.11452574447021513,-2.2000000000000002,11,0.4991377172185727,-4,11,-0.38461197274835757,1.7999999999999998,True,True,True,0.32478442930464319
1625,0.47008622827814273,0.40000000000000002,11,0.72478442930464326,-1,11,-0.25469820102650054,1.3999999999999999,True,True,True,0.32478442930464319
1626,-0.1196550868874291,1.6000000000000001,11,0.059827543443714548,-0.80000000000000004,11,-0.17948263033114364,2.4000000000000004,True,True,True,0.32478442930464319
1627,-0.059827543443714548,0.80000000000000004,11,0.41025868483442823,1.2,11,-0.47008622827814278,-0.39999999999999991,True,True,True,0.32478442930464319
1628,0.36581916864235597,3.7999999999999998,11,0.054698201026500415,-1.3999999999999999,11,0.31112096761585556,5.1999999999999993,True,True,True,0.32478442930464319
1629,-0.88547425552978498,-2.2000000000000002,11,-1.1299137717218573,0.40000000000000002,11,0.24443951619207227,-2.6000000000000001,True,True,True,0.32478442930464319
1630,-0.010258684834428211,-1.2,12,0.18461197274835772,-1.8,12,-0.19487065758278593,0.60000000000000009,True,True,True,0.32478442930464319
1631,-0.054698201026500415,1.3999999999999999,12,-0.3794826303311436,2.3999999999999999,12,0.32478442930464319,-1,True,True,True,0.32478442930464319
1632,0.6444395161920724,-2.6000000000000001,12,-0.35383591824507343,5.4000000000000004,12,0.99827543443714584,-8,True,True,True,0.32478442930464319
1633,-0.21025868483442817,-1.2,12,0.91452574447021506,-2.2000000000000002,12,-1.1247844293046432,1.0000000000000002,True,True,True,0.32478442930464319
1634,-0.2153880272516423,-1.8,12,-0.28547425552978489,-2.2000000000000002,12,0.070086228278142593,0.40000000000000013,True,True,True,0.32478442930464319
1635,-0.010258684834428211,-1.2,12,0.23077605450328442,3.6000000000000001,12,-0.24103473933771263,-4.7999999999999998,True,True,True,0.32478442930464319
1636,-0.89060359794699917,-2.7999999999999998,12,0,0,12,-0.89060359794699917,-2.7999999999999998,True,True,True,0.32478442930464319
1637,-0.42392214652321591,5,12,0.65982754344371464,-0.80000000000000004,12,-1.0837496899669306,5.7999999999999998,True,True,True,0.32478442930464319
1638,-1.1401724565562854,-0.80000000000000004,12,0.61025868483442824,1.2,12,-1.7504311413907137,-2,True,True,True,0.32478442930464319
1639,0.54530179897349962,1.3999999999999999,12,0.18461197274835772,-1.8,12,0.3606898262251419,3.2000000000000002,True,True,True,0.32478442930464319
1640,-0.50939640205300085,2.7999999999999998,13,0.31452574447021509,-2.2000000000000002,13,-0.82392214652321594,5,True,True,True,0.32478442930464319
1641,0.44443951619207234,-2.6000000000000001,13,0.049568858609286393,-2,13,0.39487065758278594,-0.60000000000000009,True,True,True,0.32478442930464319
1642,0.090603597946999126,2.7999999999999998,13,-1.205129342417214,-0.59999999999999998,13,1.2957329403642133,3.3999999999999999,True,True,True,0.32478442930464319
1643,1.1794826303311436,-2.3999999999999999,13,-0.80000000000000004,0,13,1.9794826303311437,-2.3999999999999999,True,True,True,0.32478442930464319
1644,0.18461197274835772,-1.8,13,0,0,13,0.18461197274835772,-1.8,True,True,True,0.32478442930464319
1645,1.0649568858609286,-0.20000000000000001,13,-1.2906035979469994,-2.7999999999999998,13,2.355560483807928,2.5999999999999996,True,True,True,0.32478442930464319
1646,-0.088879032384144629,5.2000000000000002,13,-0.28887903238414481,5.2000000000000002,13,0.20000000000000018,0,True,True,True,0.32478442930464319
1647,0.47008622827814273,0.40000000000000002,13,-0.18461197274835772,1.8,13,0.65469820102650045,-1.3999999999999999,True,True,True,0.32478442930464319
1648,0.19487065758278591,-0.59999999999999998,13,0.27521557069535679,1,13,-0.080344913112570887,-1.6000000000000001,True,True,True,0.32478442930464319
1649,0.77948263033114362,-2.3999999999999999,13,-0.68034491311257084,-1.6000000000000001,13,1.4598275434437145,-0.79999999999999982,True,True,True,0.32478442930464319
1650,-1.1299137717218573,0.40000000000000002,14,0.24443951619207238,-2.6000000000000001,14,-1.3743532879139297,3,True,True,True,0.32478442930464319
1651,0.010258684834428211,1.2,14,-0.044439516192072315,2.6000000000000001,14,0.054698201026500526,-1.4000000000000001,True,True,True,0.32478442930464319
1652,0.32991377172185732,-0.40000000000000002,14,0.31452574447021509,-2.2000000000000002,14,0.015388027251642233,1.8000000000000003,True,True,True,0.32478442930464319
1653,-0.16409460307950141,4.2000000000000002,14,-0.24956885860928635,2,14,0.085474255529784937,2.2000000000000002,True,True,True,0.32478442930464319
1654,0.41025868483442823,1.2,14,0.87008622827814275,0.40000000000000002,14,-0.45982754344371451,0.79999999999999993,True,True,True,0.32478442930464319
1655,-0.42051736966885633,-2.3999999999999999,14,0.5948706575827859,-0.59999999999999998,14,-1.0153880272516422,-1.7999999999999998,True,True,True,0.32478442930464319
1656,-0.61538802725164221,-1.8,14,-0.42905148894043021,4.4000000000000004,14,-0.186336538311212,-6.2000000000000002,True,True,True,0.32478442930464319
1657,-0.27521557069535679,-1,14,0.91452574447021506,-2.2000000000000002,14,-1.1897413151655718,1.2000000000000002,True,True,True,0.32478442930464319
1658,-0.89573294036421314,-3.3999999999999999,14,0.32991377172185732,-0.40000000000000002,14,-1.2256467120860703,-3,True,True,True,0.32478442930464319
1659,-0.50939640205300085,2.7999999999999998,14,0.71452574447021511,-2.2000000000000002,14,-1.223922146523216,5,True,True,True,0.32478442930464319
1660,0.61025868483442824,1.2,15,-0.22392214652321596,5,15,0.8341808313576442,-3.7999999999999998,True,True,True,0.32478442930464319
1661,-1.6000000000000001,0,15,-0.23931017377485819,3.2000000000000002,15,-1.3606898262251419,-3.2000000000000002,True,True,True,0.32478442930464319
1662,0.84956885860928644,-2,15,0.73504311413907142,0.20000000000000001,15,0.11452574447021502,-2.2000000000000002,True,True,True,0.32478442930464319
1663,-0.48034491311257088,-1.6000000000000001,15,-0.14017245655628546,-0.80000000000000004,15,-0.34017245655628542,-0.80000000000000004,True,True,True,0.32478442930464319
1664,0.55043114139071359,2,15,0.38974131516557181,-1.2,15,0.16068982622514177,3.2000000000000002,True,True,True,0.32478442930464319
1665,-0.06495688586092864,0.20000000000000001,15,-0.88547425552978498,-2.2000000000000002,15,0.82051736966885636,2.4000000000000004,True,True,True,0.32478442930464319
1666,0.16922394549671549,-3.6000000000000001,15,-0.26495688586092864,0.20000000000000001,15,0.43418083135764413,-3.8000000000000003,True,True,True,0.32478442930464319
1667,0.54530179897349962,1.3999999999999999,15,0.84956885860928644,-2,15,-0.30426705963578682,3.3999999999999999,True,True,True,0.32478442930464319
1668,-0.24956885860928635,2,15,0.9299137717218573,-0.40000000000000002,15,-1.1794826303311436,2.3999999999999999,True,True,True,0.32478442930464319
1669,-0.76581916864235589,-3.7999999999999998,15,-0.71452574447021511,2.2000000000000002,15,-0.051293424172140778,-6,True,True,True,0.32478442930464319
1670,-0.4991377172185727,4,16,-0.50599162519864138,-4.5999999999999996,16,0.0068539079800686853,8.5999999999999996,True,True,True,0.32478442930464319
1671,-0.94530179897349953,-1.3999999999999999,16,-0.72478442930464326,1,16,-0.22051736966885627,-2.3999999999999999,True,True,True,0.32478442930464319
1672,0.14530179897349954,1.3999999999999999,16,1.2546982010265004,-1.3999999999999999,16,-1.1093964020530009,2.7999999999999998,True,True,True,0.32478442930464319
1673,-0.60512934241721417,-0.59999999999999998,16,0.3350431141390714,0.20000000000000001,16,-0.94017245655628556,-0.80000000000000004,True,True,True,0.32478442930464319
1674,0.12478442930464317,-1,16,-0.075215570695356837,-1,16,0.20000000000000001,0,True,True,True,0.32478442930464319
1675,0.6649568858609286,-0.20000000000000001,16,0.62051736966885629,2.3999999999999999,16,0.044439516192072315,-2.6000000000000001,True,True,True,0.32478442930464319
1676,0.0051293424172141056,0.59999999999999998,16,-0.14017245655628546,-0.80000000000000004,16,0.14530179897349957,1.3999999999999999,True,True,True,0.32478442930464319
1677,0.17948263033114364,-2.3999999999999999,16,-0.049568858609286393,2,16,0.22905148894043004,-4.4000000000000004,True,True,True,0.32478442930464319
1678,0.70939640205300081,-2.7999999999999998,16,1.3401724565562856,0.80000000000000004,16,-0.63077605450328478,-3.5999999999999996,True,True,True,0.32478442930464319
1679,-0.37435328791392963,3,16,-1.4598275434437145,0.80000000000000004,16,1.0854742555297849,2.2000000000000002,True,True,True,0.32478442930464319
1680,-0.91965508688742914,1.6000000000000001,17,-1.1401724565562854,-0.80000000000000004,17,0.22051736966885627,2.4000000000000004,True,True,True,0.32478442930464319
1681,0.19487065758278591,-0.59999999999999998,17,0.1196550868874291,-1.6000000000000001,17,0.075215570695356809,1,True,True,True,0.32478442930464319
1682,0.71452574447021511,-2.2000000000000002,17,0.025646712086070389,3,17,0.68887903238414472,-5.2000000000000002,True,True,True,0.32478442930464319
1683,0,0,17,0.12991377172185728,-0.40000000000000002,17,-0.12991377172185728,0.40000000000000002,True,True,True,0.32478442930464319
1684,0.81538802725164217,1.8,17,0.3093964020530009,-2.7999999999999998,17,0.50599162519864127,4.5999999999999996,True,True,True,0.32478442930464319
1685,-0.30426705963578682,3.3999999999999999,17,0.27008622827814277,0.40000000000000002,17,-0.57435328791392959,3,True,True,True,0.32478442930464319
1686,-0.28547425552978489,-2.2000000000000002,17,-0.12478442930464317,1,17,-0.16068982622514172,-3.2000000000000002,True,True,True,0.32478442930464319
1687,-0.62564671208607048,-3,17,0.24443951619207238,-2.6000000000000001,17,-0.87008622827814286,-0.39999999999999991,True,True,True,0.32478442930464319
1688,0.93504311413907137,0.20000000000000001,17,-0.50426705963578689,3.3999999999999999,17,1.4393101737748584,-3.1999999999999997,True,True,True,0.32478442930464319
1689,0.070086228278142731,0.40000000000000002,17,0.075215570695356837,1,17,-0.0051293424172141056,-0.59999999999999998,True,True,True,0.32478442930464319
1690,-0.3093964020530009,2.7999999999999998,18,-0.50426705963578689,3.3999999999999999,18,0.19487065758278599,-0.60000000000000009,True,True,True,0.32478442930464319
1691,-0.049568858609286393,2,18,0.1897413151655718,-1.2,18,-0.23931017377485819,3.2000000000000002,True,True,True,0.32478442930464319
1692,0.51965508688742912,-1.6000000000000001,18,-0.40000000000000002,0,18,0.91965508688742914,-1.6000000000000001,True,True,True,0.32478442930464319
1693,-0.93504311413907137,-0.20000000000000001,18,0.054698201026500415,-1.3999999999999999,18,-0.98974131516557184,1.2,True,True,True,0.32478442930464319
1694,0.12991377172185728,-0.40000000000000002,18,0.93504311413907137,0.20000000000000001,18,-0.80512934241721412,-0.60000000000000009,True,True,True,0.32478442930464319
1695,0.48034491311257088,1.6000000000000001,18,-0.56068982622514185,-3.2000000000000002,18,1.0410347393377126,4.8000000000000007,True,True,True,0.32478442930464319
1696,-0.5948706575827859,0.59999999999999998,18,1.2256467120860706,3,18,-1.8205173696688566,-2.3999999999999999,True,True,True,0.32478442930464319
1697,-0.48547425552978485,-2.2000000000000002,18,0.39487065758278594,-0.59999999999999998,18,-0.88034491311257079,-1.6000000000000001,True,True,True,0.32478442930464319
1698,-0.35043114139071363,-2,18,-0.27521557069535679,-1,18,-0.075215570695356837,-1,True,True,True,0.32478442930464319
1699,-0.070086228278142731,-0.40000000000000002,18,0.60512934241721417,0.59999999999999998,18,-0.67521557069535687,-1,True,True,True,0.32478442930464319
1700,-0.044439516192072315,2.6000000000000001,19,0.7401724565562855,0.80000000000000004,19,-0.78461197274835781,1.8,True,True,True,0.32478442930464319
1701,-0.27521557069535679,-1,19,-0.84956885860928644,2,19,0.5743532879139297,-3,True,True,True,0.32478442930464319
1702,0.25469820102650043,-1.3999999999999999,19,-0.99487065758278592,0.59999999999999998,19,1.2495688586092863,-2,True,True,True,0.32478442930464319
1703,-0.17948263033114364,2.3999999999999999,19,-0.69060359794699921,-2.7999999999999998,19,0.51112096761585557,5.1999999999999993,True,True,True,0.32478442930464319
1704,-0.39487065758278594,0.59999999999999998,19,-0.12478442930464317,1,19,-0.27008622827814277,-0.40000000000000002,True,True,True,0.32478442930464319
1705,-0.48034491311257088,-1.6000000000000001,19,-0.020517369668856422,-2.3999999999999999,19,-0.45982754344371446,0.79999999999999982,True,True,True,0.32478442930464319
1706,1.0444395161920723,-2.6000000000000001,19,-0.070086228278142731,-0.40000000000000002,19,1.114525744470215,-2.2000000000000002,True,True,True,0.32478442930464319
1707,-0.41538802725164226,-1.8,19,0.32991377172185732,-0.40000000000000002,19,-0.74530179897349957,-1.3999999999999999,True,True,True,0.32478442930464319
1708,0.60512934241721417,0.59999999999999998,19,0.28547425552978489,2.2000000000000002,19,0.31965508688742927,-1.6000000000000001,True,True,True,0.32478442930464319
1709,-0.075215570695356837,-1,19,1.3555604838079278,2.6000000000000001,19,-1.4307760545032846,-3.6000000000000001,True,True,True,0.32478442930464319
1710,0.39487065758278594,-0.59999999999999998,20,-1.0598275434437145,0.80000000000000004,20,1.4546982010265004,-1.3999999999999999,True,True,True,0.32478442930464319
1711,-1.0546982010265005,1.3999999999999999,20,0.28547425552978489,2.2000000000000002,20,-1.3401724565562854,-0.80000000000000027,True,True,True,0.32478442930464319
1712,-0.14530179897349954,-1.3999999999999999,20,-0.085474255529784937,-2.2000000000000002,20,-0.059827543443714604,0.80000000000000027,True,True,True,0.32478442930464319
1713,-0.49060359794699904,-2.7999999999999998,20,-0.41538802725164226,-1.8,20,-0.075215570695356782,-0.99999999999999978,True,True,True,0.32478442930464319
1714,0.3350431141390714,0.20000000000000001,20,1.1196550868874291,-1.6000000000000001,20,-0.7846119727483577,1.8,True,True,True,0.32478442930464319
1715,0.46495688586092865,-0.20000000000000001,20,0.34530179897349961,1.3999999999999999,20,0.11965508688742904,-1.5999999999999999,True,True,True,0.32478442930464319
1716,0.21025868483442817,1.2,20,-0.24443951619207238,2.6000000000000001,20,0.45469820102650055,-1.4000000000000001,True,True,True,0.32478442930464319
1717,1.0256467120860704,3,20,0.65469820102650045,-1.3999999999999999,20,0.37094851105956994,4.4000000000000004,True,True,True,0.32478442930464319
1718,-0.44956885860928636,2,20,-0.48547425552978485,-2.2000000000000002,20,0.035905396920498489,4.2000000000000002,True,True,True,0.32478442930464319
1719,-0.45982754344371457,0.80000000000000004,20,0.054698201026500415,-1.3999999999999999,20,-0.51452574447021493,2.2000000000000002,True,True,True,0.32478442930464319
1720,-0.4307760545032846,-3.6000000000000001,21,-1.0546982010265005,1.3999999999999999,21,0.62392214652321587,-5,True,True,True,0.32478442930464319
1721,-1.0598275434437145,0.80000000000000004,21,-0.59999999999999998,0,21,-0.45982754344371457,0.80000000000000004,True,True,True,0.32478442930464319
1722,1.4649568858609285,-0.20000000000000001,21,0.45982754344371457,-0.80000000000000004,21,1.0051293424172139,0.60000000000000009,True,True,True,0.32478442930464319
1723,-0.48034491311257088,-1.6000000000000001,21,-0.25982754344371456,0.80000000000000004,21,-0.22051736966885632,-2.4000000000000004,True,True,True,0.32478442930464319
1724,-0.63077605450328456,-3.6000000000000001,21,0.46495688586092865,-0.20000000000000001,21,-1.0957329403642131,-3.3999999999999999,True,True,True,0.32478442930464319
1725,-0.47008622827814273,-0.40000000000000002,21,-0.32991377172185732,0.40000000000000002,21,-0.14017245655628541,-0.80000000000000004,True,True,True,0.32478442930464319
1726,0.59999999999999998,0,21,0.58974131516557182,-1.2,21,0.010258684834428156,1.2,True,True,True,0.32478442930464319
1727,0.75043114139071354,2,21,0.12478442930464317,-1,21,0.62564671208607037,3,True,True,True,0.32478442930464319
1728,-0.3794826303311436,2.3999999999999999,21,0.015388027251642233,1.8,21,-0.39487065758278583,0.59999999999999987,True,True,True,0.32478442930464319
1729,0.75043114139071354,2,21,0.47521557069535686,1,21,0.27521557069535668,1,True,True,True,0.32478442930464319
1730,0.1196550868874291,-1.6000000000000001,22,1.7401724565562855,0.80000000000000004,22,-1.6205173696688564,-2.4000000000000004,True,True,True,0.32478442930464319
1731,0.075215570695356837,1,22,0.4051293424172141,0.59999999999999998,22,-0.32991377172185726,0.40000000000000002,True,True,True,0.32478442930464319
1732,0.52991377172185727,-0.40000000000000002,22,0.56409460307950132,-4.2000000000000002,22,-0.034180831357644048,3.8000000000000003,True,True,True,0.32478442930464319
1733,-0.84443951619207236,2.6000000000000001,22,0.085474255529784937,2.2000000000000002,22,-0.9299137717218573,0.39999999999999991,True,True,True,0.32478442930464319
1734,-1.2598275434437145,0.80000000000000004,22,0.29060359794699908,2.7999999999999998,22,-1.5504311413907135,-1.9999999999999998,True,True,True,0.32478442930464319
1735,-0.21025868483442817,-1.2,22,-0.29060359794699908,-2.7999999999999998,22,0.080344913112570915,1.5999999999999999,True,True,True,0.32478442930464319
1736,-0.58974131516557182,1.2,22,-0.36581916864235597,-3.7999999999999998,22,-0.22392214652321585,5,True,True,True,0.32478442930464319
1737,0.45982754344371457,-0.80000000000000004,22,-0.13504311413907139,-0.20000000000000001,22,0.59487065758278601,-0.60000000000000009,True,True,True,0.32478442930464319
1738,-0.25982754344371456,0.80000000000000004,22,-0.044439516192072315,2.6000000000000001,22,-0.21538802725164224,-1.8,True,True,True,0.32478442930464319
1739,0.5247844293046432,-1,22,-0.79487065758278586,0.59999999999999998,22,1.3196550868874291,-1.6000000000000001,True,True,True,0.32478442930464319
1740,-0.59999999999999998,0,23,-0.31965508688742911,1.6000000000000001,23,-0.28034491311257087,-1.6000000000000001,True,True,True,0.32478442930464319
1741,1.2136634616887878,-6.2000000000000002,23,-0.71965508688742919,1.6000000000000001,23,1.933318548576217,-7.8000000000000007,True,True,True,0.32478442930464319
1742,0.20000000000000001,0,23,0.20000000000000001,0,23,0,0,True,True,True,0.32478442930464319
1743,-0.20000000000000001,0,23,-0.1196550868874291,1.6000000000000001,23,-0.080344913112570915,-1.6000000000000001,True,True,True,0.32478442930464319
1744,0.23931017377485819,-3.2000000000000002,23,-0.20512934241721412,-0.59999999999999998,23,0.44443951619207234,-2.6000000000000001,True,True,True,0.32478442930464319
1745,-0.039310173774858237,3.2000000000000002,23,-0.50426705963578689,3.3999999999999999,23,0.46495688586092865,-0.19999999999999973,True,True,True,0.32478442930464319
1746,1.0051293424172141,0.59999999999999998,23,-0.80000000000000004,0,23,1.8051293424172141,0.59999999999999998,True,True,True,0.32478442930464319
1747,0.10939640205300083,-2.7999999999999998,23,0.64956885860928637,-2,23,-0.54017245655628554,-0.79999999999999982,True,True,True,0.32478442930464319
1748,0.020517369668856422,2.3999999999999999,23,-0.20000000000000001,0,23,0.22051736966885643,2.3999999999999999,True,True,True,0.32478442930464319
1749,0.32991377172185732,-0.40000000000000002,23,-0.25982754344371456,0.80000000000000004,23,0.58974131516557193,-1.2000000000000002,True,True,True,0.32478442930464319
1750,-0.059827543443714548,0.80000000000000004,24,0.78461197274835781,-1.8,24,-0.84443951619207236,2.6000000000000001,True,True,True,0.32478442930464319
1751,0.98974131516557184,-1.2,24,0.51452574447021515,-2.2000000000000002,24,0.47521557069535669,1.0000000000000002,True,True,True,0.32478442930464319
1752,-0.12991377172185728,0.40000000000000002,24,-0.3093964020530009,2.7999999999999998,24,0.17948263033114362,-2.3999999999999999,True,True,True,0.32478442930464319
1753,-0.65469820102650045,1.3999999999999999,24,0.015388027251642233,1.8,24,-0.67008622827814268,-0.40000000000000013,True,True,True,0.32478442930464319
1754,-0.12478442930464317,1,24,0.32991377172185732,-0.40000000000000002,24,-0.45469820102650049,1.3999999999999999,True,True,True,0.32478442930464319
1755,0.06495688586092864,-0.20000000000000001,24,-0.12478442930464317,1,24,0.1897413151655718,-1.2,True,True,True,0.32478442930464319
1756,-0.37435328791392963,3,24,0.39487065758278594,-0.59999999999999998,24,-0.76922394549671558,3.6000000000000001,True,True,True,0.32478442930464319
1757,-0.45982754344371457,0.80000000000000004,24,-0.28547425552978489,-2.2000000000000002,24,-0.17435328791392968,3,True,True,True,0.32478442930464319
1758,-1.2444395161920725,2.6000000000000001,24,0,0,24,-1.2444395161920725,2.6000000000000001,True,True,True,0.32478442930464319
1759,-0.60512934241721417,-0.59999999999999998,24,1.2786203475497164,-6.4000000000000004,24,-1.8837496899669306,5.8000000000000007,True,True,True,0.32478442930464319
1760,-0.60512934241721417,-0.59999999999999998,25,0.26495688586092864,-0.20000000000000001,25,-0.87008622827814275,-0.39999999999999997,True,True,True,0.32478442930464319
1761,-0.30426705963578682,3.3999999999999999,25,-0.32991377172185732,0.40000000000000002,25,0.0256467120860705,3,True,True,True,0.32478442930464319
1762,1.1196550868874291,-1.6000000000000001,25,0.010258684834428211,1.2,25,1.1093964020530009,-2.7999999999999998,True,True,True,0.32478442930464319
1763,1.0786203475497165,-6.4000000000000004,25,0.18461197274835772,-1.8,25,0.89400837480135875,-4.6000000000000005,True,True,True,0.32478442930464319
1764,0.38974131516557181,-1.2,25,0.059827543443714548,-0.80000000000000004,25,0.32991377172185726,-0.39999999999999991,True,True,True,0.32478442930464319
1765,-0.044439516192072315,2.6000000000000001,25,-1.3743532879139297,3,25,1.3299137717218574,-0.39999999999999991,True,True,True,0.32478442930464319
1766,-0.3350431141390714,-0.20000000000000001,25,0.20512934241721412,0.59999999999999998,25,-0.54017245655628554,-0.80000000000000004,True,True,True,0.32478442930464319
1767,-0.84956885860928644,2,25,0.99487065758278592,-0.59999999999999998,25,-1.8444395161920724,2.6000000000000001,True,True,True,0.32478442930464319
1768,0.20000000000000001,0,25,-0.61025868483442824,-1.2,25,0.8102586848344282,1.2,True,True,True,0.32478442930464319
1769,-0.24956885860928635,2,25,0.19487065758278591,-0.59999999999999998,25,-0.44443951619207223,2.6000000000000001,True,True,True,0.32478442930464319
1770,1.2,0,26,-0.075215570695356837,-1,26,1.2752155706953567,1,True,True,True,0.32478442930464319
1771,0.5948706575827859,-0.59999999999999998,26,0.86495688586092867,-0.20000000000000001,26,-0.27008622827814277,-0.39999999999999997,True,True,True,0.32478442930464319
1772,-1.0598275434437145,0.80000000000000004,26,-0.48034491311257088,-1.6000000000000001,26,-0.57948263033114367,2.4000000000000004,True,True,True,0.32478442930464319
1773,0.72991377172185723,-0.40000000000000002,26,-0.29400837480135866,4.5999999999999996,26,1.023922146523216,-5,True,True,True,0.32478442930464319
1774,-0.12991377172185728,0.40000000000000002,26,-0.20512934241721412,-0.59999999999999998,26,0.075215570695356837,1,True,True,True,0.32478442930464319
1775,-0.52991377172185727,0.40000000000000002,26,0.94870657582785922,-6,26,-1.4786203475497164,6.4000000000000004,True,True,True,0.32478442930464319
1776,0.20000000000000001,0,26,0.1897413151655718,-1.2,26,0.010258684834428211,1.2,True,True,True,0.32478442930464319
1777,0.26495688586092864,-0.20000000000000001,26,-1.1350431141390713,-0.20000000000000001,26,1.3999999999999999,0,True,True,True,0.32478442930464319
1778,-0.9299137717218573,0.40000000000000002,26,-0.25469820102650043,1.3999999999999999,26,-0.67521557069535687,-0.99999999999999989,True,True,True,0.32478442930464319
1779,0.0051293424172141056,0.59999999999999998,26,0.095732940364213093,3.3999999999999999,26,-0.090603597946998987,-2.7999999999999998,True,True,True,0.32478442930464319
1780,-0.55043114139071359,-2,27,0.42051736966885633,2.3999999999999999,27,-0.97094851105956992,-4.4000000000000004,True,True,True,0.32478442930464319
1781,0.070086228278142731,0.40000000000000002,27,0.12478442930464317,-1,27,-0.054698201026500443,1.3999999999999999,True,True,True,0.32478442930464319
1782,-0.46495688586092865,0.20000000000000001,27,-0.72991377172185723,0.40000000000000002,27,0.26495688586092858,-0.20000000000000001,True,True,True,0.32478442930464319
1783,1.3350431141390713,0.20000000000000001,27,0.56409460307950132,-4.2000000000000002,27,0.77094851105956996,4.4000000000000004,True,True,True,0.32478442930464319
1784,0.86495688586092867,-0.20000000000000001,27,-0.54530179897349962,-1.3999999999999999,27,1.4102586848344283,1.2,True,True,True,0.32478442930464319
1785,0.80000000000000004,0,27,0.9299137717218573,-0.40000000000000002,27,-0.12991377172185725,0.40000000000000002,True,True,True,0.32478442930464319
1786,-0.59999999999999998,0,27,-0.42051736966885633,-2.3999999999999999,28,-0.17948263033114364,2.3999999999999999,True,True,True,0.32478442930464319
1787,-0.25982754344371456,0.80000000000000004,27,-0.3794826303311436,2.3999999999999999,27,0.11965508688742904,-1.5999999999999999,True,True,True,0.32478442930464319
1788,-0.65982754344371464,0.80000000000000004,27,-0.54530179897349962,-1.3999999999999999,27,-0.11452574447021502,2.2000000000000002,True,True,True,0.32478442930464319
1789,-0.80000000000000004,0,27,0.48547425552978485,2.2000000000000002,28,-1.2854742555297849,-2.2000000000000002,True,True,True,0.32478442930464319
1790,0.13504311413907139,0.20000000000000001,27,0.29060359794699908,2.7999999999999998,27,-0.1555604838079277,-2.5999999999999996,True,True,True,0.32478442930464319
1791,-0.67521557069535687,-1,29,0.40000000000000002,0,28,-1.0752155706953568,-1,True,True,True,0.32478442930464319
1792,0.60512934241721417,0.59999999999999998,28,-0.80512934241721412,-0.59999999999999998,28,1.4102586848344283,1.2,True,True,True,0.32478442930464319
1793,-0.2153880272516423,-1.8,28,-0.010258684834428211,-1.2,28,-0.20512934241721409,-0.60000000000000009,True,True,True,0.32478442930464319
1794,0.18461197274835772,-1.8,28,1.0752155706953568,1,28,-0.89060359794699906,-2.7999999999999998,True,True,True,0.32478442930464319
1795,0.34017245655628542,0.80000000000000004,28,0.59999999999999998,0,28,-0.25982754344371456,0.80000000000000004,True,True,True,0.32478442930464319
1796,-0.74530179897349957,-1.3999999999999999,28,-0.45982754344371457,0.80000000000000004,28,-0.285474255529785,-2.2000000000000002,True,True,True,0.32478442930464319
1797,1.2205173696688565,2.3999999999999999,29,0.87008622827814275,0.40000000000000002,28,0.35043114139071374,2,True,True,True,0.32478442930464319
1798,-0.39487065758278594,0.59999999999999998,28,-0.5247844293046432,1,28,0.12991377172185725,-0.40000000000000002,True,True,True,0.32478442930464319
1799,-0.3350431141390714,-0.20000000000000001,28,-0.94017245655628545,-0.80000000000000004,28,0.60512934241721406,0.60000000000000009,True,True,True,0.32478442930464319
1800,0.54530179897349962,1.3999999999999999,28,-0.26495688586092864,0.20000000000000001,28,0.8102586848344282,1.2,True,True,True,0.32478442930464319
1801,0.4051293424172141,0.59999999999999998,29,0.26495688586092864,-0.20000000000000001,29,0.14017245655628546,0.80000000000000004,True,True,True,0.32478442930464319
1802,-0.19487065758278591,0.59999999999999998,29,-0.61025868483442824,-1.2,29,0.41538802725164237,1.7999999999999998,True,True,True,0.32478442930464319
1803,0.24443951619207238,-2.6000000000000001,29,-0.53504311413907135,-0.20000000000000001,29,0.77948263033114373,-2.3999999999999999,True,True,True,0.32478442930464319
1804,0.51452574447021515,-2.2000000000000002,30,0.88034491311257079,1.6000000000000001,29,-0.36581916864235564,-3.8000000000000003,True,True,True,0.32478442930464319
1805,-0.3350431141390714,-0.20000000000000001,29,0.3350431141390714,0.20000000000000001,29,-0.67008622827814279,-0.40000000000000002,True,True,True,0.32478442930464319
1806,-0.12478442930464317,1,29,0.94530179897349953,1.3999999999999999,30,-1.0700862282781427,-0.39999999999999991,True,True,True,0.32478442930464319
1807,-0.5948706575827859,0.59999999999999998,29,-0.010258684834428211,-1.2,29,-0.58461197274835763,1.7999999999999998,True,True,True,0.32478442930464319
1808,0.87521557069535683,1,29,-0.86495688586092867,0.20000000000000001,29,1.7401724565562855,0.80000000000000004,True,True,True,0.32478442930464319
1809,-0.93504311413907137,-0.20000000000000001,29,-0.039310173774858237,3.2000000000000002,29,-0.89573294036421314,-3.4000000000000004,True,True,True,0.32478442930464319
1810,-0.49060359794699904,-2.7999999999999998,29,0.51965508688742912,-1.6000000000000001,29,-1.0102586848344282,-1.1999999999999997,True,True,True,0.32478442930464319
1811,0.7401724565562855,0.80000000000000004,31,0.14017245655628546,0.80000000000000004,30,0.60000000000000009,0,True,True,True,0.32478442930464319
1812,-0.54017245655628554,-0.80000000000000004,30,-0.1897413151655718,1.2,30,-0.35043114139071374,-2,True,True,True,0.32478442930464319
1813,0.47521557069535686,1,30,-0.45982754344371457,0.80000000000000004,30,0.93504311413907137,0.19999999999999996,True,True,True,0.32478442930464319
1814,-0.41538802725164226,-1.8,30,-0.51965508688742912,1.6000000000000001,30,0.10426705963578686,-3.4000000000000004,True,True,True,0.32478442930464319
1815,0.51965508688742912,-1.6000000000000001,30,0.48547425552978485,2.2000000000000002,30,0.03418083135764427,-3.8000000000000003,True,True,True,0.32478442930464319
1816,1.0495688586092864,-2,30,0.19487065758278591,-0.59999999999999998,30,0.85469820102650051,-1.3999999999999999,True,True,True,0.32478442930464319
1817,0.14530179897349954,1.3999999999999999,30,-0.69573294036421318,-3.3999999999999999,30,0.84103473933771267,4.7999999999999998,True,True,True,0.32478442930464319
1818,-0.43931017377485826,3.2000000000000002,30,-0.28034491311257093,-1.6000000000000001,30,-0.15896526066228733,4.8000000000000007,True,True,True,0.32478442930464319
1819,-0.80000000000000004,0,30,-0.72478442930464326,1,30,-0.075215570695356782,-1,True,True,True,0.32478442930464319
1820,-0.12991377172185728,0.40000000000000002,30,1.1794826303311436,-2.3999999999999999,31,-1.3093964020530009,2.7999999999999998,True,True,True,0.32478442930464319
1821,0.070086228278142731,0.40000000000000002,31,-0.11452574447021513,2.2000000000000002,31,0.18461197274835786,-1.8000000000000003,True,True,True,0.32478442930464319
1822,-0.24956885860928635,2,31,0.34530179897349961,1.3999999999999999,31,-0.59487065758278601,0.60000000000000009,True,True,True,0.32478442930464319
1823,-0.20000000000000001,0,31,0.20000000000000001,0,31,-0.40000000000000002,0,True,True,True,0.32478442930464319
1824,-0.39487065758278594,0.59999999999999998,31,-0.010258684834428211,-1.2,31,-0.38461197274835773,1.7999999999999998,True,True,True,0.32478442930464319
1825,-0.46495688586092865,0.20000000000000001,31,-0.20000000000000001,0,31,-0.26495688586092864,0.20000000000000001,True,True,True,0.32478442930464319
1826,-0.74530179897349957,-1.3999999999999999,31,0.3794826303311436,-2.3999999999999999,31,-1.1247844293046432,1,True,True,True,0.32478442930464319
1827,-0.25469820102650043,1.3999999999999999,31,-0.14530179897349954,-1.3999999999999999,31,-0.10939640205300089,2.7999999999999998,True,True,True,0.32478442930464319
1828,-1.0752155706953568,-1,31,-0.46495688586092865,0.20000000000000001,31,-0.61025868483442813,-1.2,True,True,True,0.32478442930464319
1829,0.36922394549671544,-3.6000000000000001,32,0.65982754344371464,-0.80000000000000004,32,-0.29060359794699919,-2.7999999999999998,True,True,True,0.32478442930464319
1830,0.81538802725164217,1.8,32,-0.25982754344371456,0.80000000000000004,32,1.0752155706953568,1,True,True,True,0.32478442930464319
1831,-0.0051293424172141056,-0.59999999999999998,32,0.4051293424172141,0.59999999999999998,32,-0.41025868483442818,-1.2,True,True,True,0.32478442930464319
1832,-0.54530179897349962,-1.3999999999999999,32,0.15043114139071367,2,32,-0.69573294036421329,-3.3999999999999999,True,True,True,0.32478442930464319
1833,0.14017245655628546,0.80000000000000004,32,0.41025868483442823,1.2,32,-0.27008622827814277,-0.39999999999999991,True,True,True,0.32478442930464319
1834,0.054698201026500415,-1.3999999999999999,32,0.15556048380792764,2.6000000000000001,31,-0.10086228278142723,-4,True,True,True,0.32478442930464319
1835,1.1743532879139296,-3,31,-0.26495688586092864,0.20000000000000001,32,1.4393101737748581,-3.2000000000000002,True,True,True,0.32478442930464319
1836,0.32991377172185732,-0.40000000000000002,32,-1.0649568858609286,0.20000000000000001,32,1.3948706575827861,-0.60000000000000009,True,True,True,0.32478442930464319
1837,-0.0051293424172141056,-0.59999999999999998,32,-1.4102586848344283,-1.2,32,1.4051293424172142,0.59999999999999998,True,True,True,0.32478442930464319
1838,-0.11452574447021513,2.2000000000000002,32,-0.72478442930464326,1,32,0.61025868483442813,1.2000000000000002,True,True,True,0.32478442930464319
1839,0.32991377172185732,-0.40000000000000002,33,-0.19487065758278591,0.59999999999999998,33,0.5247844293046432,-1,True,True,True,0.32478442930464319
1840,-0.35043114139071363,-2,33,-0.77435328791392966,3,33,0.42392214652321603,-5,True,True,True,0.32478442930464319
1841,-0.32991377172185732,0.40000000000000002,33,-0.010258684834428211,-1.2,33,-0.31965508688742911,1.6000000000000001,True,True,True,0.32478442930464319
1842,-0.13504311413907139,-0.20000000000000001,33,0.070086228278142731,0.40000000000000002,33,-0.20512934241721412,-0.60000000000000009,True,True,True,0.32478442930464319
1843,-1.4649568858609285,0.20000000000000001,33,0.34530179897349961,1.3999999999999999,33,-1.8102586848344282,-1.2,True,True,True,0.32478442930464319
1844,-1.1299137717218573,0.40000000000000002,33,0.78974131516557189,-1.2,33,-1.9196550868874291,1.6000000000000001,True,True,True,0.32478442930464319
1845,0.47521557069535686,1,33,0.4051293424172141,0.59999999999999998,33,0.070086228278142759,0.40000000000000002,True,True,True,0.32478442930464319
1846,-0.039310173774858237,3.2000000000000002,32,0.74530179897349957,1.3999999999999999,33,-0.78461197274835781,1.8000000000000003,True,True,True,0.32478442930464319
1847,0.46495688586092865,-0.20000000000000001,33,-0.75043114139071354,-2,33,1.2153880272516422,1.8,True,True,True,0.32478442930464319
1848,1.4444395161920722,-2.6000000000000001,32,0.77948263033114362,-2.3999999999999999,33,0.6649568858609286,-0.20000000000000018,True,True,True,0.32478442930464319
1849,0.53504311413907135,0.20000000000000001,34,-0.61025868483442824,-1.2,34,1.1453017989734997,1.3999999999999999,True,True,True,0.32478442930464319
1850,0.3350431141390714,0.20000000000000001,34,0.015388027251642233,1.8,34,0.31965508688742916,-1.6000000000000001,True,True,True,0.32478442930464319
1851,-1.3453017989734997,-1.3999999999999999,34,-0.16922394549671549,3.6000000000000001,33,-1.1760778534767842,-5,True,True,True,0.32478442930464319
1852,0.5247844293046432,-1,34,1.0051293424172141,0.59999999999999998,34,-0.48034491311257088,-1.6000000000000001,True,True,True,0.32478442930464319
1853,0.20512934241721412,0.59999999999999998,34,-0.0051293424172141056,-0.59999999999999998,34,0.21025868483442822,1.2,True,True,True,0.32478442930464319
1854,0.059827543443714548,-0.80000000000000004,34,-0.3350431141390714,-0.20000000000000001,34,0.39487065758278594,-0.60000000000000009,True,True,True,0.32478442930464319
1855,0.070086228278142731,0.40000000000000002,34,1.1794826303311436,-2.3999999999999999,33,-1.1093964020530009,2.7999999999999998,True,True,True,0.32478442930464319
1856,0.98974131516557184,-1.2,34,0.075215570695356837,1,34,0.91452574447021506,-2.2000000000000002,True,True,True,0.32478442930464319
1857,0.10939640205300083,-2.7999999999999998,34,-1.6546982010265003,1.3999999999999999,34,1.7640946030795011,-4.1999999999999993,True,True,True,0.32478442930464319
1858,-0.12478442930464317,1,34,0.12991377172185728,-0.40000000000000002,34,-0.25469820102650043,1.3999999999999999,True,True,True,0.32478442930464319
1859,0.67008622827814279,0.40000000000000002,35,-0.82051736966885647,-2.3999999999999999,35,1.4906035979469991,2.7999999999999998,True,True,True,0.32478442930464319
1860,0.27008622827814277,0.40000000000000002,35,0.26495688586092864,-0.20000000000000001,35,0.0051293424172141333,0.60000000000000009,True,True,True,0.32478442930464319
1861,0.059827543443714548,-0.80000000000000004,35,0.85982754344371459,-0.80000000000000004,35,-0.80000000000000004,0,True,True,True,0.32478442930464319
1862,-0.34017245655628542,-0.80000000000000004,35,0.81538802725164217,1.8,35,-1.1555604838079276,-2.6000000000000001,True,True,True,0.32478442930464319
1863,-0.6854742555297848,-2.2000000000000002,35,-0.7401724565562855,-0.80000000000000004,35,0.054698201026500692,-1.4000000000000001,True,True,True,0.32478442930464319
1864,0.12991377172185728,-0.40000000000000002,35,-1.0546982010265005,1.3999999999999999,35,1.1846119727483577,-1.7999999999999998,True,True,True,0.32478442930464319
1865,0.075215570695356837,1,35,0.20000000000000001,0,34,-0.12478442930464317,1,True,True,True,0.32478442930464319
1866,0.14530179897349954,1.3999999999999999,35,1.1897413151655718,-1.2,35,-1.0444395161920723,2.5999999999999996,True,True,True,0.32478442930464319
1867,-0.96581916864235606,-3.7999999999999998,35,1.6803449131125712,1.6000000000000001,35,-2.646164081754927,-5.4000000000000004,True,True,True,0.32478442930464319
1868,-0.32991377172185732,0.40000000000000002,35,-0.49400837480135862,4.5999999999999996,34,0.1640946030795013,-4.1999999999999993,True,True,True,0.32478442930464319
1869,0.34530179897349961,1.3999999999999999,36,-1.4700862282781428,-0.40000000000000002,36,1.8153880272516425,1.7999999999999998,True,True,True,0.32478442930464319
1870,0.054698201026500415,-1.3999999999999999,36,0.48034491311257088,1.6000000000000001,36,-0.42564671208607047,-3,True,True,True,0.32478442930464319
1871,0.85982754344371459,-0.80000000000000004,36,-1.3606898262251417,-3.2000000000000002,36,2.2205173696688565,2.4000000000000004,True,True,True,0.32478442930464319
1872,-0.16922394549671549,3.6000000000000001,35,0.46495688586092865,-0.20000000000000001,36,-0.63418083135764414,3.8000000000000003,True,True,True,0.32478442930464319
1873,-0.2153880272516423,-1.8,36,0.14017245655628546,0.80000000000000004,36,-0.35556048380792776,-2.6000000000000001,True,True,True,0.32478442930464319
1874,-0.96068982622514176,-3.2000000000000002,36,0.32991377172185732,-0.40000000000000002,36,-1.290603597946999,-2.8000000000000003,True,True,True,0.32478442930464319
1875,-0.54017245655628554,-0.80000000000000004,35,-0.31965508688742911,1.6000000000000001,36,-0.22051736966885643,-2.4000000000000004,True,True,True,0.32478442930464319
1876,2.275215570695357,1,36,-0.14017245655628546,-0.80000000000000004,36,2.4153880272516424,1.8,True,True,True,0.32478442930464319
1877,0.06495688586092864,-0.20000000000000001,36,0.085474255529784937,2.2000000000000002,36,-0.020517369668856297,-2.4000000000000004,True,True,True,0.32478442930464319
1878,-0.91965508688742914,1.6000000000000001,36,0.94017245655628545,0.80000000000000004,36,-1.8598275434437146,0.80000000000000004,True,True,True,0.32478442930464319
1879,0.23590539692049872,4.2000000000000002,36,-0.86495688586092867,0.20000000000000001,36,1.1008622827814274,4,True,True,True,0.32478442930464319
1880,0.25469820102650043,-1.3999999999999999,37,0.9299137717218573,-0.40000000000000002,37,-0.67521557069535687,-0.99999999999999989,True,True,True,0.32478442930464319
1881,0.25469820102650043,-1.3999999999999999,37,-1.4051293424172142,-0.59999999999999998,37,1.6598275434437146,-0.79999999999999993,True,True,True,0.32478442930464319
1882,-0.46495688586092865,0.20000000000000001,37,-0.41538802725164226,-1.8,37,-0.049568858609286393,2,True,True,True,0.32478442930464319
1883,1.0051293424172141,0.59999999999999998,37,0.55043114139071359,2,37,0.45469820102650049,-1.3999999999999999,True,True,True,0.32478442930464319
1884,0.3350431141390714,0.20000000000000001,37,1.9350431141390714,0.20000000000000001,37,-1.6000000000000001,0,True,True,True,0.32478442930464319
1885,-0.13504311413907139,-0.20000000000000001,37,-0.059827543443714548,0.80000000000000004,37,-0.075215570695356837,-1,True,True,True,0.32478442930464319
1886,-1.6803449131125712,-1.6000000000000001,37,-0.28547425552978489,-2.2000000000000002,37,-1.3948706575827863,0.60000000000000009,True,True,True,0.32478442930464319
1887,0.080344913112570859,1.6000000000000001,37,-0.56068982622514185,-3.2000000000000002,37,0.64103473933771271,4.8000000000000007,True,True,True,0.32478442930464319
1888,0.48547425552978485,2.2000000000000002,37,0.4307760545032846,3.6000000000000001,37,0.054698201026500248,-1.3999999999999999,True,True,True,0.32478442930464319
1889,-1.0854742555297849,-2.2000000000000002,37,-0.51452574447021515,2.2000000000000002,37,-0.57094851105956979,-4.4000000000000004,True,True,True,0.32478442930464319
1890,-0.43931017377485826,3.2000000000000002,38,0.67008622827814279,0.40000000000000002,38,-1.1093964020530009,2.8000000000000003,True,True,True,0.32478442930464319
1891,-0.23077605450328442,-3.6000000000000001,38,-1.0102586848344282,-1.2,38,0.77948263033114373,-2.4000000000000004,True,True,True,0.32478442930464319
1892,-1.7299137717218573,0.40000000000000002,38,0.28547425552978489,2.2000000000000002,38,-2.0153880272516425,-1.8000000000000003,True,True,True,0.32478442930464319
1893,-0.080344913112570859,-1.6000000000000001,38,0.40000000000000002,0,38,-0.48034491311257088,-1.6000000000000001,True,True,True,0.32478442930464319
1894,0.45469820102650044,-1.3999999999999999,38,0.1897413151655718,-1.2,38,0.26495688586092864,-0.19999999999999996,True,True,True,0.32478442930464319
1895,0.1658191686423558,3.7999999999999998,38,0.45982754344371457,-0.80000000000000004,38,-0.29400837480135877,4.5999999999999996,True,True,True,0.32478442930464319
1896,1.9299137717218573,-0.40000000000000002,38,0.48034491311257088,1.6000000000000001,38,1.4495688586092865,-2,True,True,True,0.32478442930464319
1897,-0.47521557069535686,-1,38,-0.67521557069535687,-1,38,0.20000000000000001,0,True,True,True,0.32478442930464319
1898,-0.12478442930464317,1,38,-0.73504311413907142,-0.20000000000000001,38,0.61025868483442824,1.2,True,True,True,0.32478442930464319
1899,-1.0649568858609286,0.20000000000000001,38,1.2649568858609286,-0.20000000000000001,38,-2.3299137717218574,0.40000000000000002,True,True,True,0.32478442930464319
